state_id,record_type,index1,index2,name,value,units
I0,PROPS,1,0,PROP,25000000000.00000,-
I0,PROPS,2,0,PROP,.3000000000000000,-
I0,PROPS,3,0,PROP,1.000000000000000,-
I0,PROPS,4,0,PROP,.1000000000000000E-05,-
I0,PROPS,5,0,PROP,.1000000000000000E-02,-
I0,PROPS,6,0,PROP,700.0000000000000,-
I0,PROPS,7,0,PROP,.1000000000000000E-02,-
I0,PROPS,8,0,PROP,.2000000000000000,-
I0,PROPS,9,0,PROP,.5000000000000000E-01,-
I0,PROPS,10,0,PROP,10000.00000000000,-
I0,PROPS,11,0,PROP,2.000000000000000,-
I0,PROPS,12,0,PROP,2.000000000000000,-
I0,PROPS,13,0,PROP,2.000000000000000,-
I0,PROPS,14,0,PROP,.1000000000000000E-01,-
I0,PROPS,15,0,PROP,.1000000000000000,-
I0,PROPS,16,0,PROP,.6000000000000000E-11,-
I0,PROPS,17,0,PROP,.000000000000000,-
I0,PROPS,18,0,PROP,.000000000000000,-
I0,PROPS,19,0,PROP,.000000000000000,-
I0,PROPS,20,0,PROP,.000000000000000,-
I0,PROPS,21,0,PROP,.9999999999999999E-20,-
I0,PROPS,22,0,PROP,.1000000000000000E-07,-
I0,PROPS,23,0,PROP,.000000000000000,-
I0,PROPS,24,0,PROP,.000000000000000,-
I0,PROPS,25,0,PROP,.000000000000000,-
I0,PROPS,26,0,PROP,.000000000000000,-
I0,PROPS,27,0,PROP,.000000000000000,-
I0,COORDS,1,1,COORD,.000000000000000,m
I0,COORDS,2,1,COORD,.000000000000000,m
I0,COORDS,1,2,COORD,1.000000000000000,m
I0,COORDS,2,2,COORD,.000000000000000,m
I0,COORDS,1,3,COORD,1.000000000000000,m
I0,COORDS,2,3,COORD,1.000000000000000,m
I0,COORDS,1,4,COORD,.000000000000000,m
I0,COORDS,2,4,COORD,1.000000000000000,m
I0,U,1,0,TRIAL_BASE,.000000000000000,-
I0,DU,1,0,BASE_INCREMENT,.000000000000000,-
I0,U,2,0,TRIAL_BASE,.000000000000000,-
I0,DU,2,0,BASE_INCREMENT,.000000000000000,-
I0,U,3,0,TRIAL_BASE,12000000.00000000,-
I0,DU,3,0,BASE_INCREMENT,.000000000000000,-
I0,U,4,0,TRIAL_BASE,.2500000000000000,-
I0,DU,4,0,BASE_INCREMENT,.000000000000000,-
I0,U,5,0,TRIAL_BASE,.1000000000000000E-05,-
I0,DU,5,0,BASE_INCREMENT,.000000000000000,-
I0,U,6,0,TRIAL_BASE,.000000000000000,-
I0,DU,6,0,BASE_INCREMENT,.000000000000000,-
I0,U,7,0,TRIAL_BASE,12001000.00000000,-
I0,DU,7,0,BASE_INCREMENT,.000000000000000,-
I0,U,8,0,TRIAL_BASE,.2510000000000000,-
I0,DU,8,0,BASE_INCREMENT,.000000000000000,-
I0,U,9,0,TRIAL_BASE,.1000000000000000E-05,-
I0,DU,9,0,BASE_INCREMENT,.000000000000000,-
I0,U,10,0,TRIAL_BASE,-.5000000000000000E-06,-
I0,DU,10,0,BASE_INCREMENT,.000000000000000,-
I0,U,11,0,TRIAL_BASE,12001500.00000000,-
I0,DU,11,0,BASE_INCREMENT,.000000000000000,-
I0,U,12,0,TRIAL_BASE,.2515000000000000,-
I0,DU,12,0,BASE_INCREMENT,.000000000000000,-
I0,U,13,0,TRIAL_BASE,.000000000000000,-
I0,DU,13,0,BASE_INCREMENT,.000000000000000,-
I0,U,14,0,TRIAL_BASE,-.5000000000000000E-06,-
I0,DU,14,0,BASE_INCREMENT,.000000000000000,-
I0,U,15,0,TRIAL_BASE,12000500.00000000,-
I0,DU,15,0,BASE_INCREMENT,.000000000000000,-
I0,U,16,0,TRIAL_BASE,.2505000000000000,-
I0,DU,16,0,BASE_INCREMENT,.000000000000000,-
I0,SVARS,1,0,COMMITTED,11999000.00000000,-
I0,SVARS,2,0,COMMITTED,.2490000000000000,-
I0,SVARS,3,0,COMMITTED,.7510000000000000,-
I0,SVARS,4,0,COMMITTED,1666.882722050940,-
I0,SVARS,5,0,COMMITTED,11999442.27954892,-
I0,SVARS,6,0,COMMITTED,.000000000000000,-
I0,SVARS,7,0,COMMITTED,.1500000000000000,-
I0,SVARS,8,0,COMMITTED,.6000000000000000E-11,-
I0,SVARS,9,0,COMMITTED,.1000000000000000E-08,-
I0,SVARS,10,0,COMMITTED,.000000000000000,-
I0,SVARS,11,0,COMMITTED,.000000000000000,-
I0,SVARS,12,0,COMMITTED,.000000000000000,-
I0,SVARS,13,0,COMMITTED,442.2795489169657,-
I0,SVARS,14,0,COMMITTED,1.000000000000000,-
I0,SVARS,15,0,COMMITTED,.000000000000000,-
I0,SVARS,16,0,COMMITTED,.000000000000000,-
I0,SVARS,17,0,COMMITTED,.000000000000000,-
I0,SVARS,18,0,COMMITTED,.000000000000000,-
I0,SVARS,19,0,COMMITTED,.000000000000000,-
I0,SVARS,20,0,COMMITTED,.000000000000000,-
I0,SVARS,21,0,COMMITTED,.000000000000000,-
I0,SVARS,22,0,COMMITTED,.000000000000000,-
I0,SVARS,23,0,COMMITTED,.000000000000000,-
I0,SVARS,24,0,COMMITTED,.000000000000000,-
I0,SVARS,25,0,COMMITTED,.000000000000000,-
I0,SVARS,26,0,COMMITTED,.000000000000000,-
I0,SVARS,27,0,COMMITTED,.000000000000000,-
I0,SVARS,28,0,COMMITTED,.000000000000000,-
I0,SVARS,29,0,COMMITTED,.000000000000000,-
I0,SVARS,30,0,COMMITTED,.000000000000000,-
I0,SVARS,31,0,COMMITTED,.000000000000000,-
I0,SVARS,32,0,COMMITTED,.000000000000000,-
I0,SVARS,33,0,COMMITTED,.000000000000000,-
I0,SVARS,34,0,COMMITTED,.000000000000000,-
I0,SVARS,35,0,COMMITTED,.000000000000000,-
I0,SVARS,36,0,COMMITTED,.000000000000000,-
I0,SVARS,37,0,COMMITTED,.000000000000000,-
I0,SVARS,38,0,COMMITTED,.000000000000000,-
I0,SVARS,39,0,COMMITTED,.000000000000000,-
I0,SVARS,40,0,COMMITTED,.000000000000000,-
I0,SVARS,41,0,COMMITTED,.000000000000000,-
I0,SVARS,42,0,COMMITTED,.000000000000000,-
I0,SVARS,43,0,COMMITTED,.000000000000000,-
I0,SVARS,44,0,COMMITTED,.000000000000000,-
I0,SVARS,45,0,COMMITTED,.000000000000000,-
I0,SVARS,46,0,COMMITTED,.000000000000000,-
I0,SVARS,47,0,COMMITTED,.000000000000000,-
I0,SVARS,48,0,COMMITTED,.000000000000000,-
I0,SVARS,49,0,COMMITTED,11999000.00000000,-
I0,SVARS,50,0,COMMITTED,.2490000000000000,-
I0,SVARS,51,0,COMMITTED,.7510000000000000,-
I0,SVARS,52,0,COMMITTED,1666.882722050940,-
I0,SVARS,53,0,COMMITTED,11999442.27954892,-
I0,SVARS,54,0,COMMITTED,.000000000000000,-
I0,SVARS,55,0,COMMITTED,.1500000000000000,-
I0,SVARS,56,0,COMMITTED,.6000000000000000E-11,-
I0,SVARS,57,0,COMMITTED,.1000000000000000E-08,-
I0,SVARS,58,0,COMMITTED,.000000000000000,-
I0,SVARS,59,0,COMMITTED,.000000000000000,-
I0,SVARS,60,0,COMMITTED,.000000000000000,-
I0,SVARS,61,0,COMMITTED,442.2795489169657,-
I0,SVARS,62,0,COMMITTED,1.000000000000000,-
I0,SVARS,63,0,COMMITTED,.000000000000000,-
I0,SVARS,64,0,COMMITTED,.000000000000000,-
I0,SVARS,65,0,COMMITTED,.000000000000000,-
I0,SVARS,66,0,COMMITTED,.000000000000000,-
I0,SVARS,67,0,COMMITTED,.000000000000000,-
I0,SVARS,68,0,COMMITTED,.000000000000000,-
I0,SVARS,69,0,COMMITTED,.000000000000000,-
I0,SVARS,70,0,COMMITTED,.000000000000000,-
I0,SVARS,71,0,COMMITTED,.000000000000000,-
I0,SVARS,72,0,COMMITTED,.000000000000000,-
I0,SVARS,73,0,COMMITTED,.000000000000000,-
I0,SVARS,74,0,COMMITTED,.000000000000000,-
I0,SVARS,75,0,COMMITTED,.000000000000000,-
I0,SVARS,76,0,COMMITTED,.000000000000000,-
I0,SVARS,77,0,COMMITTED,.000000000000000,-
I0,SVARS,78,0,COMMITTED,.000000000000000,-
I0,SVARS,79,0,COMMITTED,.000000000000000,-
I0,SVARS,80,0,COMMITTED,.000000000000000,-
I0,SVARS,81,0,COMMITTED,.000000000000000,-
I0,SVARS,82,0,COMMITTED,.000000000000000,-
I0,SVARS,83,0,COMMITTED,.000000000000000,-
I0,SVARS,84,0,COMMITTED,.000000000000000,-
I0,SVARS,85,0,COMMITTED,.000000000000000,-
I0,SVARS,86,0,COMMITTED,.000000000000000,-
I0,SVARS,87,0,COMMITTED,.000000000000000,-
I0,SVARS,88,0,COMMITTED,.000000000000000,-
I0,SVARS,89,0,COMMITTED,.000000000000000,-
I0,SVARS,90,0,COMMITTED,.000000000000000,-
I0,SVARS,91,0,COMMITTED,.000000000000000,-
I0,SVARS,92,0,COMMITTED,.000000000000000,-
I0,SVARS,93,0,COMMITTED,.000000000000000,-
I0,SVARS,94,0,COMMITTED,.000000000000000,-
I0,SVARS,95,0,COMMITTED,.000000000000000,-
I0,SVARS,96,0,COMMITTED,.000000000000000,-
I0,SVARS,97,0,COMMITTED,11999000.00000000,-
I0,SVARS,98,0,COMMITTED,.2490000000000000,-
I0,SVARS,99,0,COMMITTED,.7510000000000000,-
I0,SVARS,100,0,COMMITTED,1666.882722050940,-
I0,SVARS,101,0,COMMITTED,11999442.27954892,-
I0,SVARS,102,0,COMMITTED,.000000000000000,-
I0,SVARS,103,0,COMMITTED,.1500000000000000,-
I0,SVARS,104,0,COMMITTED,.6000000000000000E-11,-
I0,SVARS,105,0,COMMITTED,.1000000000000000E-08,-
I0,SVARS,106,0,COMMITTED,.000000000000000,-
I0,SVARS,107,0,COMMITTED,.000000000000000,-
I0,SVARS,108,0,COMMITTED,.000000000000000,-
I0,SVARS,109,0,COMMITTED,442.2795489169657,-
I0,SVARS,110,0,COMMITTED,1.000000000000000,-
I0,SVARS,111,0,COMMITTED,.000000000000000,-
I0,SVARS,112,0,COMMITTED,.000000000000000,-
I0,SVARS,113,0,COMMITTED,.000000000000000,-
I0,SVARS,114,0,COMMITTED,.000000000000000,-
I0,SVARS,115,0,COMMITTED,.000000000000000,-
I0,SVARS,116,0,COMMITTED,.000000000000000,-
I0,SVARS,117,0,COMMITTED,.000000000000000,-
I0,SVARS,118,0,COMMITTED,.000000000000000,-
I0,SVARS,119,0,COMMITTED,.000000000000000,-
I0,SVARS,120,0,COMMITTED,.000000000000000,-
I0,SVARS,121,0,COMMITTED,.000000000000000,-
I0,SVARS,122,0,COMMITTED,.000000000000000,-
I0,SVARS,123,0,COMMITTED,.000000000000000,-
I0,SVARS,124,0,COMMITTED,.000000000000000,-
I0,SVARS,125,0,COMMITTED,.000000000000000,-
I0,SVARS,126,0,COMMITTED,.000000000000000,-
I0,SVARS,127,0,COMMITTED,.000000000000000,-
I0,SVARS,128,0,COMMITTED,.000000000000000,-
I0,SVARS,129,0,COMMITTED,.000000000000000,-
I0,SVARS,130,0,COMMITTED,.000000000000000,-
I0,SVARS,131,0,COMMITTED,.000000000000000,-
I0,SVARS,132,0,COMMITTED,.000000000000000,-
I0,SVARS,133,0,COMMITTED,.000000000000000,-
I0,SVARS,134,0,COMMITTED,.000000000000000,-
I0,SVARS,135,0,COMMITTED,.000000000000000,-
I0,SVARS,136,0,COMMITTED,.000000000000000,-
I0,SVARS,137,0,COMMITTED,.000000000000000,-
I0,SVARS,138,0,COMMITTED,.000000000000000,-
I0,SVARS,139,0,COMMITTED,.000000000000000,-
I0,SVARS,140,0,COMMITTED,.000000000000000,-
I0,SVARS,141,0,COMMITTED,.000000000000000,-
I0,SVARS,142,0,COMMITTED,.000000000000000,-
I0,SVARS,143,0,COMMITTED,.000000000000000,-
I0,SVARS,144,0,COMMITTED,.000000000000000,-
I0,SVARS,145,0,COMMITTED,11999000.00000000,-
I0,SVARS,146,0,COMMITTED,.2490000000000000,-
I0,SVARS,147,0,COMMITTED,.7510000000000000,-
I0,SVARS,148,0,COMMITTED,1666.882722050940,-
I0,SVARS,149,0,COMMITTED,11999442.27954892,-
I0,SVARS,150,0,COMMITTED,.000000000000000,-
I0,SVARS,151,0,COMMITTED,.1500000000000000,-
I0,SVARS,152,0,COMMITTED,.6000000000000000E-11,-
I0,SVARS,153,0,COMMITTED,.1000000000000000E-08,-
I0,SVARS,154,0,COMMITTED,.000000000000000,-
I0,SVARS,155,0,COMMITTED,.000000000000000,-
I0,SVARS,156,0,COMMITTED,.000000000000000,-
I0,SVARS,157,0,COMMITTED,442.2795489169657,-
I0,SVARS,158,0,COMMITTED,1.000000000000000,-
I0,SVARS,159,0,COMMITTED,.000000000000000,-
I0,SVARS,160,0,COMMITTED,.000000000000000,-
I0,SVARS,161,0,COMMITTED,.000000000000000,-
I0,SVARS,162,0,COMMITTED,.000000000000000,-
I0,SVARS,163,0,COMMITTED,.000000000000000,-
I0,SVARS,164,0,COMMITTED,.000000000000000,-
I0,SVARS,165,0,COMMITTED,.000000000000000,-
I0,SVARS,166,0,COMMITTED,.000000000000000,-
I0,SVARS,167,0,COMMITTED,.000000000000000,-
I0,SVARS,168,0,COMMITTED,.000000000000000,-
I0,SVARS,169,0,COMMITTED,.000000000000000,-
I0,SVARS,170,0,COMMITTED,.000000000000000,-
I0,SVARS,171,0,COMMITTED,.000000000000000,-
I0,SVARS,172,0,COMMITTED,.000000000000000,-
I0,SVARS,173,0,COMMITTED,.000000000000000,-
I0,SVARS,174,0,COMMITTED,.000000000000000,-
I0,SVARS,175,0,COMMITTED,.000000000000000,-
I0,SVARS,176,0,COMMITTED,.000000000000000,-
I0,SVARS,177,0,COMMITTED,.000000000000000,-
I0,SVARS,178,0,COMMITTED,.000000000000000,-
I0,SVARS,179,0,COMMITTED,.000000000000000,-
I0,SVARS,180,0,COMMITTED,.000000000000000,-
I0,SVARS,181,0,COMMITTED,.000000000000000,-
I0,SVARS,182,0,COMMITTED,.000000000000000,-
I0,SVARS,183,0,COMMITTED,.000000000000000,-
I0,SVARS,184,0,COMMITTED,.000000000000000,-
I0,SVARS,185,0,COMMITTED,.000000000000000,-
I0,SVARS,186,0,COMMITTED,.000000000000000,-
I0,SVARS,187,0,COMMITTED,.000000000000000,-
I0,SVARS,188,0,COMMITTED,.000000000000000,-
I0,SVARS,189,0,COMMITTED,.000000000000000,-
I0,SVARS,190,0,COMMITTED,.000000000000000,-
I0,SVARS,191,0,COMMITTED,.000000000000000,-
I0,SVARS,192,0,COMMITTED,.000000000000000,-
I0,TIME,1,0,STEP_TIME,600.0000000000000,s
I0,TIME,2,0,TOTAL_TIME,1260.000000000000,s
I0,DTIME,0,0,DTIME,60.00000000000000,s
I0,SCALE,1,0,X_U,.1000000000000000E-04,m
I0,SCALE,2,0,X_P,10000000.00000000,Pa
I0,SCALE,3,0,X_S,.1000000000000000,-
I0,BRANCH,0,0,SMOOTH,.000000000000000,-
I1,PROPS,1,0,PROP,25000000000.00000,-
I1,PROPS,2,0,PROP,.3000000000000000,-
I1,PROPS,3,0,PROP,1.000000000000000,-
I1,PROPS,4,0,PROP,.1000000000000000E-05,-
I1,PROPS,5,0,PROP,.1000000000000000E-02,-
I1,PROPS,6,0,PROP,700.0000000000000,-
I1,PROPS,7,0,PROP,.1000000000000000E-02,-
I1,PROPS,8,0,PROP,.2000000000000000,-
I1,PROPS,9,0,PROP,.5000000000000000E-01,-
I1,PROPS,10,0,PROP,10000.00000000000,-
I1,PROPS,11,0,PROP,2.000000000000000,-
I1,PROPS,12,0,PROP,2.000000000000000,-
I1,PROPS,13,0,PROP,2.000000000000000,-
I1,PROPS,14,0,PROP,.1000000000000000E-01,-
I1,PROPS,15,0,PROP,.1000000000000000,-
I1,PROPS,16,0,PROP,.6000000000000000E-11,-
I1,PROPS,17,0,PROP,.000000000000000,-
I1,PROPS,18,0,PROP,.000000000000000,-
I1,PROPS,19,0,PROP,.000000000000000,-
I1,PROPS,20,0,PROP,.000000000000000,-
I1,PROPS,21,0,PROP,.9999999999999999E-20,-
I1,PROPS,22,0,PROP,.1000000000000000E-07,-
I1,PROPS,23,0,PROP,.000000000000000,-
I1,PROPS,24,0,PROP,.000000000000000,-
I1,PROPS,25,0,PROP,.000000000000000,-
I1,PROPS,26,0,PROP,.000000000000000,-
I1,PROPS,27,0,PROP,.000000000000000,-
I1,COORDS,1,1,COORD,.000000000000000,m
I1,COORDS,2,1,COORD,.000000000000000,m
I1,COORDS,1,2,COORD,1.000000000000000,m
I1,COORDS,2,2,COORD,.000000000000000,m
I1,COORDS,1,3,COORD,1.000000000000000,m
I1,COORDS,2,3,COORD,1.000000000000000,m
I1,COORDS,1,4,COORD,.000000000000000,m
I1,COORDS,2,4,COORD,1.000000000000000,m
I1,U,1,0,TRIAL_BASE,.000000000000000,-
I1,DU,1,0,BASE_INCREMENT,.000000000000000,-
I1,U,2,0,TRIAL_BASE,.000000000000000,-
I1,DU,2,0,BASE_INCREMENT,.000000000000000,-
I1,U,3,0,TRIAL_BASE,12000000.00000000,-
I1,DU,3,0,BASE_INCREMENT,.000000000000000,-
I1,U,4,0,TRIAL_BASE,.3000000000000000,-
I1,DU,4,0,BASE_INCREMENT,.000000000000000,-
I1,U,5,0,TRIAL_BASE,.1000000000000000E-04,-
I1,DU,5,0,BASE_INCREMENT,.000000000000000,-
I1,U,6,0,TRIAL_BASE,.000000000000000,-
I1,DU,6,0,BASE_INCREMENT,.000000000000000,-
I1,U,7,0,TRIAL_BASE,12200000.00000000,-
I1,DU,7,0,BASE_INCREMENT,.000000000000000,-
I1,U,8,0,TRIAL_BASE,.3050000000000000,-
I1,DU,8,0,BASE_INCREMENT,.000000000000000,-
I1,U,9,0,TRIAL_BASE,.1200000000000000E-04,-
I1,DU,9,0,BASE_INCREMENT,.000000000000000,-
I1,U,10,0,TRIAL_BASE,-.8000000000000000E-05,-
I1,DU,10,0,BASE_INCREMENT,.000000000000000,-
I1,U,11,0,TRIAL_BASE,12100000.00000000,-
I1,DU,11,0,BASE_INCREMENT,.000000000000000,-
I1,U,12,0,TRIAL_BASE,.3050000000000000,-
I1,DU,12,0,BASE_INCREMENT,.000000000000000,-
I1,U,13,0,TRIAL_BASE,.2000000000000000E-05,-
I1,DU,13,0,BASE_INCREMENT,.000000000000000,-
I1,U,14,0,TRIAL_BASE,-.8000000000000000E-05,-
I1,DU,14,0,BASE_INCREMENT,.000000000000000,-
I1,U,15,0,TRIAL_BASE,11900000.00000000,-
I1,DU,15,0,BASE_INCREMENT,.000000000000000,-
I1,U,16,0,TRIAL_BASE,.3000000000000000,-
I1,DU,16,0,BASE_INCREMENT,.000000000000000,-
I1,SVARS,1,0,COMMITTED,11900000.00000000,-
I1,SVARS,2,0,COMMITTED,.2850000000000000,-
I1,SVARS,3,0,COMMITTED,.7150000000000001,-
I1,SVARS,4,0,COMMITTED,2067.769800636943,-
I1,SVARS,5,0,COMMITTED,11900647.90120420,-
I1,SVARS,6,0,COMMITTED,.000000000000000,-
I1,SVARS,7,0,COMMITTED,.1500000000000000,-
I1,SVARS,8,0,COMMITTED,.6000000000000000E-11,-
I1,SVARS,9,0,COMMITTED,.1000000000000000E-08,-
I1,SVARS,10,0,COMMITTED,.000000000000000,-
I1,SVARS,11,0,COMMITTED,.000000000000000,-
I1,SVARS,12,0,COMMITTED,.000000000000000,-
I1,SVARS,13,0,COMMITTED,647.9012042004615,-
I1,SVARS,14,0,COMMITTED,1.000000000000000,-
I1,SVARS,15,0,COMMITTED,.000000000000000,-
I1,SVARS,16,0,COMMITTED,.000000000000000,-
I1,SVARS,17,0,COMMITTED,.000000000000000,-
I1,SVARS,18,0,COMMITTED,.000000000000000,-
I1,SVARS,19,0,COMMITTED,.000000000000000,-
I1,SVARS,20,0,COMMITTED,.000000000000000,-
I1,SVARS,21,0,COMMITTED,.000000000000000,-
I1,SVARS,22,0,COMMITTED,.000000000000000,-
I1,SVARS,23,0,COMMITTED,.000000000000000,-
I1,SVARS,24,0,COMMITTED,.000000000000000,-
I1,SVARS,25,0,COMMITTED,.000000000000000,-
I1,SVARS,26,0,COMMITTED,.000000000000000,-
I1,SVARS,27,0,COMMITTED,.000000000000000,-
I1,SVARS,28,0,COMMITTED,.000000000000000,-
I1,SVARS,29,0,COMMITTED,.000000000000000,-
I1,SVARS,30,0,COMMITTED,.000000000000000,-
I1,SVARS,31,0,COMMITTED,.000000000000000,-
I1,SVARS,32,0,COMMITTED,.000000000000000,-
I1,SVARS,33,0,COMMITTED,.000000000000000,-
I1,SVARS,34,0,COMMITTED,.000000000000000,-
I1,SVARS,35,0,COMMITTED,.000000000000000,-
I1,SVARS,36,0,COMMITTED,.000000000000000,-
I1,SVARS,37,0,COMMITTED,.000000000000000,-
I1,SVARS,38,0,COMMITTED,.000000000000000,-
I1,SVARS,39,0,COMMITTED,.000000000000000,-
I1,SVARS,40,0,COMMITTED,.000000000000000,-
I1,SVARS,41,0,COMMITTED,.000000000000000,-
I1,SVARS,42,0,COMMITTED,.000000000000000,-
I1,SVARS,43,0,COMMITTED,.000000000000000,-
I1,SVARS,44,0,COMMITTED,.000000000000000,-
I1,SVARS,45,0,COMMITTED,.000000000000000,-
I1,SVARS,46,0,COMMITTED,.000000000000000,-
I1,SVARS,47,0,COMMITTED,.000000000000000,-
I1,SVARS,48,0,COMMITTED,.000000000000000,-
I1,SVARS,49,0,COMMITTED,11900000.00000000,-
I1,SVARS,50,0,COMMITTED,.2850000000000000,-
I1,SVARS,51,0,COMMITTED,.7150000000000001,-
I1,SVARS,52,0,COMMITTED,2067.769800636943,-
I1,SVARS,53,0,COMMITTED,11900647.90120420,-
I1,SVARS,54,0,COMMITTED,.000000000000000,-
I1,SVARS,55,0,COMMITTED,.1500000000000000,-
I1,SVARS,56,0,COMMITTED,.6000000000000000E-11,-
I1,SVARS,57,0,COMMITTED,.1000000000000000E-08,-
I1,SVARS,58,0,COMMITTED,.000000000000000,-
I1,SVARS,59,0,COMMITTED,.000000000000000,-
I1,SVARS,60,0,COMMITTED,.000000000000000,-
I1,SVARS,61,0,COMMITTED,647.9012042004615,-
I1,SVARS,62,0,COMMITTED,1.000000000000000,-
I1,SVARS,63,0,COMMITTED,.000000000000000,-
I1,SVARS,64,0,COMMITTED,.000000000000000,-
I1,SVARS,65,0,COMMITTED,.000000000000000,-
I1,SVARS,66,0,COMMITTED,.000000000000000,-
I1,SVARS,67,0,COMMITTED,.000000000000000,-
I1,SVARS,68,0,COMMITTED,.000000000000000,-
I1,SVARS,69,0,COMMITTED,.000000000000000,-
I1,SVARS,70,0,COMMITTED,.000000000000000,-
I1,SVARS,71,0,COMMITTED,.000000000000000,-
I1,SVARS,72,0,COMMITTED,.000000000000000,-
I1,SVARS,73,0,COMMITTED,.000000000000000,-
I1,SVARS,74,0,COMMITTED,.000000000000000,-
I1,SVARS,75,0,COMMITTED,.000000000000000,-
I1,SVARS,76,0,COMMITTED,.000000000000000,-
I1,SVARS,77,0,COMMITTED,.000000000000000,-
I1,SVARS,78,0,COMMITTED,.000000000000000,-
I1,SVARS,79,0,COMMITTED,.000000000000000,-
I1,SVARS,80,0,COMMITTED,.000000000000000,-
I1,SVARS,81,0,COMMITTED,.000000000000000,-
I1,SVARS,82,0,COMMITTED,.000000000000000,-
I1,SVARS,83,0,COMMITTED,.000000000000000,-
I1,SVARS,84,0,COMMITTED,.000000000000000,-
I1,SVARS,85,0,COMMITTED,.000000000000000,-
I1,SVARS,86,0,COMMITTED,.000000000000000,-
I1,SVARS,87,0,COMMITTED,.000000000000000,-
I1,SVARS,88,0,COMMITTED,.000000000000000,-
I1,SVARS,89,0,COMMITTED,.000000000000000,-
I1,SVARS,90,0,COMMITTED,.000000000000000,-
I1,SVARS,91,0,COMMITTED,.000000000000000,-
I1,SVARS,92,0,COMMITTED,.000000000000000,-
I1,SVARS,93,0,COMMITTED,.000000000000000,-
I1,SVARS,94,0,COMMITTED,.000000000000000,-
I1,SVARS,95,0,COMMITTED,.000000000000000,-
I1,SVARS,96,0,COMMITTED,.000000000000000,-
I1,SVARS,97,0,COMMITTED,11900000.00000000,-
I1,SVARS,98,0,COMMITTED,.2850000000000000,-
I1,SVARS,99,0,COMMITTED,.7150000000000001,-
I1,SVARS,100,0,COMMITTED,2067.769800636943,-
I1,SVARS,101,0,COMMITTED,11900647.90120420,-
I1,SVARS,102,0,COMMITTED,.000000000000000,-
I1,SVARS,103,0,COMMITTED,.1500000000000000,-
I1,SVARS,104,0,COMMITTED,.6000000000000000E-11,-
I1,SVARS,105,0,COMMITTED,.1000000000000000E-08,-
I1,SVARS,106,0,COMMITTED,.000000000000000,-
I1,SVARS,107,0,COMMITTED,.000000000000000,-
I1,SVARS,108,0,COMMITTED,.000000000000000,-
I1,SVARS,109,0,COMMITTED,647.9012042004615,-
I1,SVARS,110,0,COMMITTED,1.000000000000000,-
I1,SVARS,111,0,COMMITTED,.000000000000000,-
I1,SVARS,112,0,COMMITTED,.000000000000000,-
I1,SVARS,113,0,COMMITTED,.000000000000000,-
I1,SVARS,114,0,COMMITTED,.000000000000000,-
I1,SVARS,115,0,COMMITTED,.000000000000000,-
I1,SVARS,116,0,COMMITTED,.000000000000000,-
I1,SVARS,117,0,COMMITTED,.000000000000000,-
I1,SVARS,118,0,COMMITTED,.000000000000000,-
I1,SVARS,119,0,COMMITTED,.000000000000000,-
I1,SVARS,120,0,COMMITTED,.000000000000000,-
I1,SVARS,121,0,COMMITTED,.000000000000000,-
I1,SVARS,122,0,COMMITTED,.000000000000000,-
I1,SVARS,123,0,COMMITTED,.000000000000000,-
I1,SVARS,124,0,COMMITTED,.000000000000000,-
I1,SVARS,125,0,COMMITTED,.000000000000000,-
I1,SVARS,126,0,COMMITTED,.000000000000000,-
I1,SVARS,127,0,COMMITTED,.000000000000000,-
I1,SVARS,128,0,COMMITTED,.000000000000000,-
I1,SVARS,129,0,COMMITTED,.000000000000000,-
I1,SVARS,130,0,COMMITTED,.000000000000000,-
I1,SVARS,131,0,COMMITTED,.000000000000000,-
I1,SVARS,132,0,COMMITTED,.000000000000000,-
I1,SVARS,133,0,COMMITTED,.000000000000000,-
I1,SVARS,134,0,COMMITTED,.000000000000000,-
I1,SVARS,135,0,COMMITTED,.000000000000000,-
I1,SVARS,136,0,COMMITTED,.000000000000000,-
I1,SVARS,137,0,COMMITTED,.000000000000000,-
I1,SVARS,138,0,COMMITTED,.000000000000000,-
I1,SVARS,139,0,COMMITTED,.000000000000000,-
I1,SVARS,140,0,COMMITTED,.000000000000000,-
I1,SVARS,141,0,COMMITTED,.000000000000000,-
I1,SVARS,142,0,COMMITTED,.000000000000000,-
I1,SVARS,143,0,COMMITTED,.000000000000000,-
I1,SVARS,144,0,COMMITTED,.000000000000000,-
I1,SVARS,145,0,COMMITTED,11900000.00000000,-
I1,SVARS,146,0,COMMITTED,.2850000000000000,-
I1,SVARS,147,0,COMMITTED,.7150000000000001,-
I1,SVARS,148,0,COMMITTED,2067.769800636943,-
I1,SVARS,149,0,COMMITTED,11900647.90120420,-
I1,SVARS,150,0,COMMITTED,.000000000000000,-
I1,SVARS,151,0,COMMITTED,.1500000000000000,-
I1,SVARS,152,0,COMMITTED,.6000000000000000E-11,-
I1,SVARS,153,0,COMMITTED,.1000000000000000E-08,-
I1,SVARS,154,0,COMMITTED,.000000000000000,-
I1,SVARS,155,0,COMMITTED,.000000000000000,-
I1,SVARS,156,0,COMMITTED,.000000000000000,-
I1,SVARS,157,0,COMMITTED,647.9012042004615,-
I1,SVARS,158,0,COMMITTED,1.000000000000000,-
I1,SVARS,159,0,COMMITTED,.000000000000000,-
I1,SVARS,160,0,COMMITTED,.000000000000000,-
I1,SVARS,161,0,COMMITTED,.000000000000000,-
I1,SVARS,162,0,COMMITTED,.000000000000000,-
I1,SVARS,163,0,COMMITTED,.000000000000000,-
I1,SVARS,164,0,COMMITTED,.000000000000000,-
I1,SVARS,165,0,COMMITTED,.000000000000000,-
I1,SVARS,166,0,COMMITTED,.000000000000000,-
I1,SVARS,167,0,COMMITTED,.000000000000000,-
I1,SVARS,168,0,COMMITTED,.000000000000000,-
I1,SVARS,169,0,COMMITTED,.000000000000000,-
I1,SVARS,170,0,COMMITTED,.000000000000000,-
I1,SVARS,171,0,COMMITTED,.000000000000000,-
I1,SVARS,172,0,COMMITTED,.000000000000000,-
I1,SVARS,173,0,COMMITTED,.000000000000000,-
I1,SVARS,174,0,COMMITTED,.000000000000000,-
I1,SVARS,175,0,COMMITTED,.000000000000000,-
I1,SVARS,176,0,COMMITTED,.000000000000000,-
I1,SVARS,177,0,COMMITTED,.000000000000000,-
I1,SVARS,178,0,COMMITTED,.000000000000000,-
I1,SVARS,179,0,COMMITTED,.000000000000000,-
I1,SVARS,180,0,COMMITTED,.000000000000000,-
I1,SVARS,181,0,COMMITTED,.000000000000000,-
I1,SVARS,182,0,COMMITTED,.000000000000000,-
I1,SVARS,183,0,COMMITTED,.000000000000000,-
I1,SVARS,184,0,COMMITTED,.000000000000000,-
I1,SVARS,185,0,COMMITTED,.000000000000000,-
I1,SVARS,186,0,COMMITTED,.000000000000000,-
I1,SVARS,187,0,COMMITTED,.000000000000000,-
I1,SVARS,188,0,COMMITTED,.000000000000000,-
I1,SVARS,189,0,COMMITTED,.000000000000000,-
I1,SVARS,190,0,COMMITTED,.000000000000000,-
I1,SVARS,191,0,COMMITTED,.000000000000000,-
I1,SVARS,192,0,COMMITTED,.000000000000000,-
I1,TIME,1,0,STEP_TIME,600.0000000000000,s
I1,TIME,2,0,TOTAL_TIME,1260.000000000000,s
I1,DTIME,0,0,DTIME,60.00000000000000,s
I1,SCALE,1,0,X_U,.1000000000000000E-04,m
I1,SCALE,2,0,X_P,10000000.00000000,Pa
I1,SCALE,3,0,X_S,.1000000000000000,-
I1,BRANCH,0,0,SMOOTH,.000000000000000,-
I2,PROPS,1,0,PROP,25000000000.00000,-
I2,PROPS,2,0,PROP,.3000000000000000,-
I2,PROPS,3,0,PROP,1.000000000000000,-
I2,PROPS,4,0,PROP,.1000000000000000E-05,-
I2,PROPS,5,0,PROP,.1000000000000000E-02,-
I2,PROPS,6,0,PROP,700.0000000000000,-
I2,PROPS,7,0,PROP,.1000000000000000E-02,-
I2,PROPS,8,0,PROP,.2000000000000000,-
I2,PROPS,9,0,PROP,.5000000000000000E-01,-
I2,PROPS,10,0,PROP,10000.00000000000,-
I2,PROPS,11,0,PROP,2.000000000000000,-
I2,PROPS,12,0,PROP,2.000000000000000,-
I2,PROPS,13,0,PROP,2.000000000000000,-
I2,PROPS,14,0,PROP,.1000000000000000E-01,-
I2,PROPS,15,0,PROP,.1000000000000000,-
I2,PROPS,16,0,PROP,.6000000000000000E-11,-
I2,PROPS,17,0,PROP,.000000000000000,-
I2,PROPS,18,0,PROP,.1000000000000000E-07,-
I2,PROPS,19,0,PROP,.000000000000000,-
I2,PROPS,20,0,PROP,.000000000000000,-
I2,PROPS,21,0,PROP,.9999999999999999E-20,-
I2,PROPS,22,0,PROP,.1000000000000000E-07,-
I2,PROPS,23,0,PROP,.000000000000000,-
I2,PROPS,24,0,PROP,.000000000000000,-
I2,PROPS,25,0,PROP,.000000000000000,-
I2,PROPS,26,0,PROP,.000000000000000,-
I2,PROPS,27,0,PROP,.000000000000000,-
I2,COORDS,1,1,COORD,.000000000000000,m
I2,COORDS,2,1,COORD,.000000000000000,m
I2,COORDS,1,2,COORD,1.000000000000000,m
I2,COORDS,2,2,COORD,.000000000000000,m
I2,COORDS,1,3,COORD,1.000000000000000,m
I2,COORDS,2,3,COORD,1.000000000000000,m
I2,COORDS,1,4,COORD,.000000000000000,m
I2,COORDS,2,4,COORD,1.000000000000000,m
I2,U,1,0,TRIAL_BASE,.000000000000000,-
I2,DU,1,0,BASE_INCREMENT,.000000000000000,-
I2,U,2,0,TRIAL_BASE,.000000000000000,-
I2,DU,2,0,BASE_INCREMENT,.000000000000000,-
I2,U,3,0,TRIAL_BASE,12000000.00000000,-
I2,DU,3,0,BASE_INCREMENT,.000000000000000,-
I2,U,4,0,TRIAL_BASE,.2500000000000000,-
I2,DU,4,0,BASE_INCREMENT,.000000000000000,-
I2,U,5,0,TRIAL_BASE,.5000000000000000E-03,-
I2,DU,5,0,BASE_INCREMENT,.000000000000000,-
I2,U,6,0,TRIAL_BASE,.5000000000000000E-04,-
I2,DU,6,0,BASE_INCREMENT,.000000000000000,-
I2,U,7,0,TRIAL_BASE,12250000.00000000,-
I2,DU,7,0,BASE_INCREMENT,.000000000000000,-
I2,U,8,0,TRIAL_BASE,.3700000000000000,-
I2,DU,8,0,BASE_INCREMENT,.000000000000000,-
I2,U,9,0,TRIAL_BASE,.6000000000000001E-03,-
I2,DU,9,0,BASE_INCREMENT,.000000000000000,-
I2,U,10,0,TRIAL_BASE,-.2500000000000000E-03,-
I2,DU,10,0,BASE_INCREMENT,.000000000000000,-
I2,U,11,0,TRIAL_BASE,12100000.00000000,-
I2,DU,11,0,BASE_INCREMENT,.000000000000000,-
I2,U,12,0,TRIAL_BASE,.4100000000000000,-
I2,DU,12,0,BASE_INCREMENT,.000000000000000,-
I2,U,13,0,TRIAL_BASE,.1000000000000000E-03,-
I2,DU,13,0,BASE_INCREMENT,.000000000000000,-
I2,U,14,0,TRIAL_BASE,-.3000000000000000E-03,-
I2,DU,14,0,BASE_INCREMENT,.000000000000000,-
I2,U,15,0,TRIAL_BASE,11850000.00000000,-
I2,DU,15,0,BASE_INCREMENT,.000000000000000,-
I2,U,16,0,TRIAL_BASE,.2900000000000000,-
I2,DU,16,0,BASE_INCREMENT,.000000000000000,-
I2,SVARS,1,0,COMMITTED,11800000.00000000,-
I2,SVARS,2,0,COMMITTED,.2200000000000000,-
I2,SVARS,3,0,COMMITTED,.7800000000000000,-
I2,SVARS,4,0,COMMITTED,1371.470653683551,-
I2,SVARS,5,0,COMMITTED,11800310.86668150,-
I2,SVARS,6,0,COMMITTED,.000000000000000,-
I2,SVARS,7,0,COMMITTED,.1500000000000000,-
I2,SVARS,8,0,COMMITTED,.6000000000000000E-11,-
I2,SVARS,9,0,COMMITTED,.1000000000000000E-08,-
I2,SVARS,10,0,COMMITTED,.000000000000000,-
I2,SVARS,11,0,COMMITTED,.000000000000000,-
I2,SVARS,12,0,COMMITTED,.000000000000000,-
I2,SVARS,13,0,COMMITTED,310.8666815012693,-
I2,SVARS,14,0,COMMITTED,1.000000000000000,-
I2,SVARS,15,0,COMMITTED,.000000000000000,-
I2,SVARS,16,0,COMMITTED,.000000000000000,-
I2,SVARS,17,0,COMMITTED,.000000000000000,-
I2,SVARS,18,0,COMMITTED,.000000000000000,-
I2,SVARS,19,0,COMMITTED,.000000000000000,-
I2,SVARS,20,0,COMMITTED,.000000000000000,-
I2,SVARS,21,0,COMMITTED,.000000000000000,-
I2,SVARS,22,0,COMMITTED,.000000000000000,-
I2,SVARS,23,0,COMMITTED,.000000000000000,-
I2,SVARS,24,0,COMMITTED,.000000000000000,-
I2,SVARS,25,0,COMMITTED,.000000000000000,-
I2,SVARS,26,0,COMMITTED,.000000000000000,-
I2,SVARS,27,0,COMMITTED,.000000000000000,-
I2,SVARS,28,0,COMMITTED,.000000000000000,-
I2,SVARS,29,0,COMMITTED,.000000000000000,-
I2,SVARS,30,0,COMMITTED,.000000000000000,-
I2,SVARS,31,0,COMMITTED,.000000000000000,-
I2,SVARS,32,0,COMMITTED,.000000000000000,-
I2,SVARS,33,0,COMMITTED,.000000000000000,-
I2,SVARS,34,0,COMMITTED,.000000000000000,-
I2,SVARS,35,0,COMMITTED,.000000000000000,-
I2,SVARS,36,0,COMMITTED,.000000000000000,-
I2,SVARS,37,0,COMMITTED,.000000000000000,-
I2,SVARS,38,0,COMMITTED,.000000000000000,-
I2,SVARS,39,0,COMMITTED,.000000000000000,-
I2,SVARS,40,0,COMMITTED,.000000000000000,-
I2,SVARS,41,0,COMMITTED,.000000000000000,-
I2,SVARS,42,0,COMMITTED,.000000000000000,-
I2,SVARS,43,0,COMMITTED,.000000000000000,-
I2,SVARS,44,0,COMMITTED,.000000000000000,-
I2,SVARS,45,0,COMMITTED,.000000000000000,-
I2,SVARS,46,0,COMMITTED,.000000000000000,-
I2,SVARS,47,0,COMMITTED,.000000000000000,-
I2,SVARS,48,0,COMMITTED,.000000000000000,-
I2,SVARS,49,0,COMMITTED,11800000.00000000,-
I2,SVARS,50,0,COMMITTED,.2200000000000000,-
I2,SVARS,51,0,COMMITTED,.7800000000000000,-
I2,SVARS,52,0,COMMITTED,1371.470653683551,-
I2,SVARS,53,0,COMMITTED,11800310.86668150,-
I2,SVARS,54,0,COMMITTED,.000000000000000,-
I2,SVARS,55,0,COMMITTED,.1500000000000000,-
I2,SVARS,56,0,COMMITTED,.6000000000000000E-11,-
I2,SVARS,57,0,COMMITTED,.1000000000000000E-08,-
I2,SVARS,58,0,COMMITTED,.000000000000000,-
I2,SVARS,59,0,COMMITTED,.000000000000000,-
I2,SVARS,60,0,COMMITTED,.000000000000000,-
I2,SVARS,61,0,COMMITTED,310.8666815012693,-
I2,SVARS,62,0,COMMITTED,1.000000000000000,-
I2,SVARS,63,0,COMMITTED,.000000000000000,-
I2,SVARS,64,0,COMMITTED,.000000000000000,-
I2,SVARS,65,0,COMMITTED,.000000000000000,-
I2,SVARS,66,0,COMMITTED,.000000000000000,-
I2,SVARS,67,0,COMMITTED,.000000000000000,-
I2,SVARS,68,0,COMMITTED,.000000000000000,-
I2,SVARS,69,0,COMMITTED,.000000000000000,-
I2,SVARS,70,0,COMMITTED,.000000000000000,-
I2,SVARS,71,0,COMMITTED,.000000000000000,-
I2,SVARS,72,0,COMMITTED,.000000000000000,-
I2,SVARS,73,0,COMMITTED,.000000000000000,-
I2,SVARS,74,0,COMMITTED,.000000000000000,-
I2,SVARS,75,0,COMMITTED,.000000000000000,-
I2,SVARS,76,0,COMMITTED,.000000000000000,-
I2,SVARS,77,0,COMMITTED,.000000000000000,-
I2,SVARS,78,0,COMMITTED,.000000000000000,-
I2,SVARS,79,0,COMMITTED,.000000000000000,-
I2,SVARS,80,0,COMMITTED,.000000000000000,-
I2,SVARS,81,0,COMMITTED,.000000000000000,-
I2,SVARS,82,0,COMMITTED,.000000000000000,-
I2,SVARS,83,0,COMMITTED,.000000000000000,-
I2,SVARS,84,0,COMMITTED,.000000000000000,-
I2,SVARS,85,0,COMMITTED,.000000000000000,-
I2,SVARS,86,0,COMMITTED,.000000000000000,-
I2,SVARS,87,0,COMMITTED,.000000000000000,-
I2,SVARS,88,0,COMMITTED,.000000000000000,-
I2,SVARS,89,0,COMMITTED,.000000000000000,-
I2,SVARS,90,0,COMMITTED,.000000000000000,-
I2,SVARS,91,0,COMMITTED,.000000000000000,-
I2,SVARS,92,0,COMMITTED,.000000000000000,-
I2,SVARS,93,0,COMMITTED,.000000000000000,-
I2,SVARS,94,0,COMMITTED,.000000000000000,-
I2,SVARS,95,0,COMMITTED,.000000000000000,-
I2,SVARS,96,0,COMMITTED,.000000000000000,-
I2,SVARS,97,0,COMMITTED,11800000.00000000,-
I2,SVARS,98,0,COMMITTED,.2200000000000000,-
I2,SVARS,99,0,COMMITTED,.7800000000000000,-
I2,SVARS,100,0,COMMITTED,1371.470653683551,-
I2,SVARS,101,0,COMMITTED,11800310.86668150,-
I2,SVARS,102,0,COMMITTED,.000000000000000,-
I2,SVARS,103,0,COMMITTED,.1500000000000000,-
I2,SVARS,104,0,COMMITTED,.6000000000000000E-11,-
I2,SVARS,105,0,COMMITTED,.1000000000000000E-08,-
I2,SVARS,106,0,COMMITTED,.000000000000000,-
I2,SVARS,107,0,COMMITTED,.000000000000000,-
I2,SVARS,108,0,COMMITTED,.000000000000000,-
I2,SVARS,109,0,COMMITTED,310.8666815012693,-
I2,SVARS,110,0,COMMITTED,1.000000000000000,-
I2,SVARS,111,0,COMMITTED,.000000000000000,-
I2,SVARS,112,0,COMMITTED,.000000000000000,-
I2,SVARS,113,0,COMMITTED,.000000000000000,-
I2,SVARS,114,0,COMMITTED,.000000000000000,-
I2,SVARS,115,0,COMMITTED,.000000000000000,-
I2,SVARS,116,0,COMMITTED,.000000000000000,-
I2,SVARS,117,0,COMMITTED,.000000000000000,-
I2,SVARS,118,0,COMMITTED,.000000000000000,-
I2,SVARS,119,0,COMMITTED,.000000000000000,-
I2,SVARS,120,0,COMMITTED,.000000000000000,-
I2,SVARS,121,0,COMMITTED,.000000000000000,-
I2,SVARS,122,0,COMMITTED,.000000000000000,-
I2,SVARS,123,0,COMMITTED,.000000000000000,-
I2,SVARS,124,0,COMMITTED,.000000000000000,-
I2,SVARS,125,0,COMMITTED,.000000000000000,-
I2,SVARS,126,0,COMMITTED,.000000000000000,-
I2,SVARS,127,0,COMMITTED,.000000000000000,-
I2,SVARS,128,0,COMMITTED,.000000000000000,-
I2,SVARS,129,0,COMMITTED,.000000000000000,-
I2,SVARS,130,0,COMMITTED,.000000000000000,-
I2,SVARS,131,0,COMMITTED,.000000000000000,-
I2,SVARS,132,0,COMMITTED,.000000000000000,-
I2,SVARS,133,0,COMMITTED,.000000000000000,-
I2,SVARS,134,0,COMMITTED,.000000000000000,-
I2,SVARS,135,0,COMMITTED,.000000000000000,-
I2,SVARS,136,0,COMMITTED,.000000000000000,-
I2,SVARS,137,0,COMMITTED,.000000000000000,-
I2,SVARS,138,0,COMMITTED,.000000000000000,-
I2,SVARS,139,0,COMMITTED,.000000000000000,-
I2,SVARS,140,0,COMMITTED,.000000000000000,-
I2,SVARS,141,0,COMMITTED,.000000000000000,-
I2,SVARS,142,0,COMMITTED,.000000000000000,-
I2,SVARS,143,0,COMMITTED,.000000000000000,-
I2,SVARS,144,0,COMMITTED,.000000000000000,-
I2,SVARS,145,0,COMMITTED,11800000.00000000,-
I2,SVARS,146,0,COMMITTED,.2200000000000000,-
I2,SVARS,147,0,COMMITTED,.7800000000000000,-
I2,SVARS,148,0,COMMITTED,1371.470653683551,-
I2,SVARS,149,0,COMMITTED,11800310.86668150,-
I2,SVARS,150,0,COMMITTED,.000000000000000,-
I2,SVARS,151,0,COMMITTED,.1500000000000000,-
I2,SVARS,152,0,COMMITTED,.6000000000000000E-11,-
I2,SVARS,153,0,COMMITTED,.1000000000000000E-08,-
I2,SVARS,154,0,COMMITTED,.000000000000000,-
I2,SVARS,155,0,COMMITTED,.000000000000000,-
I2,SVARS,156,0,COMMITTED,.000000000000000,-
I2,SVARS,157,0,COMMITTED,310.8666815012693,-
I2,SVARS,158,0,COMMITTED,1.000000000000000,-
I2,SVARS,159,0,COMMITTED,.000000000000000,-
I2,SVARS,160,0,COMMITTED,.000000000000000,-
I2,SVARS,161,0,COMMITTED,.000000000000000,-
I2,SVARS,162,0,COMMITTED,.000000000000000,-
I2,SVARS,163,0,COMMITTED,.000000000000000,-
I2,SVARS,164,0,COMMITTED,.000000000000000,-
I2,SVARS,165,0,COMMITTED,.000000000000000,-
I2,SVARS,166,0,COMMITTED,.000000000000000,-
I2,SVARS,167,0,COMMITTED,.000000000000000,-
I2,SVARS,168,0,COMMITTED,.000000000000000,-
I2,SVARS,169,0,COMMITTED,.000000000000000,-
I2,SVARS,170,0,COMMITTED,.000000000000000,-
I2,SVARS,171,0,COMMITTED,.000000000000000,-
I2,SVARS,172,0,COMMITTED,.000000000000000,-
I2,SVARS,173,0,COMMITTED,.000000000000000,-
I2,SVARS,174,0,COMMITTED,.000000000000000,-
I2,SVARS,175,0,COMMITTED,.000000000000000,-
I2,SVARS,176,0,COMMITTED,.000000000000000,-
I2,SVARS,177,0,COMMITTED,.000000000000000,-
I2,SVARS,178,0,COMMITTED,.000000000000000,-
I2,SVARS,179,0,COMMITTED,.000000000000000,-
I2,SVARS,180,0,COMMITTED,.000000000000000,-
I2,SVARS,181,0,COMMITTED,.000000000000000,-
I2,SVARS,182,0,COMMITTED,.000000000000000,-
I2,SVARS,183,0,COMMITTED,.000000000000000,-
I2,SVARS,184,0,COMMITTED,.000000000000000,-
I2,SVARS,185,0,COMMITTED,.000000000000000,-
I2,SVARS,186,0,COMMITTED,.000000000000000,-
I2,SVARS,187,0,COMMITTED,.000000000000000,-
I2,SVARS,188,0,COMMITTED,.000000000000000,-
I2,SVARS,189,0,COMMITTED,.000000000000000,-
I2,SVARS,190,0,COMMITTED,.000000000000000,-
I2,SVARS,191,0,COMMITTED,.000000000000000,-
I2,SVARS,192,0,COMMITTED,.000000000000000,-
I2,TIME,1,0,STEP_TIME,600.0000000000000,s
I2,TIME,2,0,TOTAL_TIME,1260.000000000000,s
I2,DTIME,0,0,DTIME,60.00000000000000,s
I2,SCALE,1,0,X_U,.1000000000000000E-04,m
I2,SCALE,2,0,X_P,10000000.00000000,Pa
I2,SCALE,3,0,X_S,.1000000000000000,-
I2,BRANCH,0,0,SMOOTH,.000000000000000,-
LIMITER_OFF,PROPS,1,0,PROP,25000000000.00000,-
LIMITER_OFF,PROPS,2,0,PROP,.3000000000000000,-
LIMITER_OFF,PROPS,3,0,PROP,1.000000000000000,-
LIMITER_OFF,PROPS,4,0,PROP,.1000000000000000E-05,-
LIMITER_OFF,PROPS,5,0,PROP,.1000000000000000E-02,-
LIMITER_OFF,PROPS,6,0,PROP,700.0000000000000,-
LIMITER_OFF,PROPS,7,0,PROP,.1000000000000000E-02,-
LIMITER_OFF,PROPS,8,0,PROP,.2000000000000000,-
LIMITER_OFF,PROPS,9,0,PROP,.5000000000000000E-01,-
LIMITER_OFF,PROPS,10,0,PROP,10000.00000000000,-
LIMITER_OFF,PROPS,11,0,PROP,2.000000000000000,-
LIMITER_OFF,PROPS,12,0,PROP,2.000000000000000,-
LIMITER_OFF,PROPS,13,0,PROP,2.000000000000000,-
LIMITER_OFF,PROPS,14,0,PROP,.1000000000000000E-01,-
LIMITER_OFF,PROPS,15,0,PROP,.1000000000000000,-
LIMITER_OFF,PROPS,16,0,PROP,.6000000000000000E-11,-
LIMITER_OFF,PROPS,17,0,PROP,.000000000000000,-
LIMITER_OFF,PROPS,18,0,PROP,.1000000000000000E-07,-
LIMITER_OFF,PROPS,19,0,PROP,.000000000000000,-
LIMITER_OFF,PROPS,20,0,PROP,.000000000000000,-
LIMITER_OFF,PROPS,21,0,PROP,.9999999999999999E-20,-
LIMITER_OFF,PROPS,22,0,PROP,.1000000000000000E-07,-
LIMITER_OFF,PROPS,23,0,PROP,.000000000000000,-
LIMITER_OFF,PROPS,24,0,PROP,.000000000000000,-
LIMITER_OFF,PROPS,25,0,PROP,.000000000000000,-
LIMITER_OFF,PROPS,26,0,PROP,.000000000000000,-
LIMITER_OFF,PROPS,27,0,PROP,.000000000000000,-
LIMITER_OFF,COORDS,1,1,COORD,.000000000000000,m
LIMITER_OFF,COORDS,2,1,COORD,.000000000000000,m
LIMITER_OFF,COORDS,1,2,COORD,1.000000000000000,m
LIMITER_OFF,COORDS,2,2,COORD,.000000000000000,m
LIMITER_OFF,COORDS,1,3,COORD,1.000000000000000,m
LIMITER_OFF,COORDS,2,3,COORD,1.000000000000000,m
LIMITER_OFF,COORDS,1,4,COORD,.000000000000000,m
LIMITER_OFF,COORDS,2,4,COORD,1.000000000000000,m
LIMITER_OFF,U,1,0,TRIAL_BASE,.000000000000000,-
LIMITER_OFF,DU,1,0,BASE_INCREMENT,.000000000000000,-
LIMITER_OFF,U,2,0,TRIAL_BASE,.000000000000000,-
LIMITER_OFF,DU,2,0,BASE_INCREMENT,.000000000000000,-
LIMITER_OFF,U,3,0,TRIAL_BASE,12000000.00000000,-
LIMITER_OFF,DU,3,0,BASE_INCREMENT,.000000000000000,-
LIMITER_OFF,U,4,0,TRIAL_BASE,.3000000000000000,-
LIMITER_OFF,DU,4,0,BASE_INCREMENT,.000000000000000,-
LIMITER_OFF,U,5,0,TRIAL_BASE,.5000000000000000E-03,-
LIMITER_OFF,DU,5,0,BASE_INCREMENT,.000000000000000,-
LIMITER_OFF,U,6,0,TRIAL_BASE,.5000000000000000E-04,-
LIMITER_OFF,DU,6,0,BASE_INCREMENT,.000000000000000,-
LIMITER_OFF,U,7,0,TRIAL_BASE,12250000.00000000,-
LIMITER_OFF,DU,7,0,BASE_INCREMENT,.000000000000000,-
LIMITER_OFF,U,8,0,TRIAL_BASE,.3000000000000000,-
LIMITER_OFF,DU,8,0,BASE_INCREMENT,.000000000000000,-
LIMITER_OFF,U,9,0,TRIAL_BASE,.6000000000000001E-03,-
LIMITER_OFF,DU,9,0,BASE_INCREMENT,.000000000000000,-
LIMITER_OFF,U,10,0,TRIAL_BASE,-.2500000000000000E-03,-
LIMITER_OFF,DU,10,0,BASE_INCREMENT,.000000000000000,-
LIMITER_OFF,U,11,0,TRIAL_BASE,12100000.00000000,-
LIMITER_OFF,DU,11,0,BASE_INCREMENT,.000000000000000,-
LIMITER_OFF,U,12,0,TRIAL_BASE,.3000000000000000,-
LIMITER_OFF,DU,12,0,BASE_INCREMENT,.000000000000000,-
LIMITER_OFF,U,13,0,TRIAL_BASE,.1000000000000000E-03,-
LIMITER_OFF,DU,13,0,BASE_INCREMENT,.000000000000000,-
LIMITER_OFF,U,14,0,TRIAL_BASE,-.3000000000000000E-03,-
LIMITER_OFF,DU,14,0,BASE_INCREMENT,.000000000000000,-
LIMITER_OFF,U,15,0,TRIAL_BASE,11850000.00000000,-
LIMITER_OFF,DU,15,0,BASE_INCREMENT,.000000000000000,-
LIMITER_OFF,U,16,0,TRIAL_BASE,.3000000000000000,-
LIMITER_OFF,DU,16,0,BASE_INCREMENT,.000000000000000,-
LIMITER_OFF,SVARS,1,0,COMMITTED,11800000.00000000,-
LIMITER_OFF,SVARS,2,0,COMMITTED,.2200000000000000,-
LIMITER_OFF,SVARS,3,0,COMMITTED,.7800000000000000,-
LIMITER_OFF,SVARS,4,0,COMMITTED,1371.470653683551,-
LIMITER_OFF,SVARS,5,0,COMMITTED,11800310.86668150,-
LIMITER_OFF,SVARS,6,0,COMMITTED,.000000000000000,-
LIMITER_OFF,SVARS,7,0,COMMITTED,.1500000000000000,-
LIMITER_OFF,SVARS,8,0,COMMITTED,.6000000000000000E-11,-
LIMITER_OFF,SVARS,9,0,COMMITTED,.1000000000000000E-08,-
LIMITER_OFF,SVARS,10,0,COMMITTED,.000000000000000,-
LIMITER_OFF,SVARS,11,0,COMMITTED,.000000000000000,-
LIMITER_OFF,SVARS,12,0,COMMITTED,.000000000000000,-
LIMITER_OFF,SVARS,13,0,COMMITTED,310.8666815012693,-
LIMITER_OFF,SVARS,14,0,COMMITTED,1.000000000000000,-
LIMITER_OFF,SVARS,15,0,COMMITTED,.000000000000000,-
LIMITER_OFF,SVARS,16,0,COMMITTED,.000000000000000,-
LIMITER_OFF,SVARS,17,0,COMMITTED,.000000000000000,-
LIMITER_OFF,SVARS,18,0,COMMITTED,.000000000000000,-
LIMITER_OFF,SVARS,19,0,COMMITTED,.000000000000000,-
LIMITER_OFF,SVARS,20,0,COMMITTED,.000000000000000,-
LIMITER_OFF,SVARS,21,0,COMMITTED,.000000000000000,-
LIMITER_OFF,SVARS,22,0,COMMITTED,.000000000000000,-
LIMITER_OFF,SVARS,23,0,COMMITTED,.000000000000000,-
LIMITER_OFF,SVARS,24,0,COMMITTED,.000000000000000,-
LIMITER_OFF,SVARS,25,0,COMMITTED,.000000000000000,-
LIMITER_OFF,SVARS,26,0,COMMITTED,.000000000000000,-
LIMITER_OFF,SVARS,27,0,COMMITTED,.000000000000000,-
LIMITER_OFF,SVARS,28,0,COMMITTED,.000000000000000,-
LIMITER_OFF,SVARS,29,0,COMMITTED,.000000000000000,-
LIMITER_OFF,SVARS,30,0,COMMITTED,.000000000000000,-
LIMITER_OFF,SVARS,31,0,COMMITTED,.000000000000000,-
LIMITER_OFF,SVARS,32,0,COMMITTED,.000000000000000,-
LIMITER_OFF,SVARS,33,0,COMMITTED,.000000000000000,-
LIMITER_OFF,SVARS,34,0,COMMITTED,.000000000000000,-
LIMITER_OFF,SVARS,35,0,COMMITTED,.000000000000000,-
LIMITER_OFF,SVARS,36,0,COMMITTED,.000000000000000,-
LIMITER_OFF,SVARS,37,0,COMMITTED,.000000000000000,-
LIMITER_OFF,SVARS,38,0,COMMITTED,.000000000000000,-
LIMITER_OFF,SVARS,39,0,COMMITTED,.000000000000000,-
LIMITER_OFF,SVARS,40,0,COMMITTED,.000000000000000,-
LIMITER_OFF,SVARS,41,0,COMMITTED,.000000000000000,-
LIMITER_OFF,SVARS,42,0,COMMITTED,.000000000000000,-
LIMITER_OFF,SVARS,43,0,COMMITTED,.000000000000000,-
LIMITER_OFF,SVARS,44,0,COMMITTED,.000000000000000,-
LIMITER_OFF,SVARS,45,0,COMMITTED,.000000000000000,-
LIMITER_OFF,SVARS,46,0,COMMITTED,.000000000000000,-
LIMITER_OFF,SVARS,47,0,COMMITTED,.000000000000000,-
LIMITER_OFF,SVARS,48,0,COMMITTED,.000000000000000,-
LIMITER_OFF,SVARS,49,0,COMMITTED,11800000.00000000,-
LIMITER_OFF,SVARS,50,0,COMMITTED,.2200000000000000,-
LIMITER_OFF,SVARS,51,0,COMMITTED,.7800000000000000,-
LIMITER_OFF,SVARS,52,0,COMMITTED,1371.470653683551,-
LIMITER_OFF,SVARS,53,0,COMMITTED,11800310.86668150,-
LIMITER_OFF,SVARS,54,0,COMMITTED,.000000000000000,-
LIMITER_OFF,SVARS,55,0,COMMITTED,.1500000000000000,-
LIMITER_OFF,SVARS,56,0,COMMITTED,.6000000000000000E-11,-
LIMITER_OFF,SVARS,57,0,COMMITTED,.1000000000000000E-08,-
LIMITER_OFF,SVARS,58,0,COMMITTED,.000000000000000,-
LIMITER_OFF,SVARS,59,0,COMMITTED,.000000000000000,-
LIMITER_OFF,SVARS,60,0,COMMITTED,.000000000000000,-
LIMITER_OFF,SVARS,61,0,COMMITTED,310.8666815012693,-
LIMITER_OFF,SVARS,62,0,COMMITTED,1.000000000000000,-
LIMITER_OFF,SVARS,63,0,COMMITTED,.000000000000000,-
LIMITER_OFF,SVARS,64,0,COMMITTED,.000000000000000,-
LIMITER_OFF,SVARS,65,0,COMMITTED,.000000000000000,-
LIMITER_OFF,SVARS,66,0,COMMITTED,.000000000000000,-
LIMITER_OFF,SVARS,67,0,COMMITTED,.000000000000000,-
LIMITER_OFF,SVARS,68,0,COMMITTED,.000000000000000,-
LIMITER_OFF,SVARS,69,0,COMMITTED,.000000000000000,-
LIMITER_OFF,SVARS,70,0,COMMITTED,.000000000000000,-
LIMITER_OFF,SVARS,71,0,COMMITTED,.000000000000000,-
LIMITER_OFF,SVARS,72,0,COMMITTED,.000000000000000,-
LIMITER_OFF,SVARS,73,0,COMMITTED,.000000000000000,-
LIMITER_OFF,SVARS,74,0,COMMITTED,.000000000000000,-
LIMITER_OFF,SVARS,75,0,COMMITTED,.000000000000000,-
LIMITER_OFF,SVARS,76,0,COMMITTED,.000000000000000,-
LIMITER_OFF,SVARS,77,0,COMMITTED,.000000000000000,-
LIMITER_OFF,SVARS,78,0,COMMITTED,.000000000000000,-
LIMITER_OFF,SVARS,79,0,COMMITTED,.000000000000000,-
LIMITER_OFF,SVARS,80,0,COMMITTED,.000000000000000,-
LIMITER_OFF,SVARS,81,0,COMMITTED,.000000000000000,-
LIMITER_OFF,SVARS,82,0,COMMITTED,.000000000000000,-
LIMITER_OFF,SVARS,83,0,COMMITTED,.000000000000000,-
LIMITER_OFF,SVARS,84,0,COMMITTED,.000000000000000,-
LIMITER_OFF,SVARS,85,0,COMMITTED,.000000000000000,-
LIMITER_OFF,SVARS,86,0,COMMITTED,.000000000000000,-
LIMITER_OFF,SVARS,87,0,COMMITTED,.000000000000000,-
LIMITER_OFF,SVARS,88,0,COMMITTED,.000000000000000,-
LIMITER_OFF,SVARS,89,0,COMMITTED,.000000000000000,-
LIMITER_OFF,SVARS,90,0,COMMITTED,.000000000000000,-
LIMITER_OFF,SVARS,91,0,COMMITTED,.000000000000000,-
LIMITER_OFF,SVARS,92,0,COMMITTED,.000000000000000,-
LIMITER_OFF,SVARS,93,0,COMMITTED,.000000000000000,-
LIMITER_OFF,SVARS,94,0,COMMITTED,.000000000000000,-
LIMITER_OFF,SVARS,95,0,COMMITTED,.000000000000000,-
LIMITER_OFF,SVARS,96,0,COMMITTED,.000000000000000,-
LIMITER_OFF,SVARS,97,0,COMMITTED,11800000.00000000,-
LIMITER_OFF,SVARS,98,0,COMMITTED,.2200000000000000,-
LIMITER_OFF,SVARS,99,0,COMMITTED,.7800000000000000,-
LIMITER_OFF,SVARS,100,0,COMMITTED,1371.470653683551,-
LIMITER_OFF,SVARS,101,0,COMMITTED,11800310.86668150,-
LIMITER_OFF,SVARS,102,0,COMMITTED,.000000000000000,-
LIMITER_OFF,SVARS,103,0,COMMITTED,.1500000000000000,-
LIMITER_OFF,SVARS,104,0,COMMITTED,.6000000000000000E-11,-
LIMITER_OFF,SVARS,105,0,COMMITTED,.1000000000000000E-08,-
LIMITER_OFF,SVARS,106,0,COMMITTED,.000000000000000,-
LIMITER_OFF,SVARS,107,0,COMMITTED,.000000000000000,-
LIMITER_OFF,SVARS,108,0,COMMITTED,.000000000000000,-
LIMITER_OFF,SVARS,109,0,COMMITTED,310.8666815012693,-
LIMITER_OFF,SVARS,110,0,COMMITTED,1.000000000000000,-
LIMITER_OFF,SVARS,111,0,COMMITTED,.000000000000000,-
LIMITER_OFF,SVARS,112,0,COMMITTED,.000000000000000,-
LIMITER_OFF,SVARS,113,0,COMMITTED,.000000000000000,-
LIMITER_OFF,SVARS,114,0,COMMITTED,.000000000000000,-
LIMITER_OFF,SVARS,115,0,COMMITTED,.000000000000000,-
LIMITER_OFF,SVARS,116,0,COMMITTED,.000000000000000,-
LIMITER_OFF,SVARS,117,0,COMMITTED,.000000000000000,-
LIMITER_OFF,SVARS,118,0,COMMITTED,.000000000000000,-
LIMITER_OFF,SVARS,119,0,COMMITTED,.000000000000000,-
LIMITER_OFF,SVARS,120,0,COMMITTED,.000000000000000,-
LIMITER_OFF,SVARS,121,0,COMMITTED,.000000000000000,-
LIMITER_OFF,SVARS,122,0,COMMITTED,.000000000000000,-
LIMITER_OFF,SVARS,123,0,COMMITTED,.000000000000000,-
LIMITER_OFF,SVARS,124,0,COMMITTED,.000000000000000,-
LIMITER_OFF,SVARS,125,0,COMMITTED,.000000000000000,-
LIMITER_OFF,SVARS,126,0,COMMITTED,.000000000000000,-
LIMITER_OFF,SVARS,127,0,COMMITTED,.000000000000000,-
LIMITER_OFF,SVARS,128,0,COMMITTED,.000000000000000,-
LIMITER_OFF,SVARS,129,0,COMMITTED,.000000000000000,-
LIMITER_OFF,SVARS,130,0,COMMITTED,.000000000000000,-
LIMITER_OFF,SVARS,131,0,COMMITTED,.000000000000000,-
LIMITER_OFF,SVARS,132,0,COMMITTED,.000000000000000,-
LIMITER_OFF,SVARS,133,0,COMMITTED,.000000000000000,-
LIMITER_OFF,SVARS,134,0,COMMITTED,.000000000000000,-
LIMITER_OFF,SVARS,135,0,COMMITTED,.000000000000000,-
LIMITER_OFF,SVARS,136,0,COMMITTED,.000000000000000,-
LIMITER_OFF,SVARS,137,0,COMMITTED,.000000000000000,-
LIMITER_OFF,SVARS,138,0,COMMITTED,.000000000000000,-
LIMITER_OFF,SVARS,139,0,COMMITTED,.000000000000000,-
LIMITER_OFF,SVARS,140,0,COMMITTED,.000000000000000,-
LIMITER_OFF,SVARS,141,0,COMMITTED,.000000000000000,-
LIMITER_OFF,SVARS,142,0,COMMITTED,.000000000000000,-
LIMITER_OFF,SVARS,143,0,COMMITTED,.000000000000000,-
LIMITER_OFF,SVARS,144,0,COMMITTED,.000000000000000,-
LIMITER_OFF,SVARS,145,0,COMMITTED,11800000.00000000,-
LIMITER_OFF,SVARS,146,0,COMMITTED,.2200000000000000,-
LIMITER_OFF,SVARS,147,0,COMMITTED,.7800000000000000,-
LIMITER_OFF,SVARS,148,0,COMMITTED,1371.470653683551,-
LIMITER_OFF,SVARS,149,0,COMMITTED,11800310.86668150,-
LIMITER_OFF,SVARS,150,0,COMMITTED,.000000000000000,-
LIMITER_OFF,SVARS,151,0,COMMITTED,.1500000000000000,-
LIMITER_OFF,SVARS,152,0,COMMITTED,.6000000000000000E-11,-
LIMITER_OFF,SVARS,153,0,COMMITTED,.1000000000000000E-08,-
LIMITER_OFF,SVARS,154,0,COMMITTED,.000000000000000,-
LIMITER_OFF,SVARS,155,0,COMMITTED,.000000000000000,-
LIMITER_OFF,SVARS,156,0,COMMITTED,.000000000000000,-
LIMITER_OFF,SVARS,157,0,COMMITTED,310.8666815012693,-
LIMITER_OFF,SVARS,158,0,COMMITTED,1.000000000000000,-
LIMITER_OFF,SVARS,159,0,COMMITTED,.000000000000000,-
LIMITER_OFF,SVARS,160,0,COMMITTED,.000000000000000,-
LIMITER_OFF,SVARS,161,0,COMMITTED,.000000000000000,-
LIMITER_OFF,SVARS,162,0,COMMITTED,.000000000000000,-
LIMITER_OFF,SVARS,163,0,COMMITTED,.000000000000000,-
LIMITER_OFF,SVARS,164,0,COMMITTED,.000000000000000,-
LIMITER_OFF,SVARS,165,0,COMMITTED,.000000000000000,-
LIMITER_OFF,SVARS,166,0,COMMITTED,.000000000000000,-
LIMITER_OFF,SVARS,167,0,COMMITTED,.000000000000000,-
LIMITER_OFF,SVARS,168,0,COMMITTED,.000000000000000,-
LIMITER_OFF,SVARS,169,0,COMMITTED,.000000000000000,-
LIMITER_OFF,SVARS,170,0,COMMITTED,.000000000000000,-
LIMITER_OFF,SVARS,171,0,COMMITTED,.000000000000000,-
LIMITER_OFF,SVARS,172,0,COMMITTED,.000000000000000,-
LIMITER_OFF,SVARS,173,0,COMMITTED,.000000000000000,-
LIMITER_OFF,SVARS,174,0,COMMITTED,.000000000000000,-
LIMITER_OFF,SVARS,175,0,COMMITTED,.000000000000000,-
LIMITER_OFF,SVARS,176,0,COMMITTED,.000000000000000,-
LIMITER_OFF,SVARS,177,0,COMMITTED,.000000000000000,-
LIMITER_OFF,SVARS,178,0,COMMITTED,.000000000000000,-
LIMITER_OFF,SVARS,179,0,COMMITTED,.000000000000000,-
LIMITER_OFF,SVARS,180,0,COMMITTED,.000000000000000,-
LIMITER_OFF,SVARS,181,0,COMMITTED,.000000000000000,-
LIMITER_OFF,SVARS,182,0,COMMITTED,.000000000000000,-
LIMITER_OFF,SVARS,183,0,COMMITTED,.000000000000000,-
LIMITER_OFF,SVARS,184,0,COMMITTED,.000000000000000,-
LIMITER_OFF,SVARS,185,0,COMMITTED,.000000000000000,-
LIMITER_OFF,SVARS,186,0,COMMITTED,.000000000000000,-
LIMITER_OFF,SVARS,187,0,COMMITTED,.000000000000000,-
LIMITER_OFF,SVARS,188,0,COMMITTED,.000000000000000,-
LIMITER_OFF,SVARS,189,0,COMMITTED,.000000000000000,-
LIMITER_OFF,SVARS,190,0,COMMITTED,.000000000000000,-
LIMITER_OFF,SVARS,191,0,COMMITTED,.000000000000000,-
LIMITER_OFF,SVARS,192,0,COMMITTED,.000000000000000,-
LIMITER_OFF,TIME,1,0,STEP_TIME,600.0000000000000,s
LIMITER_OFF,TIME,2,0,TOTAL_TIME,1260.000000000000,s
LIMITER_OFF,DTIME,0,0,DTIME,60.00000000000000,s
LIMITER_OFF,SCALE,1,0,X_U,.1000000000000000E-04,m
LIMITER_OFF,SCALE,2,0,X_P,10000000.00000000,Pa
LIMITER_OFF,SCALE,3,0,X_S,.1000000000000000,-
LIMITER_OFF,BRANCH,0,0,SMOOTH,.000000000000000,-
LIMITER_INACT,PROPS,1,0,PROP,25000000000.00000,-
LIMITER_INACT,PROPS,2,0,PROP,.3000000000000000,-
LIMITER_INACT,PROPS,3,0,PROP,1.000000000000000,-
LIMITER_INACT,PROPS,4,0,PROP,.1000000000000000E-05,-
LIMITER_INACT,PROPS,5,0,PROP,.1000000000000000E-02,-
LIMITER_INACT,PROPS,6,0,PROP,700.0000000000000,-
LIMITER_INACT,PROPS,7,0,PROP,.1000000000000000E-02,-
LIMITER_INACT,PROPS,8,0,PROP,.2000000000000000,-
LIMITER_INACT,PROPS,9,0,PROP,.5000000000000000E-01,-
LIMITER_INACT,PROPS,10,0,PROP,10000.00000000000,-
LIMITER_INACT,PROPS,11,0,PROP,2.000000000000000,-
LIMITER_INACT,PROPS,12,0,PROP,2.000000000000000,-
LIMITER_INACT,PROPS,13,0,PROP,2.000000000000000,-
LIMITER_INACT,PROPS,14,0,PROP,.1000000000000000E-01,-
LIMITER_INACT,PROPS,15,0,PROP,.1000000000000000,-
LIMITER_INACT,PROPS,16,0,PROP,.6000000000000000E-11,-
LIMITER_INACT,PROPS,17,0,PROP,.000000000000000,-
LIMITER_INACT,PROPS,18,0,PROP,.1000000000000000E-07,-
LIMITER_INACT,PROPS,19,0,PROP,.000000000000000,-
LIMITER_INACT,PROPS,20,0,PROP,.000000000000000,-
LIMITER_INACT,PROPS,21,0,PROP,.9999999999999999E-20,-
LIMITER_INACT,PROPS,22,0,PROP,.1000000000000000E-07,-
LIMITER_INACT,PROPS,23,0,PROP,.000000000000000,-
LIMITER_INACT,PROPS,24,0,PROP,.000000000000000,-
LIMITER_INACT,PROPS,25,0,PROP,.000000000000000,-
LIMITER_INACT,PROPS,26,0,PROP,.000000000000000,-
LIMITER_INACT,PROPS,27,0,PROP,.000000000000000,-
LIMITER_INACT,COORDS,1,1,COORD,.000000000000000,m
LIMITER_INACT,COORDS,2,1,COORD,.000000000000000,m
LIMITER_INACT,COORDS,1,2,COORD,1.000000000000000,m
LIMITER_INACT,COORDS,2,2,COORD,.000000000000000,m
LIMITER_INACT,COORDS,1,3,COORD,1.000000000000000,m
LIMITER_INACT,COORDS,2,3,COORD,1.000000000000000,m
LIMITER_INACT,COORDS,1,4,COORD,.000000000000000,m
LIMITER_INACT,COORDS,2,4,COORD,1.000000000000000,m
LIMITER_INACT,U,1,0,TRIAL_BASE,.000000000000000,-
LIMITER_INACT,DU,1,0,BASE_INCREMENT,.000000000000000,-
LIMITER_INACT,U,2,0,TRIAL_BASE,.000000000000000,-
LIMITER_INACT,DU,2,0,BASE_INCREMENT,.000000000000000,-
LIMITER_INACT,U,3,0,TRIAL_BASE,12000000.00000000,-
LIMITER_INACT,DU,3,0,BASE_INCREMENT,.000000000000000,-
LIMITER_INACT,U,4,0,TRIAL_BASE,.2500000000000000,-
LIMITER_INACT,DU,4,0,BASE_INCREMENT,.000000000000000,-
LIMITER_INACT,U,5,0,TRIAL_BASE,.5000000000000000E-03,-
LIMITER_INACT,DU,5,0,BASE_INCREMENT,.000000000000000,-
LIMITER_INACT,U,6,0,TRIAL_BASE,.5000000000000000E-04,-
LIMITER_INACT,DU,6,0,BASE_INCREMENT,.000000000000000,-
LIMITER_INACT,U,7,0,TRIAL_BASE,12250000.00000000,-
LIMITER_INACT,DU,7,0,BASE_INCREMENT,.000000000000000,-
LIMITER_INACT,U,8,0,TRIAL_BASE,.2500000000000000,-
LIMITER_INACT,DU,8,0,BASE_INCREMENT,.000000000000000,-
LIMITER_INACT,U,9,0,TRIAL_BASE,.6000000000000001E-03,-
LIMITER_INACT,DU,9,0,BASE_INCREMENT,.000000000000000,-
LIMITER_INACT,U,10,0,TRIAL_BASE,-.2500000000000000E-03,-
LIMITER_INACT,DU,10,0,BASE_INCREMENT,.000000000000000,-
LIMITER_INACT,U,11,0,TRIAL_BASE,12100000.00000000,-
LIMITER_INACT,DU,11,0,BASE_INCREMENT,.000000000000000,-
LIMITER_INACT,U,12,0,TRIAL_BASE,.2500000000000000,-
LIMITER_INACT,DU,12,0,BASE_INCREMENT,.000000000000000,-
LIMITER_INACT,U,13,0,TRIAL_BASE,.1000000000000000E-03,-
LIMITER_INACT,DU,13,0,BASE_INCREMENT,.000000000000000,-
LIMITER_INACT,U,14,0,TRIAL_BASE,-.3000000000000000E-03,-
LIMITER_INACT,DU,14,0,BASE_INCREMENT,.000000000000000,-
LIMITER_INACT,U,15,0,TRIAL_BASE,11850000.00000000,-
LIMITER_INACT,DU,15,0,BASE_INCREMENT,.000000000000000,-
LIMITER_INACT,U,16,0,TRIAL_BASE,.2500000000000000,-
LIMITER_INACT,DU,16,0,BASE_INCREMENT,.000000000000000,-
LIMITER_INACT,SVARS,1,0,COMMITTED,11800000.00000000,-
LIMITER_INACT,SVARS,2,0,COMMITTED,.2450000000000000,-
LIMITER_INACT,SVARS,3,0,COMMITTED,.7550000000000000,-
LIMITER_INACT,SVARS,4,0,COMMITTED,1624.763874381929,-
LIMITER_INACT,SVARS,5,0,COMMITTED,11800422.43860734,-
LIMITER_INACT,SVARS,6,0,COMMITTED,.000000000000000,-
LIMITER_INACT,SVARS,7,0,COMMITTED,.1500000000000000,-
LIMITER_INACT,SVARS,8,0,COMMITTED,.6000000000000000E-11,-
LIMITER_INACT,SVARS,9,0,COMMITTED,.1000000000000000E-08,-
LIMITER_INACT,SVARS,10,0,COMMITTED,.000000000000000,-
LIMITER_INACT,SVARS,11,0,COMMITTED,.000000000000000,-
LIMITER_INACT,SVARS,12,0,COMMITTED,.000000000000000,-
LIMITER_INACT,SVARS,13,0,COMMITTED,422.4386073388159,-
LIMITER_INACT,SVARS,14,0,COMMITTED,1.000000000000000,-
LIMITER_INACT,SVARS,15,0,COMMITTED,.000000000000000,-
LIMITER_INACT,SVARS,16,0,COMMITTED,.000000000000000,-
LIMITER_INACT,SVARS,17,0,COMMITTED,.000000000000000,-
LIMITER_INACT,SVARS,18,0,COMMITTED,.000000000000000,-
LIMITER_INACT,SVARS,19,0,COMMITTED,.000000000000000,-
LIMITER_INACT,SVARS,20,0,COMMITTED,.000000000000000,-
LIMITER_INACT,SVARS,21,0,COMMITTED,.000000000000000,-
LIMITER_INACT,SVARS,22,0,COMMITTED,.000000000000000,-
LIMITER_INACT,SVARS,23,0,COMMITTED,.000000000000000,-
LIMITER_INACT,SVARS,24,0,COMMITTED,.000000000000000,-
LIMITER_INACT,SVARS,25,0,COMMITTED,.000000000000000,-
LIMITER_INACT,SVARS,26,0,COMMITTED,.000000000000000,-
LIMITER_INACT,SVARS,27,0,COMMITTED,.000000000000000,-
LIMITER_INACT,SVARS,28,0,COMMITTED,.000000000000000,-
LIMITER_INACT,SVARS,29,0,COMMITTED,.000000000000000,-
LIMITER_INACT,SVARS,30,0,COMMITTED,.000000000000000,-
LIMITER_INACT,SVARS,31,0,COMMITTED,.000000000000000,-
LIMITER_INACT,SVARS,32,0,COMMITTED,.000000000000000,-
LIMITER_INACT,SVARS,33,0,COMMITTED,.000000000000000,-
LIMITER_INACT,SVARS,34,0,COMMITTED,.000000000000000,-
LIMITER_INACT,SVARS,35,0,COMMITTED,.000000000000000,-
LIMITER_INACT,SVARS,36,0,COMMITTED,.000000000000000,-
LIMITER_INACT,SVARS,37,0,COMMITTED,.000000000000000,-
LIMITER_INACT,SVARS,38,0,COMMITTED,.000000000000000,-
LIMITER_INACT,SVARS,39,0,COMMITTED,.000000000000000,-
LIMITER_INACT,SVARS,40,0,COMMITTED,.000000000000000,-
LIMITER_INACT,SVARS,41,0,COMMITTED,.000000000000000,-
LIMITER_INACT,SVARS,42,0,COMMITTED,.000000000000000,-
LIMITER_INACT,SVARS,43,0,COMMITTED,.000000000000000,-
LIMITER_INACT,SVARS,44,0,COMMITTED,.000000000000000,-
LIMITER_INACT,SVARS,45,0,COMMITTED,.000000000000000,-
LIMITER_INACT,SVARS,46,0,COMMITTED,.000000000000000,-
LIMITER_INACT,SVARS,47,0,COMMITTED,.000000000000000,-
LIMITER_INACT,SVARS,48,0,COMMITTED,.000000000000000,-
LIMITER_INACT,SVARS,49,0,COMMITTED,11800000.00000000,-
LIMITER_INACT,SVARS,50,0,COMMITTED,.2450000000000000,-
LIMITER_INACT,SVARS,51,0,COMMITTED,.7550000000000000,-
LIMITER_INACT,SVARS,52,0,COMMITTED,1624.763874381929,-
LIMITER_INACT,SVARS,53,0,COMMITTED,11800422.43860734,-
LIMITER_INACT,SVARS,54,0,COMMITTED,.000000000000000,-
LIMITER_INACT,SVARS,55,0,COMMITTED,.1500000000000000,-
LIMITER_INACT,SVARS,56,0,COMMITTED,.6000000000000000E-11,-
LIMITER_INACT,SVARS,57,0,COMMITTED,.1000000000000000E-08,-
LIMITER_INACT,SVARS,58,0,COMMITTED,.000000000000000,-
LIMITER_INACT,SVARS,59,0,COMMITTED,.000000000000000,-
LIMITER_INACT,SVARS,60,0,COMMITTED,.000000000000000,-
LIMITER_INACT,SVARS,61,0,COMMITTED,422.4386073388159,-
LIMITER_INACT,SVARS,62,0,COMMITTED,1.000000000000000,-
LIMITER_INACT,SVARS,63,0,COMMITTED,.000000000000000,-
LIMITER_INACT,SVARS,64,0,COMMITTED,.000000000000000,-
LIMITER_INACT,SVARS,65,0,COMMITTED,.000000000000000,-
LIMITER_INACT,SVARS,66,0,COMMITTED,.000000000000000,-
LIMITER_INACT,SVARS,67,0,COMMITTED,.000000000000000,-
LIMITER_INACT,SVARS,68,0,COMMITTED,.000000000000000,-
LIMITER_INACT,SVARS,69,0,COMMITTED,.000000000000000,-
LIMITER_INACT,SVARS,70,0,COMMITTED,.000000000000000,-
LIMITER_INACT,SVARS,71,0,COMMITTED,.000000000000000,-
LIMITER_INACT,SVARS,72,0,COMMITTED,.000000000000000,-
LIMITER_INACT,SVARS,73,0,COMMITTED,.000000000000000,-
LIMITER_INACT,SVARS,74,0,COMMITTED,.000000000000000,-
LIMITER_INACT,SVARS,75,0,COMMITTED,.000000000000000,-
LIMITER_INACT,SVARS,76,0,COMMITTED,.000000000000000,-
LIMITER_INACT,SVARS,77,0,COMMITTED,.000000000000000,-
LIMITER_INACT,SVARS,78,0,COMMITTED,.000000000000000,-
LIMITER_INACT,SVARS,79,0,COMMITTED,.000000000000000,-
LIMITER_INACT,SVARS,80,0,COMMITTED,.000000000000000,-
LIMITER_INACT,SVARS,81,0,COMMITTED,.000000000000000,-
LIMITER_INACT,SVARS,82,0,COMMITTED,.000000000000000,-
LIMITER_INACT,SVARS,83,0,COMMITTED,.000000000000000,-
LIMITER_INACT,SVARS,84,0,COMMITTED,.000000000000000,-
LIMITER_INACT,SVARS,85,0,COMMITTED,.000000000000000,-
LIMITER_INACT,SVARS,86,0,COMMITTED,.000000000000000,-
LIMITER_INACT,SVARS,87,0,COMMITTED,.000000000000000,-
LIMITER_INACT,SVARS,88,0,COMMITTED,.000000000000000,-
LIMITER_INACT,SVARS,89,0,COMMITTED,.000000000000000,-
LIMITER_INACT,SVARS,90,0,COMMITTED,.000000000000000,-
LIMITER_INACT,SVARS,91,0,COMMITTED,.000000000000000,-
LIMITER_INACT,SVARS,92,0,COMMITTED,.000000000000000,-
LIMITER_INACT,SVARS,93,0,COMMITTED,.000000000000000,-
LIMITER_INACT,SVARS,94,0,COMMITTED,.000000000000000,-
LIMITER_INACT,SVARS,95,0,COMMITTED,.000000000000000,-
LIMITER_INACT,SVARS,96,0,COMMITTED,.000000000000000,-
LIMITER_INACT,SVARS,97,0,COMMITTED,11800000.00000000,-
LIMITER_INACT,SVARS,98,0,COMMITTED,.2450000000000000,-
LIMITER_INACT,SVARS,99,0,COMMITTED,.7550000000000000,-
LIMITER_INACT,SVARS,100,0,COMMITTED,1624.763874381929,-
LIMITER_INACT,SVARS,101,0,COMMITTED,11800422.43860734,-
LIMITER_INACT,SVARS,102,0,COMMITTED,.000000000000000,-
LIMITER_INACT,SVARS,103,0,COMMITTED,.1500000000000000,-
LIMITER_INACT,SVARS,104,0,COMMITTED,.6000000000000000E-11,-
LIMITER_INACT,SVARS,105,0,COMMITTED,.1000000000000000E-08,-
LIMITER_INACT,SVARS,106,0,COMMITTED,.000000000000000,-
LIMITER_INACT,SVARS,107,0,COMMITTED,.000000000000000,-
LIMITER_INACT,SVARS,108,0,COMMITTED,.000000000000000,-
LIMITER_INACT,SVARS,109,0,COMMITTED,422.4386073388159,-
LIMITER_INACT,SVARS,110,0,COMMITTED,1.000000000000000,-
LIMITER_INACT,SVARS,111,0,COMMITTED,.000000000000000,-
LIMITER_INACT,SVARS,112,0,COMMITTED,.000000000000000,-
LIMITER_INACT,SVARS,113,0,COMMITTED,.000000000000000,-
LIMITER_INACT,SVARS,114,0,COMMITTED,.000000000000000,-
LIMITER_INACT,SVARS,115,0,COMMITTED,.000000000000000,-
LIMITER_INACT,SVARS,116,0,COMMITTED,.000000000000000,-
LIMITER_INACT,SVARS,117,0,COMMITTED,.000000000000000,-
LIMITER_INACT,SVARS,118,0,COMMITTED,.000000000000000,-
LIMITER_INACT,SVARS,119,0,COMMITTED,.000000000000000,-
LIMITER_INACT,SVARS,120,0,COMMITTED,.000000000000000,-
LIMITER_INACT,SVARS,121,0,COMMITTED,.000000000000000,-
LIMITER_INACT,SVARS,122,0,COMMITTED,.000000000000000,-
LIMITER_INACT,SVARS,123,0,COMMITTED,.000000000000000,-
LIMITER_INACT,SVARS,124,0,COMMITTED,.000000000000000,-
LIMITER_INACT,SVARS,125,0,COMMITTED,.000000000000000,-
LIMITER_INACT,SVARS,126,0,COMMITTED,.000000000000000,-
LIMITER_INACT,SVARS,127,0,COMMITTED,.000000000000000,-
LIMITER_INACT,SVARS,128,0,COMMITTED,.000000000000000,-
LIMITER_INACT,SVARS,129,0,COMMITTED,.000000000000000,-
LIMITER_INACT,SVARS,130,0,COMMITTED,.000000000000000,-
LIMITER_INACT,SVARS,131,0,COMMITTED,.000000000000000,-
LIMITER_INACT,SVARS,132,0,COMMITTED,.000000000000000,-
LIMITER_INACT,SVARS,133,0,COMMITTED,.000000000000000,-
LIMITER_INACT,SVARS,134,0,COMMITTED,.000000000000000,-
LIMITER_INACT,SVARS,135,0,COMMITTED,.000000000000000,-
LIMITER_INACT,SVARS,136,0,COMMITTED,.000000000000000,-
LIMITER_INACT,SVARS,137,0,COMMITTED,.000000000000000,-
LIMITER_INACT,SVARS,138,0,COMMITTED,.000000000000000,-
LIMITER_INACT,SVARS,139,0,COMMITTED,.000000000000000,-
LIMITER_INACT,SVARS,140,0,COMMITTED,.000000000000000,-
LIMITER_INACT,SVARS,141,0,COMMITTED,.000000000000000,-
LIMITER_INACT,SVARS,142,0,COMMITTED,.000000000000000,-
LIMITER_INACT,SVARS,143,0,COMMITTED,.000000000000000,-
LIMITER_INACT,SVARS,144,0,COMMITTED,.000000000000000,-
LIMITER_INACT,SVARS,145,0,COMMITTED,11800000.00000000,-
LIMITER_INACT,SVARS,146,0,COMMITTED,.2450000000000000,-
LIMITER_INACT,SVARS,147,0,COMMITTED,.7550000000000000,-
LIMITER_INACT,SVARS,148,0,COMMITTED,1624.763874381929,-
LIMITER_INACT,SVARS,149,0,COMMITTED,11800422.43860734,-
LIMITER_INACT,SVARS,150,0,COMMITTED,.000000000000000,-
LIMITER_INACT,SVARS,151,0,COMMITTED,.1500000000000000,-
LIMITER_INACT,SVARS,152,0,COMMITTED,.6000000000000000E-11,-
LIMITER_INACT,SVARS,153,0,COMMITTED,.1000000000000000E-08,-
LIMITER_INACT,SVARS,154,0,COMMITTED,.000000000000000,-
LIMITER_INACT,SVARS,155,0,COMMITTED,.000000000000000,-
LIMITER_INACT,SVARS,156,0,COMMITTED,.000000000000000,-
LIMITER_INACT,SVARS,157,0,COMMITTED,422.4386073388159,-
LIMITER_INACT,SVARS,158,0,COMMITTED,1.000000000000000,-
LIMITER_INACT,SVARS,159,0,COMMITTED,.000000000000000,-
LIMITER_INACT,SVARS,160,0,COMMITTED,.000000000000000,-
LIMITER_INACT,SVARS,161,0,COMMITTED,.000000000000000,-
LIMITER_INACT,SVARS,162,0,COMMITTED,.000000000000000,-
LIMITER_INACT,SVARS,163,0,COMMITTED,.000000000000000,-
LIMITER_INACT,SVARS,164,0,COMMITTED,.000000000000000,-
LIMITER_INACT,SVARS,165,0,COMMITTED,.000000000000000,-
LIMITER_INACT,SVARS,166,0,COMMITTED,.000000000000000,-
LIMITER_INACT,SVARS,167,0,COMMITTED,.000000000000000,-
LIMITER_INACT,SVARS,168,0,COMMITTED,.000000000000000,-
LIMITER_INACT,SVARS,169,0,COMMITTED,.000000000000000,-
LIMITER_INACT,SVARS,170,0,COMMITTED,.000000000000000,-
LIMITER_INACT,SVARS,171,0,COMMITTED,.000000000000000,-
LIMITER_INACT,SVARS,172,0,COMMITTED,.000000000000000,-
LIMITER_INACT,SVARS,173,0,COMMITTED,.000000000000000,-
LIMITER_INACT,SVARS,174,0,COMMITTED,.000000000000000,-
LIMITER_INACT,SVARS,175,0,COMMITTED,.000000000000000,-
LIMITER_INACT,SVARS,176,0,COMMITTED,.000000000000000,-
LIMITER_INACT,SVARS,177,0,COMMITTED,.000000000000000,-
LIMITER_INACT,SVARS,178,0,COMMITTED,.000000000000000,-
LIMITER_INACT,SVARS,179,0,COMMITTED,.000000000000000,-
LIMITER_INACT,SVARS,180,0,COMMITTED,.000000000000000,-
LIMITER_INACT,SVARS,181,0,COMMITTED,.000000000000000,-
LIMITER_INACT,SVARS,182,0,COMMITTED,.000000000000000,-
LIMITER_INACT,SVARS,183,0,COMMITTED,.000000000000000,-
LIMITER_INACT,SVARS,184,0,COMMITTED,.000000000000000,-
LIMITER_INACT,SVARS,185,0,COMMITTED,.000000000000000,-
LIMITER_INACT,SVARS,186,0,COMMITTED,.000000000000000,-
LIMITER_INACT,SVARS,187,0,COMMITTED,.000000000000000,-
LIMITER_INACT,SVARS,188,0,COMMITTED,.000000000000000,-
LIMITER_INACT,SVARS,189,0,COMMITTED,.000000000000000,-
LIMITER_INACT,SVARS,190,0,COMMITTED,.000000000000000,-
LIMITER_INACT,SVARS,191,0,COMMITTED,.000000000000000,-
LIMITER_INACT,SVARS,192,0,COMMITTED,.000000000000000,-
LIMITER_INACT,TIME,1,0,STEP_TIME,600.0000000000000,s
LIMITER_INACT,TIME,2,0,TOTAL_TIME,1260.000000000000,s
LIMITER_INACT,DTIME,0,0,DTIME,60.00000000000000,s
LIMITER_INACT,SCALE,1,0,X_U,.1000000000000000E-04,m
LIMITER_INACT,SCALE,2,0,X_P,10000000.00000000,Pa
LIMITER_INACT,SCALE,3,0,X_S,.1000000000000000,-
LIMITER_INACT,BRANCH,0,0,SMOOTH,.000000000000000,-
RATIO_POS,PROPS,1,0,PROP,25000000000.00000,-
RATIO_POS,PROPS,2,0,PROP,.3000000000000000,-
RATIO_POS,PROPS,3,0,PROP,1.000000000000000,-
RATIO_POS,PROPS,4,0,PROP,.1000000000000000E-05,-
RATIO_POS,PROPS,5,0,PROP,.1000000000000000E-02,-
RATIO_POS,PROPS,6,0,PROP,700.0000000000000,-
RATIO_POS,PROPS,7,0,PROP,.1000000000000000E-02,-
RATIO_POS,PROPS,8,0,PROP,.2000000000000000,-
RATIO_POS,PROPS,9,0,PROP,.5000000000000000E-01,-
RATIO_POS,PROPS,10,0,PROP,10000.00000000000,-
RATIO_POS,PROPS,11,0,PROP,2.000000000000000,-
RATIO_POS,PROPS,12,0,PROP,2.000000000000000,-
RATIO_POS,PROPS,13,0,PROP,2.000000000000000,-
RATIO_POS,PROPS,14,0,PROP,.1000000000000000E-01,-
RATIO_POS,PROPS,15,0,PROP,.1000000000000000,-
RATIO_POS,PROPS,16,0,PROP,.6000000000000000E-11,-
RATIO_POS,PROPS,17,0,PROP,.000000000000000,-
RATIO_POS,PROPS,18,0,PROP,.1000000000000000E-07,-
RATIO_POS,PROPS,19,0,PROP,.000000000000000,-
RATIO_POS,PROPS,20,0,PROP,.000000000000000,-
RATIO_POS,PROPS,21,0,PROP,.9999999999999999E-20,-
RATIO_POS,PROPS,22,0,PROP,.1000000000000000E-07,-
RATIO_POS,PROPS,23,0,PROP,.000000000000000,-
RATIO_POS,PROPS,24,0,PROP,.000000000000000,-
RATIO_POS,PROPS,25,0,PROP,.000000000000000,-
RATIO_POS,PROPS,26,0,PROP,.000000000000000,-
RATIO_POS,PROPS,27,0,PROP,.000000000000000,-
RATIO_POS,COORDS,1,1,COORD,.000000000000000,m
RATIO_POS,COORDS,2,1,COORD,.000000000000000,m
RATIO_POS,COORDS,1,2,COORD,1.000000000000000,m
RATIO_POS,COORDS,2,2,COORD,.000000000000000,m
RATIO_POS,COORDS,1,3,COORD,1.000000000000000,m
RATIO_POS,COORDS,2,3,COORD,1.000000000000000,m
RATIO_POS,COORDS,1,4,COORD,.000000000000000,m
RATIO_POS,COORDS,2,4,COORD,1.000000000000000,m
RATIO_POS,U,1,0,TRIAL_BASE,.000000000000000,-
RATIO_POS,DU,1,0,BASE_INCREMENT,.000000000000000,-
RATIO_POS,U,2,0,TRIAL_BASE,.000000000000000,-
RATIO_POS,DU,2,0,BASE_INCREMENT,.000000000000000,-
RATIO_POS,U,3,0,TRIAL_BASE,12000000.00000000,-
RATIO_POS,DU,3,0,BASE_INCREMENT,.000000000000000,-
RATIO_POS,U,4,0,TRIAL_BASE,.3000000000000000,-
RATIO_POS,DU,4,0,BASE_INCREMENT,.000000000000000,-
RATIO_POS,U,5,0,TRIAL_BASE,.5000000000000000E-03,-
RATIO_POS,DU,5,0,BASE_INCREMENT,.000000000000000,-
RATIO_POS,U,6,0,TRIAL_BASE,.5000000000000000E-04,-
RATIO_POS,DU,6,0,BASE_INCREMENT,.000000000000000,-
RATIO_POS,U,7,0,TRIAL_BASE,12250000.00000000,-
RATIO_POS,DU,7,0,BASE_INCREMENT,.000000000000000,-
RATIO_POS,U,8,0,TRIAL_BASE,.3000000000000000,-
RATIO_POS,DU,8,0,BASE_INCREMENT,.000000000000000,-
RATIO_POS,U,9,0,TRIAL_BASE,.6000000000000001E-03,-
RATIO_POS,DU,9,0,BASE_INCREMENT,.000000000000000,-
RATIO_POS,U,10,0,TRIAL_BASE,-.2500000000000000E-03,-
RATIO_POS,DU,10,0,BASE_INCREMENT,.000000000000000,-
RATIO_POS,U,11,0,TRIAL_BASE,12100000.00000000,-
RATIO_POS,DU,11,0,BASE_INCREMENT,.000000000000000,-
RATIO_POS,U,12,0,TRIAL_BASE,.3000000000000000,-
RATIO_POS,DU,12,0,BASE_INCREMENT,.000000000000000,-
RATIO_POS,U,13,0,TRIAL_BASE,.1000000000000000E-03,-
RATIO_POS,DU,13,0,BASE_INCREMENT,.000000000000000,-
RATIO_POS,U,14,0,TRIAL_BASE,-.3000000000000000E-03,-
RATIO_POS,DU,14,0,BASE_INCREMENT,.000000000000000,-
RATIO_POS,U,15,0,TRIAL_BASE,11850000.00000000,-
RATIO_POS,DU,15,0,BASE_INCREMENT,.000000000000000,-
RATIO_POS,U,16,0,TRIAL_BASE,.3000000000000000,-
RATIO_POS,DU,16,0,BASE_INCREMENT,.000000000000000,-
RATIO_POS,SVARS,1,0,COMMITTED,11800000.00000000,-
RATIO_POS,SVARS,2,0,COMMITTED,.2000000000000000,-
RATIO_POS,SVARS,3,0,COMMITTED,.8000000000000000,-
RATIO_POS,SVARS,4,0,COMMITTED,1180.339887498947,-
RATIO_POS,SVARS,5,0,COMMITTED,11800236.06797750,-
RATIO_POS,SVARS,6,0,COMMITTED,.000000000000000,-
RATIO_POS,SVARS,7,0,COMMITTED,.1500000000000000,-
RATIO_POS,SVARS,8,0,COMMITTED,.6000000000000000E-11,-
RATIO_POS,SVARS,9,0,COMMITTED,.1000000000000000E-08,-
RATIO_POS,SVARS,10,0,COMMITTED,.000000000000000,-
RATIO_POS,SVARS,11,0,COMMITTED,.000000000000000,-
RATIO_POS,SVARS,12,0,COMMITTED,.000000000000000,-
RATIO_POS,SVARS,13,0,COMMITTED,236.0679774992168,-
RATIO_POS,SVARS,14,0,COMMITTED,1.000000000000000,-
RATIO_POS,SVARS,15,0,COMMITTED,.000000000000000,-
RATIO_POS,SVARS,16,0,COMMITTED,.000000000000000,-
RATIO_POS,SVARS,17,0,COMMITTED,.000000000000000,-
RATIO_POS,SVARS,18,0,COMMITTED,.000000000000000,-
RATIO_POS,SVARS,19,0,COMMITTED,.000000000000000,-
RATIO_POS,SVARS,20,0,COMMITTED,.000000000000000,-
RATIO_POS,SVARS,21,0,COMMITTED,.000000000000000,-
RATIO_POS,SVARS,22,0,COMMITTED,.000000000000000,-
RATIO_POS,SVARS,23,0,COMMITTED,.000000000000000,-
RATIO_POS,SVARS,24,0,COMMITTED,.000000000000000,-
RATIO_POS,SVARS,25,0,COMMITTED,.000000000000000,-
RATIO_POS,SVARS,26,0,COMMITTED,.000000000000000,-
RATIO_POS,SVARS,27,0,COMMITTED,.000000000000000,-
RATIO_POS,SVARS,28,0,COMMITTED,.000000000000000,-
RATIO_POS,SVARS,29,0,COMMITTED,.000000000000000,-
RATIO_POS,SVARS,30,0,COMMITTED,.000000000000000,-
RATIO_POS,SVARS,31,0,COMMITTED,.000000000000000,-
RATIO_POS,SVARS,32,0,COMMITTED,.000000000000000,-
RATIO_POS,SVARS,33,0,COMMITTED,.000000000000000,-
RATIO_POS,SVARS,34,0,COMMITTED,.000000000000000,-
RATIO_POS,SVARS,35,0,COMMITTED,.000000000000000,-
RATIO_POS,SVARS,36,0,COMMITTED,.000000000000000,-
RATIO_POS,SVARS,37,0,COMMITTED,.000000000000000,-
RATIO_POS,SVARS,38,0,COMMITTED,.000000000000000,-
RATIO_POS,SVARS,39,0,COMMITTED,.000000000000000,-
RATIO_POS,SVARS,40,0,COMMITTED,.000000000000000,-
RATIO_POS,SVARS,41,0,COMMITTED,.000000000000000,-
RATIO_POS,SVARS,42,0,COMMITTED,.000000000000000,-
RATIO_POS,SVARS,43,0,COMMITTED,.000000000000000,-
RATIO_POS,SVARS,44,0,COMMITTED,.000000000000000,-
RATIO_POS,SVARS,45,0,COMMITTED,.000000000000000,-
RATIO_POS,SVARS,46,0,COMMITTED,.000000000000000,-
RATIO_POS,SVARS,47,0,COMMITTED,.000000000000000,-
RATIO_POS,SVARS,48,0,COMMITTED,.000000000000000,-
RATIO_POS,SVARS,49,0,COMMITTED,11800000.00000000,-
RATIO_POS,SVARS,50,0,COMMITTED,.2000000000000000,-
RATIO_POS,SVARS,51,0,COMMITTED,.8000000000000000,-
RATIO_POS,SVARS,52,0,COMMITTED,1180.339887498947,-
RATIO_POS,SVARS,53,0,COMMITTED,11800236.06797750,-
RATIO_POS,SVARS,54,0,COMMITTED,.000000000000000,-
RATIO_POS,SVARS,55,0,COMMITTED,.1500000000000000,-
RATIO_POS,SVARS,56,0,COMMITTED,.6000000000000000E-11,-
RATIO_POS,SVARS,57,0,COMMITTED,.1000000000000000E-08,-
RATIO_POS,SVARS,58,0,COMMITTED,.000000000000000,-
RATIO_POS,SVARS,59,0,COMMITTED,.000000000000000,-
RATIO_POS,SVARS,60,0,COMMITTED,.000000000000000,-
RATIO_POS,SVARS,61,0,COMMITTED,236.0679774992168,-
RATIO_POS,SVARS,62,0,COMMITTED,1.000000000000000,-
RATIO_POS,SVARS,63,0,COMMITTED,.000000000000000,-
RATIO_POS,SVARS,64,0,COMMITTED,.000000000000000,-
RATIO_POS,SVARS,65,0,COMMITTED,.000000000000000,-
RATIO_POS,SVARS,66,0,COMMITTED,.000000000000000,-
RATIO_POS,SVARS,67,0,COMMITTED,.000000000000000,-
RATIO_POS,SVARS,68,0,COMMITTED,.000000000000000,-
RATIO_POS,SVARS,69,0,COMMITTED,.000000000000000,-
RATIO_POS,SVARS,70,0,COMMITTED,.000000000000000,-
RATIO_POS,SVARS,71,0,COMMITTED,.000000000000000,-
RATIO_POS,SVARS,72,0,COMMITTED,.000000000000000,-
RATIO_POS,SVARS,73,0,COMMITTED,.000000000000000,-
RATIO_POS,SVARS,74,0,COMMITTED,.000000000000000,-
RATIO_POS,SVARS,75,0,COMMITTED,.000000000000000,-
RATIO_POS,SVARS,76,0,COMMITTED,.000000000000000,-
RATIO_POS,SVARS,77,0,COMMITTED,.000000000000000,-
RATIO_POS,SVARS,78,0,COMMITTED,.000000000000000,-
RATIO_POS,SVARS,79,0,COMMITTED,.000000000000000,-
RATIO_POS,SVARS,80,0,COMMITTED,.000000000000000,-
RATIO_POS,SVARS,81,0,COMMITTED,.000000000000000,-
RATIO_POS,SVARS,82,0,COMMITTED,.000000000000000,-
RATIO_POS,SVARS,83,0,COMMITTED,.000000000000000,-
RATIO_POS,SVARS,84,0,COMMITTED,.000000000000000,-
RATIO_POS,SVARS,85,0,COMMITTED,.000000000000000,-
RATIO_POS,SVARS,86,0,COMMITTED,.000000000000000,-
RATIO_POS,SVARS,87,0,COMMITTED,.000000000000000,-
RATIO_POS,SVARS,88,0,COMMITTED,.000000000000000,-
RATIO_POS,SVARS,89,0,COMMITTED,.000000000000000,-
RATIO_POS,SVARS,90,0,COMMITTED,.000000000000000,-
RATIO_POS,SVARS,91,0,COMMITTED,.000000000000000,-
RATIO_POS,SVARS,92,0,COMMITTED,.000000000000000,-
RATIO_POS,SVARS,93,0,COMMITTED,.000000000000000,-
RATIO_POS,SVARS,94,0,COMMITTED,.000000000000000,-
RATIO_POS,SVARS,95,0,COMMITTED,.000000000000000,-
RATIO_POS,SVARS,96,0,COMMITTED,.000000000000000,-
RATIO_POS,SVARS,97,0,COMMITTED,11800000.00000000,-
RATIO_POS,SVARS,98,0,COMMITTED,.2000000000000000,-
RATIO_POS,SVARS,99,0,COMMITTED,.8000000000000000,-
RATIO_POS,SVARS,100,0,COMMITTED,1180.339887498947,-
RATIO_POS,SVARS,101,0,COMMITTED,11800236.06797750,-
RATIO_POS,SVARS,102,0,COMMITTED,.000000000000000,-
RATIO_POS,SVARS,103,0,COMMITTED,.1500000000000000,-
RATIO_POS,SVARS,104,0,COMMITTED,.6000000000000000E-11,-
RATIO_POS,SVARS,105,0,COMMITTED,.1000000000000000E-08,-
RATIO_POS,SVARS,106,0,COMMITTED,.000000000000000,-
RATIO_POS,SVARS,107,0,COMMITTED,.000000000000000,-
RATIO_POS,SVARS,108,0,COMMITTED,.000000000000000,-
RATIO_POS,SVARS,109,0,COMMITTED,236.0679774992168,-
RATIO_POS,SVARS,110,0,COMMITTED,1.000000000000000,-
RATIO_POS,SVARS,111,0,COMMITTED,.000000000000000,-
RATIO_POS,SVARS,112,0,COMMITTED,.000000000000000,-
RATIO_POS,SVARS,113,0,COMMITTED,.000000000000000,-
RATIO_POS,SVARS,114,0,COMMITTED,.000000000000000,-
RATIO_POS,SVARS,115,0,COMMITTED,.000000000000000,-
RATIO_POS,SVARS,116,0,COMMITTED,.000000000000000,-
RATIO_POS,SVARS,117,0,COMMITTED,.000000000000000,-
RATIO_POS,SVARS,118,0,COMMITTED,.000000000000000,-
RATIO_POS,SVARS,119,0,COMMITTED,.000000000000000,-
RATIO_POS,SVARS,120,0,COMMITTED,.000000000000000,-
RATIO_POS,SVARS,121,0,COMMITTED,.000000000000000,-
RATIO_POS,SVARS,122,0,COMMITTED,.000000000000000,-
RATIO_POS,SVARS,123,0,COMMITTED,.000000000000000,-
RATIO_POS,SVARS,124,0,COMMITTED,.000000000000000,-
RATIO_POS,SVARS,125,0,COMMITTED,.000000000000000,-
RATIO_POS,SVARS,126,0,COMMITTED,.000000000000000,-
RATIO_POS,SVARS,127,0,COMMITTED,.000000000000000,-
RATIO_POS,SVARS,128,0,COMMITTED,.000000000000000,-
RATIO_POS,SVARS,129,0,COMMITTED,.000000000000000,-
RATIO_POS,SVARS,130,0,COMMITTED,.000000000000000,-
RATIO_POS,SVARS,131,0,COMMITTED,.000000000000000,-
RATIO_POS,SVARS,132,0,COMMITTED,.000000000000000,-
RATIO_POS,SVARS,133,0,COMMITTED,.000000000000000,-
RATIO_POS,SVARS,134,0,COMMITTED,.000000000000000,-
RATIO_POS,SVARS,135,0,COMMITTED,.000000000000000,-
RATIO_POS,SVARS,136,0,COMMITTED,.000000000000000,-
RATIO_POS,SVARS,137,0,COMMITTED,.000000000000000,-
RATIO_POS,SVARS,138,0,COMMITTED,.000000000000000,-
RATIO_POS,SVARS,139,0,COMMITTED,.000000000000000,-
RATIO_POS,SVARS,140,0,COMMITTED,.000000000000000,-
RATIO_POS,SVARS,141,0,COMMITTED,.000000000000000,-
RATIO_POS,SVARS,142,0,COMMITTED,.000000000000000,-
RATIO_POS,SVARS,143,0,COMMITTED,.000000000000000,-
RATIO_POS,SVARS,144,0,COMMITTED,.000000000000000,-
RATIO_POS,SVARS,145,0,COMMITTED,11800000.00000000,-
RATIO_POS,SVARS,146,0,COMMITTED,.2000000000000000,-
RATIO_POS,SVARS,147,0,COMMITTED,.8000000000000000,-
RATIO_POS,SVARS,148,0,COMMITTED,1180.339887498947,-
RATIO_POS,SVARS,149,0,COMMITTED,11800236.06797750,-
RATIO_POS,SVARS,150,0,COMMITTED,.000000000000000,-
RATIO_POS,SVARS,151,0,COMMITTED,.1500000000000000,-
RATIO_POS,SVARS,152,0,COMMITTED,.6000000000000000E-11,-
RATIO_POS,SVARS,153,0,COMMITTED,.1000000000000000E-08,-
RATIO_POS,SVARS,154,0,COMMITTED,.000000000000000,-
RATIO_POS,SVARS,155,0,COMMITTED,.000000000000000,-
RATIO_POS,SVARS,156,0,COMMITTED,.000000000000000,-
RATIO_POS,SVARS,157,0,COMMITTED,236.0679774992168,-
RATIO_POS,SVARS,158,0,COMMITTED,1.000000000000000,-
RATIO_POS,SVARS,159,0,COMMITTED,.000000000000000,-
RATIO_POS,SVARS,160,0,COMMITTED,.000000000000000,-
RATIO_POS,SVARS,161,0,COMMITTED,.000000000000000,-
RATIO_POS,SVARS,162,0,COMMITTED,.000000000000000,-
RATIO_POS,SVARS,163,0,COMMITTED,.000000000000000,-
RATIO_POS,SVARS,164,0,COMMITTED,.000000000000000,-
RATIO_POS,SVARS,165,0,COMMITTED,.000000000000000,-
RATIO_POS,SVARS,166,0,COMMITTED,.000000000000000,-
RATIO_POS,SVARS,167,0,COMMITTED,.000000000000000,-
RATIO_POS,SVARS,168,0,COMMITTED,.000000000000000,-
RATIO_POS,SVARS,169,0,COMMITTED,.000000000000000,-
RATIO_POS,SVARS,170,0,COMMITTED,.000000000000000,-
RATIO_POS,SVARS,171,0,COMMITTED,.000000000000000,-
RATIO_POS,SVARS,172,0,COMMITTED,.000000000000000,-
RATIO_POS,SVARS,173,0,COMMITTED,.000000000000000,-
RATIO_POS,SVARS,174,0,COMMITTED,.000000000000000,-
RATIO_POS,SVARS,175,0,COMMITTED,.000000000000000,-
RATIO_POS,SVARS,176,0,COMMITTED,.000000000000000,-
RATIO_POS,SVARS,177,0,COMMITTED,.000000000000000,-
RATIO_POS,SVARS,178,0,COMMITTED,.000000000000000,-
RATIO_POS,SVARS,179,0,COMMITTED,.000000000000000,-
RATIO_POS,SVARS,180,0,COMMITTED,.000000000000000,-
RATIO_POS,SVARS,181,0,COMMITTED,.000000000000000,-
RATIO_POS,SVARS,182,0,COMMITTED,.000000000000000,-
RATIO_POS,SVARS,183,0,COMMITTED,.000000000000000,-
RATIO_POS,SVARS,184,0,COMMITTED,.000000000000000,-
RATIO_POS,SVARS,185,0,COMMITTED,.000000000000000,-
RATIO_POS,SVARS,186,0,COMMITTED,.000000000000000,-
RATIO_POS,SVARS,187,0,COMMITTED,.000000000000000,-
RATIO_POS,SVARS,188,0,COMMITTED,.000000000000000,-
RATIO_POS,SVARS,189,0,COMMITTED,.000000000000000,-
RATIO_POS,SVARS,190,0,COMMITTED,.000000000000000,-
RATIO_POS,SVARS,191,0,COMMITTED,.000000000000000,-
RATIO_POS,SVARS,192,0,COMMITTED,.000000000000000,-
RATIO_POS,TIME,1,0,STEP_TIME,600.0000000000000,s
RATIO_POS,TIME,2,0,TOTAL_TIME,1260.000000000000,s
RATIO_POS,DTIME,0,0,DTIME,60.00000000000000,s
RATIO_POS,SCALE,1,0,X_U,.1000000000000000E-04,m
RATIO_POS,SCALE,2,0,X_P,10000000.00000000,Pa
RATIO_POS,SCALE,3,0,X_S,.1000000000000000,-
RATIO_POS,BRANCH,0,0,SMOOTH,.000000000000000,-
RATIO_NEG,PROPS,1,0,PROP,25000000000.00000,-
RATIO_NEG,PROPS,2,0,PROP,.3000000000000000,-
RATIO_NEG,PROPS,3,0,PROP,1.000000000000000,-
RATIO_NEG,PROPS,4,0,PROP,.1000000000000000E-05,-
RATIO_NEG,PROPS,5,0,PROP,.1000000000000000E-02,-
RATIO_NEG,PROPS,6,0,PROP,700.0000000000000,-
RATIO_NEG,PROPS,7,0,PROP,.1000000000000000E-02,-
RATIO_NEG,PROPS,8,0,PROP,.2000000000000000,-
RATIO_NEG,PROPS,9,0,PROP,.5000000000000000E-01,-
RATIO_NEG,PROPS,10,0,PROP,10000.00000000000,-
RATIO_NEG,PROPS,11,0,PROP,2.000000000000000,-
RATIO_NEG,PROPS,12,0,PROP,2.000000000000000,-
RATIO_NEG,PROPS,13,0,PROP,2.000000000000000,-
RATIO_NEG,PROPS,14,0,PROP,.1000000000000000E-01,-
RATIO_NEG,PROPS,15,0,PROP,.1000000000000000,-
RATIO_NEG,PROPS,16,0,PROP,.6000000000000000E-11,-
RATIO_NEG,PROPS,17,0,PROP,.000000000000000,-
RATIO_NEG,PROPS,18,0,PROP,.1000000000000000E-07,-
RATIO_NEG,PROPS,19,0,PROP,.000000000000000,-
RATIO_NEG,PROPS,20,0,PROP,.000000000000000,-
RATIO_NEG,PROPS,21,0,PROP,.9999999999999999E-20,-
RATIO_NEG,PROPS,22,0,PROP,.1000000000000000E-07,-
RATIO_NEG,PROPS,23,0,PROP,.000000000000000,-
RATIO_NEG,PROPS,24,0,PROP,.000000000000000,-
RATIO_NEG,PROPS,25,0,PROP,.000000000000000,-
RATIO_NEG,PROPS,26,0,PROP,.000000000000000,-
RATIO_NEG,PROPS,27,0,PROP,.000000000000000,-
RATIO_NEG,COORDS,1,1,COORD,.000000000000000,m
RATIO_NEG,COORDS,2,1,COORD,.000000000000000,m
RATIO_NEG,COORDS,1,2,COORD,1.000000000000000,m
RATIO_NEG,COORDS,2,2,COORD,.000000000000000,m
RATIO_NEG,COORDS,1,3,COORD,1.000000000000000,m
RATIO_NEG,COORDS,2,3,COORD,1.000000000000000,m
RATIO_NEG,COORDS,1,4,COORD,.000000000000000,m
RATIO_NEG,COORDS,2,4,COORD,1.000000000000000,m
RATIO_NEG,U,1,0,TRIAL_BASE,.000000000000000,-
RATIO_NEG,DU,1,0,BASE_INCREMENT,.000000000000000,-
RATIO_NEG,U,2,0,TRIAL_BASE,.000000000000000,-
RATIO_NEG,DU,2,0,BASE_INCREMENT,.000000000000000,-
RATIO_NEG,U,3,0,TRIAL_BASE,12000000.00000000,-
RATIO_NEG,DU,3,0,BASE_INCREMENT,.000000000000000,-
RATIO_NEG,U,4,0,TRIAL_BASE,.2000000000000000,-
RATIO_NEG,DU,4,0,BASE_INCREMENT,.000000000000000,-
RATIO_NEG,U,5,0,TRIAL_BASE,.5000000000000000E-03,-
RATIO_NEG,DU,5,0,BASE_INCREMENT,.000000000000000,-
RATIO_NEG,U,6,0,TRIAL_BASE,.5000000000000000E-04,-
RATIO_NEG,DU,6,0,BASE_INCREMENT,.000000000000000,-
RATIO_NEG,U,7,0,TRIAL_BASE,12250000.00000000,-
RATIO_NEG,DU,7,0,BASE_INCREMENT,.000000000000000,-
RATIO_NEG,U,8,0,TRIAL_BASE,.2000000000000000,-
RATIO_NEG,DU,8,0,BASE_INCREMENT,.000000000000000,-
RATIO_NEG,U,9,0,TRIAL_BASE,.6000000000000001E-03,-
RATIO_NEG,DU,9,0,BASE_INCREMENT,.000000000000000,-
RATIO_NEG,U,10,0,TRIAL_BASE,-.2500000000000000E-03,-
RATIO_NEG,DU,10,0,BASE_INCREMENT,.000000000000000,-
RATIO_NEG,U,11,0,TRIAL_BASE,12100000.00000000,-
RATIO_NEG,DU,11,0,BASE_INCREMENT,.000000000000000,-
RATIO_NEG,U,12,0,TRIAL_BASE,.2000000000000000,-
RATIO_NEG,DU,12,0,BASE_INCREMENT,.000000000000000,-
RATIO_NEG,U,13,0,TRIAL_BASE,.1000000000000000E-03,-
RATIO_NEG,DU,13,0,BASE_INCREMENT,.000000000000000,-
RATIO_NEG,U,14,0,TRIAL_BASE,-.3000000000000000E-03,-
RATIO_NEG,DU,14,0,BASE_INCREMENT,.000000000000000,-
RATIO_NEG,U,15,0,TRIAL_BASE,11850000.00000000,-
RATIO_NEG,DU,15,0,BASE_INCREMENT,.000000000000000,-
RATIO_NEG,U,16,0,TRIAL_BASE,.2000000000000000,-
RATIO_NEG,DU,16,0,BASE_INCREMENT,.000000000000000,-
RATIO_NEG,SVARS,1,0,COMMITTED,11800000.00000000,-
RATIO_NEG,SVARS,2,0,COMMITTED,.3000000000000000,-
RATIO_NEG,SVARS,3,0,COMMITTED,.7000000000000000,-
RATIO_NEG,SVARS,4,0,COMMITTED,2247.448713915891,-
RATIO_NEG,SVARS,5,0,COMMITTED,11800749.14957131,-
RATIO_NEG,SVARS,6,0,COMMITTED,.000000000000000,-
RATIO_NEG,SVARS,7,0,COMMITTED,.1500000000000000,-
RATIO_NEG,SVARS,8,0,COMMITTED,.6000000000000000E-11,-
RATIO_NEG,SVARS,9,0,COMMITTED,.1000000000000000E-08,-
RATIO_NEG,SVARS,10,0,COMMITTED,.000000000000000,-
RATIO_NEG,SVARS,11,0,COMMITTED,.000000000000000,-
RATIO_NEG,SVARS,12,0,COMMITTED,.000000000000000,-
RATIO_NEG,SVARS,13,0,COMMITTED,749.1495713051409,-
RATIO_NEG,SVARS,14,0,COMMITTED,1.000000000000000,-
RATIO_NEG,SVARS,15,0,COMMITTED,.000000000000000,-
RATIO_NEG,SVARS,16,0,COMMITTED,.000000000000000,-
RATIO_NEG,SVARS,17,0,COMMITTED,.000000000000000,-
RATIO_NEG,SVARS,18,0,COMMITTED,.000000000000000,-
RATIO_NEG,SVARS,19,0,COMMITTED,.000000000000000,-
RATIO_NEG,SVARS,20,0,COMMITTED,.000000000000000,-
RATIO_NEG,SVARS,21,0,COMMITTED,.000000000000000,-
RATIO_NEG,SVARS,22,0,COMMITTED,.000000000000000,-
RATIO_NEG,SVARS,23,0,COMMITTED,.000000000000000,-
RATIO_NEG,SVARS,24,0,COMMITTED,.000000000000000,-
RATIO_NEG,SVARS,25,0,COMMITTED,.000000000000000,-
RATIO_NEG,SVARS,26,0,COMMITTED,.000000000000000,-
RATIO_NEG,SVARS,27,0,COMMITTED,.000000000000000,-
RATIO_NEG,SVARS,28,0,COMMITTED,.000000000000000,-
RATIO_NEG,SVARS,29,0,COMMITTED,.000000000000000,-
RATIO_NEG,SVARS,30,0,COMMITTED,.000000000000000,-
RATIO_NEG,SVARS,31,0,COMMITTED,.000000000000000,-
RATIO_NEG,SVARS,32,0,COMMITTED,.000000000000000,-
RATIO_NEG,SVARS,33,0,COMMITTED,.000000000000000,-
RATIO_NEG,SVARS,34,0,COMMITTED,.000000000000000,-
RATIO_NEG,SVARS,35,0,COMMITTED,.000000000000000,-
RATIO_NEG,SVARS,36,0,COMMITTED,.000000000000000,-
RATIO_NEG,SVARS,37,0,COMMITTED,.000000000000000,-
RATIO_NEG,SVARS,38,0,COMMITTED,.000000000000000,-
RATIO_NEG,SVARS,39,0,COMMITTED,.000000000000000,-
RATIO_NEG,SVARS,40,0,COMMITTED,.000000000000000,-
RATIO_NEG,SVARS,41,0,COMMITTED,.000000000000000,-
RATIO_NEG,SVARS,42,0,COMMITTED,.000000000000000,-
RATIO_NEG,SVARS,43,0,COMMITTED,.000000000000000,-
RATIO_NEG,SVARS,44,0,COMMITTED,.000000000000000,-
RATIO_NEG,SVARS,45,0,COMMITTED,.000000000000000,-
RATIO_NEG,SVARS,46,0,COMMITTED,.000000000000000,-
RATIO_NEG,SVARS,47,0,COMMITTED,.000000000000000,-
RATIO_NEG,SVARS,48,0,COMMITTED,.000000000000000,-
RATIO_NEG,SVARS,49,0,COMMITTED,11800000.00000000,-
RATIO_NEG,SVARS,50,0,COMMITTED,.3000000000000000,-
RATIO_NEG,SVARS,51,0,COMMITTED,.7000000000000000,-
RATIO_NEG,SVARS,52,0,COMMITTED,2247.448713915891,-
RATIO_NEG,SVARS,53,0,COMMITTED,11800749.14957131,-
RATIO_NEG,SVARS,54,0,COMMITTED,.000000000000000,-
RATIO_NEG,SVARS,55,0,COMMITTED,.1500000000000000,-
RATIO_NEG,SVARS,56,0,COMMITTED,.6000000000000000E-11,-
RATIO_NEG,SVARS,57,0,COMMITTED,.1000000000000000E-08,-
RATIO_NEG,SVARS,58,0,COMMITTED,.000000000000000,-
RATIO_NEG,SVARS,59,0,COMMITTED,.000000000000000,-
RATIO_NEG,SVARS,60,0,COMMITTED,.000000000000000,-
RATIO_NEG,SVARS,61,0,COMMITTED,749.1495713051409,-
RATIO_NEG,SVARS,62,0,COMMITTED,1.000000000000000,-
RATIO_NEG,SVARS,63,0,COMMITTED,.000000000000000,-
RATIO_NEG,SVARS,64,0,COMMITTED,.000000000000000,-
RATIO_NEG,SVARS,65,0,COMMITTED,.000000000000000,-
RATIO_NEG,SVARS,66,0,COMMITTED,.000000000000000,-
RATIO_NEG,SVARS,67,0,COMMITTED,.000000000000000,-
RATIO_NEG,SVARS,68,0,COMMITTED,.000000000000000,-
RATIO_NEG,SVARS,69,0,COMMITTED,.000000000000000,-
RATIO_NEG,SVARS,70,0,COMMITTED,.000000000000000,-
RATIO_NEG,SVARS,71,0,COMMITTED,.000000000000000,-
RATIO_NEG,SVARS,72,0,COMMITTED,.000000000000000,-
RATIO_NEG,SVARS,73,0,COMMITTED,.000000000000000,-
RATIO_NEG,SVARS,74,0,COMMITTED,.000000000000000,-
RATIO_NEG,SVARS,75,0,COMMITTED,.000000000000000,-
RATIO_NEG,SVARS,76,0,COMMITTED,.000000000000000,-
RATIO_NEG,SVARS,77,0,COMMITTED,.000000000000000,-
RATIO_NEG,SVARS,78,0,COMMITTED,.000000000000000,-
RATIO_NEG,SVARS,79,0,COMMITTED,.000000000000000,-
RATIO_NEG,SVARS,80,0,COMMITTED,.000000000000000,-
RATIO_NEG,SVARS,81,0,COMMITTED,.000000000000000,-
RATIO_NEG,SVARS,82,0,COMMITTED,.000000000000000,-
RATIO_NEG,SVARS,83,0,COMMITTED,.000000000000000,-
RATIO_NEG,SVARS,84,0,COMMITTED,.000000000000000,-
RATIO_NEG,SVARS,85,0,COMMITTED,.000000000000000,-
RATIO_NEG,SVARS,86,0,COMMITTED,.000000000000000,-
RATIO_NEG,SVARS,87,0,COMMITTED,.000000000000000,-
RATIO_NEG,SVARS,88,0,COMMITTED,.000000000000000,-
RATIO_NEG,SVARS,89,0,COMMITTED,.000000000000000,-
RATIO_NEG,SVARS,90,0,COMMITTED,.000000000000000,-
RATIO_NEG,SVARS,91,0,COMMITTED,.000000000000000,-
RATIO_NEG,SVARS,92,0,COMMITTED,.000000000000000,-
RATIO_NEG,SVARS,93,0,COMMITTED,.000000000000000,-
RATIO_NEG,SVARS,94,0,COMMITTED,.000000000000000,-
RATIO_NEG,SVARS,95,0,COMMITTED,.000000000000000,-
RATIO_NEG,SVARS,96,0,COMMITTED,.000000000000000,-
RATIO_NEG,SVARS,97,0,COMMITTED,11800000.00000000,-
RATIO_NEG,SVARS,98,0,COMMITTED,.3000000000000000,-
RATIO_NEG,SVARS,99,0,COMMITTED,.7000000000000000,-
RATIO_NEG,SVARS,100,0,COMMITTED,2247.448713915891,-
RATIO_NEG,SVARS,101,0,COMMITTED,11800749.14957131,-
RATIO_NEG,SVARS,102,0,COMMITTED,.000000000000000,-
RATIO_NEG,SVARS,103,0,COMMITTED,.1500000000000000,-
RATIO_NEG,SVARS,104,0,COMMITTED,.6000000000000000E-11,-
RATIO_NEG,SVARS,105,0,COMMITTED,.1000000000000000E-08,-
RATIO_NEG,SVARS,106,0,COMMITTED,.000000000000000,-
RATIO_NEG,SVARS,107,0,COMMITTED,.000000000000000,-
RATIO_NEG,SVARS,108,0,COMMITTED,.000000000000000,-
RATIO_NEG,SVARS,109,0,COMMITTED,749.1495713051409,-
RATIO_NEG,SVARS,110,0,COMMITTED,1.000000000000000,-
RATIO_NEG,SVARS,111,0,COMMITTED,.000000000000000,-
RATIO_NEG,SVARS,112,0,COMMITTED,.000000000000000,-
RATIO_NEG,SVARS,113,0,COMMITTED,.000000000000000,-
RATIO_NEG,SVARS,114,0,COMMITTED,.000000000000000,-
RATIO_NEG,SVARS,115,0,COMMITTED,.000000000000000,-
RATIO_NEG,SVARS,116,0,COMMITTED,.000000000000000,-
RATIO_NEG,SVARS,117,0,COMMITTED,.000000000000000,-
RATIO_NEG,SVARS,118,0,COMMITTED,.000000000000000,-
RATIO_NEG,SVARS,119,0,COMMITTED,.000000000000000,-
RATIO_NEG,SVARS,120,0,COMMITTED,.000000000000000,-
RATIO_NEG,SVARS,121,0,COMMITTED,.000000000000000,-
RATIO_NEG,SVARS,122,0,COMMITTED,.000000000000000,-
RATIO_NEG,SVARS,123,0,COMMITTED,.000000000000000,-
RATIO_NEG,SVARS,124,0,COMMITTED,.000000000000000,-
RATIO_NEG,SVARS,125,0,COMMITTED,.000000000000000,-
RATIO_NEG,SVARS,126,0,COMMITTED,.000000000000000,-
RATIO_NEG,SVARS,127,0,COMMITTED,.000000000000000,-
RATIO_NEG,SVARS,128,0,COMMITTED,.000000000000000,-
RATIO_NEG,SVARS,129,0,COMMITTED,.000000000000000,-
RATIO_NEG,SVARS,130,0,COMMITTED,.000000000000000,-
RATIO_NEG,SVARS,131,0,COMMITTED,.000000000000000,-
RATIO_NEG,SVARS,132,0,COMMITTED,.000000000000000,-
RATIO_NEG,SVARS,133,0,COMMITTED,.000000000000000,-
RATIO_NEG,SVARS,134,0,COMMITTED,.000000000000000,-
RATIO_NEG,SVARS,135,0,COMMITTED,.000000000000000,-
RATIO_NEG,SVARS,136,0,COMMITTED,.000000000000000,-
RATIO_NEG,SVARS,137,0,COMMITTED,.000000000000000,-
RATIO_NEG,SVARS,138,0,COMMITTED,.000000000000000,-
RATIO_NEG,SVARS,139,0,COMMITTED,.000000000000000,-
RATIO_NEG,SVARS,140,0,COMMITTED,.000000000000000,-
RATIO_NEG,SVARS,141,0,COMMITTED,.000000000000000,-
RATIO_NEG,SVARS,142,0,COMMITTED,.000000000000000,-
RATIO_NEG,SVARS,143,0,COMMITTED,.000000000000000,-
RATIO_NEG,SVARS,144,0,COMMITTED,.000000000000000,-
RATIO_NEG,SVARS,145,0,COMMITTED,11800000.00000000,-
RATIO_NEG,SVARS,146,0,COMMITTED,.3000000000000000,-
RATIO_NEG,SVARS,147,0,COMMITTED,.7000000000000000,-
RATIO_NEG,SVARS,148,0,COMMITTED,2247.448713915891,-
RATIO_NEG,SVARS,149,0,COMMITTED,11800749.14957131,-
RATIO_NEG,SVARS,150,0,COMMITTED,.000000000000000,-
RATIO_NEG,SVARS,151,0,COMMITTED,.1500000000000000,-
RATIO_NEG,SVARS,152,0,COMMITTED,.6000000000000000E-11,-
RATIO_NEG,SVARS,153,0,COMMITTED,.1000000000000000E-08,-
RATIO_NEG,SVARS,154,0,COMMITTED,.000000000000000,-
RATIO_NEG,SVARS,155,0,COMMITTED,.000000000000000,-
RATIO_NEG,SVARS,156,0,COMMITTED,.000000000000000,-
RATIO_NEG,SVARS,157,0,COMMITTED,749.1495713051409,-
RATIO_NEG,SVARS,158,0,COMMITTED,1.000000000000000,-
RATIO_NEG,SVARS,159,0,COMMITTED,.000000000000000,-
RATIO_NEG,SVARS,160,0,COMMITTED,.000000000000000,-
RATIO_NEG,SVARS,161,0,COMMITTED,.000000000000000,-
RATIO_NEG,SVARS,162,0,COMMITTED,.000000000000000,-
RATIO_NEG,SVARS,163,0,COMMITTED,.000000000000000,-
RATIO_NEG,SVARS,164,0,COMMITTED,.000000000000000,-
RATIO_NEG,SVARS,165,0,COMMITTED,.000000000000000,-
RATIO_NEG,SVARS,166,0,COMMITTED,.000000000000000,-
RATIO_NEG,SVARS,167,0,COMMITTED,.000000000000000,-
RATIO_NEG,SVARS,168,0,COMMITTED,.000000000000000,-
RATIO_NEG,SVARS,169,0,COMMITTED,.000000000000000,-
RATIO_NEG,SVARS,170,0,COMMITTED,.000000000000000,-
RATIO_NEG,SVARS,171,0,COMMITTED,.000000000000000,-
RATIO_NEG,SVARS,172,0,COMMITTED,.000000000000000,-
RATIO_NEG,SVARS,173,0,COMMITTED,.000000000000000,-
RATIO_NEG,SVARS,174,0,COMMITTED,.000000000000000,-
RATIO_NEG,SVARS,175,0,COMMITTED,.000000000000000,-
RATIO_NEG,SVARS,176,0,COMMITTED,.000000000000000,-
RATIO_NEG,SVARS,177,0,COMMITTED,.000000000000000,-
RATIO_NEG,SVARS,178,0,COMMITTED,.000000000000000,-
RATIO_NEG,SVARS,179,0,COMMITTED,.000000000000000,-
RATIO_NEG,SVARS,180,0,COMMITTED,.000000000000000,-
RATIO_NEG,SVARS,181,0,COMMITTED,.000000000000000,-
RATIO_NEG,SVARS,182,0,COMMITTED,.000000000000000,-
RATIO_NEG,SVARS,183,0,COMMITTED,.000000000000000,-
RATIO_NEG,SVARS,184,0,COMMITTED,.000000000000000,-
RATIO_NEG,SVARS,185,0,COMMITTED,.000000000000000,-
RATIO_NEG,SVARS,186,0,COMMITTED,.000000000000000,-
RATIO_NEG,SVARS,187,0,COMMITTED,.000000000000000,-
RATIO_NEG,SVARS,188,0,COMMITTED,.000000000000000,-
RATIO_NEG,SVARS,189,0,COMMITTED,.000000000000000,-
RATIO_NEG,SVARS,190,0,COMMITTED,.000000000000000,-
RATIO_NEG,SVARS,191,0,COMMITTED,.000000000000000,-
RATIO_NEG,SVARS,192,0,COMMITTED,.000000000000000,-
RATIO_NEG,TIME,1,0,STEP_TIME,600.0000000000000,s
RATIO_NEG,TIME,2,0,TOTAL_TIME,1260.000000000000,s
RATIO_NEG,DTIME,0,0,DTIME,60.00000000000000,s
RATIO_NEG,SCALE,1,0,X_U,.1000000000000000E-04,m
RATIO_NEG,SCALE,2,0,X_P,10000000.00000000,Pa
RATIO_NEG,SCALE,3,0,X_S,.1000000000000000,-
RATIO_NEG,BRANCH,0,0,SMOOTH,.000000000000000,-
BETA_MIN_POS,PROPS,1,0,PROP,25000000000.00000,-
BETA_MIN_POS,PROPS,2,0,PROP,.3000000000000000,-
BETA_MIN_POS,PROPS,3,0,PROP,1.000000000000000,-
BETA_MIN_POS,PROPS,4,0,PROP,.1000000000000000E-05,-
BETA_MIN_POS,PROPS,5,0,PROP,.1000000000000000E-02,-
BETA_MIN_POS,PROPS,6,0,PROP,700.0000000000000,-
BETA_MIN_POS,PROPS,7,0,PROP,.1000000000000000E-02,-
BETA_MIN_POS,PROPS,8,0,PROP,.2000000000000000,-
BETA_MIN_POS,PROPS,9,0,PROP,.5000000000000000E-01,-
BETA_MIN_POS,PROPS,10,0,PROP,10000.00000000000,-
BETA_MIN_POS,PROPS,11,0,PROP,2.000000000000000,-
BETA_MIN_POS,PROPS,12,0,PROP,2.000000000000000,-
BETA_MIN_POS,PROPS,13,0,PROP,2.000000000000000,-
BETA_MIN_POS,PROPS,14,0,PROP,.1000000000000000E-01,-
BETA_MIN_POS,PROPS,15,0,PROP,.1000000000000000,-
BETA_MIN_POS,PROPS,16,0,PROP,.6000000000000000E-11,-
BETA_MIN_POS,PROPS,17,0,PROP,.000000000000000,-
BETA_MIN_POS,PROPS,18,0,PROP,.1000000000000000E-07,-
BETA_MIN_POS,PROPS,19,0,PROP,.000000000000000,-
BETA_MIN_POS,PROPS,20,0,PROP,.000000000000000,-
BETA_MIN_POS,PROPS,21,0,PROP,.9999999999999999E-20,-
BETA_MIN_POS,PROPS,22,0,PROP,.1000000000000000E-07,-
BETA_MIN_POS,PROPS,23,0,PROP,.000000000000000,-
BETA_MIN_POS,PROPS,24,0,PROP,.000000000000000,-
BETA_MIN_POS,PROPS,25,0,PROP,.000000000000000,-
BETA_MIN_POS,PROPS,26,0,PROP,.000000000000000,-
BETA_MIN_POS,PROPS,27,0,PROP,.000000000000000,-
BETA_MIN_POS,COORDS,1,1,COORD,.000000000000000,m
BETA_MIN_POS,COORDS,2,1,COORD,.000000000000000,m
BETA_MIN_POS,COORDS,1,2,COORD,1.000000000000000,m
BETA_MIN_POS,COORDS,2,2,COORD,.000000000000000,m
BETA_MIN_POS,COORDS,1,3,COORD,1.000000000000000,m
BETA_MIN_POS,COORDS,2,3,COORD,1.000000000000000,m
BETA_MIN_POS,COORDS,1,4,COORD,.000000000000000,m
BETA_MIN_POS,COORDS,2,4,COORD,1.000000000000000,m
BETA_MIN_POS,U,1,0,TRIAL_BASE,.000000000000000,-
BETA_MIN_POS,DU,1,0,BASE_INCREMENT,.000000000000000,-
BETA_MIN_POS,U,2,0,TRIAL_BASE,.000000000000000,-
BETA_MIN_POS,DU,2,0,BASE_INCREMENT,.000000000000000,-
BETA_MIN_POS,U,3,0,TRIAL_BASE,12000000.00000000,-
BETA_MIN_POS,DU,3,0,BASE_INCREMENT,.000000000000000,-
BETA_MIN_POS,U,4,0,TRIAL_BASE,.5000000000000000,-
BETA_MIN_POS,DU,4,0,BASE_INCREMENT,.000000000000000,-
BETA_MIN_POS,U,5,0,TRIAL_BASE,.5000000000000000E-03,-
BETA_MIN_POS,DU,5,0,BASE_INCREMENT,.000000000000000,-
BETA_MIN_POS,U,6,0,TRIAL_BASE,.5000000000000000E-04,-
BETA_MIN_POS,DU,6,0,BASE_INCREMENT,.000000000000000,-
BETA_MIN_POS,U,7,0,TRIAL_BASE,12250000.00000000,-
BETA_MIN_POS,DU,7,0,BASE_INCREMENT,.000000000000000,-
BETA_MIN_POS,U,8,0,TRIAL_BASE,.5000000000000000,-
BETA_MIN_POS,DU,8,0,BASE_INCREMENT,.000000000000000,-
BETA_MIN_POS,U,9,0,TRIAL_BASE,.6000000000000001E-03,-
BETA_MIN_POS,DU,9,0,BASE_INCREMENT,.000000000000000,-
BETA_MIN_POS,U,10,0,TRIAL_BASE,-.2500000000000000E-03,-
BETA_MIN_POS,DU,10,0,BASE_INCREMENT,.000000000000000,-
BETA_MIN_POS,U,11,0,TRIAL_BASE,12100000.00000000,-
BETA_MIN_POS,DU,11,0,BASE_INCREMENT,.000000000000000,-
BETA_MIN_POS,U,12,0,TRIAL_BASE,.5000000000000000,-
BETA_MIN_POS,DU,12,0,BASE_INCREMENT,.000000000000000,-
BETA_MIN_POS,U,13,0,TRIAL_BASE,.1000000000000000E-03,-
BETA_MIN_POS,DU,13,0,BASE_INCREMENT,.000000000000000,-
BETA_MIN_POS,U,14,0,TRIAL_BASE,-.3000000000000000E-03,-
BETA_MIN_POS,DU,14,0,BASE_INCREMENT,.000000000000000,-
BETA_MIN_POS,U,15,0,TRIAL_BASE,11850000.00000000,-
BETA_MIN_POS,DU,15,0,BASE_INCREMENT,.000000000000000,-
BETA_MIN_POS,U,16,0,TRIAL_BASE,.5000000000000000,-
BETA_MIN_POS,DU,16,0,BASE_INCREMENT,.000000000000000,-
BETA_MIN_POS,SVARS,1,0,COMMITTED,11800000.00000000,-
BETA_MIN_POS,SVARS,2,0,COMMITTED,.1000000000000000,-
BETA_MIN_POS,SVARS,3,0,COMMITTED,.9000000000000000,-
BETA_MIN_POS,SVARS,4,0,COMMITTED,350.9833901353132,-
BETA_MIN_POS,SVARS,5,0,COMMITTED,11800023.39889268,-
BETA_MIN_POS,SVARS,6,0,COMMITTED,.000000000000000,-
BETA_MIN_POS,SVARS,7,0,COMMITTED,.1500000000000000,-
BETA_MIN_POS,SVARS,8,0,COMMITTED,.6000000000000000E-11,-
BETA_MIN_POS,SVARS,9,0,COMMITTED,.1000000000000000E-08,-
BETA_MIN_POS,SVARS,10,0,COMMITTED,.000000000000000,-
BETA_MIN_POS,SVARS,11,0,COMMITTED,.000000000000000,-
BETA_MIN_POS,SVARS,12,0,COMMITTED,.000000000000000,-
BETA_MIN_POS,SVARS,13,0,COMMITTED,23.39889267645776,-
BETA_MIN_POS,SVARS,14,0,COMMITTED,1.000000000000000,-
BETA_MIN_POS,SVARS,15,0,COMMITTED,.000000000000000,-
BETA_MIN_POS,SVARS,16,0,COMMITTED,.000000000000000,-
BETA_MIN_POS,SVARS,17,0,COMMITTED,.000000000000000,-
BETA_MIN_POS,SVARS,18,0,COMMITTED,.000000000000000,-
BETA_MIN_POS,SVARS,19,0,COMMITTED,.000000000000000,-
BETA_MIN_POS,SVARS,20,0,COMMITTED,.000000000000000,-
BETA_MIN_POS,SVARS,21,0,COMMITTED,.000000000000000,-
BETA_MIN_POS,SVARS,22,0,COMMITTED,.000000000000000,-
BETA_MIN_POS,SVARS,23,0,COMMITTED,.000000000000000,-
BETA_MIN_POS,SVARS,24,0,COMMITTED,.000000000000000,-
BETA_MIN_POS,SVARS,25,0,COMMITTED,.000000000000000,-
BETA_MIN_POS,SVARS,26,0,COMMITTED,.000000000000000,-
BETA_MIN_POS,SVARS,27,0,COMMITTED,.000000000000000,-
BETA_MIN_POS,SVARS,28,0,COMMITTED,.000000000000000,-
BETA_MIN_POS,SVARS,29,0,COMMITTED,.000000000000000,-
BETA_MIN_POS,SVARS,30,0,COMMITTED,.000000000000000,-
BETA_MIN_POS,SVARS,31,0,COMMITTED,.000000000000000,-
BETA_MIN_POS,SVARS,32,0,COMMITTED,.000000000000000,-
BETA_MIN_POS,SVARS,33,0,COMMITTED,.000000000000000,-
BETA_MIN_POS,SVARS,34,0,COMMITTED,.000000000000000,-
BETA_MIN_POS,SVARS,35,0,COMMITTED,.000000000000000,-
BETA_MIN_POS,SVARS,36,0,COMMITTED,.000000000000000,-
BETA_MIN_POS,SVARS,37,0,COMMITTED,.000000000000000,-
BETA_MIN_POS,SVARS,38,0,COMMITTED,.000000000000000,-
BETA_MIN_POS,SVARS,39,0,COMMITTED,.000000000000000,-
BETA_MIN_POS,SVARS,40,0,COMMITTED,.000000000000000,-
BETA_MIN_POS,SVARS,41,0,COMMITTED,.000000000000000,-
BETA_MIN_POS,SVARS,42,0,COMMITTED,.000000000000000,-
BETA_MIN_POS,SVARS,43,0,COMMITTED,.000000000000000,-
BETA_MIN_POS,SVARS,44,0,COMMITTED,.000000000000000,-
BETA_MIN_POS,SVARS,45,0,COMMITTED,.000000000000000,-
BETA_MIN_POS,SVARS,46,0,COMMITTED,.000000000000000,-
BETA_MIN_POS,SVARS,47,0,COMMITTED,.000000000000000,-
BETA_MIN_POS,SVARS,48,0,COMMITTED,.000000000000000,-
BETA_MIN_POS,SVARS,49,0,COMMITTED,11800000.00000000,-
BETA_MIN_POS,SVARS,50,0,COMMITTED,.1000000000000000,-
BETA_MIN_POS,SVARS,51,0,COMMITTED,.9000000000000000,-
BETA_MIN_POS,SVARS,52,0,COMMITTED,350.9833901353132,-
BETA_MIN_POS,SVARS,53,0,COMMITTED,11800023.39889268,-
BETA_MIN_POS,SVARS,54,0,COMMITTED,.000000000000000,-
BETA_MIN_POS,SVARS,55,0,COMMITTED,.1500000000000000,-
BETA_MIN_POS,SVARS,56,0,COMMITTED,.6000000000000000E-11,-
BETA_MIN_POS,SVARS,57,0,COMMITTED,.1000000000000000E-08,-
BETA_MIN_POS,SVARS,58,0,COMMITTED,.000000000000000,-
BETA_MIN_POS,SVARS,59,0,COMMITTED,.000000000000000,-
BETA_MIN_POS,SVARS,60,0,COMMITTED,.000000000000000,-
BETA_MIN_POS,SVARS,61,0,COMMITTED,23.39889267645776,-
BETA_MIN_POS,SVARS,62,0,COMMITTED,1.000000000000000,-
BETA_MIN_POS,SVARS,63,0,COMMITTED,.000000000000000,-
BETA_MIN_POS,SVARS,64,0,COMMITTED,.000000000000000,-
BETA_MIN_POS,SVARS,65,0,COMMITTED,.000000000000000,-
BETA_MIN_POS,SVARS,66,0,COMMITTED,.000000000000000,-
BETA_MIN_POS,SVARS,67,0,COMMITTED,.000000000000000,-
BETA_MIN_POS,SVARS,68,0,COMMITTED,.000000000000000,-
BETA_MIN_POS,SVARS,69,0,COMMITTED,.000000000000000,-
BETA_MIN_POS,SVARS,70,0,COMMITTED,.000000000000000,-
BETA_MIN_POS,SVARS,71,0,COMMITTED,.000000000000000,-
BETA_MIN_POS,SVARS,72,0,COMMITTED,.000000000000000,-
BETA_MIN_POS,SVARS,73,0,COMMITTED,.000000000000000,-
BETA_MIN_POS,SVARS,74,0,COMMITTED,.000000000000000,-
BETA_MIN_POS,SVARS,75,0,COMMITTED,.000000000000000,-
BETA_MIN_POS,SVARS,76,0,COMMITTED,.000000000000000,-
BETA_MIN_POS,SVARS,77,0,COMMITTED,.000000000000000,-
BETA_MIN_POS,SVARS,78,0,COMMITTED,.000000000000000,-
BETA_MIN_POS,SVARS,79,0,COMMITTED,.000000000000000,-
BETA_MIN_POS,SVARS,80,0,COMMITTED,.000000000000000,-
BETA_MIN_POS,SVARS,81,0,COMMITTED,.000000000000000,-
BETA_MIN_POS,SVARS,82,0,COMMITTED,.000000000000000,-
BETA_MIN_POS,SVARS,83,0,COMMITTED,.000000000000000,-
BETA_MIN_POS,SVARS,84,0,COMMITTED,.000000000000000,-
BETA_MIN_POS,SVARS,85,0,COMMITTED,.000000000000000,-
BETA_MIN_POS,SVARS,86,0,COMMITTED,.000000000000000,-
BETA_MIN_POS,SVARS,87,0,COMMITTED,.000000000000000,-
BETA_MIN_POS,SVARS,88,0,COMMITTED,.000000000000000,-
BETA_MIN_POS,SVARS,89,0,COMMITTED,.000000000000000,-
BETA_MIN_POS,SVARS,90,0,COMMITTED,.000000000000000,-
BETA_MIN_POS,SVARS,91,0,COMMITTED,.000000000000000,-
BETA_MIN_POS,SVARS,92,0,COMMITTED,.000000000000000,-
BETA_MIN_POS,SVARS,93,0,COMMITTED,.000000000000000,-
BETA_MIN_POS,SVARS,94,0,COMMITTED,.000000000000000,-
BETA_MIN_POS,SVARS,95,0,COMMITTED,.000000000000000,-
BETA_MIN_POS,SVARS,96,0,COMMITTED,.000000000000000,-
BETA_MIN_POS,SVARS,97,0,COMMITTED,11800000.00000000,-
BETA_MIN_POS,SVARS,98,0,COMMITTED,.1000000000000000,-
BETA_MIN_POS,SVARS,99,0,COMMITTED,.9000000000000000,-
BETA_MIN_POS,SVARS,100,0,COMMITTED,350.9833901353132,-
BETA_MIN_POS,SVARS,101,0,COMMITTED,11800023.39889268,-
BETA_MIN_POS,SVARS,102,0,COMMITTED,.000000000000000,-
BETA_MIN_POS,SVARS,103,0,COMMITTED,.1500000000000000,-
BETA_MIN_POS,SVARS,104,0,COMMITTED,.6000000000000000E-11,-
BETA_MIN_POS,SVARS,105,0,COMMITTED,.1000000000000000E-08,-
BETA_MIN_POS,SVARS,106,0,COMMITTED,.000000000000000,-
BETA_MIN_POS,SVARS,107,0,COMMITTED,.000000000000000,-
BETA_MIN_POS,SVARS,108,0,COMMITTED,.000000000000000,-
BETA_MIN_POS,SVARS,109,0,COMMITTED,23.39889267645776,-
BETA_MIN_POS,SVARS,110,0,COMMITTED,1.000000000000000,-
BETA_MIN_POS,SVARS,111,0,COMMITTED,.000000000000000,-
BETA_MIN_POS,SVARS,112,0,COMMITTED,.000000000000000,-
BETA_MIN_POS,SVARS,113,0,COMMITTED,.000000000000000,-
BETA_MIN_POS,SVARS,114,0,COMMITTED,.000000000000000,-
BETA_MIN_POS,SVARS,115,0,COMMITTED,.000000000000000,-
BETA_MIN_POS,SVARS,116,0,COMMITTED,.000000000000000,-
BETA_MIN_POS,SVARS,117,0,COMMITTED,.000000000000000,-
BETA_MIN_POS,SVARS,118,0,COMMITTED,.000000000000000,-
BETA_MIN_POS,SVARS,119,0,COMMITTED,.000000000000000,-
BETA_MIN_POS,SVARS,120,0,COMMITTED,.000000000000000,-
BETA_MIN_POS,SVARS,121,0,COMMITTED,.000000000000000,-
BETA_MIN_POS,SVARS,122,0,COMMITTED,.000000000000000,-
BETA_MIN_POS,SVARS,123,0,COMMITTED,.000000000000000,-
BETA_MIN_POS,SVARS,124,0,COMMITTED,.000000000000000,-
BETA_MIN_POS,SVARS,125,0,COMMITTED,.000000000000000,-
BETA_MIN_POS,SVARS,126,0,COMMITTED,.000000000000000,-
BETA_MIN_POS,SVARS,127,0,COMMITTED,.000000000000000,-
BETA_MIN_POS,SVARS,128,0,COMMITTED,.000000000000000,-
BETA_MIN_POS,SVARS,129,0,COMMITTED,.000000000000000,-
BETA_MIN_POS,SVARS,130,0,COMMITTED,.000000000000000,-
BETA_MIN_POS,SVARS,131,0,COMMITTED,.000000000000000,-
BETA_MIN_POS,SVARS,132,0,COMMITTED,.000000000000000,-
BETA_MIN_POS,SVARS,133,0,COMMITTED,.000000000000000,-
BETA_MIN_POS,SVARS,134,0,COMMITTED,.000000000000000,-
BETA_MIN_POS,SVARS,135,0,COMMITTED,.000000000000000,-
BETA_MIN_POS,SVARS,136,0,COMMITTED,.000000000000000,-
BETA_MIN_POS,SVARS,137,0,COMMITTED,.000000000000000,-
BETA_MIN_POS,SVARS,138,0,COMMITTED,.000000000000000,-
BETA_MIN_POS,SVARS,139,0,COMMITTED,.000000000000000,-
BETA_MIN_POS,SVARS,140,0,COMMITTED,.000000000000000,-
BETA_MIN_POS,SVARS,141,0,COMMITTED,.000000000000000,-
BETA_MIN_POS,SVARS,142,0,COMMITTED,.000000000000000,-
BETA_MIN_POS,SVARS,143,0,COMMITTED,.000000000000000,-
BETA_MIN_POS,SVARS,144,0,COMMITTED,.000000000000000,-
BETA_MIN_POS,SVARS,145,0,COMMITTED,11800000.00000000,-
BETA_MIN_POS,SVARS,146,0,COMMITTED,.1000000000000000,-
BETA_MIN_POS,SVARS,147,0,COMMITTED,.9000000000000000,-
BETA_MIN_POS,SVARS,148,0,COMMITTED,350.9833901353132,-
BETA_MIN_POS,SVARS,149,0,COMMITTED,11800023.39889268,-
BETA_MIN_POS,SVARS,150,0,COMMITTED,.000000000000000,-
BETA_MIN_POS,SVARS,151,0,COMMITTED,.1500000000000000,-
BETA_MIN_POS,SVARS,152,0,COMMITTED,.6000000000000000E-11,-
BETA_MIN_POS,SVARS,153,0,COMMITTED,.1000000000000000E-08,-
BETA_MIN_POS,SVARS,154,0,COMMITTED,.000000000000000,-
BETA_MIN_POS,SVARS,155,0,COMMITTED,.000000000000000,-
BETA_MIN_POS,SVARS,156,0,COMMITTED,.000000000000000,-
BETA_MIN_POS,SVARS,157,0,COMMITTED,23.39889267645776,-
BETA_MIN_POS,SVARS,158,0,COMMITTED,1.000000000000000,-
BETA_MIN_POS,SVARS,159,0,COMMITTED,.000000000000000,-
BETA_MIN_POS,SVARS,160,0,COMMITTED,.000000000000000,-
BETA_MIN_POS,SVARS,161,0,COMMITTED,.000000000000000,-
BETA_MIN_POS,SVARS,162,0,COMMITTED,.000000000000000,-
BETA_MIN_POS,SVARS,163,0,COMMITTED,.000000000000000,-
BETA_MIN_POS,SVARS,164,0,COMMITTED,.000000000000000,-
BETA_MIN_POS,SVARS,165,0,COMMITTED,.000000000000000,-
BETA_MIN_POS,SVARS,166,0,COMMITTED,.000000000000000,-
BETA_MIN_POS,SVARS,167,0,COMMITTED,.000000000000000,-
BETA_MIN_POS,SVARS,168,0,COMMITTED,.000000000000000,-
BETA_MIN_POS,SVARS,169,0,COMMITTED,.000000000000000,-
BETA_MIN_POS,SVARS,170,0,COMMITTED,.000000000000000,-
BETA_MIN_POS,SVARS,171,0,COMMITTED,.000000000000000,-
BETA_MIN_POS,SVARS,172,0,COMMITTED,.000000000000000,-
BETA_MIN_POS,SVARS,173,0,COMMITTED,.000000000000000,-
BETA_MIN_POS,SVARS,174,0,COMMITTED,.000000000000000,-
BETA_MIN_POS,SVARS,175,0,COMMITTED,.000000000000000,-
BETA_MIN_POS,SVARS,176,0,COMMITTED,.000000000000000,-
BETA_MIN_POS,SVARS,177,0,COMMITTED,.000000000000000,-
BETA_MIN_POS,SVARS,178,0,COMMITTED,.000000000000000,-
BETA_MIN_POS,SVARS,179,0,COMMITTED,.000000000000000,-
BETA_MIN_POS,SVARS,180,0,COMMITTED,.000000000000000,-
BETA_MIN_POS,SVARS,181,0,COMMITTED,.000000000000000,-
BETA_MIN_POS,SVARS,182,0,COMMITTED,.000000000000000,-
BETA_MIN_POS,SVARS,183,0,COMMITTED,.000000000000000,-
BETA_MIN_POS,SVARS,184,0,COMMITTED,.000000000000000,-
BETA_MIN_POS,SVARS,185,0,COMMITTED,.000000000000000,-
BETA_MIN_POS,SVARS,186,0,COMMITTED,.000000000000000,-
BETA_MIN_POS,SVARS,187,0,COMMITTED,.000000000000000,-
BETA_MIN_POS,SVARS,188,0,COMMITTED,.000000000000000,-
BETA_MIN_POS,SVARS,189,0,COMMITTED,.000000000000000,-
BETA_MIN_POS,SVARS,190,0,COMMITTED,.000000000000000,-
BETA_MIN_POS,SVARS,191,0,COMMITTED,.000000000000000,-
BETA_MIN_POS,SVARS,192,0,COMMITTED,.000000000000000,-
BETA_MIN_POS,TIME,1,0,STEP_TIME,600.0000000000000,s
BETA_MIN_POS,TIME,2,0,TOTAL_TIME,1260.000000000000,s
BETA_MIN_POS,DTIME,0,0,DTIME,60.00000000000000,s
BETA_MIN_POS,SCALE,1,0,X_U,.1000000000000000E-04,m
BETA_MIN_POS,SCALE,2,0,X_P,10000000.00000000,Pa
BETA_MIN_POS,SCALE,3,0,X_S,.1000000000000000,-
BETA_MIN_POS,BRANCH,0,0,SMOOTH,.000000000000000,-
BETA_MIN_NEG,PROPS,1,0,PROP,25000000000.00000,-
BETA_MIN_NEG,PROPS,2,0,PROP,.3000000000000000,-
BETA_MIN_NEG,PROPS,3,0,PROP,1.000000000000000,-
BETA_MIN_NEG,PROPS,4,0,PROP,.1000000000000000E-05,-
BETA_MIN_NEG,PROPS,5,0,PROP,.1000000000000000E-02,-
BETA_MIN_NEG,PROPS,6,0,PROP,700.0000000000000,-
BETA_MIN_NEG,PROPS,7,0,PROP,.1000000000000000E-02,-
BETA_MIN_NEG,PROPS,8,0,PROP,.2000000000000000,-
BETA_MIN_NEG,PROPS,9,0,PROP,.5000000000000000E-01,-
BETA_MIN_NEG,PROPS,10,0,PROP,10000.00000000000,-
BETA_MIN_NEG,PROPS,11,0,PROP,2.000000000000000,-
BETA_MIN_NEG,PROPS,12,0,PROP,2.000000000000000,-
BETA_MIN_NEG,PROPS,13,0,PROP,2.000000000000000,-
BETA_MIN_NEG,PROPS,14,0,PROP,.1000000000000000E-01,-
BETA_MIN_NEG,PROPS,15,0,PROP,.1000000000000000,-
BETA_MIN_NEG,PROPS,16,0,PROP,.6000000000000000E-11,-
BETA_MIN_NEG,PROPS,17,0,PROP,.000000000000000,-
BETA_MIN_NEG,PROPS,18,0,PROP,.1000000000000000E-07,-
BETA_MIN_NEG,PROPS,19,0,PROP,.000000000000000,-
BETA_MIN_NEG,PROPS,20,0,PROP,.000000000000000,-
BETA_MIN_NEG,PROPS,21,0,PROP,.9999999999999999E-20,-
BETA_MIN_NEG,PROPS,22,0,PROP,.1000000000000000E-07,-
BETA_MIN_NEG,PROPS,23,0,PROP,.000000000000000,-
BETA_MIN_NEG,PROPS,24,0,PROP,.000000000000000,-
BETA_MIN_NEG,PROPS,25,0,PROP,.000000000000000,-
BETA_MIN_NEG,PROPS,26,0,PROP,.000000000000000,-
BETA_MIN_NEG,PROPS,27,0,PROP,.000000000000000,-
BETA_MIN_NEG,COORDS,1,1,COORD,.000000000000000,m
BETA_MIN_NEG,COORDS,2,1,COORD,.000000000000000,m
BETA_MIN_NEG,COORDS,1,2,COORD,1.000000000000000,m
BETA_MIN_NEG,COORDS,2,2,COORD,.000000000000000,m
BETA_MIN_NEG,COORDS,1,3,COORD,1.000000000000000,m
BETA_MIN_NEG,COORDS,2,3,COORD,1.000000000000000,m
BETA_MIN_NEG,COORDS,1,4,COORD,.000000000000000,m
BETA_MIN_NEG,COORDS,2,4,COORD,1.000000000000000,m
BETA_MIN_NEG,U,1,0,TRIAL_BASE,.000000000000000,-
BETA_MIN_NEG,DU,1,0,BASE_INCREMENT,.000000000000000,-
BETA_MIN_NEG,U,2,0,TRIAL_BASE,.000000000000000,-
BETA_MIN_NEG,DU,2,0,BASE_INCREMENT,.000000000000000,-
BETA_MIN_NEG,U,3,0,TRIAL_BASE,12000000.00000000,-
BETA_MIN_NEG,DU,3,0,BASE_INCREMENT,.000000000000000,-
BETA_MIN_NEG,U,4,0,TRIAL_BASE,.3000000000000000,-
BETA_MIN_NEG,DU,4,0,BASE_INCREMENT,.000000000000000,-
BETA_MIN_NEG,U,5,0,TRIAL_BASE,.5000000000000000E-03,-
BETA_MIN_NEG,DU,5,0,BASE_INCREMENT,.000000000000000,-
BETA_MIN_NEG,U,6,0,TRIAL_BASE,.5000000000000000E-04,-
BETA_MIN_NEG,DU,6,0,BASE_INCREMENT,.000000000000000,-
BETA_MIN_NEG,U,7,0,TRIAL_BASE,12250000.00000000,-
BETA_MIN_NEG,DU,7,0,BASE_INCREMENT,.000000000000000,-
BETA_MIN_NEG,U,8,0,TRIAL_BASE,.3000000000000000,-
BETA_MIN_NEG,DU,8,0,BASE_INCREMENT,.000000000000000,-
BETA_MIN_NEG,U,9,0,TRIAL_BASE,.6000000000000001E-03,-
BETA_MIN_NEG,DU,9,0,BASE_INCREMENT,.000000000000000,-
BETA_MIN_NEG,U,10,0,TRIAL_BASE,-.2500000000000000E-03,-
BETA_MIN_NEG,DU,10,0,BASE_INCREMENT,.000000000000000,-
BETA_MIN_NEG,U,11,0,TRIAL_BASE,12100000.00000000,-
BETA_MIN_NEG,DU,11,0,BASE_INCREMENT,.000000000000000,-
BETA_MIN_NEG,U,12,0,TRIAL_BASE,.3000000000000000,-
BETA_MIN_NEG,DU,12,0,BASE_INCREMENT,.000000000000000,-
BETA_MIN_NEG,U,13,0,TRIAL_BASE,.1000000000000000E-03,-
BETA_MIN_NEG,DU,13,0,BASE_INCREMENT,.000000000000000,-
BETA_MIN_NEG,U,14,0,TRIAL_BASE,-.3000000000000000E-03,-
BETA_MIN_NEG,DU,14,0,BASE_INCREMENT,.000000000000000,-
BETA_MIN_NEG,U,15,0,TRIAL_BASE,11850000.00000000,-
BETA_MIN_NEG,DU,15,0,BASE_INCREMENT,.000000000000000,-
BETA_MIN_NEG,U,16,0,TRIAL_BASE,.3000000000000000,-
BETA_MIN_NEG,DU,16,0,BASE_INCREMENT,.000000000000000,-
BETA_MIN_NEG,SVARS,1,0,COMMITTED,11800000.00000000,-
BETA_MIN_NEG,SVARS,2,0,COMMITTED,.7000000000000000,-
BETA_MIN_NEG,SVARS,3,0,COMMITTED,.3000000000000000,-
BETA_MIN_NEG,SVARS,4,0,COMMITTED,17386.12787525830,-
BETA_MIN_NEG,SVARS,5,0,COMMITTED,11815067.97749189,-
BETA_MIN_NEG,SVARS,6,0,COMMITTED,.000000000000000,-
BETA_MIN_NEG,SVARS,7,0,COMMITTED,.1500000000000000,-
BETA_MIN_NEG,SVARS,8,0,COMMITTED,.6000000000000000E-11,-
BETA_MIN_NEG,SVARS,9,0,COMMITTED,.1000000000000000E-08,-
BETA_MIN_NEG,SVARS,10,0,COMMITTED,.000000000000000,-
BETA_MIN_NEG,SVARS,11,0,COMMITTED,.000000000000000,-
BETA_MIN_NEG,SVARS,12,0,COMMITTED,.000000000000000,-
BETA_MIN_NEG,SVARS,13,0,COMMITTED,15067.97749189101,-
BETA_MIN_NEG,SVARS,14,0,COMMITTED,1.000000000000000,-
BETA_MIN_NEG,SVARS,15,0,COMMITTED,.000000000000000,-
BETA_MIN_NEG,SVARS,16,0,COMMITTED,.000000000000000,-
BETA_MIN_NEG,SVARS,17,0,COMMITTED,.000000000000000,-
BETA_MIN_NEG,SVARS,18,0,COMMITTED,.000000000000000,-
BETA_MIN_NEG,SVARS,19,0,COMMITTED,.000000000000000,-
BETA_MIN_NEG,SVARS,20,0,COMMITTED,.000000000000000,-
BETA_MIN_NEG,SVARS,21,0,COMMITTED,.000000000000000,-
BETA_MIN_NEG,SVARS,22,0,COMMITTED,.000000000000000,-
BETA_MIN_NEG,SVARS,23,0,COMMITTED,.000000000000000,-
BETA_MIN_NEG,SVARS,24,0,COMMITTED,.000000000000000,-
BETA_MIN_NEG,SVARS,25,0,COMMITTED,.000000000000000,-
BETA_MIN_NEG,SVARS,26,0,COMMITTED,.000000000000000,-
BETA_MIN_NEG,SVARS,27,0,COMMITTED,.000000000000000,-
BETA_MIN_NEG,SVARS,28,0,COMMITTED,.000000000000000,-
BETA_MIN_NEG,SVARS,29,0,COMMITTED,.000000000000000,-
BETA_MIN_NEG,SVARS,30,0,COMMITTED,.000000000000000,-
BETA_MIN_NEG,SVARS,31,0,COMMITTED,.000000000000000,-
BETA_MIN_NEG,SVARS,32,0,COMMITTED,.000000000000000,-
BETA_MIN_NEG,SVARS,33,0,COMMITTED,.000000000000000,-
BETA_MIN_NEG,SVARS,34,0,COMMITTED,.000000000000000,-
BETA_MIN_NEG,SVARS,35,0,COMMITTED,.000000000000000,-
BETA_MIN_NEG,SVARS,36,0,COMMITTED,.000000000000000,-
BETA_MIN_NEG,SVARS,37,0,COMMITTED,.000000000000000,-
BETA_MIN_NEG,SVARS,38,0,COMMITTED,.000000000000000,-
BETA_MIN_NEG,SVARS,39,0,COMMITTED,.000000000000000,-
BETA_MIN_NEG,SVARS,40,0,COMMITTED,.000000000000000,-
BETA_MIN_NEG,SVARS,41,0,COMMITTED,.000000000000000,-
BETA_MIN_NEG,SVARS,42,0,COMMITTED,.000000000000000,-
BETA_MIN_NEG,SVARS,43,0,COMMITTED,.000000000000000,-
BETA_MIN_NEG,SVARS,44,0,COMMITTED,.000000000000000,-
BETA_MIN_NEG,SVARS,45,0,COMMITTED,.000000000000000,-
BETA_MIN_NEG,SVARS,46,0,COMMITTED,.000000000000000,-
BETA_MIN_NEG,SVARS,47,0,COMMITTED,.000000000000000,-
BETA_MIN_NEG,SVARS,48,0,COMMITTED,.000000000000000,-
BETA_MIN_NEG,SVARS,49,0,COMMITTED,11800000.00000000,-
BETA_MIN_NEG,SVARS,50,0,COMMITTED,.7000000000000000,-
BETA_MIN_NEG,SVARS,51,0,COMMITTED,.3000000000000000,-
BETA_MIN_NEG,SVARS,52,0,COMMITTED,17386.12787525830,-
BETA_MIN_NEG,SVARS,53,0,COMMITTED,11815067.97749189,-
BETA_MIN_NEG,SVARS,54,0,COMMITTED,.000000000000000,-
BETA_MIN_NEG,SVARS,55,0,COMMITTED,.1500000000000000,-
BETA_MIN_NEG,SVARS,56,0,COMMITTED,.6000000000000000E-11,-
BETA_MIN_NEG,SVARS,57,0,COMMITTED,.1000000000000000E-08,-
BETA_MIN_NEG,SVARS,58,0,COMMITTED,.000000000000000,-
BETA_MIN_NEG,SVARS,59,0,COMMITTED,.000000000000000,-
BETA_MIN_NEG,SVARS,60,0,COMMITTED,.000000000000000,-
BETA_MIN_NEG,SVARS,61,0,COMMITTED,15067.97749189101,-
BETA_MIN_NEG,SVARS,62,0,COMMITTED,1.000000000000000,-
BETA_MIN_NEG,SVARS,63,0,COMMITTED,.000000000000000,-
BETA_MIN_NEG,SVARS,64,0,COMMITTED,.000000000000000,-
BETA_MIN_NEG,SVARS,65,0,COMMITTED,.000000000000000,-
BETA_MIN_NEG,SVARS,66,0,COMMITTED,.000000000000000,-
BETA_MIN_NEG,SVARS,67,0,COMMITTED,.000000000000000,-
BETA_MIN_NEG,SVARS,68,0,COMMITTED,.000000000000000,-
BETA_MIN_NEG,SVARS,69,0,COMMITTED,.000000000000000,-
BETA_MIN_NEG,SVARS,70,0,COMMITTED,.000000000000000,-
BETA_MIN_NEG,SVARS,71,0,COMMITTED,.000000000000000,-
BETA_MIN_NEG,SVARS,72,0,COMMITTED,.000000000000000,-
BETA_MIN_NEG,SVARS,73,0,COMMITTED,.000000000000000,-
BETA_MIN_NEG,SVARS,74,0,COMMITTED,.000000000000000,-
BETA_MIN_NEG,SVARS,75,0,COMMITTED,.000000000000000,-
BETA_MIN_NEG,SVARS,76,0,COMMITTED,.000000000000000,-
BETA_MIN_NEG,SVARS,77,0,COMMITTED,.000000000000000,-
BETA_MIN_NEG,SVARS,78,0,COMMITTED,.000000000000000,-
BETA_MIN_NEG,SVARS,79,0,COMMITTED,.000000000000000,-
BETA_MIN_NEG,SVARS,80,0,COMMITTED,.000000000000000,-
BETA_MIN_NEG,SVARS,81,0,COMMITTED,.000000000000000,-
BETA_MIN_NEG,SVARS,82,0,COMMITTED,.000000000000000,-
BETA_MIN_NEG,SVARS,83,0,COMMITTED,.000000000000000,-
BETA_MIN_NEG,SVARS,84,0,COMMITTED,.000000000000000,-
BETA_MIN_NEG,SVARS,85,0,COMMITTED,.000000000000000,-
BETA_MIN_NEG,SVARS,86,0,COMMITTED,.000000000000000,-
BETA_MIN_NEG,SVARS,87,0,COMMITTED,.000000000000000,-
BETA_MIN_NEG,SVARS,88,0,COMMITTED,.000000000000000,-
BETA_MIN_NEG,SVARS,89,0,COMMITTED,.000000000000000,-
BETA_MIN_NEG,SVARS,90,0,COMMITTED,.000000000000000,-
BETA_MIN_NEG,SVARS,91,0,COMMITTED,.000000000000000,-
BETA_MIN_NEG,SVARS,92,0,COMMITTED,.000000000000000,-
BETA_MIN_NEG,SVARS,93,0,COMMITTED,.000000000000000,-
BETA_MIN_NEG,SVARS,94,0,COMMITTED,.000000000000000,-
BETA_MIN_NEG,SVARS,95,0,COMMITTED,.000000000000000,-
BETA_MIN_NEG,SVARS,96,0,COMMITTED,.000000000000000,-
BETA_MIN_NEG,SVARS,97,0,COMMITTED,11800000.00000000,-
BETA_MIN_NEG,SVARS,98,0,COMMITTED,.7000000000000000,-
BETA_MIN_NEG,SVARS,99,0,COMMITTED,.3000000000000000,-
BETA_MIN_NEG,SVARS,100,0,COMMITTED,17386.12787525830,-
BETA_MIN_NEG,SVARS,101,0,COMMITTED,11815067.97749189,-
BETA_MIN_NEG,SVARS,102,0,COMMITTED,.000000000000000,-
BETA_MIN_NEG,SVARS,103,0,COMMITTED,.1500000000000000,-
BETA_MIN_NEG,SVARS,104,0,COMMITTED,.6000000000000000E-11,-
BETA_MIN_NEG,SVARS,105,0,COMMITTED,.1000000000000000E-08,-
BETA_MIN_NEG,SVARS,106,0,COMMITTED,.000000000000000,-
BETA_MIN_NEG,SVARS,107,0,COMMITTED,.000000000000000,-
BETA_MIN_NEG,SVARS,108,0,COMMITTED,.000000000000000,-
BETA_MIN_NEG,SVARS,109,0,COMMITTED,15067.97749189101,-
BETA_MIN_NEG,SVARS,110,0,COMMITTED,1.000000000000000,-
BETA_MIN_NEG,SVARS,111,0,COMMITTED,.000000000000000,-
BETA_MIN_NEG,SVARS,112,0,COMMITTED,.000000000000000,-
BETA_MIN_NEG,SVARS,113,0,COMMITTED,.000000000000000,-
BETA_MIN_NEG,SVARS,114,0,COMMITTED,.000000000000000,-
BETA_MIN_NEG,SVARS,115,0,COMMITTED,.000000000000000,-
BETA_MIN_NEG,SVARS,116,0,COMMITTED,.000000000000000,-
BETA_MIN_NEG,SVARS,117,0,COMMITTED,.000000000000000,-
BETA_MIN_NEG,SVARS,118,0,COMMITTED,.000000000000000,-
BETA_MIN_NEG,SVARS,119,0,COMMITTED,.000000000000000,-
BETA_MIN_NEG,SVARS,120,0,COMMITTED,.000000000000000,-
BETA_MIN_NEG,SVARS,121,0,COMMITTED,.000000000000000,-
BETA_MIN_NEG,SVARS,122,0,COMMITTED,.000000000000000,-
BETA_MIN_NEG,SVARS,123,0,COMMITTED,.000000000000000,-
BETA_MIN_NEG,SVARS,124,0,COMMITTED,.000000000000000,-
BETA_MIN_NEG,SVARS,125,0,COMMITTED,.000000000000000,-
BETA_MIN_NEG,SVARS,126,0,COMMITTED,.000000000000000,-
BETA_MIN_NEG,SVARS,127,0,COMMITTED,.000000000000000,-
BETA_MIN_NEG,SVARS,128,0,COMMITTED,.000000000000000,-
BETA_MIN_NEG,SVARS,129,0,COMMITTED,.000000000000000,-
BETA_MIN_NEG,SVARS,130,0,COMMITTED,.000000000000000,-
BETA_MIN_NEG,SVARS,131,0,COMMITTED,.000000000000000,-
BETA_MIN_NEG,SVARS,132,0,COMMITTED,.000000000000000,-
BETA_MIN_NEG,SVARS,133,0,COMMITTED,.000000000000000,-
BETA_MIN_NEG,SVARS,134,0,COMMITTED,.000000000000000,-
BETA_MIN_NEG,SVARS,135,0,COMMITTED,.000000000000000,-
BETA_MIN_NEG,SVARS,136,0,COMMITTED,.000000000000000,-
BETA_MIN_NEG,SVARS,137,0,COMMITTED,.000000000000000,-
BETA_MIN_NEG,SVARS,138,0,COMMITTED,.000000000000000,-
BETA_MIN_NEG,SVARS,139,0,COMMITTED,.000000000000000,-
BETA_MIN_NEG,SVARS,140,0,COMMITTED,.000000000000000,-
BETA_MIN_NEG,SVARS,141,0,COMMITTED,.000000000000000,-
BETA_MIN_NEG,SVARS,142,0,COMMITTED,.000000000000000,-
BETA_MIN_NEG,SVARS,143,0,COMMITTED,.000000000000000,-
BETA_MIN_NEG,SVARS,144,0,COMMITTED,.000000000000000,-
BETA_MIN_NEG,SVARS,145,0,COMMITTED,11800000.00000000,-
BETA_MIN_NEG,SVARS,146,0,COMMITTED,.7000000000000000,-
BETA_MIN_NEG,SVARS,147,0,COMMITTED,.3000000000000000,-
BETA_MIN_NEG,SVARS,148,0,COMMITTED,17386.12787525830,-
BETA_MIN_NEG,SVARS,149,0,COMMITTED,11815067.97749189,-
BETA_MIN_NEG,SVARS,150,0,COMMITTED,.000000000000000,-
BETA_MIN_NEG,SVARS,151,0,COMMITTED,.1500000000000000,-
BETA_MIN_NEG,SVARS,152,0,COMMITTED,.6000000000000000E-11,-
BETA_MIN_NEG,SVARS,153,0,COMMITTED,.1000000000000000E-08,-
BETA_MIN_NEG,SVARS,154,0,COMMITTED,.000000000000000,-
BETA_MIN_NEG,SVARS,155,0,COMMITTED,.000000000000000,-
BETA_MIN_NEG,SVARS,156,0,COMMITTED,.000000000000000,-
BETA_MIN_NEG,SVARS,157,0,COMMITTED,15067.97749189101,-
BETA_MIN_NEG,SVARS,158,0,COMMITTED,1.000000000000000,-
BETA_MIN_NEG,SVARS,159,0,COMMITTED,.000000000000000,-
BETA_MIN_NEG,SVARS,160,0,COMMITTED,.000000000000000,-
BETA_MIN_NEG,SVARS,161,0,COMMITTED,.000000000000000,-
BETA_MIN_NEG,SVARS,162,0,COMMITTED,.000000000000000,-
BETA_MIN_NEG,SVARS,163,0,COMMITTED,.000000000000000,-
BETA_MIN_NEG,SVARS,164,0,COMMITTED,.000000000000000,-
BETA_MIN_NEG,SVARS,165,0,COMMITTED,.000000000000000,-
BETA_MIN_NEG,SVARS,166,0,COMMITTED,.000000000000000,-
BETA_MIN_NEG,SVARS,167,0,COMMITTED,.000000000000000,-
BETA_MIN_NEG,SVARS,168,0,COMMITTED,.000000000000000,-
BETA_MIN_NEG,SVARS,169,0,COMMITTED,.000000000000000,-
BETA_MIN_NEG,SVARS,170,0,COMMITTED,.000000000000000,-
BETA_MIN_NEG,SVARS,171,0,COMMITTED,.000000000000000,-
BETA_MIN_NEG,SVARS,172,0,COMMITTED,.000000000000000,-
BETA_MIN_NEG,SVARS,173,0,COMMITTED,.000000000000000,-
BETA_MIN_NEG,SVARS,174,0,COMMITTED,.000000000000000,-
BETA_MIN_NEG,SVARS,175,0,COMMITTED,.000000000000000,-
BETA_MIN_NEG,SVARS,176,0,COMMITTED,.000000000000000,-
BETA_MIN_NEG,SVARS,177,0,COMMITTED,.000000000000000,-
BETA_MIN_NEG,SVARS,178,0,COMMITTED,.000000000000000,-
BETA_MIN_NEG,SVARS,179,0,COMMITTED,.000000000000000,-
BETA_MIN_NEG,SVARS,180,0,COMMITTED,.000000000000000,-
BETA_MIN_NEG,SVARS,181,0,COMMITTED,.000000000000000,-
BETA_MIN_NEG,SVARS,182,0,COMMITTED,.000000000000000,-
BETA_MIN_NEG,SVARS,183,0,COMMITTED,.000000000000000,-
BETA_MIN_NEG,SVARS,184,0,COMMITTED,.000000000000000,-
BETA_MIN_NEG,SVARS,185,0,COMMITTED,.000000000000000,-
BETA_MIN_NEG,SVARS,186,0,COMMITTED,.000000000000000,-
BETA_MIN_NEG,SVARS,187,0,COMMITTED,.000000000000000,-
BETA_MIN_NEG,SVARS,188,0,COMMITTED,.000000000000000,-
BETA_MIN_NEG,SVARS,189,0,COMMITTED,.000000000000000,-
BETA_MIN_NEG,SVARS,190,0,COMMITTED,.000000000000000,-
BETA_MIN_NEG,SVARS,191,0,COMMITTED,.000000000000000,-
BETA_MIN_NEG,SVARS,192,0,COMMITTED,.000000000000000,-
BETA_MIN_NEG,TIME,1,0,STEP_TIME,600.0000000000000,s
BETA_MIN_NEG,TIME,2,0,TOTAL_TIME,1260.000000000000,s
BETA_MIN_NEG,DTIME,0,0,DTIME,60.00000000000000,s
BETA_MIN_NEG,SCALE,1,0,X_U,.1000000000000000E-04,m
BETA_MIN_NEG,SCALE,2,0,X_P,10000000.00000000,Pa
BETA_MIN_NEG,SCALE,3,0,X_S,.1000000000000000,-
BETA_MIN_NEG,BRANCH,0,0,SMOOTH,.000000000000000,-
FINAL_CLIP_LOW,PROPS,1,0,PROP,25000000000.00000,-
FINAL_CLIP_LOW,PROPS,2,0,PROP,.3000000000000000,-
FINAL_CLIP_LOW,PROPS,3,0,PROP,1.000000000000000,-
FINAL_CLIP_LOW,PROPS,4,0,PROP,.1000000000000000E-05,-
FINAL_CLIP_LOW,PROPS,5,0,PROP,.1000000000000000E-02,-
FINAL_CLIP_LOW,PROPS,6,0,PROP,700.0000000000000,-
FINAL_CLIP_LOW,PROPS,7,0,PROP,.1000000000000000E-02,-
FINAL_CLIP_LOW,PROPS,8,0,PROP,.2000000000000000,-
FINAL_CLIP_LOW,PROPS,9,0,PROP,.5000000000000000E-01,-
FINAL_CLIP_LOW,PROPS,10,0,PROP,10000.00000000000,-
FINAL_CLIP_LOW,PROPS,11,0,PROP,2.000000000000000,-
FINAL_CLIP_LOW,PROPS,12,0,PROP,2.000000000000000,-
FINAL_CLIP_LOW,PROPS,13,0,PROP,2.000000000000000,-
FINAL_CLIP_LOW,PROPS,14,0,PROP,.1000000000000000E-01,-
FINAL_CLIP_LOW,PROPS,15,0,PROP,.1000000000000000,-
FINAL_CLIP_LOW,PROPS,16,0,PROP,.6000000000000000E-11,-
FINAL_CLIP_LOW,PROPS,17,0,PROP,.000000000000000,-
FINAL_CLIP_LOW,PROPS,18,0,PROP,.1000000000000000E-07,-
FINAL_CLIP_LOW,PROPS,19,0,PROP,.000000000000000,-
FINAL_CLIP_LOW,PROPS,20,0,PROP,.000000000000000,-
FINAL_CLIP_LOW,PROPS,21,0,PROP,.9999999999999999E-20,-
FINAL_CLIP_LOW,PROPS,22,0,PROP,.1000000000000000E-07,-
FINAL_CLIP_LOW,PROPS,23,0,PROP,.000000000000000,-
FINAL_CLIP_LOW,PROPS,24,0,PROP,.000000000000000,-
FINAL_CLIP_LOW,PROPS,25,0,PROP,.000000000000000,-
FINAL_CLIP_LOW,PROPS,26,0,PROP,.000000000000000,-
FINAL_CLIP_LOW,PROPS,27,0,PROP,.000000000000000,-
FINAL_CLIP_LOW,COORDS,1,1,COORD,.000000000000000,m
FINAL_CLIP_LOW,COORDS,2,1,COORD,.000000000000000,m
FINAL_CLIP_LOW,COORDS,1,2,COORD,1.000000000000000,m
FINAL_CLIP_LOW,COORDS,2,2,COORD,.000000000000000,m
FINAL_CLIP_LOW,COORDS,1,3,COORD,1.000000000000000,m
FINAL_CLIP_LOW,COORDS,2,3,COORD,1.000000000000000,m
FINAL_CLIP_LOW,COORDS,1,4,COORD,.000000000000000,m
FINAL_CLIP_LOW,COORDS,2,4,COORD,1.000000000000000,m
FINAL_CLIP_LOW,U,1,0,TRIAL_BASE,.000000000000000,-
FINAL_CLIP_LOW,DU,1,0,BASE_INCREMENT,.000000000000000,-
FINAL_CLIP_LOW,U,2,0,TRIAL_BASE,.000000000000000,-
FINAL_CLIP_LOW,DU,2,0,BASE_INCREMENT,.000000000000000,-
FINAL_CLIP_LOW,U,3,0,TRIAL_BASE,12000000.00000000,-
FINAL_CLIP_LOW,DU,3,0,BASE_INCREMENT,.000000000000000,-
FINAL_CLIP_LOW,U,4,0,TRIAL_BASE,-.1000000000000000,-
FINAL_CLIP_LOW,DU,4,0,BASE_INCREMENT,.000000000000000,-
FINAL_CLIP_LOW,U,5,0,TRIAL_BASE,.5000000000000000E-03,-
FINAL_CLIP_LOW,DU,5,0,BASE_INCREMENT,.000000000000000,-
FINAL_CLIP_LOW,U,6,0,TRIAL_BASE,.5000000000000000E-04,-
FINAL_CLIP_LOW,DU,6,0,BASE_INCREMENT,.000000000000000,-
FINAL_CLIP_LOW,U,7,0,TRIAL_BASE,12250000.00000000,-
FINAL_CLIP_LOW,DU,7,0,BASE_INCREMENT,.000000000000000,-
FINAL_CLIP_LOW,U,8,0,TRIAL_BASE,-.1000000000000000,-
FINAL_CLIP_LOW,DU,8,0,BASE_INCREMENT,.000000000000000,-
FINAL_CLIP_LOW,U,9,0,TRIAL_BASE,.6000000000000001E-03,-
FINAL_CLIP_LOW,DU,9,0,BASE_INCREMENT,.000000000000000,-
FINAL_CLIP_LOW,U,10,0,TRIAL_BASE,-.2500000000000000E-03,-
FINAL_CLIP_LOW,DU,10,0,BASE_INCREMENT,.000000000000000,-
FINAL_CLIP_LOW,U,11,0,TRIAL_BASE,12100000.00000000,-
FINAL_CLIP_LOW,DU,11,0,BASE_INCREMENT,.000000000000000,-
FINAL_CLIP_LOW,U,12,0,TRIAL_BASE,-.1000000000000000,-
FINAL_CLIP_LOW,DU,12,0,BASE_INCREMENT,.000000000000000,-
FINAL_CLIP_LOW,U,13,0,TRIAL_BASE,.1000000000000000E-03,-
FINAL_CLIP_LOW,DU,13,0,BASE_INCREMENT,.000000000000000,-
FINAL_CLIP_LOW,U,14,0,TRIAL_BASE,-.3000000000000000E-03,-
FINAL_CLIP_LOW,DU,14,0,BASE_INCREMENT,.000000000000000,-
FINAL_CLIP_LOW,U,15,0,TRIAL_BASE,11850000.00000000,-
FINAL_CLIP_LOW,DU,15,0,BASE_INCREMENT,.000000000000000,-
FINAL_CLIP_LOW,U,16,0,TRIAL_BASE,-.1000000000000000,-
FINAL_CLIP_LOW,DU,16,0,BASE_INCREMENT,.000000000000000,-
FINAL_CLIP_LOW,SVARS,1,0,COMMITTED,11800000.00000000,-
FINAL_CLIP_LOW,SVARS,2,0,COMMITTED,.2000000000000000,-
FINAL_CLIP_LOW,SVARS,3,0,COMMITTED,.8000000000000000,-
FINAL_CLIP_LOW,SVARS,4,0,COMMITTED,1180.339887498947,-
FINAL_CLIP_LOW,SVARS,5,0,COMMITTED,11800236.06797750,-
FINAL_CLIP_LOW,SVARS,6,0,COMMITTED,.000000000000000,-
FINAL_CLIP_LOW,SVARS,7,0,COMMITTED,.1500000000000000,-
FINAL_CLIP_LOW,SVARS,8,0,COMMITTED,.6000000000000000E-11,-
FINAL_CLIP_LOW,SVARS,9,0,COMMITTED,.1000000000000000E-08,-
FINAL_CLIP_LOW,SVARS,10,0,COMMITTED,.000000000000000,-
FINAL_CLIP_LOW,SVARS,11,0,COMMITTED,.000000000000000,-
FINAL_CLIP_LOW,SVARS,12,0,COMMITTED,.000000000000000,-
FINAL_CLIP_LOW,SVARS,13,0,COMMITTED,236.0679774992168,-
FINAL_CLIP_LOW,SVARS,14,0,COMMITTED,1.000000000000000,-
FINAL_CLIP_LOW,SVARS,15,0,COMMITTED,.000000000000000,-
FINAL_CLIP_LOW,SVARS,16,0,COMMITTED,.000000000000000,-
FINAL_CLIP_LOW,SVARS,17,0,COMMITTED,.000000000000000,-
FINAL_CLIP_LOW,SVARS,18,0,COMMITTED,.000000000000000,-
FINAL_CLIP_LOW,SVARS,19,0,COMMITTED,.000000000000000,-
FINAL_CLIP_LOW,SVARS,20,0,COMMITTED,.000000000000000,-
FINAL_CLIP_LOW,SVARS,21,0,COMMITTED,.000000000000000,-
FINAL_CLIP_LOW,SVARS,22,0,COMMITTED,.000000000000000,-
FINAL_CLIP_LOW,SVARS,23,0,COMMITTED,.000000000000000,-
FINAL_CLIP_LOW,SVARS,24,0,COMMITTED,.000000000000000,-
FINAL_CLIP_LOW,SVARS,25,0,COMMITTED,.000000000000000,-
FINAL_CLIP_LOW,SVARS,26,0,COMMITTED,.000000000000000,-
FINAL_CLIP_LOW,SVARS,27,0,COMMITTED,.000000000000000,-
FINAL_CLIP_LOW,SVARS,28,0,COMMITTED,.000000000000000,-
FINAL_CLIP_LOW,SVARS,29,0,COMMITTED,.000000000000000,-
FINAL_CLIP_LOW,SVARS,30,0,COMMITTED,.000000000000000,-
FINAL_CLIP_LOW,SVARS,31,0,COMMITTED,.000000000000000,-
FINAL_CLIP_LOW,SVARS,32,0,COMMITTED,.000000000000000,-
FINAL_CLIP_LOW,SVARS,33,0,COMMITTED,.000000000000000,-
FINAL_CLIP_LOW,SVARS,34,0,COMMITTED,.000000000000000,-
FINAL_CLIP_LOW,SVARS,35,0,COMMITTED,.000000000000000,-
FINAL_CLIP_LOW,SVARS,36,0,COMMITTED,.000000000000000,-
FINAL_CLIP_LOW,SVARS,37,0,COMMITTED,.000000000000000,-
FINAL_CLIP_LOW,SVARS,38,0,COMMITTED,.000000000000000,-
FINAL_CLIP_LOW,SVARS,39,0,COMMITTED,.000000000000000,-
FINAL_CLIP_LOW,SVARS,40,0,COMMITTED,.000000000000000,-
FINAL_CLIP_LOW,SVARS,41,0,COMMITTED,.000000000000000,-
FINAL_CLIP_LOW,SVARS,42,0,COMMITTED,.000000000000000,-
FINAL_CLIP_LOW,SVARS,43,0,COMMITTED,.000000000000000,-
FINAL_CLIP_LOW,SVARS,44,0,COMMITTED,.000000000000000,-
FINAL_CLIP_LOW,SVARS,45,0,COMMITTED,.000000000000000,-
FINAL_CLIP_LOW,SVARS,46,0,COMMITTED,.000000000000000,-
FINAL_CLIP_LOW,SVARS,47,0,COMMITTED,.000000000000000,-
FINAL_CLIP_LOW,SVARS,48,0,COMMITTED,.000000000000000,-
FINAL_CLIP_LOW,SVARS,49,0,COMMITTED,11800000.00000000,-
FINAL_CLIP_LOW,SVARS,50,0,COMMITTED,.2000000000000000,-
FINAL_CLIP_LOW,SVARS,51,0,COMMITTED,.8000000000000000,-
FINAL_CLIP_LOW,SVARS,52,0,COMMITTED,1180.339887498947,-
FINAL_CLIP_LOW,SVARS,53,0,COMMITTED,11800236.06797750,-
FINAL_CLIP_LOW,SVARS,54,0,COMMITTED,.000000000000000,-
FINAL_CLIP_LOW,SVARS,55,0,COMMITTED,.1500000000000000,-
FINAL_CLIP_LOW,SVARS,56,0,COMMITTED,.6000000000000000E-11,-
FINAL_CLIP_LOW,SVARS,57,0,COMMITTED,.1000000000000000E-08,-
FINAL_CLIP_LOW,SVARS,58,0,COMMITTED,.000000000000000,-
FINAL_CLIP_LOW,SVARS,59,0,COMMITTED,.000000000000000,-
FINAL_CLIP_LOW,SVARS,60,0,COMMITTED,.000000000000000,-
FINAL_CLIP_LOW,SVARS,61,0,COMMITTED,236.0679774992168,-
FINAL_CLIP_LOW,SVARS,62,0,COMMITTED,1.000000000000000,-
FINAL_CLIP_LOW,SVARS,63,0,COMMITTED,.000000000000000,-
FINAL_CLIP_LOW,SVARS,64,0,COMMITTED,.000000000000000,-
FINAL_CLIP_LOW,SVARS,65,0,COMMITTED,.000000000000000,-
FINAL_CLIP_LOW,SVARS,66,0,COMMITTED,.000000000000000,-
FINAL_CLIP_LOW,SVARS,67,0,COMMITTED,.000000000000000,-
FINAL_CLIP_LOW,SVARS,68,0,COMMITTED,.000000000000000,-
FINAL_CLIP_LOW,SVARS,69,0,COMMITTED,.000000000000000,-
FINAL_CLIP_LOW,SVARS,70,0,COMMITTED,.000000000000000,-
FINAL_CLIP_LOW,SVARS,71,0,COMMITTED,.000000000000000,-
FINAL_CLIP_LOW,SVARS,72,0,COMMITTED,.000000000000000,-
FINAL_CLIP_LOW,SVARS,73,0,COMMITTED,.000000000000000,-
FINAL_CLIP_LOW,SVARS,74,0,COMMITTED,.000000000000000,-
FINAL_CLIP_LOW,SVARS,75,0,COMMITTED,.000000000000000,-
FINAL_CLIP_LOW,SVARS,76,0,COMMITTED,.000000000000000,-
FINAL_CLIP_LOW,SVARS,77,0,COMMITTED,.000000000000000,-
FINAL_CLIP_LOW,SVARS,78,0,COMMITTED,.000000000000000,-
FINAL_CLIP_LOW,SVARS,79,0,COMMITTED,.000000000000000,-
FINAL_CLIP_LOW,SVARS,80,0,COMMITTED,.000000000000000,-
FINAL_CLIP_LOW,SVARS,81,0,COMMITTED,.000000000000000,-
FINAL_CLIP_LOW,SVARS,82,0,COMMITTED,.000000000000000,-
FINAL_CLIP_LOW,SVARS,83,0,COMMITTED,.000000000000000,-
FINAL_CLIP_LOW,SVARS,84,0,COMMITTED,.000000000000000,-
FINAL_CLIP_LOW,SVARS,85,0,COMMITTED,.000000000000000,-
FINAL_CLIP_LOW,SVARS,86,0,COMMITTED,.000000000000000,-
FINAL_CLIP_LOW,SVARS,87,0,COMMITTED,.000000000000000,-
FINAL_CLIP_LOW,SVARS,88,0,COMMITTED,.000000000000000,-
FINAL_CLIP_LOW,SVARS,89,0,COMMITTED,.000000000000000,-
FINAL_CLIP_LOW,SVARS,90,0,COMMITTED,.000000000000000,-
FINAL_CLIP_LOW,SVARS,91,0,COMMITTED,.000000000000000,-
FINAL_CLIP_LOW,SVARS,92,0,COMMITTED,.000000000000000,-
FINAL_CLIP_LOW,SVARS,93,0,COMMITTED,.000000000000000,-
FINAL_CLIP_LOW,SVARS,94,0,COMMITTED,.000000000000000,-
FINAL_CLIP_LOW,SVARS,95,0,COMMITTED,.000000000000000,-
FINAL_CLIP_LOW,SVARS,96,0,COMMITTED,.000000000000000,-
FINAL_CLIP_LOW,SVARS,97,0,COMMITTED,11800000.00000000,-
FINAL_CLIP_LOW,SVARS,98,0,COMMITTED,.2000000000000000,-
FINAL_CLIP_LOW,SVARS,99,0,COMMITTED,.8000000000000000,-
FINAL_CLIP_LOW,SVARS,100,0,COMMITTED,1180.339887498947,-
FINAL_CLIP_LOW,SVARS,101,0,COMMITTED,11800236.06797750,-
FINAL_CLIP_LOW,SVARS,102,0,COMMITTED,.000000000000000,-
FINAL_CLIP_LOW,SVARS,103,0,COMMITTED,.1500000000000000,-
FINAL_CLIP_LOW,SVARS,104,0,COMMITTED,.6000000000000000E-11,-
FINAL_CLIP_LOW,SVARS,105,0,COMMITTED,.1000000000000000E-08,-
FINAL_CLIP_LOW,SVARS,106,0,COMMITTED,.000000000000000,-
FINAL_CLIP_LOW,SVARS,107,0,COMMITTED,.000000000000000,-
FINAL_CLIP_LOW,SVARS,108,0,COMMITTED,.000000000000000,-
FINAL_CLIP_LOW,SVARS,109,0,COMMITTED,236.0679774992168,-
FINAL_CLIP_LOW,SVARS,110,0,COMMITTED,1.000000000000000,-
FINAL_CLIP_LOW,SVARS,111,0,COMMITTED,.000000000000000,-
FINAL_CLIP_LOW,SVARS,112,0,COMMITTED,.000000000000000,-
FINAL_CLIP_LOW,SVARS,113,0,COMMITTED,.000000000000000,-
FINAL_CLIP_LOW,SVARS,114,0,COMMITTED,.000000000000000,-
FINAL_CLIP_LOW,SVARS,115,0,COMMITTED,.000000000000000,-
FINAL_CLIP_LOW,SVARS,116,0,COMMITTED,.000000000000000,-
FINAL_CLIP_LOW,SVARS,117,0,COMMITTED,.000000000000000,-
FINAL_CLIP_LOW,SVARS,118,0,COMMITTED,.000000000000000,-
FINAL_CLIP_LOW,SVARS,119,0,COMMITTED,.000000000000000,-
FINAL_CLIP_LOW,SVARS,120,0,COMMITTED,.000000000000000,-
FINAL_CLIP_LOW,SVARS,121,0,COMMITTED,.000000000000000,-
FINAL_CLIP_LOW,SVARS,122,0,COMMITTED,.000000000000000,-
FINAL_CLIP_LOW,SVARS,123,0,COMMITTED,.000000000000000,-
FINAL_CLIP_LOW,SVARS,124,0,COMMITTED,.000000000000000,-
FINAL_CLIP_LOW,SVARS,125,0,COMMITTED,.000000000000000,-
FINAL_CLIP_LOW,SVARS,126,0,COMMITTED,.000000000000000,-
FINAL_CLIP_LOW,SVARS,127,0,COMMITTED,.000000000000000,-
FINAL_CLIP_LOW,SVARS,128,0,COMMITTED,.000000000000000,-
FINAL_CLIP_LOW,SVARS,129,0,COMMITTED,.000000000000000,-
FINAL_CLIP_LOW,SVARS,130,0,COMMITTED,.000000000000000,-
FINAL_CLIP_LOW,SVARS,131,0,COMMITTED,.000000000000000,-
FINAL_CLIP_LOW,SVARS,132,0,COMMITTED,.000000000000000,-
FINAL_CLIP_LOW,SVARS,133,0,COMMITTED,.000000000000000,-
FINAL_CLIP_LOW,SVARS,134,0,COMMITTED,.000000000000000,-
FINAL_CLIP_LOW,SVARS,135,0,COMMITTED,.000000000000000,-
FINAL_CLIP_LOW,SVARS,136,0,COMMITTED,.000000000000000,-
FINAL_CLIP_LOW,SVARS,137,0,COMMITTED,.000000000000000,-
FINAL_CLIP_LOW,SVARS,138,0,COMMITTED,.000000000000000,-
FINAL_CLIP_LOW,SVARS,139,0,COMMITTED,.000000000000000,-
FINAL_CLIP_LOW,SVARS,140,0,COMMITTED,.000000000000000,-
FINAL_CLIP_LOW,SVARS,141,0,COMMITTED,.000000000000000,-
FINAL_CLIP_LOW,SVARS,142,0,COMMITTED,.000000000000000,-
FINAL_CLIP_LOW,SVARS,143,0,COMMITTED,.000000000000000,-
FINAL_CLIP_LOW,SVARS,144,0,COMMITTED,.000000000000000,-
FINAL_CLIP_LOW,SVARS,145,0,COMMITTED,11800000.00000000,-
FINAL_CLIP_LOW,SVARS,146,0,COMMITTED,.2000000000000000,-
FINAL_CLIP_LOW,SVARS,147,0,COMMITTED,.8000000000000000,-
FINAL_CLIP_LOW,SVARS,148,0,COMMITTED,1180.339887498947,-
FINAL_CLIP_LOW,SVARS,149,0,COMMITTED,11800236.06797750,-
FINAL_CLIP_LOW,SVARS,150,0,COMMITTED,.000000000000000,-
FINAL_CLIP_LOW,SVARS,151,0,COMMITTED,.1500000000000000,-
FINAL_CLIP_LOW,SVARS,152,0,COMMITTED,.6000000000000000E-11,-
FINAL_CLIP_LOW,SVARS,153,0,COMMITTED,.1000000000000000E-08,-
FINAL_CLIP_LOW,SVARS,154,0,COMMITTED,.000000000000000,-
FINAL_CLIP_LOW,SVARS,155,0,COMMITTED,.000000000000000,-
FINAL_CLIP_LOW,SVARS,156,0,COMMITTED,.000000000000000,-
FINAL_CLIP_LOW,SVARS,157,0,COMMITTED,236.0679774992168,-
FINAL_CLIP_LOW,SVARS,158,0,COMMITTED,1.000000000000000,-
FINAL_CLIP_LOW,SVARS,159,0,COMMITTED,.000000000000000,-
FINAL_CLIP_LOW,SVARS,160,0,COMMITTED,.000000000000000,-
FINAL_CLIP_LOW,SVARS,161,0,COMMITTED,.000000000000000,-
FINAL_CLIP_LOW,SVARS,162,0,COMMITTED,.000000000000000,-
FINAL_CLIP_LOW,SVARS,163,0,COMMITTED,.000000000000000,-
FINAL_CLIP_LOW,SVARS,164,0,COMMITTED,.000000000000000,-
FINAL_CLIP_LOW,SVARS,165,0,COMMITTED,.000000000000000,-
FINAL_CLIP_LOW,SVARS,166,0,COMMITTED,.000000000000000,-
FINAL_CLIP_LOW,SVARS,167,0,COMMITTED,.000000000000000,-
FINAL_CLIP_LOW,SVARS,168,0,COMMITTED,.000000000000000,-
FINAL_CLIP_LOW,SVARS,169,0,COMMITTED,.000000000000000,-
FINAL_CLIP_LOW,SVARS,170,0,COMMITTED,.000000000000000,-
FINAL_CLIP_LOW,SVARS,171,0,COMMITTED,.000000000000000,-
FINAL_CLIP_LOW,SVARS,172,0,COMMITTED,.000000000000000,-
FINAL_CLIP_LOW,SVARS,173,0,COMMITTED,.000000000000000,-
FINAL_CLIP_LOW,SVARS,174,0,COMMITTED,.000000000000000,-
FINAL_CLIP_LOW,SVARS,175,0,COMMITTED,.000000000000000,-
FINAL_CLIP_LOW,SVARS,176,0,COMMITTED,.000000000000000,-
FINAL_CLIP_LOW,SVARS,177,0,COMMITTED,.000000000000000,-
FINAL_CLIP_LOW,SVARS,178,0,COMMITTED,.000000000000000,-
FINAL_CLIP_LOW,SVARS,179,0,COMMITTED,.000000000000000,-
FINAL_CLIP_LOW,SVARS,180,0,COMMITTED,.000000000000000,-
FINAL_CLIP_LOW,SVARS,181,0,COMMITTED,.000000000000000,-
FINAL_CLIP_LOW,SVARS,182,0,COMMITTED,.000000000000000,-
FINAL_CLIP_LOW,SVARS,183,0,COMMITTED,.000000000000000,-
FINAL_CLIP_LOW,SVARS,184,0,COMMITTED,.000000000000000,-
FINAL_CLIP_LOW,SVARS,185,0,COMMITTED,.000000000000000,-
FINAL_CLIP_LOW,SVARS,186,0,COMMITTED,.000000000000000,-
FINAL_CLIP_LOW,SVARS,187,0,COMMITTED,.000000000000000,-
FINAL_CLIP_LOW,SVARS,188,0,COMMITTED,.000000000000000,-
FINAL_CLIP_LOW,SVARS,189,0,COMMITTED,.000000000000000,-
FINAL_CLIP_LOW,SVARS,190,0,COMMITTED,.000000000000000,-
FINAL_CLIP_LOW,SVARS,191,0,COMMITTED,.000000000000000,-
FINAL_CLIP_LOW,SVARS,192,0,COMMITTED,.000000000000000,-
FINAL_CLIP_LOW,TIME,1,0,STEP_TIME,600.0000000000000,s
FINAL_CLIP_LOW,TIME,2,0,TOTAL_TIME,1260.000000000000,s
FINAL_CLIP_LOW,DTIME,0,0,DTIME,60.00000000000000,s
FINAL_CLIP_LOW,SCALE,1,0,X_U,.1000000000000000E-04,m
FINAL_CLIP_LOW,SCALE,2,0,X_P,10000000.00000000,Pa
FINAL_CLIP_LOW,SCALE,3,0,X_S,.1000000000000000,-
FINAL_CLIP_LOW,BRANCH,0,0,BRANCH_2,2.000000000000000,-
FINAL_CLIP_HIGH,PROPS,1,0,PROP,25000000000.00000,-
FINAL_CLIP_HIGH,PROPS,2,0,PROP,.3000000000000000,-
FINAL_CLIP_HIGH,PROPS,3,0,PROP,1.000000000000000,-
FINAL_CLIP_HIGH,PROPS,4,0,PROP,.1000000000000000E-05,-
FINAL_CLIP_HIGH,PROPS,5,0,PROP,.1000000000000000E-02,-
FINAL_CLIP_HIGH,PROPS,6,0,PROP,700.0000000000000,-
FINAL_CLIP_HIGH,PROPS,7,0,PROP,.1000000000000000E-02,-
FINAL_CLIP_HIGH,PROPS,8,0,PROP,.2000000000000000,-
FINAL_CLIP_HIGH,PROPS,9,0,PROP,.5000000000000000E-01,-
FINAL_CLIP_HIGH,PROPS,10,0,PROP,10000.00000000000,-
FINAL_CLIP_HIGH,PROPS,11,0,PROP,2.000000000000000,-
FINAL_CLIP_HIGH,PROPS,12,0,PROP,2.000000000000000,-
FINAL_CLIP_HIGH,PROPS,13,0,PROP,2.000000000000000,-
FINAL_CLIP_HIGH,PROPS,14,0,PROP,.1000000000000000E-01,-
FINAL_CLIP_HIGH,PROPS,15,0,PROP,.1000000000000000,-
FINAL_CLIP_HIGH,PROPS,16,0,PROP,.6000000000000000E-11,-
FINAL_CLIP_HIGH,PROPS,17,0,PROP,.000000000000000,-
FINAL_CLIP_HIGH,PROPS,18,0,PROP,.1000000000000000E-07,-
FINAL_CLIP_HIGH,PROPS,19,0,PROP,.000000000000000,-
FINAL_CLIP_HIGH,PROPS,20,0,PROP,.000000000000000,-
FINAL_CLIP_HIGH,PROPS,21,0,PROP,.9999999999999999E-20,-
FINAL_CLIP_HIGH,PROPS,22,0,PROP,.1000000000000000E-07,-
FINAL_CLIP_HIGH,PROPS,23,0,PROP,.000000000000000,-
FINAL_CLIP_HIGH,PROPS,24,0,PROP,.000000000000000,-
FINAL_CLIP_HIGH,PROPS,25,0,PROP,.000000000000000,-
FINAL_CLIP_HIGH,PROPS,26,0,PROP,.000000000000000,-
FINAL_CLIP_HIGH,PROPS,27,0,PROP,.000000000000000,-
FINAL_CLIP_HIGH,COORDS,1,1,COORD,.000000000000000,m
FINAL_CLIP_HIGH,COORDS,2,1,COORD,.000000000000000,m
FINAL_CLIP_HIGH,COORDS,1,2,COORD,1.000000000000000,m
FINAL_CLIP_HIGH,COORDS,2,2,COORD,.000000000000000,m
FINAL_CLIP_HIGH,COORDS,1,3,COORD,1.000000000000000,m
FINAL_CLIP_HIGH,COORDS,2,3,COORD,1.000000000000000,m
FINAL_CLIP_HIGH,COORDS,1,4,COORD,.000000000000000,m
FINAL_CLIP_HIGH,COORDS,2,4,COORD,1.000000000000000,m
FINAL_CLIP_HIGH,U,1,0,TRIAL_BASE,.000000000000000,-
FINAL_CLIP_HIGH,DU,1,0,BASE_INCREMENT,.000000000000000,-
FINAL_CLIP_HIGH,U,2,0,TRIAL_BASE,.000000000000000,-
FINAL_CLIP_HIGH,DU,2,0,BASE_INCREMENT,.000000000000000,-
FINAL_CLIP_HIGH,U,3,0,TRIAL_BASE,12000000.00000000,-
FINAL_CLIP_HIGH,DU,3,0,BASE_INCREMENT,.000000000000000,-
FINAL_CLIP_HIGH,U,4,0,TRIAL_BASE,1.100000000000000,-
FINAL_CLIP_HIGH,DU,4,0,BASE_INCREMENT,.000000000000000,-
FINAL_CLIP_HIGH,U,5,0,TRIAL_BASE,.5000000000000000E-03,-
FINAL_CLIP_HIGH,DU,5,0,BASE_INCREMENT,.000000000000000,-
FINAL_CLIP_HIGH,U,6,0,TRIAL_BASE,.5000000000000000E-04,-
FINAL_CLIP_HIGH,DU,6,0,BASE_INCREMENT,.000000000000000,-
FINAL_CLIP_HIGH,U,7,0,TRIAL_BASE,12250000.00000000,-
FINAL_CLIP_HIGH,DU,7,0,BASE_INCREMENT,.000000000000000,-
FINAL_CLIP_HIGH,U,8,0,TRIAL_BASE,1.100000000000000,-
FINAL_CLIP_HIGH,DU,8,0,BASE_INCREMENT,.000000000000000,-
FINAL_CLIP_HIGH,U,9,0,TRIAL_BASE,.6000000000000001E-03,-
FINAL_CLIP_HIGH,DU,9,0,BASE_INCREMENT,.000000000000000,-
FINAL_CLIP_HIGH,U,10,0,TRIAL_BASE,-.2500000000000000E-03,-
FINAL_CLIP_HIGH,DU,10,0,BASE_INCREMENT,.000000000000000,-
FINAL_CLIP_HIGH,U,11,0,TRIAL_BASE,12100000.00000000,-
FINAL_CLIP_HIGH,DU,11,0,BASE_INCREMENT,.000000000000000,-
FINAL_CLIP_HIGH,U,12,0,TRIAL_BASE,1.100000000000000,-
FINAL_CLIP_HIGH,DU,12,0,BASE_INCREMENT,.000000000000000,-
FINAL_CLIP_HIGH,U,13,0,TRIAL_BASE,.1000000000000000E-03,-
FINAL_CLIP_HIGH,DU,13,0,BASE_INCREMENT,.000000000000000,-
FINAL_CLIP_HIGH,U,14,0,TRIAL_BASE,-.3000000000000000E-03,-
FINAL_CLIP_HIGH,DU,14,0,BASE_INCREMENT,.000000000000000,-
FINAL_CLIP_HIGH,U,15,0,TRIAL_BASE,11850000.00000000,-
FINAL_CLIP_HIGH,DU,15,0,BASE_INCREMENT,.000000000000000,-
FINAL_CLIP_HIGH,U,16,0,TRIAL_BASE,1.100000000000000,-
FINAL_CLIP_HIGH,DU,16,0,BASE_INCREMENT,.000000000000000,-
FINAL_CLIP_HIGH,SVARS,1,0,COMMITTED,11800000.00000000,-
FINAL_CLIP_HIGH,SVARS,2,0,COMMITTED,.8000000000000000,-
FINAL_CLIP_HIGH,SVARS,3,0,COMMITTED,.2000000000000000,-
FINAL_CLIP_HIGH,SVARS,4,0,COMMITTED,9990000.000000000,-
FINAL_CLIP_HIGH,SVARS,5,0,COMMITTED,21789990.01000000,-
FINAL_CLIP_HIGH,SVARS,6,0,COMMITTED,.000000000000000,-
FINAL_CLIP_HIGH,SVARS,7,0,COMMITTED,.1500000000000000,-
FINAL_CLIP_HIGH,SVARS,8,0,COMMITTED,.6000000000000000E-11,-
FINAL_CLIP_HIGH,SVARS,9,0,COMMITTED,.1000000000000000E-08,-
FINAL_CLIP_HIGH,SVARS,10,0,COMMITTED,.000000000000000,-
FINAL_CLIP_HIGH,SVARS,11,0,COMMITTED,.000000000000000,-
FINAL_CLIP_HIGH,SVARS,12,0,COMMITTED,.000000000000000,-
FINAL_CLIP_HIGH,SVARS,13,0,COMMITTED,9989990.009999998,-
FINAL_CLIP_HIGH,SVARS,14,0,COMMITTED,1.000000000000000,-
FINAL_CLIP_HIGH,SVARS,15,0,COMMITTED,.000000000000000,-
FINAL_CLIP_HIGH,SVARS,16,0,COMMITTED,.000000000000000,-
FINAL_CLIP_HIGH,SVARS,17,0,COMMITTED,.000000000000000,-
FINAL_CLIP_HIGH,SVARS,18,0,COMMITTED,.000000000000000,-
FINAL_CLIP_HIGH,SVARS,19,0,COMMITTED,.000000000000000,-
FINAL_CLIP_HIGH,SVARS,20,0,COMMITTED,.000000000000000,-
FINAL_CLIP_HIGH,SVARS,21,0,COMMITTED,.000000000000000,-
FINAL_CLIP_HIGH,SVARS,22,0,COMMITTED,.000000000000000,-
FINAL_CLIP_HIGH,SVARS,23,0,COMMITTED,.000000000000000,-
FINAL_CLIP_HIGH,SVARS,24,0,COMMITTED,.000000000000000,-
FINAL_CLIP_HIGH,SVARS,25,0,COMMITTED,.000000000000000,-
FINAL_CLIP_HIGH,SVARS,26,0,COMMITTED,.000000000000000,-
FINAL_CLIP_HIGH,SVARS,27,0,COMMITTED,.000000000000000,-
FINAL_CLIP_HIGH,SVARS,28,0,COMMITTED,.000000000000000,-
FINAL_CLIP_HIGH,SVARS,29,0,COMMITTED,.000000000000000,-
FINAL_CLIP_HIGH,SVARS,30,0,COMMITTED,.000000000000000,-
FINAL_CLIP_HIGH,SVARS,31,0,COMMITTED,.000000000000000,-
FINAL_CLIP_HIGH,SVARS,32,0,COMMITTED,.000000000000000,-
FINAL_CLIP_HIGH,SVARS,33,0,COMMITTED,.000000000000000,-
FINAL_CLIP_HIGH,SVARS,34,0,COMMITTED,.000000000000000,-
FINAL_CLIP_HIGH,SVARS,35,0,COMMITTED,.000000000000000,-
FINAL_CLIP_HIGH,SVARS,36,0,COMMITTED,.000000000000000,-
FINAL_CLIP_HIGH,SVARS,37,0,COMMITTED,.000000000000000,-
FINAL_CLIP_HIGH,SVARS,38,0,COMMITTED,.000000000000000,-
FINAL_CLIP_HIGH,SVARS,39,0,COMMITTED,.000000000000000,-
FINAL_CLIP_HIGH,SVARS,40,0,COMMITTED,.000000000000000,-
FINAL_CLIP_HIGH,SVARS,41,0,COMMITTED,.000000000000000,-
FINAL_CLIP_HIGH,SVARS,42,0,COMMITTED,.000000000000000,-
FINAL_CLIP_HIGH,SVARS,43,0,COMMITTED,.000000000000000,-
FINAL_CLIP_HIGH,SVARS,44,0,COMMITTED,.000000000000000,-
FINAL_CLIP_HIGH,SVARS,45,0,COMMITTED,.000000000000000,-
FINAL_CLIP_HIGH,SVARS,46,0,COMMITTED,.000000000000000,-
FINAL_CLIP_HIGH,SVARS,47,0,COMMITTED,.000000000000000,-
FINAL_CLIP_HIGH,SVARS,48,0,COMMITTED,.000000000000000,-
FINAL_CLIP_HIGH,SVARS,49,0,COMMITTED,11800000.00000000,-
FINAL_CLIP_HIGH,SVARS,50,0,COMMITTED,.8000000000000000,-
FINAL_CLIP_HIGH,SVARS,51,0,COMMITTED,.2000000000000000,-
FINAL_CLIP_HIGH,SVARS,52,0,COMMITTED,9990000.000000000,-
FINAL_CLIP_HIGH,SVARS,53,0,COMMITTED,21789990.01000000,-
FINAL_CLIP_HIGH,SVARS,54,0,COMMITTED,.000000000000000,-
FINAL_CLIP_HIGH,SVARS,55,0,COMMITTED,.1500000000000000,-
FINAL_CLIP_HIGH,SVARS,56,0,COMMITTED,.6000000000000000E-11,-
FINAL_CLIP_HIGH,SVARS,57,0,COMMITTED,.1000000000000000E-08,-
FINAL_CLIP_HIGH,SVARS,58,0,COMMITTED,.000000000000000,-
FINAL_CLIP_HIGH,SVARS,59,0,COMMITTED,.000000000000000,-
FINAL_CLIP_HIGH,SVARS,60,0,COMMITTED,.000000000000000,-
FINAL_CLIP_HIGH,SVARS,61,0,COMMITTED,9989990.009999998,-
FINAL_CLIP_HIGH,SVARS,62,0,COMMITTED,1.000000000000000,-
FINAL_CLIP_HIGH,SVARS,63,0,COMMITTED,.000000000000000,-
FINAL_CLIP_HIGH,SVARS,64,0,COMMITTED,.000000000000000,-
FINAL_CLIP_HIGH,SVARS,65,0,COMMITTED,.000000000000000,-
FINAL_CLIP_HIGH,SVARS,66,0,COMMITTED,.000000000000000,-
FINAL_CLIP_HIGH,SVARS,67,0,COMMITTED,.000000000000000,-
FINAL_CLIP_HIGH,SVARS,68,0,COMMITTED,.000000000000000,-
FINAL_CLIP_HIGH,SVARS,69,0,COMMITTED,.000000000000000,-
FINAL_CLIP_HIGH,SVARS,70,0,COMMITTED,.000000000000000,-
FINAL_CLIP_HIGH,SVARS,71,0,COMMITTED,.000000000000000,-
FINAL_CLIP_HIGH,SVARS,72,0,COMMITTED,.000000000000000,-
FINAL_CLIP_HIGH,SVARS,73,0,COMMITTED,.000000000000000,-
FINAL_CLIP_HIGH,SVARS,74,0,COMMITTED,.000000000000000,-
FINAL_CLIP_HIGH,SVARS,75,0,COMMITTED,.000000000000000,-
FINAL_CLIP_HIGH,SVARS,76,0,COMMITTED,.000000000000000,-
FINAL_CLIP_HIGH,SVARS,77,0,COMMITTED,.000000000000000,-
FINAL_CLIP_HIGH,SVARS,78,0,COMMITTED,.000000000000000,-
FINAL_CLIP_HIGH,SVARS,79,0,COMMITTED,.000000000000000,-
FINAL_CLIP_HIGH,SVARS,80,0,COMMITTED,.000000000000000,-
FINAL_CLIP_HIGH,SVARS,81,0,COMMITTED,.000000000000000,-
FINAL_CLIP_HIGH,SVARS,82,0,COMMITTED,.000000000000000,-
FINAL_CLIP_HIGH,SVARS,83,0,COMMITTED,.000000000000000,-
FINAL_CLIP_HIGH,SVARS,84,0,COMMITTED,.000000000000000,-
FINAL_CLIP_HIGH,SVARS,85,0,COMMITTED,.000000000000000,-
FINAL_CLIP_HIGH,SVARS,86,0,COMMITTED,.000000000000000,-
FINAL_CLIP_HIGH,SVARS,87,0,COMMITTED,.000000000000000,-
FINAL_CLIP_HIGH,SVARS,88,0,COMMITTED,.000000000000000,-
FINAL_CLIP_HIGH,SVARS,89,0,COMMITTED,.000000000000000,-
FINAL_CLIP_HIGH,SVARS,90,0,COMMITTED,.000000000000000,-
FINAL_CLIP_HIGH,SVARS,91,0,COMMITTED,.000000000000000,-
FINAL_CLIP_HIGH,SVARS,92,0,COMMITTED,.000000000000000,-
FINAL_CLIP_HIGH,SVARS,93,0,COMMITTED,.000000000000000,-
FINAL_CLIP_HIGH,SVARS,94,0,COMMITTED,.000000000000000,-
FINAL_CLIP_HIGH,SVARS,95,0,COMMITTED,.000000000000000,-
FINAL_CLIP_HIGH,SVARS,96,0,COMMITTED,.000000000000000,-
FINAL_CLIP_HIGH,SVARS,97,0,COMMITTED,11800000.00000000,-
FINAL_CLIP_HIGH,SVARS,98,0,COMMITTED,.8000000000000000,-
FINAL_CLIP_HIGH,SVARS,99,0,COMMITTED,.2000000000000000,-
FINAL_CLIP_HIGH,SVARS,100,0,COMMITTED,9990000.000000000,-
FINAL_CLIP_HIGH,SVARS,101,0,COMMITTED,21789990.01000000,-
FINAL_CLIP_HIGH,SVARS,102,0,COMMITTED,.000000000000000,-
FINAL_CLIP_HIGH,SVARS,103,0,COMMITTED,.1500000000000000,-
FINAL_CLIP_HIGH,SVARS,104,0,COMMITTED,.6000000000000000E-11,-
FINAL_CLIP_HIGH,SVARS,105,0,COMMITTED,.1000000000000000E-08,-
FINAL_CLIP_HIGH,SVARS,106,0,COMMITTED,.000000000000000,-
FINAL_CLIP_HIGH,SVARS,107,0,COMMITTED,.000000000000000,-
FINAL_CLIP_HIGH,SVARS,108,0,COMMITTED,.000000000000000,-
FINAL_CLIP_HIGH,SVARS,109,0,COMMITTED,9989990.009999998,-
FINAL_CLIP_HIGH,SVARS,110,0,COMMITTED,1.000000000000000,-
FINAL_CLIP_HIGH,SVARS,111,0,COMMITTED,.000000000000000,-
FINAL_CLIP_HIGH,SVARS,112,0,COMMITTED,.000000000000000,-
FINAL_CLIP_HIGH,SVARS,113,0,COMMITTED,.000000000000000,-
FINAL_CLIP_HIGH,SVARS,114,0,COMMITTED,.000000000000000,-
FINAL_CLIP_HIGH,SVARS,115,0,COMMITTED,.000000000000000,-
FINAL_CLIP_HIGH,SVARS,116,0,COMMITTED,.000000000000000,-
FINAL_CLIP_HIGH,SVARS,117,0,COMMITTED,.000000000000000,-
FINAL_CLIP_HIGH,SVARS,118,0,COMMITTED,.000000000000000,-
FINAL_CLIP_HIGH,SVARS,119,0,COMMITTED,.000000000000000,-
FINAL_CLIP_HIGH,SVARS,120,0,COMMITTED,.000000000000000,-
FINAL_CLIP_HIGH,SVARS,121,0,COMMITTED,.000000000000000,-
FINAL_CLIP_HIGH,SVARS,122,0,COMMITTED,.000000000000000,-
FINAL_CLIP_HIGH,SVARS,123,0,COMMITTED,.000000000000000,-
FINAL_CLIP_HIGH,SVARS,124,0,COMMITTED,.000000000000000,-
FINAL_CLIP_HIGH,SVARS,125,0,COMMITTED,.000000000000000,-
FINAL_CLIP_HIGH,SVARS,126,0,COMMITTED,.000000000000000,-
FINAL_CLIP_HIGH,SVARS,127,0,COMMITTED,.000000000000000,-
FINAL_CLIP_HIGH,SVARS,128,0,COMMITTED,.000000000000000,-
FINAL_CLIP_HIGH,SVARS,129,0,COMMITTED,.000000000000000,-
FINAL_CLIP_HIGH,SVARS,130,0,COMMITTED,.000000000000000,-
FINAL_CLIP_HIGH,SVARS,131,0,COMMITTED,.000000000000000,-
FINAL_CLIP_HIGH,SVARS,132,0,COMMITTED,.000000000000000,-
FINAL_CLIP_HIGH,SVARS,133,0,COMMITTED,.000000000000000,-
FINAL_CLIP_HIGH,SVARS,134,0,COMMITTED,.000000000000000,-
FINAL_CLIP_HIGH,SVARS,135,0,COMMITTED,.000000000000000,-
FINAL_CLIP_HIGH,SVARS,136,0,COMMITTED,.000000000000000,-
FINAL_CLIP_HIGH,SVARS,137,0,COMMITTED,.000000000000000,-
FINAL_CLIP_HIGH,SVARS,138,0,COMMITTED,.000000000000000,-
FINAL_CLIP_HIGH,SVARS,139,0,COMMITTED,.000000000000000,-
FINAL_CLIP_HIGH,SVARS,140,0,COMMITTED,.000000000000000,-
FINAL_CLIP_HIGH,SVARS,141,0,COMMITTED,.000000000000000,-
FINAL_CLIP_HIGH,SVARS,142,0,COMMITTED,.000000000000000,-
FINAL_CLIP_HIGH,SVARS,143,0,COMMITTED,.000000000000000,-
FINAL_CLIP_HIGH,SVARS,144,0,COMMITTED,.000000000000000,-
FINAL_CLIP_HIGH,SVARS,145,0,COMMITTED,11800000.00000000,-
FINAL_CLIP_HIGH,SVARS,146,0,COMMITTED,.8000000000000000,-
FINAL_CLIP_HIGH,SVARS,147,0,COMMITTED,.2000000000000000,-
FINAL_CLIP_HIGH,SVARS,148,0,COMMITTED,9990000.000000000,-
FINAL_CLIP_HIGH,SVARS,149,0,COMMITTED,21789990.01000000,-
FINAL_CLIP_HIGH,SVARS,150,0,COMMITTED,.000000000000000,-
FINAL_CLIP_HIGH,SVARS,151,0,COMMITTED,.1500000000000000,-
FINAL_CLIP_HIGH,SVARS,152,0,COMMITTED,.6000000000000000E-11,-
FINAL_CLIP_HIGH,SVARS,153,0,COMMITTED,.1000000000000000E-08,-
FINAL_CLIP_HIGH,SVARS,154,0,COMMITTED,.000000000000000,-
FINAL_CLIP_HIGH,SVARS,155,0,COMMITTED,.000000000000000,-
FINAL_CLIP_HIGH,SVARS,156,0,COMMITTED,.000000000000000,-
FINAL_CLIP_HIGH,SVARS,157,0,COMMITTED,9989990.009999998,-
FINAL_CLIP_HIGH,SVARS,158,0,COMMITTED,1.000000000000000,-
FINAL_CLIP_HIGH,SVARS,159,0,COMMITTED,.000000000000000,-
FINAL_CLIP_HIGH,SVARS,160,0,COMMITTED,.000000000000000,-
FINAL_CLIP_HIGH,SVARS,161,0,COMMITTED,.000000000000000,-
FINAL_CLIP_HIGH,SVARS,162,0,COMMITTED,.000000000000000,-
FINAL_CLIP_HIGH,SVARS,163,0,COMMITTED,.000000000000000,-
FINAL_CLIP_HIGH,SVARS,164,0,COMMITTED,.000000000000000,-
FINAL_CLIP_HIGH,SVARS,165,0,COMMITTED,.000000000000000,-
FINAL_CLIP_HIGH,SVARS,166,0,COMMITTED,.000000000000000,-
FINAL_CLIP_HIGH,SVARS,167,0,COMMITTED,.000000000000000,-
FINAL_CLIP_HIGH,SVARS,168,0,COMMITTED,.000000000000000,-
FINAL_CLIP_HIGH,SVARS,169,0,COMMITTED,.000000000000000,-
FINAL_CLIP_HIGH,SVARS,170,0,COMMITTED,.000000000000000,-
FINAL_CLIP_HIGH,SVARS,171,0,COMMITTED,.000000000000000,-
FINAL_CLIP_HIGH,SVARS,172,0,COMMITTED,.000000000000000,-
FINAL_CLIP_HIGH,SVARS,173,0,COMMITTED,.000000000000000,-
FINAL_CLIP_HIGH,SVARS,174,0,COMMITTED,.000000000000000,-
FINAL_CLIP_HIGH,SVARS,175,0,COMMITTED,.000000000000000,-
FINAL_CLIP_HIGH,SVARS,176,0,COMMITTED,.000000000000000,-
FINAL_CLIP_HIGH,SVARS,177,0,COMMITTED,.000000000000000,-
FINAL_CLIP_HIGH,SVARS,178,0,COMMITTED,.000000000000000,-
FINAL_CLIP_HIGH,SVARS,179,0,COMMITTED,.000000000000000,-
FINAL_CLIP_HIGH,SVARS,180,0,COMMITTED,.000000000000000,-
FINAL_CLIP_HIGH,SVARS,181,0,COMMITTED,.000000000000000,-
FINAL_CLIP_HIGH,SVARS,182,0,COMMITTED,.000000000000000,-
FINAL_CLIP_HIGH,SVARS,183,0,COMMITTED,.000000000000000,-
FINAL_CLIP_HIGH,SVARS,184,0,COMMITTED,.000000000000000,-
FINAL_CLIP_HIGH,SVARS,185,0,COMMITTED,.000000000000000,-
FINAL_CLIP_HIGH,SVARS,186,0,COMMITTED,.000000000000000,-
FINAL_CLIP_HIGH,SVARS,187,0,COMMITTED,.000000000000000,-
FINAL_CLIP_HIGH,SVARS,188,0,COMMITTED,.000000000000000,-
FINAL_CLIP_HIGH,SVARS,189,0,COMMITTED,.000000000000000,-
FINAL_CLIP_HIGH,SVARS,190,0,COMMITTED,.000000000000000,-
FINAL_CLIP_HIGH,SVARS,191,0,COMMITTED,.000000000000000,-
FINAL_CLIP_HIGH,SVARS,192,0,COMMITTED,.000000000000000,-
FINAL_CLIP_HIGH,TIME,1,0,STEP_TIME,600.0000000000000,s
FINAL_CLIP_HIGH,TIME,2,0,TOTAL_TIME,1260.000000000000,s
FINAL_CLIP_HIGH,DTIME,0,0,DTIME,60.00000000000000,s
FINAL_CLIP_HIGH,SCALE,1,0,X_U,.1000000000000000E-04,m
FINAL_CLIP_HIGH,SCALE,2,0,X_P,10000000.00000000,Pa
FINAL_CLIP_HIGH,SCALE,3,0,X_S,.1000000000000000,-
FINAL_CLIP_HIGH,BRANCH,0,0,BRANCH_1,1.000000000000000,-
SE_CLIP_LOW,PROPS,1,0,PROP,25000000000.00000,-
SE_CLIP_LOW,PROPS,2,0,PROP,.3000000000000000,-
SE_CLIP_LOW,PROPS,3,0,PROP,1.000000000000000,-
SE_CLIP_LOW,PROPS,4,0,PROP,.1000000000000000E-05,-
SE_CLIP_LOW,PROPS,5,0,PROP,.1000000000000000E-02,-
SE_CLIP_LOW,PROPS,6,0,PROP,700.0000000000000,-
SE_CLIP_LOW,PROPS,7,0,PROP,.1000000000000000E-02,-
SE_CLIP_LOW,PROPS,8,0,PROP,.2000000000000000,-
SE_CLIP_LOW,PROPS,9,0,PROP,.5000000000000000E-01,-
SE_CLIP_LOW,PROPS,10,0,PROP,10000.00000000000,-
SE_CLIP_LOW,PROPS,11,0,PROP,2.000000000000000,-
SE_CLIP_LOW,PROPS,12,0,PROP,2.000000000000000,-
SE_CLIP_LOW,PROPS,13,0,PROP,2.000000000000000,-
SE_CLIP_LOW,PROPS,14,0,PROP,.1000000000000000E-01,-
SE_CLIP_LOW,PROPS,15,0,PROP,.1000000000000000,-
SE_CLIP_LOW,PROPS,16,0,PROP,.6000000000000000E-11,-
SE_CLIP_LOW,PROPS,17,0,PROP,.000000000000000,-
SE_CLIP_LOW,PROPS,18,0,PROP,.1000000000000000E-07,-
SE_CLIP_LOW,PROPS,19,0,PROP,.000000000000000,-
SE_CLIP_LOW,PROPS,20,0,PROP,.000000000000000,-
SE_CLIP_LOW,PROPS,21,0,PROP,.9999999999999999E-20,-
SE_CLIP_LOW,PROPS,22,0,PROP,.1000000000000000E-07,-
SE_CLIP_LOW,PROPS,23,0,PROP,.000000000000000,-
SE_CLIP_LOW,PROPS,24,0,PROP,.000000000000000,-
SE_CLIP_LOW,PROPS,25,0,PROP,.000000000000000,-
SE_CLIP_LOW,PROPS,26,0,PROP,.000000000000000,-
SE_CLIP_LOW,PROPS,27,0,PROP,.000000000000000,-
SE_CLIP_LOW,COORDS,1,1,COORD,.000000000000000,m
SE_CLIP_LOW,COORDS,2,1,COORD,.000000000000000,m
SE_CLIP_LOW,COORDS,1,2,COORD,1.000000000000000,m
SE_CLIP_LOW,COORDS,2,2,COORD,.000000000000000,m
SE_CLIP_LOW,COORDS,1,3,COORD,1.000000000000000,m
SE_CLIP_LOW,COORDS,2,3,COORD,1.000000000000000,m
SE_CLIP_LOW,COORDS,1,4,COORD,.000000000000000,m
SE_CLIP_LOW,COORDS,2,4,COORD,1.000000000000000,m
SE_CLIP_LOW,U,1,0,TRIAL_BASE,.000000000000000,-
SE_CLIP_LOW,DU,1,0,BASE_INCREMENT,.000000000000000,-
SE_CLIP_LOW,U,2,0,TRIAL_BASE,.000000000000000,-
SE_CLIP_LOW,DU,2,0,BASE_INCREMENT,.000000000000000,-
SE_CLIP_LOW,U,3,0,TRIAL_BASE,12000000.00000000,-
SE_CLIP_LOW,DU,3,0,BASE_INCREMENT,.000000000000000,-
SE_CLIP_LOW,U,4,0,TRIAL_BASE,.9500000000000000,-
SE_CLIP_LOW,DU,4,0,BASE_INCREMENT,.000000000000000,-
SE_CLIP_LOW,U,5,0,TRIAL_BASE,.5000000000000000E-03,-
SE_CLIP_LOW,DU,5,0,BASE_INCREMENT,.000000000000000,-
SE_CLIP_LOW,U,6,0,TRIAL_BASE,.5000000000000000E-04,-
SE_CLIP_LOW,DU,6,0,BASE_INCREMENT,.000000000000000,-
SE_CLIP_LOW,U,7,0,TRIAL_BASE,12250000.00000000,-
SE_CLIP_LOW,DU,7,0,BASE_INCREMENT,.000000000000000,-
SE_CLIP_LOW,U,8,0,TRIAL_BASE,.9500000000000000,-
SE_CLIP_LOW,DU,8,0,BASE_INCREMENT,.000000000000000,-
SE_CLIP_LOW,U,9,0,TRIAL_BASE,.6000000000000001E-03,-
SE_CLIP_LOW,DU,9,0,BASE_INCREMENT,.000000000000000,-
SE_CLIP_LOW,U,10,0,TRIAL_BASE,-.2500000000000000E-03,-
SE_CLIP_LOW,DU,10,0,BASE_INCREMENT,.000000000000000,-
SE_CLIP_LOW,U,11,0,TRIAL_BASE,12100000.00000000,-
SE_CLIP_LOW,DU,11,0,BASE_INCREMENT,.000000000000000,-
SE_CLIP_LOW,U,12,0,TRIAL_BASE,.9500000000000000,-
SE_CLIP_LOW,DU,12,0,BASE_INCREMENT,.000000000000000,-
SE_CLIP_LOW,U,13,0,TRIAL_BASE,.1000000000000000E-03,-
SE_CLIP_LOW,DU,13,0,BASE_INCREMENT,.000000000000000,-
SE_CLIP_LOW,U,14,0,TRIAL_BASE,-.3000000000000000E-03,-
SE_CLIP_LOW,DU,14,0,BASE_INCREMENT,.000000000000000,-
SE_CLIP_LOW,U,15,0,TRIAL_BASE,11850000.00000000,-
SE_CLIP_LOW,DU,15,0,BASE_INCREMENT,.000000000000000,-
SE_CLIP_LOW,U,16,0,TRIAL_BASE,.9500000000000000,-
SE_CLIP_LOW,DU,16,0,BASE_INCREMENT,.000000000000000,-
SE_CLIP_LOW,SVARS,1,0,COMMITTED,11800000.00000000,-
SE_CLIP_LOW,SVARS,2,0,COMMITTED,.9000000000000000,-
SE_CLIP_LOW,SVARS,3,0,COMMITTED,.1000000000000000,-
SE_CLIP_LOW,SVARS,4,0,COMMITTED,9990000.000000000,-
SE_CLIP_LOW,SVARS,5,0,COMMITTED,21789990.01000000,-
SE_CLIP_LOW,SVARS,6,0,COMMITTED,.000000000000000,-
SE_CLIP_LOW,SVARS,7,0,COMMITTED,.1500000000000000,-
SE_CLIP_LOW,SVARS,8,0,COMMITTED,.6000000000000000E-11,-
SE_CLIP_LOW,SVARS,9,0,COMMITTED,.1000000000000000E-08,-
SE_CLIP_LOW,SVARS,10,0,COMMITTED,.000000000000000,-
SE_CLIP_LOW,SVARS,11,0,COMMITTED,.000000000000000,-
SE_CLIP_LOW,SVARS,12,0,COMMITTED,.000000000000000,-
SE_CLIP_LOW,SVARS,13,0,COMMITTED,9989990.009999998,-
SE_CLIP_LOW,SVARS,14,0,COMMITTED,1.000000000000000,-
SE_CLIP_LOW,SVARS,15,0,COMMITTED,.000000000000000,-
SE_CLIP_LOW,SVARS,16,0,COMMITTED,.000000000000000,-
SE_CLIP_LOW,SVARS,17,0,COMMITTED,.000000000000000,-
SE_CLIP_LOW,SVARS,18,0,COMMITTED,.000000000000000,-
SE_CLIP_LOW,SVARS,19,0,COMMITTED,.000000000000000,-
SE_CLIP_LOW,SVARS,20,0,COMMITTED,.000000000000000,-
SE_CLIP_LOW,SVARS,21,0,COMMITTED,.000000000000000,-
SE_CLIP_LOW,SVARS,22,0,COMMITTED,.000000000000000,-
SE_CLIP_LOW,SVARS,23,0,COMMITTED,.000000000000000,-
SE_CLIP_LOW,SVARS,24,0,COMMITTED,.000000000000000,-
SE_CLIP_LOW,SVARS,25,0,COMMITTED,.000000000000000,-
SE_CLIP_LOW,SVARS,26,0,COMMITTED,.000000000000000,-
SE_CLIP_LOW,SVARS,27,0,COMMITTED,.000000000000000,-
SE_CLIP_LOW,SVARS,28,0,COMMITTED,.000000000000000,-
SE_CLIP_LOW,SVARS,29,0,COMMITTED,.000000000000000,-
SE_CLIP_LOW,SVARS,30,0,COMMITTED,.000000000000000,-
SE_CLIP_LOW,SVARS,31,0,COMMITTED,.000000000000000,-
SE_CLIP_LOW,SVARS,32,0,COMMITTED,.000000000000000,-
SE_CLIP_LOW,SVARS,33,0,COMMITTED,.000000000000000,-
SE_CLIP_LOW,SVARS,34,0,COMMITTED,.000000000000000,-
SE_CLIP_LOW,SVARS,35,0,COMMITTED,.000000000000000,-
SE_CLIP_LOW,SVARS,36,0,COMMITTED,.000000000000000,-
SE_CLIP_LOW,SVARS,37,0,COMMITTED,.000000000000000,-
SE_CLIP_LOW,SVARS,38,0,COMMITTED,.000000000000000,-
SE_CLIP_LOW,SVARS,39,0,COMMITTED,.000000000000000,-
SE_CLIP_LOW,SVARS,40,0,COMMITTED,.000000000000000,-
SE_CLIP_LOW,SVARS,41,0,COMMITTED,.000000000000000,-
SE_CLIP_LOW,SVARS,42,0,COMMITTED,.000000000000000,-
SE_CLIP_LOW,SVARS,43,0,COMMITTED,.000000000000000,-
SE_CLIP_LOW,SVARS,44,0,COMMITTED,.000000000000000,-
SE_CLIP_LOW,SVARS,45,0,COMMITTED,.000000000000000,-
SE_CLIP_LOW,SVARS,46,0,COMMITTED,.000000000000000,-
SE_CLIP_LOW,SVARS,47,0,COMMITTED,.000000000000000,-
SE_CLIP_LOW,SVARS,48,0,COMMITTED,.000000000000000,-
SE_CLIP_LOW,SVARS,49,0,COMMITTED,11800000.00000000,-
SE_CLIP_LOW,SVARS,50,0,COMMITTED,.9000000000000000,-
SE_CLIP_LOW,SVARS,51,0,COMMITTED,.1000000000000000,-
SE_CLIP_LOW,SVARS,52,0,COMMITTED,9990000.000000000,-
SE_CLIP_LOW,SVARS,53,0,COMMITTED,21789990.01000000,-
SE_CLIP_LOW,SVARS,54,0,COMMITTED,.000000000000000,-
SE_CLIP_LOW,SVARS,55,0,COMMITTED,.1500000000000000,-
SE_CLIP_LOW,SVARS,56,0,COMMITTED,.6000000000000000E-11,-
SE_CLIP_LOW,SVARS,57,0,COMMITTED,.1000000000000000E-08,-
SE_CLIP_LOW,SVARS,58,0,COMMITTED,.000000000000000,-
SE_CLIP_LOW,SVARS,59,0,COMMITTED,.000000000000000,-
SE_CLIP_LOW,SVARS,60,0,COMMITTED,.000000000000000,-
SE_CLIP_LOW,SVARS,61,0,COMMITTED,9989990.009999998,-
SE_CLIP_LOW,SVARS,62,0,COMMITTED,1.000000000000000,-
SE_CLIP_LOW,SVARS,63,0,COMMITTED,.000000000000000,-
SE_CLIP_LOW,SVARS,64,0,COMMITTED,.000000000000000,-
SE_CLIP_LOW,SVARS,65,0,COMMITTED,.000000000000000,-
SE_CLIP_LOW,SVARS,66,0,COMMITTED,.000000000000000,-
SE_CLIP_LOW,SVARS,67,0,COMMITTED,.000000000000000,-
SE_CLIP_LOW,SVARS,68,0,COMMITTED,.000000000000000,-
SE_CLIP_LOW,SVARS,69,0,COMMITTED,.000000000000000,-
SE_CLIP_LOW,SVARS,70,0,COMMITTED,.000000000000000,-
SE_CLIP_LOW,SVARS,71,0,COMMITTED,.000000000000000,-
SE_CLIP_LOW,SVARS,72,0,COMMITTED,.000000000000000,-
SE_CLIP_LOW,SVARS,73,0,COMMITTED,.000000000000000,-
SE_CLIP_LOW,SVARS,74,0,COMMITTED,.000000000000000,-
SE_CLIP_LOW,SVARS,75,0,COMMITTED,.000000000000000,-
SE_CLIP_LOW,SVARS,76,0,COMMITTED,.000000000000000,-
SE_CLIP_LOW,SVARS,77,0,COMMITTED,.000000000000000,-
SE_CLIP_LOW,SVARS,78,0,COMMITTED,.000000000000000,-
SE_CLIP_LOW,SVARS,79,0,COMMITTED,.000000000000000,-
SE_CLIP_LOW,SVARS,80,0,COMMITTED,.000000000000000,-
SE_CLIP_LOW,SVARS,81,0,COMMITTED,.000000000000000,-
SE_CLIP_LOW,SVARS,82,0,COMMITTED,.000000000000000,-
SE_CLIP_LOW,SVARS,83,0,COMMITTED,.000000000000000,-
SE_CLIP_LOW,SVARS,84,0,COMMITTED,.000000000000000,-
SE_CLIP_LOW,SVARS,85,0,COMMITTED,.000000000000000,-
SE_CLIP_LOW,SVARS,86,0,COMMITTED,.000000000000000,-
SE_CLIP_LOW,SVARS,87,0,COMMITTED,.000000000000000,-
SE_CLIP_LOW,SVARS,88,0,COMMITTED,.000000000000000,-
SE_CLIP_LOW,SVARS,89,0,COMMITTED,.000000000000000,-
SE_CLIP_LOW,SVARS,90,0,COMMITTED,.000000000000000,-
SE_CLIP_LOW,SVARS,91,0,COMMITTED,.000000000000000,-
SE_CLIP_LOW,SVARS,92,0,COMMITTED,.000000000000000,-
SE_CLIP_LOW,SVARS,93,0,COMMITTED,.000000000000000,-
SE_CLIP_LOW,SVARS,94,0,COMMITTED,.000000000000000,-
SE_CLIP_LOW,SVARS,95,0,COMMITTED,.000000000000000,-
SE_CLIP_LOW,SVARS,96,0,COMMITTED,.000000000000000,-
SE_CLIP_LOW,SVARS,97,0,COMMITTED,11800000.00000000,-
SE_CLIP_LOW,SVARS,98,0,COMMITTED,.9000000000000000,-
SE_CLIP_LOW,SVARS,99,0,COMMITTED,.1000000000000000,-
SE_CLIP_LOW,SVARS,100,0,COMMITTED,9990000.000000000,-
SE_CLIP_LOW,SVARS,101,0,COMMITTED,21789990.01000000,-
SE_CLIP_LOW,SVARS,102,0,COMMITTED,.000000000000000,-
SE_CLIP_LOW,SVARS,103,0,COMMITTED,.1500000000000000,-
SE_CLIP_LOW,SVARS,104,0,COMMITTED,.6000000000000000E-11,-
SE_CLIP_LOW,SVARS,105,0,COMMITTED,.1000000000000000E-08,-
SE_CLIP_LOW,SVARS,106,0,COMMITTED,.000000000000000,-
SE_CLIP_LOW,SVARS,107,0,COMMITTED,.000000000000000,-
SE_CLIP_LOW,SVARS,108,0,COMMITTED,.000000000000000,-
SE_CLIP_LOW,SVARS,109,0,COMMITTED,9989990.009999998,-
SE_CLIP_LOW,SVARS,110,0,COMMITTED,1.000000000000000,-
SE_CLIP_LOW,SVARS,111,0,COMMITTED,.000000000000000,-
SE_CLIP_LOW,SVARS,112,0,COMMITTED,.000000000000000,-
SE_CLIP_LOW,SVARS,113,0,COMMITTED,.000000000000000,-
SE_CLIP_LOW,SVARS,114,0,COMMITTED,.000000000000000,-
SE_CLIP_LOW,SVARS,115,0,COMMITTED,.000000000000000,-
SE_CLIP_LOW,SVARS,116,0,COMMITTED,.000000000000000,-
SE_CLIP_LOW,SVARS,117,0,COMMITTED,.000000000000000,-
SE_CLIP_LOW,SVARS,118,0,COMMITTED,.000000000000000,-
SE_CLIP_LOW,SVARS,119,0,COMMITTED,.000000000000000,-
SE_CLIP_LOW,SVARS,120,0,COMMITTED,.000000000000000,-
SE_CLIP_LOW,SVARS,121,0,COMMITTED,.000000000000000,-
SE_CLIP_LOW,SVARS,122,0,COMMITTED,.000000000000000,-
SE_CLIP_LOW,SVARS,123,0,COMMITTED,.000000000000000,-
SE_CLIP_LOW,SVARS,124,0,COMMITTED,.000000000000000,-
SE_CLIP_LOW,SVARS,125,0,COMMITTED,.000000000000000,-
SE_CLIP_LOW,SVARS,126,0,COMMITTED,.000000000000000,-
SE_CLIP_LOW,SVARS,127,0,COMMITTED,.000000000000000,-
SE_CLIP_LOW,SVARS,128,0,COMMITTED,.000000000000000,-
SE_CLIP_LOW,SVARS,129,0,COMMITTED,.000000000000000,-
SE_CLIP_LOW,SVARS,130,0,COMMITTED,.000000000000000,-
SE_CLIP_LOW,SVARS,131,0,COMMITTED,.000000000000000,-
SE_CLIP_LOW,SVARS,132,0,COMMITTED,.000000000000000,-
SE_CLIP_LOW,SVARS,133,0,COMMITTED,.000000000000000,-
SE_CLIP_LOW,SVARS,134,0,COMMITTED,.000000000000000,-
SE_CLIP_LOW,SVARS,135,0,COMMITTED,.000000000000000,-
SE_CLIP_LOW,SVARS,136,0,COMMITTED,.000000000000000,-
SE_CLIP_LOW,SVARS,137,0,COMMITTED,.000000000000000,-
SE_CLIP_LOW,SVARS,138,0,COMMITTED,.000000000000000,-
SE_CLIP_LOW,SVARS,139,0,COMMITTED,.000000000000000,-
SE_CLIP_LOW,SVARS,140,0,COMMITTED,.000000000000000,-
SE_CLIP_LOW,SVARS,141,0,COMMITTED,.000000000000000,-
SE_CLIP_LOW,SVARS,142,0,COMMITTED,.000000000000000,-
SE_CLIP_LOW,SVARS,143,0,COMMITTED,.000000000000000,-
SE_CLIP_LOW,SVARS,144,0,COMMITTED,.000000000000000,-
SE_CLIP_LOW,SVARS,145,0,COMMITTED,11800000.00000000,-
SE_CLIP_LOW,SVARS,146,0,COMMITTED,.9000000000000000,-
SE_CLIP_LOW,SVARS,147,0,COMMITTED,.1000000000000000,-
SE_CLIP_LOW,SVARS,148,0,COMMITTED,9990000.000000000,-
SE_CLIP_LOW,SVARS,149,0,COMMITTED,21789990.01000000,-
SE_CLIP_LOW,SVARS,150,0,COMMITTED,.000000000000000,-
SE_CLIP_LOW,SVARS,151,0,COMMITTED,.1500000000000000,-
SE_CLIP_LOW,SVARS,152,0,COMMITTED,.6000000000000000E-11,-
SE_CLIP_LOW,SVARS,153,0,COMMITTED,.1000000000000000E-08,-
SE_CLIP_LOW,SVARS,154,0,COMMITTED,.000000000000000,-
SE_CLIP_LOW,SVARS,155,0,COMMITTED,.000000000000000,-
SE_CLIP_LOW,SVARS,156,0,COMMITTED,.000000000000000,-
SE_CLIP_LOW,SVARS,157,0,COMMITTED,9989990.009999998,-
SE_CLIP_LOW,SVARS,158,0,COMMITTED,1.000000000000000,-
SE_CLIP_LOW,SVARS,159,0,COMMITTED,.000000000000000,-
SE_CLIP_LOW,SVARS,160,0,COMMITTED,.000000000000000,-
SE_CLIP_LOW,SVARS,161,0,COMMITTED,.000000000000000,-
SE_CLIP_LOW,SVARS,162,0,COMMITTED,.000000000000000,-
SE_CLIP_LOW,SVARS,163,0,COMMITTED,.000000000000000,-
SE_CLIP_LOW,SVARS,164,0,COMMITTED,.000000000000000,-
SE_CLIP_LOW,SVARS,165,0,COMMITTED,.000000000000000,-
SE_CLIP_LOW,SVARS,166,0,COMMITTED,.000000000000000,-
SE_CLIP_LOW,SVARS,167,0,COMMITTED,.000000000000000,-
SE_CLIP_LOW,SVARS,168,0,COMMITTED,.000000000000000,-
SE_CLIP_LOW,SVARS,169,0,COMMITTED,.000000000000000,-
SE_CLIP_LOW,SVARS,170,0,COMMITTED,.000000000000000,-
SE_CLIP_LOW,SVARS,171,0,COMMITTED,.000000000000000,-
SE_CLIP_LOW,SVARS,172,0,COMMITTED,.000000000000000,-
SE_CLIP_LOW,SVARS,173,0,COMMITTED,.000000000000000,-
SE_CLIP_LOW,SVARS,174,0,COMMITTED,.000000000000000,-
SE_CLIP_LOW,SVARS,175,0,COMMITTED,.000000000000000,-
SE_CLIP_LOW,SVARS,176,0,COMMITTED,.000000000000000,-
SE_CLIP_LOW,SVARS,177,0,COMMITTED,.000000000000000,-
SE_CLIP_LOW,SVARS,178,0,COMMITTED,.000000000000000,-
SE_CLIP_LOW,SVARS,179,0,COMMITTED,.000000000000000,-
SE_CLIP_LOW,SVARS,180,0,COMMITTED,.000000000000000,-
SE_CLIP_LOW,SVARS,181,0,COMMITTED,.000000000000000,-
SE_CLIP_LOW,SVARS,182,0,COMMITTED,.000000000000000,-
SE_CLIP_LOW,SVARS,183,0,COMMITTED,.000000000000000,-
SE_CLIP_LOW,SVARS,184,0,COMMITTED,.000000000000000,-
SE_CLIP_LOW,SVARS,185,0,COMMITTED,.000000000000000,-
SE_CLIP_LOW,SVARS,186,0,COMMITTED,.000000000000000,-
SE_CLIP_LOW,SVARS,187,0,COMMITTED,.000000000000000,-
SE_CLIP_LOW,SVARS,188,0,COMMITTED,.000000000000000,-
SE_CLIP_LOW,SVARS,189,0,COMMITTED,.000000000000000,-
SE_CLIP_LOW,SVARS,190,0,COMMITTED,.000000000000000,-
SE_CLIP_LOW,SVARS,191,0,COMMITTED,.000000000000000,-
SE_CLIP_LOW,SVARS,192,0,COMMITTED,.000000000000000,-
SE_CLIP_LOW,TIME,1,0,STEP_TIME,600.0000000000000,s
SE_CLIP_LOW,TIME,2,0,TOTAL_TIME,1260.000000000000,s
SE_CLIP_LOW,DTIME,0,0,DTIME,60.00000000000000,s
SE_CLIP_LOW,SCALE,1,0,X_U,.1000000000000000E-04,m
SE_CLIP_LOW,SCALE,2,0,X_P,10000000.00000000,Pa
SE_CLIP_LOW,SCALE,3,0,X_S,.1000000000000000,-
SE_CLIP_LOW,BRANCH,0,0,BRANCH_1,1.000000000000000,-
SE_CLIP_HIGH,PROPS,1,0,PROP,25000000000.00000,-
SE_CLIP_HIGH,PROPS,2,0,PROP,.3000000000000000,-
SE_CLIP_HIGH,PROPS,3,0,PROP,1.000000000000000,-
SE_CLIP_HIGH,PROPS,4,0,PROP,.1000000000000000E-05,-
SE_CLIP_HIGH,PROPS,5,0,PROP,.1000000000000000E-02,-
SE_CLIP_HIGH,PROPS,6,0,PROP,700.0000000000000,-
SE_CLIP_HIGH,PROPS,7,0,PROP,.1000000000000000E-02,-
SE_CLIP_HIGH,PROPS,8,0,PROP,.2000000000000000,-
SE_CLIP_HIGH,PROPS,9,0,PROP,.5000000000000000E-01,-
SE_CLIP_HIGH,PROPS,10,0,PROP,10000.00000000000,-
SE_CLIP_HIGH,PROPS,11,0,PROP,2.000000000000000,-
SE_CLIP_HIGH,PROPS,12,0,PROP,2.000000000000000,-
SE_CLIP_HIGH,PROPS,13,0,PROP,2.000000000000000,-
SE_CLIP_HIGH,PROPS,14,0,PROP,.1000000000000000E-01,-
SE_CLIP_HIGH,PROPS,15,0,PROP,.1000000000000000,-
SE_CLIP_HIGH,PROPS,16,0,PROP,.6000000000000000E-11,-
SE_CLIP_HIGH,PROPS,17,0,PROP,.000000000000000,-
SE_CLIP_HIGH,PROPS,18,0,PROP,.1000000000000000E-07,-
SE_CLIP_HIGH,PROPS,19,0,PROP,.000000000000000,-
SE_CLIP_HIGH,PROPS,20,0,PROP,.000000000000000,-
SE_CLIP_HIGH,PROPS,21,0,PROP,.9999999999999999E-20,-
SE_CLIP_HIGH,PROPS,22,0,PROP,.1000000000000000E-07,-
SE_CLIP_HIGH,PROPS,23,0,PROP,.000000000000000,-
SE_CLIP_HIGH,PROPS,24,0,PROP,.000000000000000,-
SE_CLIP_HIGH,PROPS,25,0,PROP,.000000000000000,-
SE_CLIP_HIGH,PROPS,26,0,PROP,.000000000000000,-
SE_CLIP_HIGH,PROPS,27,0,PROP,.000000000000000,-
SE_CLIP_HIGH,COORDS,1,1,COORD,.000000000000000,m
SE_CLIP_HIGH,COORDS,2,1,COORD,.000000000000000,m
SE_CLIP_HIGH,COORDS,1,2,COORD,1.000000000000000,m
SE_CLIP_HIGH,COORDS,2,2,COORD,.000000000000000,m
SE_CLIP_HIGH,COORDS,1,3,COORD,1.000000000000000,m
SE_CLIP_HIGH,COORDS,2,3,COORD,1.000000000000000,m
SE_CLIP_HIGH,COORDS,1,4,COORD,.000000000000000,m
SE_CLIP_HIGH,COORDS,2,4,COORD,1.000000000000000,m
SE_CLIP_HIGH,U,1,0,TRIAL_BASE,.000000000000000,-
SE_CLIP_HIGH,DU,1,0,BASE_INCREMENT,.000000000000000,-
SE_CLIP_HIGH,U,2,0,TRIAL_BASE,.000000000000000,-
SE_CLIP_HIGH,DU,2,0,BASE_INCREMENT,.000000000000000,-
SE_CLIP_HIGH,U,3,0,TRIAL_BASE,12000000.00000000,-
SE_CLIP_HIGH,DU,3,0,BASE_INCREMENT,.000000000000000,-
SE_CLIP_HIGH,U,4,0,TRIAL_BASE,.1000000000000000E-01,-
SE_CLIP_HIGH,DU,4,0,BASE_INCREMENT,.000000000000000,-
SE_CLIP_HIGH,U,5,0,TRIAL_BASE,.5000000000000000E-03,-
SE_CLIP_HIGH,DU,5,0,BASE_INCREMENT,.000000000000000,-
SE_CLIP_HIGH,U,6,0,TRIAL_BASE,.5000000000000000E-04,-
SE_CLIP_HIGH,DU,6,0,BASE_INCREMENT,.000000000000000,-
SE_CLIP_HIGH,U,7,0,TRIAL_BASE,12250000.00000000,-
SE_CLIP_HIGH,DU,7,0,BASE_INCREMENT,.000000000000000,-
SE_CLIP_HIGH,U,8,0,TRIAL_BASE,.1000000000000000E-01,-
SE_CLIP_HIGH,DU,8,0,BASE_INCREMENT,.000000000000000,-
SE_CLIP_HIGH,U,9,0,TRIAL_BASE,.6000000000000001E-03,-
SE_CLIP_HIGH,DU,9,0,BASE_INCREMENT,.000000000000000,-
SE_CLIP_HIGH,U,10,0,TRIAL_BASE,-.2500000000000000E-03,-
SE_CLIP_HIGH,DU,10,0,BASE_INCREMENT,.000000000000000,-
SE_CLIP_HIGH,U,11,0,TRIAL_BASE,12100000.00000000,-
SE_CLIP_HIGH,DU,11,0,BASE_INCREMENT,.000000000000000,-
SE_CLIP_HIGH,U,12,0,TRIAL_BASE,.1000000000000000E-01,-
SE_CLIP_HIGH,DU,12,0,BASE_INCREMENT,.000000000000000,-
SE_CLIP_HIGH,U,13,0,TRIAL_BASE,.1000000000000000E-03,-
SE_CLIP_HIGH,DU,13,0,BASE_INCREMENT,.000000000000000,-
SE_CLIP_HIGH,U,14,0,TRIAL_BASE,-.3000000000000000E-03,-
SE_CLIP_HIGH,DU,14,0,BASE_INCREMENT,.000000000000000,-
SE_CLIP_HIGH,U,15,0,TRIAL_BASE,11850000.00000000,-
SE_CLIP_HIGH,DU,15,0,BASE_INCREMENT,.000000000000000,-
SE_CLIP_HIGH,U,16,0,TRIAL_BASE,.1000000000000000E-01,-
SE_CLIP_HIGH,DU,16,0,BASE_INCREMENT,.000000000000000,-
SE_CLIP_HIGH,SVARS,1,0,COMMITTED,11800000.00000000,-
SE_CLIP_HIGH,SVARS,2,0,COMMITTED,.2000000000000000E-01,-
SE_CLIP_HIGH,SVARS,3,0,COMMITTED,.9800000000000000,-
SE_CLIP_HIGH,SVARS,4,0,COMMITTED,.000000000000000,-
SE_CLIP_HIGH,SVARS,5,0,COMMITTED,11800000.00000000,-
SE_CLIP_HIGH,SVARS,6,0,COMMITTED,.000000000000000,-
SE_CLIP_HIGH,SVARS,7,0,COMMITTED,.1500000000000000,-
SE_CLIP_HIGH,SVARS,8,0,COMMITTED,.6000000000000000E-11,-
SE_CLIP_HIGH,SVARS,9,0,COMMITTED,.1000000000000000E-08,-
SE_CLIP_HIGH,SVARS,10,0,COMMITTED,.000000000000000,-
SE_CLIP_HIGH,SVARS,11,0,COMMITTED,.000000000000000,-
SE_CLIP_HIGH,SVARS,12,0,COMMITTED,.000000000000000,-
SE_CLIP_HIGH,SVARS,13,0,COMMITTED,.000000000000000,-
SE_CLIP_HIGH,SVARS,14,0,COMMITTED,1.000000000000000,-
SE_CLIP_HIGH,SVARS,15,0,COMMITTED,.000000000000000,-
SE_CLIP_HIGH,SVARS,16,0,COMMITTED,.000000000000000,-
SE_CLIP_HIGH,SVARS,17,0,COMMITTED,.000000000000000,-
SE_CLIP_HIGH,SVARS,18,0,COMMITTED,.000000000000000,-
SE_CLIP_HIGH,SVARS,19,0,COMMITTED,.000000000000000,-
SE_CLIP_HIGH,SVARS,20,0,COMMITTED,.000000000000000,-
SE_CLIP_HIGH,SVARS,21,0,COMMITTED,.000000000000000,-
SE_CLIP_HIGH,SVARS,22,0,COMMITTED,.000000000000000,-
SE_CLIP_HIGH,SVARS,23,0,COMMITTED,.000000000000000,-
SE_CLIP_HIGH,SVARS,24,0,COMMITTED,.000000000000000,-
SE_CLIP_HIGH,SVARS,25,0,COMMITTED,.000000000000000,-
SE_CLIP_HIGH,SVARS,26,0,COMMITTED,.000000000000000,-
SE_CLIP_HIGH,SVARS,27,0,COMMITTED,.000000000000000,-
SE_CLIP_HIGH,SVARS,28,0,COMMITTED,.000000000000000,-
SE_CLIP_HIGH,SVARS,29,0,COMMITTED,.000000000000000,-
SE_CLIP_HIGH,SVARS,30,0,COMMITTED,.000000000000000,-
SE_CLIP_HIGH,SVARS,31,0,COMMITTED,.000000000000000,-
SE_CLIP_HIGH,SVARS,32,0,COMMITTED,.000000000000000,-
SE_CLIP_HIGH,SVARS,33,0,COMMITTED,.000000000000000,-
SE_CLIP_HIGH,SVARS,34,0,COMMITTED,.000000000000000,-
SE_CLIP_HIGH,SVARS,35,0,COMMITTED,.000000000000000,-
SE_CLIP_HIGH,SVARS,36,0,COMMITTED,.000000000000000,-
SE_CLIP_HIGH,SVARS,37,0,COMMITTED,.000000000000000,-
SE_CLIP_HIGH,SVARS,38,0,COMMITTED,.000000000000000,-
SE_CLIP_HIGH,SVARS,39,0,COMMITTED,.000000000000000,-
SE_CLIP_HIGH,SVARS,40,0,COMMITTED,.000000000000000,-
SE_CLIP_HIGH,SVARS,41,0,COMMITTED,.000000000000000,-
SE_CLIP_HIGH,SVARS,42,0,COMMITTED,.000000000000000,-
SE_CLIP_HIGH,SVARS,43,0,COMMITTED,.000000000000000,-
SE_CLIP_HIGH,SVARS,44,0,COMMITTED,.000000000000000,-
SE_CLIP_HIGH,SVARS,45,0,COMMITTED,.000000000000000,-
SE_CLIP_HIGH,SVARS,46,0,COMMITTED,.000000000000000,-
SE_CLIP_HIGH,SVARS,47,0,COMMITTED,.000000000000000,-
SE_CLIP_HIGH,SVARS,48,0,COMMITTED,.000000000000000,-
SE_CLIP_HIGH,SVARS,49,0,COMMITTED,11800000.00000000,-
SE_CLIP_HIGH,SVARS,50,0,COMMITTED,.2000000000000000E-01,-
SE_CLIP_HIGH,SVARS,51,0,COMMITTED,.9800000000000000,-
SE_CLIP_HIGH,SVARS,52,0,COMMITTED,.000000000000000,-
SE_CLIP_HIGH,SVARS,53,0,COMMITTED,11800000.00000000,-
SE_CLIP_HIGH,SVARS,54,0,COMMITTED,.000000000000000,-
SE_CLIP_HIGH,SVARS,55,0,COMMITTED,.1500000000000000,-
SE_CLIP_HIGH,SVARS,56,0,COMMITTED,.6000000000000000E-11,-
SE_CLIP_HIGH,SVARS,57,0,COMMITTED,.1000000000000000E-08,-
SE_CLIP_HIGH,SVARS,58,0,COMMITTED,.000000000000000,-
SE_CLIP_HIGH,SVARS,59,0,COMMITTED,.000000000000000,-
SE_CLIP_HIGH,SVARS,60,0,COMMITTED,.000000000000000,-
SE_CLIP_HIGH,SVARS,61,0,COMMITTED,.000000000000000,-
SE_CLIP_HIGH,SVARS,62,0,COMMITTED,1.000000000000000,-
SE_CLIP_HIGH,SVARS,63,0,COMMITTED,.000000000000000,-
SE_CLIP_HIGH,SVARS,64,0,COMMITTED,.000000000000000,-
SE_CLIP_HIGH,SVARS,65,0,COMMITTED,.000000000000000,-
SE_CLIP_HIGH,SVARS,66,0,COMMITTED,.000000000000000,-
SE_CLIP_HIGH,SVARS,67,0,COMMITTED,.000000000000000,-
SE_CLIP_HIGH,SVARS,68,0,COMMITTED,.000000000000000,-
SE_CLIP_HIGH,SVARS,69,0,COMMITTED,.000000000000000,-
SE_CLIP_HIGH,SVARS,70,0,COMMITTED,.000000000000000,-
SE_CLIP_HIGH,SVARS,71,0,COMMITTED,.000000000000000,-
SE_CLIP_HIGH,SVARS,72,0,COMMITTED,.000000000000000,-
SE_CLIP_HIGH,SVARS,73,0,COMMITTED,.000000000000000,-
SE_CLIP_HIGH,SVARS,74,0,COMMITTED,.000000000000000,-
SE_CLIP_HIGH,SVARS,75,0,COMMITTED,.000000000000000,-
SE_CLIP_HIGH,SVARS,76,0,COMMITTED,.000000000000000,-
SE_CLIP_HIGH,SVARS,77,0,COMMITTED,.000000000000000,-
SE_CLIP_HIGH,SVARS,78,0,COMMITTED,.000000000000000,-
SE_CLIP_HIGH,SVARS,79,0,COMMITTED,.000000000000000,-
SE_CLIP_HIGH,SVARS,80,0,COMMITTED,.000000000000000,-
SE_CLIP_HIGH,SVARS,81,0,COMMITTED,.000000000000000,-
SE_CLIP_HIGH,SVARS,82,0,COMMITTED,.000000000000000,-
SE_CLIP_HIGH,SVARS,83,0,COMMITTED,.000000000000000,-
SE_CLIP_HIGH,SVARS,84,0,COMMITTED,.000000000000000,-
SE_CLIP_HIGH,SVARS,85,0,COMMITTED,.000000000000000,-
SE_CLIP_HIGH,SVARS,86,0,COMMITTED,.000000000000000,-
SE_CLIP_HIGH,SVARS,87,0,COMMITTED,.000000000000000,-
SE_CLIP_HIGH,SVARS,88,0,COMMITTED,.000000000000000,-
SE_CLIP_HIGH,SVARS,89,0,COMMITTED,.000000000000000,-
SE_CLIP_HIGH,SVARS,90,0,COMMITTED,.000000000000000,-
SE_CLIP_HIGH,SVARS,91,0,COMMITTED,.000000000000000,-
SE_CLIP_HIGH,SVARS,92,0,COMMITTED,.000000000000000,-
SE_CLIP_HIGH,SVARS,93,0,COMMITTED,.000000000000000,-
SE_CLIP_HIGH,SVARS,94,0,COMMITTED,.000000000000000,-
SE_CLIP_HIGH,SVARS,95,0,COMMITTED,.000000000000000,-
SE_CLIP_HIGH,SVARS,96,0,COMMITTED,.000000000000000,-
SE_CLIP_HIGH,SVARS,97,0,COMMITTED,11800000.00000000,-
SE_CLIP_HIGH,SVARS,98,0,COMMITTED,.2000000000000000E-01,-
SE_CLIP_HIGH,SVARS,99,0,COMMITTED,.9800000000000000,-
SE_CLIP_HIGH,SVARS,100,0,COMMITTED,.000000000000000,-
SE_CLIP_HIGH,SVARS,101,0,COMMITTED,11800000.00000000,-
SE_CLIP_HIGH,SVARS,102,0,COMMITTED,.000000000000000,-
SE_CLIP_HIGH,SVARS,103,0,COMMITTED,.1500000000000000,-
SE_CLIP_HIGH,SVARS,104,0,COMMITTED,.6000000000000000E-11,-
SE_CLIP_HIGH,SVARS,105,0,COMMITTED,.1000000000000000E-08,-
SE_CLIP_HIGH,SVARS,106,0,COMMITTED,.000000000000000,-
SE_CLIP_HIGH,SVARS,107,0,COMMITTED,.000000000000000,-
SE_CLIP_HIGH,SVARS,108,0,COMMITTED,.000000000000000,-
SE_CLIP_HIGH,SVARS,109,0,COMMITTED,.000000000000000,-
SE_CLIP_HIGH,SVARS,110,0,COMMITTED,1.000000000000000,-
SE_CLIP_HIGH,SVARS,111,0,COMMITTED,.000000000000000,-
SE_CLIP_HIGH,SVARS,112,0,COMMITTED,.000000000000000,-
SE_CLIP_HIGH,SVARS,113,0,COMMITTED,.000000000000000,-
SE_CLIP_HIGH,SVARS,114,0,COMMITTED,.000000000000000,-
SE_CLIP_HIGH,SVARS,115,0,COMMITTED,.000000000000000,-
SE_CLIP_HIGH,SVARS,116,0,COMMITTED,.000000000000000,-
SE_CLIP_HIGH,SVARS,117,0,COMMITTED,.000000000000000,-
SE_CLIP_HIGH,SVARS,118,0,COMMITTED,.000000000000000,-
SE_CLIP_HIGH,SVARS,119,0,COMMITTED,.000000000000000,-
SE_CLIP_HIGH,SVARS,120,0,COMMITTED,.000000000000000,-
SE_CLIP_HIGH,SVARS,121,0,COMMITTED,.000000000000000,-
SE_CLIP_HIGH,SVARS,122,0,COMMITTED,.000000000000000,-
SE_CLIP_HIGH,SVARS,123,0,COMMITTED,.000000000000000,-
SE_CLIP_HIGH,SVARS,124,0,COMMITTED,.000000000000000,-
SE_CLIP_HIGH,SVARS,125,0,COMMITTED,.000000000000000,-
SE_CLIP_HIGH,SVARS,126,0,COMMITTED,.000000000000000,-
SE_CLIP_HIGH,SVARS,127,0,COMMITTED,.000000000000000,-
SE_CLIP_HIGH,SVARS,128,0,COMMITTED,.000000000000000,-
SE_CLIP_HIGH,SVARS,129,0,COMMITTED,.000000000000000,-
SE_CLIP_HIGH,SVARS,130,0,COMMITTED,.000000000000000,-
SE_CLIP_HIGH,SVARS,131,0,COMMITTED,.000000000000000,-
SE_CLIP_HIGH,SVARS,132,0,COMMITTED,.000000000000000,-
SE_CLIP_HIGH,SVARS,133,0,COMMITTED,.000000000000000,-
SE_CLIP_HIGH,SVARS,134,0,COMMITTED,.000000000000000,-
SE_CLIP_HIGH,SVARS,135,0,COMMITTED,.000000000000000,-
SE_CLIP_HIGH,SVARS,136,0,COMMITTED,.000000000000000,-
SE_CLIP_HIGH,SVARS,137,0,COMMITTED,.000000000000000,-
SE_CLIP_HIGH,SVARS,138,0,COMMITTED,.000000000000000,-
SE_CLIP_HIGH,SVARS,139,0,COMMITTED,.000000000000000,-
SE_CLIP_HIGH,SVARS,140,0,COMMITTED,.000000000000000,-
SE_CLIP_HIGH,SVARS,141,0,COMMITTED,.000000000000000,-
SE_CLIP_HIGH,SVARS,142,0,COMMITTED,.000000000000000,-
SE_CLIP_HIGH,SVARS,143,0,COMMITTED,.000000000000000,-
SE_CLIP_HIGH,SVARS,144,0,COMMITTED,.000000000000000,-
SE_CLIP_HIGH,SVARS,145,0,COMMITTED,11800000.00000000,-
SE_CLIP_HIGH,SVARS,146,0,COMMITTED,.2000000000000000E-01,-
SE_CLIP_HIGH,SVARS,147,0,COMMITTED,.9800000000000000,-
SE_CLIP_HIGH,SVARS,148,0,COMMITTED,.000000000000000,-
SE_CLIP_HIGH,SVARS,149,0,COMMITTED,11800000.00000000,-
SE_CLIP_HIGH,SVARS,150,0,COMMITTED,.000000000000000,-
SE_CLIP_HIGH,SVARS,151,0,COMMITTED,.1500000000000000,-
SE_CLIP_HIGH,SVARS,152,0,COMMITTED,.6000000000000000E-11,-
SE_CLIP_HIGH,SVARS,153,0,COMMITTED,.1000000000000000E-08,-
SE_CLIP_HIGH,SVARS,154,0,COMMITTED,.000000000000000,-
SE_CLIP_HIGH,SVARS,155,0,COMMITTED,.000000000000000,-
SE_CLIP_HIGH,SVARS,156,0,COMMITTED,.000000000000000,-
SE_CLIP_HIGH,SVARS,157,0,COMMITTED,.000000000000000,-
SE_CLIP_HIGH,SVARS,158,0,COMMITTED,1.000000000000000,-
SE_CLIP_HIGH,SVARS,159,0,COMMITTED,.000000000000000,-
SE_CLIP_HIGH,SVARS,160,0,COMMITTED,.000000000000000,-
SE_CLIP_HIGH,SVARS,161,0,COMMITTED,.000000000000000,-
SE_CLIP_HIGH,SVARS,162,0,COMMITTED,.000000000000000,-
SE_CLIP_HIGH,SVARS,163,0,COMMITTED,.000000000000000,-
SE_CLIP_HIGH,SVARS,164,0,COMMITTED,.000000000000000,-
SE_CLIP_HIGH,SVARS,165,0,COMMITTED,.000000000000000,-
SE_CLIP_HIGH,SVARS,166,0,COMMITTED,.000000000000000,-
SE_CLIP_HIGH,SVARS,167,0,COMMITTED,.000000000000000,-
SE_CLIP_HIGH,SVARS,168,0,COMMITTED,.000000000000000,-
SE_CLIP_HIGH,SVARS,169,0,COMMITTED,.000000000000000,-
SE_CLIP_HIGH,SVARS,170,0,COMMITTED,.000000000000000,-
SE_CLIP_HIGH,SVARS,171,0,COMMITTED,.000000000000000,-
SE_CLIP_HIGH,SVARS,172,0,COMMITTED,.000000000000000,-
SE_CLIP_HIGH,SVARS,173,0,COMMITTED,.000000000000000,-
SE_CLIP_HIGH,SVARS,174,0,COMMITTED,.000000000000000,-
SE_CLIP_HIGH,SVARS,175,0,COMMITTED,.000000000000000,-
SE_CLIP_HIGH,SVARS,176,0,COMMITTED,.000000000000000,-
SE_CLIP_HIGH,SVARS,177,0,COMMITTED,.000000000000000,-
SE_CLIP_HIGH,SVARS,178,0,COMMITTED,.000000000000000,-
SE_CLIP_HIGH,SVARS,179,0,COMMITTED,.000000000000000,-
SE_CLIP_HIGH,SVARS,180,0,COMMITTED,.000000000000000,-
SE_CLIP_HIGH,SVARS,181,0,COMMITTED,.000000000000000,-
SE_CLIP_HIGH,SVARS,182,0,COMMITTED,.000000000000000,-
SE_CLIP_HIGH,SVARS,183,0,COMMITTED,.000000000000000,-
SE_CLIP_HIGH,SVARS,184,0,COMMITTED,.000000000000000,-
SE_CLIP_HIGH,SVARS,185,0,COMMITTED,.000000000000000,-
SE_CLIP_HIGH,SVARS,186,0,COMMITTED,.000000000000000,-
SE_CLIP_HIGH,SVARS,187,0,COMMITTED,.000000000000000,-
SE_CLIP_HIGH,SVARS,188,0,COMMITTED,.000000000000000,-
SE_CLIP_HIGH,SVARS,189,0,COMMITTED,.000000000000000,-
SE_CLIP_HIGH,SVARS,190,0,COMMITTED,.000000000000000,-
SE_CLIP_HIGH,SVARS,191,0,COMMITTED,.000000000000000,-
SE_CLIP_HIGH,SVARS,192,0,COMMITTED,.000000000000000,-
SE_CLIP_HIGH,TIME,1,0,STEP_TIME,600.0000000000000,s
SE_CLIP_HIGH,TIME,2,0,TOTAL_TIME,1260.000000000000,s
SE_CLIP_HIGH,DTIME,0,0,DTIME,60.00000000000000,s
SE_CLIP_HIGH,SCALE,1,0,X_U,.1000000000000000E-04,m
SE_CLIP_HIGH,SCALE,2,0,X_P,10000000.00000000,Pa
SE_CLIP_HIGH,SCALE,3,0,X_S,.1000000000000000,-
SE_CLIP_HIGH,BRANCH,0,0,BRANCH_2,2.000000000000000,-
