run_id,state_id,block_id,direction_id,h,sigma,branch_id_plus,branch_id_minus,norm_fd,norm_kv,absolute_error_l2,relative_error_l2,absolute_error_inf,relative_error_inf,cosine_similarity,observed_slope,rhs_finite,amatrx_finite,candidate_svars_finite,replay_exact,branch_crossed,classification
run1,I0,KPU,D1,.1000000000000000E-01,-1,SMOOTH,SMOOTH,.000000000000000,.1849632079338486E-23,.1849632079338486E-23,1.000000000000000,.1654361225106055E-23,1.000000000000000,.000000000000000,0.0000000000000000e+00,1,1,1,1,0,KNOWN_OMISSION_CONFIRMED
run1,I0,KPU,D1,.3000000000000000E-02,-1,SMOOTH,SMOOTH,.000000000000000,.1849632079338486E-23,.1849632079338486E-23,1.000000000000000,.1654361225106055E-23,1.000000000000000,.000000000000000,0.0000000000000000e+00,1,1,1,1,0,KNOWN_OMISSION_CONFIRMED
run1,I0,KPU,D1,.1000000000000000E-02,-1,SMOOTH,SMOOTH,.000000000000000,.1849632079338486E-23,.1849632079338486E-23,1.000000000000000,.1654361225106055E-23,1.000000000000000,.000000000000000,0.0000000000000000e+00,1,1,1,1,0,KNOWN_OMISSION_CONFIRMED
run1,I0,KPU,D1,.3000000000000000E-03,-1,SMOOTH,SMOOTH,.000000000000000,.1849632079338486E-23,.1849632079338486E-23,1.000000000000000,.1654361225106055E-23,1.000000000000000,.000000000000000,0.0000000000000000e+00,1,1,1,1,0,KNOWN_OMISSION_CONFIRMED
run1,I0,KPU,D1,.1000000000000000E-03,-1,SMOOTH,SMOOTH,.000000000000000,.1849632079338486E-23,.1849632079338486E-23,1.000000000000000,.1654361225106055E-23,1.000000000000000,.000000000000000,0.0000000000000000e+00,1,1,1,1,0,KNOWN_OMISSION_CONFIRMED
run1,I0,KPU,D1,.3000000000000000E-04,-1,SMOOTH,SMOOTH,.000000000000000,.1849632079338486E-23,.1849632079338486E-23,1.000000000000000,.1654361225106055E-23,1.000000000000000,.000000000000000,0.0000000000000000e+00,1,1,1,1,0,KNOWN_OMISSION_CONFIRMED
run1,I0,KPU,D1,.1000000000000000E-04,-1,SMOOTH,SMOOTH,.000000000000000,.1849632079338486E-23,.1849632079338486E-23,1.000000000000000,.1654361225106055E-23,1.000000000000000,.000000000000000,0.0000000000000000e+00,1,1,1,1,0,KNOWN_OMISSION_CONFIRMED
run1,I0,KPU,D1,.3000000000000000E-05,-1,SMOOTH,SMOOTH,.000000000000000,.1849632079338486E-23,.1849632079338486E-23,1.000000000000000,.1654361225106055E-23,1.000000000000000,.000000000000000,0.0000000000000000e+00,1,1,1,1,0,KNOWN_OMISSION_CONFIRMED
run1,I0,KPU,D1,.1000000000000000E-05,-1,SMOOTH,SMOOTH,.000000000000000,.1849632079338486E-23,.1849632079338486E-23,1.000000000000000,.1654361225106055E-23,1.000000000000000,.000000000000000,0.0000000000000000e+00,1,1,1,1,0,KNOWN_OMISSION_CONFIRMED
run1,I0,KPU,D1,.3000000000000000E-06,-1,SMOOTH,SMOOTH,.000000000000000,.1849632079338486E-23,.1849632079338486E-23,1.000000000000000,.1654361225106055E-23,1.000000000000000,.000000000000000,0.0000000000000000e+00,1,1,1,1,0,KNOWN_OMISSION_CONFIRMED
run1,I0,KPU,D1,.1000000000000000E-06,-1,SMOOTH,SMOOTH,.000000000000000,.1849632079338486E-23,.1849632079338486E-23,1.000000000000000,.1654361225106055E-23,1.000000000000000,.000000000000000,-0.0000000000000000e+00,1,1,1,1,0,KNOWN_OMISSION_CONFIRMED
run1,I0,KPU,D2,.1000000000000000E-01,-1,SMOOTH,SMOOTH,.000000000000000,.4454503923864526E-23,.4454503923864526E-23,1.000000000000000,.3308722450212111E-23,1.000000000000000,.000000000000000,0.0000000000000000e+00,1,1,1,1,0,KNOWN_OMISSION_CONFIRMED
run1,I0,KPU,D2,.3000000000000000E-02,-1,SMOOTH,SMOOTH,.000000000000000,.4454503923864526E-23,.4454503923864526E-23,1.000000000000000,.3308722450212111E-23,1.000000000000000,.000000000000000,0.0000000000000000e+00,1,1,1,1,0,KNOWN_OMISSION_CONFIRMED
run1,I0,KPU,D2,.1000000000000000E-02,-1,SMOOTH,SMOOTH,.000000000000000,.4454503923864526E-23,.4454503923864526E-23,1.000000000000000,.3308722450212111E-23,1.000000000000000,.000000000000000,0.0000000000000000e+00,1,1,1,1,0,KNOWN_OMISSION_CONFIRMED
run1,I0,KPU,D2,.3000000000000000E-03,-1,SMOOTH,SMOOTH,.000000000000000,.4454503923864526E-23,.4454503923864526E-23,1.000000000000000,.3308722450212111E-23,1.000000000000000,.000000000000000,0.0000000000000000e+00,1,1,1,1,0,KNOWN_OMISSION_CONFIRMED
run1,I0,KPU,D2,.1000000000000000E-03,-1,SMOOTH,SMOOTH,.000000000000000,.4454503923864526E-23,.4454503923864526E-23,1.000000000000000,.3308722450212111E-23,1.000000000000000,.000000000000000,0.0000000000000000e+00,1,1,1,1,0,KNOWN_OMISSION_CONFIRMED
run1,I0,KPU,D2,.3000000000000000E-04,-1,SMOOTH,SMOOTH,.000000000000000,.4454503923864526E-23,.4454503923864526E-23,1.000000000000000,.3308722450212111E-23,1.000000000000000,.000000000000000,0.0000000000000000e+00,1,1,1,1,0,KNOWN_OMISSION_CONFIRMED
run1,I0,KPU,D2,.1000000000000000E-04,-1,SMOOTH,SMOOTH,.000000000000000,.4454503923864526E-23,.4454503923864526E-23,1.000000000000000,.3308722450212111E-23,1.000000000000000,.000000000000000,0.0000000000000000e+00,1,1,1,1,0,KNOWN_OMISSION_CONFIRMED
run1,I0,KPU,D2,.3000000000000000E-05,-1,SMOOTH,SMOOTH,.000000000000000,.4454503923864526E-23,.4454503923864526E-23,1.000000000000000,.3308722450212111E-23,1.000000000000000,.000000000000000,0.0000000000000000e+00,1,1,1,1,0,KNOWN_OMISSION_CONFIRMED
run1,I0,KPU,D2,.1000000000000000E-05,-1,SMOOTH,SMOOTH,.000000000000000,.4454503923864526E-23,.4454503923864526E-23,1.000000000000000,.3308722450212111E-23,1.000000000000000,.000000000000000,0.0000000000000000e+00,1,1,1,1,0,KNOWN_OMISSION_CONFIRMED
run1,I0,KPU,D2,.3000000000000000E-06,-1,SMOOTH,SMOOTH,.000000000000000,.4454503923864526E-23,.4454503923864526E-23,1.000000000000000,.3308722450212111E-23,1.000000000000000,.000000000000000,0.0000000000000000e+00,1,1,1,1,0,KNOWN_OMISSION_CONFIRMED
run1,I0,KPU,D2,.1000000000000000E-06,-1,SMOOTH,SMOOTH,.000000000000000,.4454503923864526E-23,.4454503923864526E-23,1.000000000000000,.3308722450212111E-23,1.000000000000000,.000000000000000,-0.0000000000000000e+00,1,1,1,1,0,KNOWN_OMISSION_CONFIRMED
run1,I0,KPU,D3,.1000000000000000E-01,-1,SMOOTH,SMOOTH,.5988071690734220E-07,.5988071690736757E-07,.6229162241336681E-19,.1040261800968896E-11,.4483649792282431E-19,.1124173203954835E-11,1.000000000000000,-1.7741124120531413e+00,1,1,1,1,0,KNOWN_OMISSION_CONFIRMED
run1,I0,KPU,D3,.3000000000000000E-02,-1,SMOOTH,SMOOTH,.5988071690788256E-07,.5988071690736757E-07,.5273213004228314E-18,.8806195510886009E-11,.3506981099428820E-18,.8792957437276449E-11,1.000000000000000,-5.1941394230461091e-01,1,1,1,1,0,KNOWN_OMISSION_CONFIRMED
run1,I0,KPU,D3,.1000000000000000E-02,-1,SMOOTH,SMOOTH,.5988071690716435E-07,.5988071690736757E-07,.9330367423183532E-18,.1558158937478510E-10,.7938022204752879E-18,.1990278516026494E-10,1.000000000000000,-1.4394513353305169e+00,1,1,1,1,0,KNOWN_OMISSION_CONFIRMED
run1,I0,KPU,D3,.3000000000000000E-03,-1,SMOOTH,SMOOTH,.5988071690548622E-07,.5988071690736757E-07,.5279067977968463E-17,.8815973239156294E-10,.5028966956746790E-17,.1260899079555748E-09,1.000000000000000,-3.2491932128956857e-01,1,1,1,1,0,KNOWN_OMISSION_CONFIRMED
run1,I0,KPU,D3,.1000000000000000E-03,-1,SMOOTH,SMOOTH,.5988071690145648E-07,.5988071690736757E-07,.7543678456495749E-17,.1259784258789927E-09,.5028966956746790E-17,.1260899079602539E-09,.9999999999999998,-1.2299667438104835e+00,1,1,1,1,0,KNOWN_OMISSION_CONFIRMED
run1,I0,KPU,D3,.3000000000000000E-04,-1,SMOOTH,SMOOTH,.5988071691876337E-07,.5988071690736757E-07,.3316703403211316E-16,.5538850524636990E-09,.3167579629675453E-16,.7941985449451482E-09,1.000000000000000,-1.0471876730495184e+00,1,1,1,1,0,KNOWN_OMISSION_CONFIRMED
run1,I0,KPU,D3,.1000000000000000E-04,-1,SMOOTH,SMOOTH,.5988071698568799E-07,.5988071690736757E-07,.1047953790556291E-15,.1750068875773083E-08,.8814465724122625E-16,.2210026791053526E-08,.9999999999999998,-8.7982216284042647e-01,1,1,1,1,0,KNOWN_OMISSION_CONFIRMED
run1,I0,KPU,D3,.3000000000000000E-05,-1,SMOOTH,SMOOTH,.5988071691357206E-07,.5988071690736757E-07,.3022612273278022E-15,.5047722253627432E-08,.2293168129111280E-15,.5749597498331457E-08,1.000000000000000,-1.0579649375429747e+00,1,1,1,1,0,KNOWN_OMISSION_CONFIRMED
run1,I0,KPU,D3,.1000000000000000E-05,-1,SMOOTH,SMOOTH,.5988071697206305E-07,.5988071690736757E-07,.9664068506613104E-15,.1613886572387203E-07,.8182786635455770E-15,.2051647618701221E-07,.9999999999999998,-1.1490685358200610e+00,1,1,1,1,0,KNOWN_OMISSION_CONFIRMED
run1,I0,KPU,D3,.3000000000000000E-06,-1,SMOOTH,SMOOTH,.5988071418530480E-07,.5988071690736757E-07,.3854637251693556E-14,.6437192890753936E-07,.2311782022234328E-14,.5796267601572410E-07,.9999999999999987,-9.6277762389879507e-01,1,1,1,1,0,KNOWN_OMISSION_CONFIRMED
run1,I0,KPU,D3,.1000000000000000E-06,-1,SMOOTH,SMOOTH,.5988072274632732E-07,.5988071690736757E-07,.1110056750206692E-13,.1853779813094816E-06,.8981990603411380E-14,.2252029786708303E-06,.9999999999999877,-9.6277762389879507e-01,1,1,1,1,0,KNOWN_OMISSION_CONFIRMED
run1,I0,KPP,D1,.1000000000000000E-01,-1,SMOOTH,SMOOTH,.4166672083333275E-01,.4167672083333333E-01,.1000000000058246E-04,.2399421019847701E-03,.5000000000501131E-05,.2399421019948430E-03,1.000000000000000,-1.1296101288190267e-10,1,1,1,1,0,APPROXIMATE_BOUNDED
run1,I0,KPP,D1,.3000000000000000E-02,-1,SMOOTH,SMOOTH,.4166672083333139E-01,.4167672083333333E-01,.1000000000194248E-04,.2399421020174028E-03,.5000000001885441E-05,.2399421020612738E-03,.9999999999999999,1.7716499526390079e-10,1,1,1,1,0,APPROXIMATE_BOUNDED
run1,I0,KPP,D1,.1000000000000000E-02,-1,SMOOTH,SMOOTH,.4166672083333334E-01,.4167672083333333E-01,.9999999999996123E-05,.2399421019707014E-03,.5000000002045035E-05,.2399421020689324E-03,.9999999999999998,5.3728649529882004e-10,1,1,1,1,0,APPROXIMATE_BOUNDED
run1,I0,KPP,D1,.3000000000000000E-03,-1,SMOOTH,SMOOTH,.4166672083333980E-01,.4167672083333333E-01,.9999999993527339E-05,.2399421018154881E-03,.5000000000338067E-05,.2399421019870178E-03,.9999999999999998,-5.8881409215845913e-09,1,1,1,1,0,APPROXIMATE_BOUNDED
run1,I0,KPP,D1,.1000000000000000E-03,-1,SMOOTH,SMOOTH,.4166672083327511E-01,.4167672083333333E-01,.1000000005821518E-04,.2399421033676217E-03,.5000000046342934E-05,.2399421041947186E-03,1.000000000000000,2.0951149569588567e-08,1,1,1,1,0,APPROXIMATE_BOUNDED
run1,I0,KPP,D1,.3000000000000000E-04,-1,SMOOTH,SMOOTH,.4166672083352736E-01,.4167672083333333E-01,.9999999805969037E-05,.2399420973151747E-03,.4999999940677458E-05,.2399420991239993E-03,1.000000000000000,-5.2979372629168258e-08,1,1,1,1,0,APPROXIMATE_BOUNDED
run1,I0,KPP,D1,.1000000000000000E-04,-1,SMOOTH,SMOOTH,.4166672083294532E-01,.4167672083333333E-01,.1000000038800694E-04,.2399421112807144E-03,.5000000541648120E-05,.2399421279636321E-03,1.000000000000000,-1.2893766072314839e-07,1,1,1,1,0,APPROXIMATE_BOUNDED
run1,I0,KPP,D1,.3000000000000000E-05,-1,SMOOTH,SMOOTH,.4166672083139294E-01,.4167672083333333E-01,.1000000194038149E-04,.2399421485287157E-03,.5000001401099519E-05,.2399421692073471E-03,1.000000000000000,-7.6748537841002098e-11,1,1,1,1,0,APPROXIMATE_BOUNDED
run1,I0,KPP,D1,.1000000000000000E-05,-1,SMOOTH,SMOOTH,.4166672083139211E-01,.4167672083333333E-01,.1000000194122466E-04,.2399421485489471E-03,.5000001824899403E-05,.2399421895448342E-03,.9999999999999999,1.2357095493687457e-06,1,1,1,1,0,APPROXIMATE_BOUNDED
run1,I0,KPP,D1,.3000000000000000E-06,-1,SMOOTH,SMOOTH,.4166672084626971E-01,.4167672083333333E-01,.9999987063625924E-05,.2399417915727157E-03,.4999999248227888E-05,.2399420658944383E-03,.9999999999999998,-1.1771367407062743e-06,1,1,1,1,0,APPROXIMATE_BOUNDED
run1,I0,KPP,D1,.1000000000000000E-06,-1,SMOOTH,SMOOTH,.4166672083333763E-01,.4167672083333333E-01,.9999999995786444E-05,.2399421018696935E-03,.5000034658437374E-05,.2399437651744574E-03,1.000000000000000,-1.1771367406325636e-06,1,1,1,1,0,APPROXIMATE_BOUNDED
run1,I0,KPP,D2,.1000000000000000E-01,-1,SMOOTH,SMOOTH,.2608213663885926E-01,.2609213663535690E-01,.1000000000017827E-04,.3832572295603987E-03,.5000000000091737E-05,.3828275676115806E-03,.9999999999999485,-8.0682024702737950e-12,1,1,1,1,0,APPROXIMATE_BOUNDED
run1,I0,KPP,D2,.3000000000000000E-02,-1,SMOOTH,SMOOTH,.2608213663885916E-01,.2609213663535690E-01,.1000000000027541E-04,.3832572295641218E-03,.5000000001340738E-05,.3828275677072111E-03,.9999999999999487,-6.6082492107496266e-11,1,1,1,1,0,APPROXIMATE_BOUNDED
run1,I0,KPP,D2,.1000000000000000E-02,-1,SMOOTH,SMOOTH,.2608213663885843E-01,.2609213663535690E-01,.1000000000100140E-04,.3832572295919456E-03,.5000000005209171E-05,.3828275680033997E-03,.9999999999999485,2.0942543564129139e-10,1,1,1,1,0,APPROXIMATE_BOUNDED
run1,I0,KPP,D2,.3000000000000000E-03,-1,SMOOTH,SMOOTH,.2608213663886096E-01,.2609213663535690E-01,.9999999998479975E-05,.3832572294953103E-03,.5000000004968044E-05,.3828275679849376E-03,.9999999999999487,1.2463942163257905e-09,1,1,1,1,0,APPROXIMATE_BOUNDED
run1,I0,KPP,D2,.1000000000000000E-03,-1,SMOOTH,SMOOTH,.2608213663887466E-01,.2609213663535690E-01,.9999999984786935E-05,.3832572289705147E-03,.5000000015503020E-05,.3828275687915535E-03,.9999999999999487,-1.5858527560467832e-09,1,1,1,1,0,APPROXIMATE_BOUNDED
run1,I0,KPP,D2,.3000000000000000E-04,-1,SMOOTH,SMOOTH,.2608213663885549E-01,.2609213663535690E-01,.1000000000388017E-04,.3832572297022766E-03,.5000000084347256E-05,.3828275740626478E-03,.9999999999999485,-4.5601909854234022e-09,1,1,1,1,0,APPROXIMATE_BOUNDED
run1,I0,KPP,D2,.1000000000000000E-04,-1,SMOOTH,SMOOTH,.2608213663880519E-01,.2609213663535690E-01,.1000000005397899E-04,.3832572316223502E-03,.5000000288857276E-05,.3828275897210625E-03,.9999999999999485,1.8197712761987960e-08,1,1,1,1,0,APPROXIMATE_BOUNDED
run1,I0,KPP,D2,.3000000000000000E-05,-1,SMOOTH,SMOOTH,.2608213663902530E-01,.2609213663535690E-01,.9999999834883479E-05,.3832572232253564E-03,.5000000740220181E-05,.3828276242798951E-03,.9999999999999484,3.9061123832801561e-08,1,1,1,1,0,APPROXIMATE_BOUNDED
run1,I0,KPP,D2,.1000000000000000E-05,-1,SMOOTH,SMOOTH,.2608213663945509E-01,.2609213663535690E-01,.9999999405753188E-05,.3832572067786277E-03,.5000001418044298E-05,.3828276761778467E-03,.9999999999999487,1.8410700326731212e-07,1,1,1,1,0,APPROXIMATE_BOUNDED
run1,I0,KPP,D2,.3000000000000000E-06,-1,SMOOTH,SMOOTH,.2608213664165954E-01,.2609213663535690E-01,.9999997189155314E-05,.3832571218259117E-03,.5000013807791512E-05,.3828286248052045E-03,.9999999999999487,-1.2499492531664298e-06,1,1,1,1,0,APPROXIMATE_BOUNDED
run1,I0,KPP,D2,.1000000000000000E-06,-1,SMOOTH,SMOOTH,.2608213662790764E-01,.2609213663535690E-01,.1000001092125698E-04,.3832576481186355E-03,.5000059713817021E-05,.3828321396236213E-03,.9999999999999490,-1.2499492531747814e-06,1,1,1,1,0,APPROXIMATE_BOUNDED
run1,I0,KPP,D3,.1000000000000000E-01,-1,SMOOTH,SMOOTH,.4069962516503978E-01,.4070955059161876E-01,.9999999999533934E-05,.2456426036202110E-03,.7557465783732814E-05,.2550440666080481E-03,.9999999995515906,-1.8548797018209997e-11,1,1,1,1,0,APPROXIMATE_BOUNDED
run1,I0,KPP,D3,.3000000000000000E-02,-1,SMOOTH,SMOOTH,.4069962516503956E-01,.4070955059161876E-01,.9999999999757256E-05,.2456426036256968E-03,.7557465784926304E-05,.2550440666483252E-03,.9999999995515905,-3.2484281309176279e-10,1,1,1,1,0,APPROXIMATE_BOUNDED
run1,I0,KPP,D3,.1000000000000000E-02,-1,SMOOTH,SMOOTH,.4069962516503654E-01,.4070955059161876E-01,.1000000000332602E-04,.2456426037133609E-03,.7557465784957529E-05,.2550440666493789E-03,.9999999995515905,7.6508561475384883e-10,1,1,1,1,0,APPROXIMATE_BOUNDED
run1,I0,KPP,D3,.3000000000000000E-03,-1,SMOOTH,SMOOTH,.4069962516504552E-01,.4070955059161876E-01,.9999999994114597E-05,.2456426034870890E-03,.7557465783566281E-05,.2550440666024281E-03,.9999999995515902,3.3023892509548121e-09,1,1,1,1,0,APPROXIMATE_BOUNDED
run1,I0,KPP,D3,.1000000000000000E-03,-1,SMOOTH,SMOOTH,.4069962516508503E-01,.4070955059161876E-01,.9999999957834143E-05,.2456426025958865E-03,.7557465775118177E-05,.2550440663173274E-03,.9999999995515905,-1.2380063076698350e-09,1,1,1,1,0,APPROXIMATE_BOUNDED
run1,I0,KPP,D3,.3000000000000000E-04,-1,SMOOTH,SMOOTH,.4069962516507087E-01,.4070955059161876E-01,.9999999972739402E-05,.2456426029620232E-03,.7557465848819639E-05,.2550440688045527E-03,.9999999995515905,-1.5118555296437790e-08,1,1,1,1,0,APPROXIMATE_BOUNDED
run1,I0,KPP,D3,.1000000000000000E-04,-1,SMOOTH,SMOOTH,.4069962516495509E-01,.4070955059161876E-01,.1000000013883371E-04,.2456426070420068E-03,.7557465766531296E-05,.2550440660275433E-03,.9999999995515901,1.2178588568238614e-07,1,1,1,1,0,APPROXIMATE_BOUNDED
run1,I0,KPP,D3,.3000000000000000E-05,-1,SMOOTH,SMOOTH,.4069962516634513E-01,.4070955059161876E-01,.9999998672564855E-05,.2456425710241970E-03,.7557465029426474E-05,.2550440411522456E-03,.9999999995515907,5.5138664700049623e-07,1,1,1,1,0,APPROXIMATE_BOUNDED
run1,I0,KPP,D3,.1000000000000000E-05,-1,SMOOTH,SMOOTH,.4069962517218857E-01,.4070955059161876E-01,.9999992614966032E-05,.2456424222237624E-03,.7557461834558493E-05,.2550439333340767E-03,.9999999995515922,-8.6700135707213697e-08,1,1,1,1,0,APPROXIMATE_BOUNDED
run1,I0,KPP,D3,.3000000000000000E-06,-1,SMOOTH,SMOOTH,.4069962517151678E-01,.4070955059161876E-01,.9999993658811371E-05,.2456424478650511E-03,.7557476101417021E-05,.2550444148020345E-03,.9999999995515900,4.4562003228532153e-06,1,1,1,1,0,APPROXIMATE_BOUNDED
run1,I0,KPP,D3,.1000000000000000E-06,-1,SMOOTH,SMOOTH,.4069962521840751E-01,.4070955059161876E-01,.9999944702597896E-05,.2456412452918769E-03,.7557433594481550E-05,.2550429803077222E-03,.9999999995516043,4.4562003228381941e-06,1,1,1,1,0,APPROXIMATE_BOUNDED
run1,I0,KPS,D1,.1000000000000000E-01,-1,SMOOTH,SMOOTH,.6550188703341724E-06,.6550188703342731E-06,.1687223036594060E-18,.2575838823899876E-12,.1541070568410793E-18,.3506506324440552E-12,1.000000000000000,-7.5468859994125237e-01,1,1,1,1,0,CONSISTENT_NUMERICALLY
run1,I0,KPS,D1,.3000000000000000E-02,-1,SMOOTH,SMOOTH,.6550188703340809E-06,.6550188703342731E-06,.4185844827319604E-18,.6390418683943349E-12,.2976526716210815E-18,.6772700724550672E-12,.9999999999999999,-8.1139844220651125e-01,1,1,1,1,0,CONSISTENT_NUMERICALLY
run1,I0,KPS,D1,.1000000000000000E-02,-1,SMOOTH,SMOOTH,.6550188703338599E-06,.6550188703342731E-06,.1020748070068035E-17,.1558349104579415E-11,.8317334146445195E-18,.1892501575515827E-11,1.000000000000000,-1.3581409595596492e+00,1,1,1,1,0,CONSISTENT_NUMERICALLY
run1,I0,KPS,D1,.3000000000000000E-03,-1,SMOOTH,SMOOTH,.6550188703322813E-06,.6550188703342731E-06,.5236747189767100E-17,.7994803549849872E-11,.4784545011904721E-17,.1088661200057042E-10,1.000000000000000,-4.9986773070827922e-01,1,1,1,1,0,CONSISTENT_NUMERICALLY
run1,I0,KPS,D1,.1000000000000000E-03,-1,SMOOTH,SMOOTH,.6550188703291242E-06,.6550188703342731E-06,.9068994263551825E-17,.1384539388754355E-10,.7607996992678922E-17,.1731101100624102E-10,1.000000000000000,-1.2116287485147506e+00,1,1,1,1,0,CONSISTENT_NUMERICALLY
run1,I0,KPS,D1,.3000000000000000E-04,-1,SMOOTH,SMOOTH,.6550188703363916E-06,.6550188703342731E-06,.3900264381977974E-16,.5954430564687324E-10,.3474365037003609E-16,.7905467293578721E-10,1.000000000000000,-1.3230161163295662e+00,1,1,1,1,0,CONSISTENT_NUMERICALLY
run1,I0,KPS,D1,.1000000000000000E-04,-1,SMOOTH,SMOOTH,.6550188704531879E-06,.6550188703342731E-06,.1668526683517732E-15,.2547295595260223E-09,.1194469450954661E-15,.2717860408045554E-09,1.000000000000000,-6.0607089936265301e-01,1,1,1,1,0,CONSISTENT_NUMERICALLY
run1,I0,KPS,D1,.3000000000000000E-05,-1,SMOOTH,SMOOTH,.6550188700270384E-06,.6550188703342731E-06,.3461264178773988E-15,.5284220555367534E-09,.2814811715316616E-15,.6404739201557480E-09,1.000000000000000,-7.5304595148086118e-01,1,1,1,1,0,CONSISTENT_NUMERICALLY
run1,I0,KPS,D1,.1000000000000000E-05,-1,SMOOTH,SMOOTH,.6550188703109695E-06,.6550188703342731E-06,.7916422728968829E-15,.1208579338321791E-08,.7275860021588342E-15,.1655527638020721E-08,.9999999999999999,-1.2134243277555905e+00,1,1,1,1,0,CONSISTENT_NUMERICALLY
run1,I0,KPS,D1,.3000000000000000E-06,-1,SMOOTH,SMOOTH,.6550188733097055E-06,.6550188703342731E-06,.3411950854781641E-14,.5208935183106404E-08,.2824306319380626E-14,.6426342917072951E-08,.9999999999999999,-9.4003834820972443e-01,1,1,1,1,0,CONSISTENT_NUMERICALLY
run1,I0,KPS,D1,.1000000000000000E-06,-1,SMOOTH,SMOOTH,.6550188774147634E-06,.6550188703342731E-06,.9583299106263689E-14,.1463056934189007E-07,.7742743470384169E-14,.1761760896773649E-07,.9999999999999999,-9.4003834820972443e-01,1,1,1,1,0,CONSISTENT_NUMERICALLY
run1,I0,KPS,D2,.1000000000000000E-01,-1,SMOOTH,SMOOTH,.7407407399847411E-10,.7407407407406022E-10,.1031389315831713E-18,.1392375576373073E-08,.6956588951570963E-19,.1878279016156379E-08,1.000000000000000,-1.3832921813505976e+00,1,1,1,1,0,CONSISTENT_NUMERICALLY
run1,I0,KPS,D2,.3000000000000000E-02,-1,SMOOTH,SMOOTH,.7407407372318840E-10,.7407407407406022E-10,.5454019776466899E-18,.7362926698231691E-08,.4930261148612062E-18,.1331170507551535E-07,.9999999999999999,-8.7941921397883416e-01,1,1,1,1,0,CONSISTENT_NUMERICALLY
run1,I0,KPS,D2,.1000000000000000E-02,-1,SMOOTH,SMOOTH,.7407407435846312E-10,.7407407407406022E-10,.1433198375311521E-17,.1934817799242300E-07,.1201039779647394E-17,.3242807299894705E-07,.9999999999999999,-1.0359751812935307e+00,1,1,1,1,0,CONSISTENT_NUMERICALLY
run1,I0,KPS,D2,.3000000000000000E-03,-1,SMOOTH,SMOOTH,.7407407308791386E-10,.7407407407406022E-10,.4988795595847892E-17,.6734874054395915E-07,.4728247092952013E-17,.1276626683432466E-06,.9999999999999978,-3.9252566603845468e-01,1,1,1,1,0,CONSISTENT_NUMERICALLY
run1,I0,KPS,D2,.1000000000000000E-03,-1,SMOOTH,SMOOTH,.7407407097033166E-10,.7407407407406022E-10,.7678529345877063E-17,.1036601461693597E-06,.4728296730251115E-17,.1276639988180842E-06,.9999999999999956,-1.6344815221643654e+00,1,1,1,1,0,CONSISTENT_NUMERICALLY
run1,I0,KPS,D2,.3000000000000000E-04,-1,SMOOTH,SMOOTH,.7407408296998458E-10,.7407407407406022E-10,.5494316785439963E-16,.7417326769561636E-06,.4327028657617521E-16,.1168296372638653E-05,.9999999999997321,-6.8821662524469507e-01,1,1,1,1,0,CONSISTENT_NUMERICALLY
run1,I0,KPS,D2,.1000000000000000E-04,-1,SMOOTH,SMOOTH,.7407400532533845E-10,.7407407407406022E-10,.1170244141547778E-15,.1579829591089796E-05,.9790187129738740E-16,.2643348444362748E-05,.9999999999991825,-6.8041473671206454e-01,1,1,1,1,0,CONSISTENT_NUMERICALLY
run1,I0,KPS,D2,.3000000000000000E-05,-1,SMOOTH,SMOOTH,.7407394885678470E-10,.7407407407406022E-10,.2654916578558513E-15,.3584137381054663E-05,.2390740291709500E-15,.6454991246263603E-05,.9999999999950058,-1.9597792080866516e+00,1,1,1,1,0,CONSISTENT_NUMERICALLY
run1,I0,KPS,D2,.1000000000000000E-05,-1,SMOOTH,SMOOTH,.7407345478655196E-10,.7407407407406022E-10,.2286141956797488E-14,.3086291641677186E-04,.2215484239433138E-14,.5981754857307437E-04,.9999999995586843,-6.2642636433907362e-01,1,1,1,1,0,CONSISTENT_NUMERICALLY
run1,I0,KPS,D2,.3000000000000000E-06,-1,SMOOTH,SMOOTH,.7407656065904057E-10,.7407407407406022E-10,.4860133799808455E-14,.6560960385537697E-04,.3713746447595246E-14,.1002611007889321E-03,.9999999984110344,-3.4564551485799938e-01,1,1,1,1,0,CONSISTENT_NUMERICALLY
run1,I0,KPS,D2,.1000000000000000E-06,-1,SMOOTH,SMOOTH,.7407514915270039E-10,.7407407407406022E-10,.7104983068486664E-14,.9591587934356058E-04,.4756583051417537E-14,.1284148660816373E-03,.9999999955053254,-3.4564551485799933e-01,1,1,1,1,0,CONSISTENT_NUMERICALLY
run1,I0,KPS,D3,.1000000000000000E-01,-1,SMOOTH,SMOOTH,.4030708113787089E-06,.4030708113788013E-06,.1546226919078330E-18,.3836117315935347E-12,.1413486230730614E-18,.4398102213468383E-12,1.000000000000000,-5.7889055548422497e-02,1,1,1,1,0,CONSISTENT_NUMERICALLY
run1,I0,KPS,D3,.3000000000000000E-02,-1,SMOOTH,SMOOTH,.4030708113788623E-06,.4030708113788013E-06,.1657838368493070E-18,.4113020148548544E-12,.1298111078891717E-18,.4039109179329398E-12,1.000000000000000,-1.8822635206791538e+00,1,1,1,1,0,CONSISTENT_NUMERICALLY
run1,I0,KPS,D3,.1000000000000000E-02,-1,SMOOTH,SMOOTH,.4030708113779619E-06,.4030708113788013E-06,.1311022421811489E-17,.3252585860352477E-11,.1157788159778222E-17,.3602490464739833E-11,1.000000000000000,-8.9436570314529962e-01,1,1,1,1,0,CONSISTENT_NUMERICALLY
run1,I0,KPS,D3,.3000000000000000E-03,-1,SMOOTH,SMOOTH,.4030708113811137E-06,.4030708113788013E-06,.3848176082242780E-17,.9547146490357576E-11,.3642082854515881E-17,.1133244337001844E-10,1.000000000000000,-9.0668479093036014e-01,1,1,1,1,0,CONSISTENT_NUMERICALLY
run1,I0,KPS,D3,.1000000000000000E-03,-1,SMOOTH,SMOOTH,.4030708113692472E-06,.4030708113788013E-06,.1041965935612106E-16,.2585069189326336E-10,.7343246257102750E-17,.2284871752922095E-10,.9999999999999999,-1.3798294357004020e+00,1,1,1,1,0,CONSISTENT_NUMERICALLY
run1,I0,KPS,D3,.3000000000000000E-04,-1,SMOOTH,SMOOTH,.4030708113971838E-06,.4030708113788013E-06,.5487025835932310E-16,.1361305676516830E-09,.4912560806992407E-16,.1528557129829864E-09,.9999999999999999,-7.8234626813694008e-01,1,1,1,1,0,CONSISTENT_NUMERICALLY
run1,I0,KPS,D3,.1000000000000000E-04,-1,SMOOTH,SMOOTH,.4030708114009818E-06,.4030708113788013E-06,.1296018014372390E-15,.3215360620799427E-09,.1250501209811125E-15,.3890969730898903E-09,1.000000000000000,-1.1799906523953507e+00,1,1,1,1,0,CONSISTENT_NUMERICALLY
run1,I0,KPS,D3,.3000000000000000E-05,-1,SMOOTH,SMOOTH,.4030708117287694E-06,.4030708113788013E-06,.5365411922123358E-15,.1331133827108722E-08,.4638632998828327E-15,.1443323720441411E-08,.9999999999999999,-2.5939027186613167e-01,1,1,1,1,0,CONSISTENT_NUMERICALLY
run1,I0,KPS,D3,.1000000000000000E-05,-1,SMOOTH,SMOOTH,.4030708114494032E-06,.4030708113788013E-06,.7134502293739249E-15,.1770036949111814E-08,.4638632998828327E-15,.1443323720441411E-08,1.000000000000000,-1.5139224931319815e+00,1,1,1,1,0,CONSISTENT_NUMERICALLY
run1,I0,KPS,D3,.3000000000000000E-06,-1,SMOOTH,SMOOTH,.4030708152507282E-06,.4030708113788013E-06,.4415313809159246E-14,.1095418879784864E-07,.3606664013007765E-14,.1122223655994991E-07,.9999999999999999,-5.8140007958990947e-01,1,1,1,1,0,CONSISTENT_NUMERICALLY
run1,I0,KPS,D3,.1000000000000000E-06,-1,SMOOTH,SMOOTH,.4030708071001442E-06,.4030708113788013E-06,.8362957910406223E-14,.2074811093812202E-07,.8006466172660171E-14,.2491234497405407E-07,.9999999999999999,-5.8140007958990947e-01,1,1,1,1,0,CONSISTENT_NUMERICALLY
run1,I0,KSU,D1,.1000000000000000E-01,-1,SMOOTH,SMOOTH,.000000000000000,.7759641962678239E-23,.7759641962678239E-23,1.000000000000000,.6617444900424221E-23,1.000000000000000,.000000000000000,0.0000000000000000e+00,1,1,1,1,0,KNOWN_OMISSION_CONFIRMED
run1,I0,KSU,D1,.3000000000000000E-02,-1,SMOOTH,SMOOTH,.000000000000000,.7759641962678239E-23,.7759641962678239E-23,1.000000000000000,.6617444900424221E-23,1.000000000000000,.000000000000000,0.0000000000000000e+00,1,1,1,1,0,KNOWN_OMISSION_CONFIRMED
run1,I0,KSU,D1,.1000000000000000E-02,-1,SMOOTH,SMOOTH,.000000000000000,.7759641962678239E-23,.7759641962678239E-23,1.000000000000000,.6617444900424221E-23,1.000000000000000,.000000000000000,0.0000000000000000e+00,1,1,1,1,0,KNOWN_OMISSION_CONFIRMED
run1,I0,KSU,D1,.3000000000000000E-03,-1,SMOOTH,SMOOTH,.000000000000000,.7759641962678239E-23,.7759641962678239E-23,1.000000000000000,.6617444900424221E-23,1.000000000000000,.000000000000000,0.0000000000000000e+00,1,1,1,1,0,KNOWN_OMISSION_CONFIRMED
run1,I0,KSU,D1,.1000000000000000E-03,-1,SMOOTH,SMOOTH,.000000000000000,.7759641962678239E-23,.7759641962678239E-23,1.000000000000000,.6617444900424221E-23,1.000000000000000,.000000000000000,0.0000000000000000e+00,1,1,1,1,0,KNOWN_OMISSION_CONFIRMED
run1,I0,KSU,D1,.3000000000000000E-04,-1,SMOOTH,SMOOTH,.000000000000000,.7759641962678239E-23,.7759641962678239E-23,1.000000000000000,.6617444900424221E-23,1.000000000000000,.000000000000000,0.0000000000000000e+00,1,1,1,1,0,KNOWN_OMISSION_CONFIRMED
run1,I0,KSU,D1,.1000000000000000E-04,-1,SMOOTH,SMOOTH,.000000000000000,.7759641962678239E-23,.7759641962678239E-23,1.000000000000000,.6617444900424221E-23,1.000000000000000,.000000000000000,0.0000000000000000e+00,1,1,1,1,0,KNOWN_OMISSION_CONFIRMED
run1,I0,KSU,D1,.3000000000000000E-05,-1,SMOOTH,SMOOTH,.000000000000000,.7759641962678239E-23,.7759641962678239E-23,1.000000000000000,.6617444900424221E-23,1.000000000000000,.000000000000000,0.0000000000000000e+00,1,1,1,1,0,KNOWN_OMISSION_CONFIRMED
run1,I0,KSU,D1,.1000000000000000E-05,-1,SMOOTH,SMOOTH,.000000000000000,.7759641962678239E-23,.7759641962678239E-23,1.000000000000000,.6617444900424221E-23,1.000000000000000,.000000000000000,0.0000000000000000e+00,1,1,1,1,0,KNOWN_OMISSION_CONFIRMED
run1,I0,KSU,D1,.3000000000000000E-06,-1,SMOOTH,SMOOTH,.000000000000000,.7759641962678239E-23,.7759641962678239E-23,1.000000000000000,.6617444900424221E-23,1.000000000000000,.000000000000000,0.0000000000000000e+00,1,1,1,1,0,KNOWN_OMISSION_CONFIRMED
run1,I0,KSU,D1,.1000000000000000E-06,-1,SMOOTH,SMOOTH,.000000000000000,.7759641962678239E-23,.7759641962678239E-23,1.000000000000000,.6617444900424221E-23,1.000000000000000,.000000000000000,-0.0000000000000000e+00,1,1,1,1,0,KNOWN_OMISSION_CONFIRMED
run1,I0,KSU,D2,.1000000000000000E-01,-1,SMOOTH,SMOOTH,.000000000000000,.5231549544001671E-23,.5231549544001671E-23,1.000000000000000,.3308722450212111E-23,1.000000000000000,.000000000000000,0.0000000000000000e+00,1,1,1,1,0,KNOWN_OMISSION_CONFIRMED
run1,I0,KSU,D2,.3000000000000000E-02,-1,SMOOTH,SMOOTH,.000000000000000,.5231549544001671E-23,.5231549544001671E-23,1.000000000000000,.3308722450212111E-23,1.000000000000000,.000000000000000,0.0000000000000000e+00,1,1,1,1,0,KNOWN_OMISSION_CONFIRMED
run1,I0,KSU,D2,.1000000000000000E-02,-1,SMOOTH,SMOOTH,.000000000000000,.5231549544001671E-23,.5231549544001671E-23,1.000000000000000,.3308722450212111E-23,1.000000000000000,.000000000000000,0.0000000000000000e+00,1,1,1,1,0,KNOWN_OMISSION_CONFIRMED
run1,I0,KSU,D2,.3000000000000000E-03,-1,SMOOTH,SMOOTH,.000000000000000,.5231549544001671E-23,.5231549544001671E-23,1.000000000000000,.3308722450212111E-23,1.000000000000000,.000000000000000,0.0000000000000000e+00,1,1,1,1,0,KNOWN_OMISSION_CONFIRMED
run1,I0,KSU,D2,.1000000000000000E-03,-1,SMOOTH,SMOOTH,.000000000000000,.5231549544001671E-23,.5231549544001671E-23,1.000000000000000,.3308722450212111E-23,1.000000000000000,.000000000000000,0.0000000000000000e+00,1,1,1,1,0,KNOWN_OMISSION_CONFIRMED
run1,I0,KSU,D2,.3000000000000000E-04,-1,SMOOTH,SMOOTH,.000000000000000,.5231549544001671E-23,.5231549544001671E-23,1.000000000000000,.3308722450212111E-23,1.000000000000000,.000000000000000,0.0000000000000000e+00,1,1,1,1,0,KNOWN_OMISSION_CONFIRMED
run1,I0,KSU,D2,.1000000000000000E-04,-1,SMOOTH,SMOOTH,.000000000000000,.5231549544001671E-23,.5231549544001671E-23,1.000000000000000,.3308722450212111E-23,1.000000000000000,.000000000000000,0.0000000000000000e+00,1,1,1,1,0,KNOWN_OMISSION_CONFIRMED
run1,I0,KSU,D2,.3000000000000000E-05,-1,SMOOTH,SMOOTH,.000000000000000,.5231549544001671E-23,.5231549544001671E-23,1.000000000000000,.3308722450212111E-23,1.000000000000000,.000000000000000,0.0000000000000000e+00,1,1,1,1,0,KNOWN_OMISSION_CONFIRMED
run1,I0,KSU,D2,.1000000000000000E-05,-1,SMOOTH,SMOOTH,.000000000000000,.5231549544001671E-23,.5231549544001671E-23,1.000000000000000,.3308722450212111E-23,1.000000000000000,.000000000000000,0.0000000000000000e+00,1,1,1,1,0,KNOWN_OMISSION_CONFIRMED
run1,I0,KSU,D2,.3000000000000000E-06,-1,SMOOTH,SMOOTH,.000000000000000,.5231549544001671E-23,.5231549544001671E-23,1.000000000000000,.3308722450212111E-23,1.000000000000000,.000000000000000,0.0000000000000000e+00,1,1,1,1,0,KNOWN_OMISSION_CONFIRMED
run1,I0,KSU,D2,.1000000000000000E-06,-1,SMOOTH,SMOOTH,.000000000000000,.5231549544001671E-23,.5231549544001671E-23,1.000000000000000,.3308722450212111E-23,1.000000000000000,.000000000000000,-0.0000000000000000e+00,1,1,1,1,0,KNOWN_OMISSION_CONFIRMED
run1,I0,KSU,D3,.1000000000000000E-01,-1,SMOOTH,SMOOTH,.1051928953667399E-06,.1051928953626398E-06,.1266337997858880E-16,.1203824643711893E-09,.1129454907692565E-16,.1611228934279478E-09,.9999999999999999,-8.6651008822507813e-01,1,1,1,1,0,KNOWN_OMISSION_CONFIRMED
run1,I0,KSU,D3,.3000000000000000E-02,-1,SMOOTH,SMOOTH,.1051928953722225E-06,.1051928953626398E-06,.3594424338280060E-16,.3416983937519048E-09,.3307183232528272E-16,.4717876986031361E-09,.9999999999999999,-1.3541420236132728e+00,1,1,1,1,0,KNOWN_OMISSION_CONFIRMED
run1,I0,KSU,D3,.1000000000000000E-02,-1,SMOOTH,SMOOTH,.1051928952939692E-06,.1051928953626398E-06,.1591179912991328E-15,.1512630589267390E-08,.1404937550710450E-15,.2004219927247697E-08,1.000000000000000,-4.9918558819485859e-01,1,1,1,1,0,KNOWN_OMISSION_CONFIRMED
run1,I0,KSU,D3,.3000000000000000E-03,-1,SMOOTH,SMOOTH,.1051928951384841E-06,.1051928953626398E-06,.2902236646571277E-15,.2758966407917727E-08,.1763822498786341E-15,.2516188850107811E-08,1.000000000000000,-1.4253152549072103e+00,1,1,1,1,0,KNOWN_OMISSION_CONFIRMED
run1,I0,KSU,D3,.1000000000000000E-03,-1,SMOOTH,SMOOTH,.1051928947895835E-06,.1051928953626398E-06,.1389251980043670E-14,.1320670921029782E-07,.1224695927556549E-14,.1747095436083059E-07,1.000000000000000,-7.2127758177011625e-01,1,1,1,1,0,KNOWN_OMISSION_CONFIRMED
run1,I0,KSU,D3,.3000000000000000E-04,-1,SMOOTH,SMOOTH,.1051928931809025E-06,.1051928953626398E-06,.3310714579912129E-14,.3147279641366311E-07,.2670298828615519E-14,.3809326700187543E-07,.9999999999999999,-1.1270686973575121e+00,1,1,1,1,0,KNOWN_OMISSION_CONFIRMED
run1,I0,KSU,D3,.1000000000000000E-04,-1,SMOOTH,SMOOTH,.1051928897530594E-06,.1051928953626398E-06,.1142010698444530E-13,.1085634818309341E-06,.9898313307440585E-14,.1412048298294938E-06,.9999999999999954,-1.2726159083231126e+00,1,1,1,1,0,KNOWN_OMISSION_CONFIRMED
run1,I0,KSU,D3,.3000000000000000E-05,-1,SMOOTH,SMOOTH,.1051929305084904E-06,.1051928953626398E-06,.5285596202800226E-13,.5024668651448600E-06,.4792580256286461E-13,.6836872059293465E-06,.9999999999999297,-7.1423913747888224e-01,1,1,1,1,0,KNOWN_OMISSION_CONFIRMED
run1,I0,KSU,D3,.1000000000000000E-05,-1,SMOOTH,SMOOTH,.1051928034600264E-06,.1051928953626398E-06,.1158437626795223E-12,.1101250823833348E-05,.9663448710628094E-13,.1378543584516125E-05,.9999999999997754,-1.1339604115445352e+00,1,1,1,1,0,KNOWN_OMISSION_CONFIRMED
run1,I0,KSU,D3,.3000000000000000E-06,-1,SMOOTH,SMOOTH,.1051931607454073E-06,.1051928953626398E-06,.4537289106018739E-12,.4313292873668914E-05,.4364425162961547E-12,.6226079499652754E-05,.9999999999938801,-9.8690535539101709e-01,1,1,1,1,0,KNOWN_OMISSION_CONFIRMED
run1,I0,KSU,D3,.1000000000000000E-06,-1,SMOOTH,SMOOTH,.1051936882634672E-06,.1051928953626398E-06,.1341744963904492E-11,.1275499496266324E-04,.1204408119876324E-11,.1718124253561638E-04,.9999999999470619,-9.8690535539101709e-01,1,1,1,1,0,KNOWN_OMISSION_CONFIRMED
run1,I0,KSP,D1,.1000000000000000E-01,-1,SMOOTH,SMOOTH,.000000000000000,.2897767167584095E-15,.2897767167584095E-15,1.000000000000000,.2220446049250313E-15,1.000000000000000,.000000000000000,-5.2814683275169605e+00,1,1,1,1,0,INCONCLUSIVE
run1,I0,KSP,D1,.3000000000000000E-02,-1,SMOOTH,SMOOTH,.1674702813709779E-12,.2897767167584095E-15,.1673520434915525E-12,.9992939769464917,.1423015351387225E-12,1.000000000000000,.4087521048686974,-7.0134273000694625e-01,1,1,1,1,0,INCONCLUSIVE
run1,I0,KSP,D1,.1000000000000000E-02,-1,SMOOTH,SMOOTH,.3616166644569273E-12,.2897767167584095E-15,.3616234149739201E-12,1.000018667604832,.2974547691492191E-12,1.000560175054705,-.2289513012351601E-01,-3.4686695301330750e-01,1,1,1,1,0,INCONCLUSIVE
run1,I0,KSP,D1,.3000000000000000E-03,-1,SMOOTH,SMOOTH,.5489743989004805E-12,.2897767167584095E-15,.5490677051301171E-12,1.000169964628266,.4371000089653521E-12,1.000381141439206,-.3217569740792365,-1.7157519858417838e+00,1,1,1,1,0,INCONCLUSIVE
run1,I0,KSP,D1,.1000000000000000E-03,-1,SMOOTH,SMOOTH,.3616166644569273E-11,.2897767167584095E-15,.3616160021698008E-11,.9999981685381465,.2972715823501559E-11,.9999439824945295,.2289513012351601E-01,-9.0972274030196287e-01,1,1,1,1,0,INCONCLUSIVE
run1,I0,KSP,D1,.3000000000000000E-04,-1,SMOOTH,SMOOTH,.1081237588652298E-10,.2897767167584095E-15,.1081240551950497E-10,1.000002740654071,.9230341028546954E-11,1.000018042286609,-.1022481718233317,-8.1168074153287778e-02,1,1,1,1,0,INCONCLUSIVE
run1,I0,KSP,D1,.1000000000000000E-04,-1,SMOOTH,SMOOTH,.1182087933052336E-10,.2897767167584095E-15,.1182086721643914E-10,.9999989751960174,.9042412651982801E-11,1.000018417266187,.4181712710920196E-01,-1.7638648856046393e+00,1,1,1,1,0,INCONCLUSIVE
run1,I0,KSP,D1,.3000000000000000E-05,-1,SMOOTH,SMOOTH,.9884098091777185E-10,.2897767167584095E-15,.9884092410936811E-10,.9999994252545532,.8554338487565261E-10,.9999980532319391,.1960433979270677,-1.6309325325113513e-01,1,1,1,1,0,INCONCLUSIVE
run1,I0,KSP,D1,.1000000000000000E-05,-1,SMOOTH,SMOOTH,.1182366214178508E-09,.2897767167584095E-15,.1182366332402941E-09,1.000000099989692,.9053071486908593E-10,.9999981604790419,-.4079723509693019E-01,-1.7640816194938083e+00,1,1,1,1,0,INCONCLUSIVE
run1,I0,KSP,D1,.3000000000000000E-06,-1,SMOOTH,SMOOTH,.9889011191677818E-09,.2897767167584095E-15,.9889010512522436E-09,.9999999313222152,.7385221577801045E-09,.9999996993393687,.2343721022090295,-1.2688546924927615e+00,1,1,1,1,0,INCONCLUSIVE
run1,I0,KSP,D1,.1000000000000000E-06,-1,SMOOTH,SMOOTH,.3986119982082307E-08,.2897767167584095E-15,.3986120116976170E-08,1.000000033840894,.3241222394645416E-08,1.000000000000000,-.4655096384796398,-1.2688546924927615e+00,1,1,1,1,0,INCONCLUSIVE
run1,I0,KSP,D2,.1000000000000000E-01,-1,SMOOTH,SMOOTH,2.006085407372226,2.006085407372226,.4002966042486721E-15,.1995411575088526E-15,.2220446049250313E-15,.2205479339713339E-15,1.000000000000000,-4.7416721968228259e+00,1,1,1,1,0,INCONCLUSIVE
run1,I0,KSP,D2,.3000000000000000E-02,-1,SMOOTH,SMOOTH,2.006085407372261,2.006085407372226,.1206984004777792E-12,.6016613252567352E-13,.9925393840148899E-13,.9858492648518454E-13,.9999999999999998,-1.0383929886601262e+00,1,1,1,1,0,INCONCLUSIVE
run1,I0,KSP,D2,.1000000000000000E-02,-1,SMOOTH,SMOOTH,2.006085407372114,2.006085407372226,.3776946911079645E-12,.1882744820933159E-12,.3014255511857300E-12,.2993938203660297E-12,1.000000000000000,7.0707261644006886e-03,1,1,1,1,0,INCONCLUSIVE
run1,I0,KSP,D2,.3000000000000000E-03,-1,SMOOTH,SMOOTH,2.006085407372166,2.006085407372226,.3744930376641476E-12,.1866785114372058E-12,.2633449014410871E-12,.2615698496900021E-12,.9999999999999998,-2.0737550947324990e+00,1,1,1,1,0,INCONCLUSIVE
run1,I0,KSP,D2,.1000000000000000E-03,-1,SMOOTH,SMOOTH,2.006085407372825,2.006085407372226,.3654907421282893E-11,.1821910177827059E-11,.2754907413304863E-11,.2736338216782341E-11,1.000000000000000,-1.1203678952458977e+00,1,1,1,1,0,INCONCLUSIVE
run1,I0,KSP,D2,.3000000000000000E-04,-1,SMOOTH,SMOOTH,2.006085407365888,2.006085407372226,.1408292738889574E-10,.7020103599349235E-11,.1134758953469372E-10,.1127110216554929E-10,1.000000000000000,-3.3889276036779170e-01,1,1,1,1,0,INCONCLUSIVE
run1,I0,KSP,D2,.1000000000000000E-04,-1,SMOOTH,SMOOTH,2.006085407371315,2.006085407372226,.2043552874871284E-10,.1018676905460439E-10,.1449096398431493E-10,.1439328899267701E-10,1.000000000000000,-1.6716085182904596e+00,1,1,1,1,0,INCONCLUSIVE
run1,I0,KSP,D2,.3000000000000000E-05,-1,SMOOTH,SMOOTH,2.006085407447490,2.006085407372226,.1529094913953461E-09,.7622282223263144E-10,.1193999343840346E-09,.1185951302604384E-09,1.000000000000000,-2.7651227039967891e-01,1,1,1,1,0,INCONCLUSIVE
run1,I0,KSP,D2,.1000000000000000E-05,-1,SMOOTH,SMOOTH,2.006085407406751,2.006085407372226,.2071878697664023E-09,.1032796854019452E-09,.1575910513196277E-09,.1565288235336729E-09,.9999999999999998,-1.4652468854078220e+00,1,1,1,1,0,INCONCLUSIVE
run1,I0,KSP,D2,.3000000000000000E-06,-1,SMOOTH,SMOOTH,2.006085407237740,2.006085407372226,.1209235192853848E-08,.6027835048348348E-09,.8858993538751747E-09,.8799280312374404E-09,.9999999999999998,-1.2448342218364636e+00,1,1,1,1,0,INCONCLUSIVE
run1,I0,KSP,D2,.1000000000000000E-06,-1,SMOOTH,SMOOTH,2.006085405558595,2.006085407372226,.4747310566685114E-08,.2366454862409683E-08,.3885213484267069E-08,.3859025565074982E-08,1.000000000000000,-1.2448342218364636e+00,1,1,1,1,0,INCONCLUSIVE
run1,I0,KSP,D3,.1000000000000000E-01,-1,SMOOTH,SMOOTH,1.037113296846471,1.037113296846494,.2775851755072987E-13,.2676517371355088E-13,.2353672812205332E-13,.3148967257014947E-13,1.000000000000000,-1.3575037437148278e+00,1,1,1,1,0,INCONCLUSIVE
run1,I0,KSP,D3,.3000000000000000E-02,-1,SMOOTH,SMOOTH,1.037113296846490,1.037113296846494,.1423004007129400E-12,.1372081537722318E-12,.7295553050568060E-13,.9760684475311070E-13,1.000000000000000,-9.0570310927481334e-01,1,1,1,1,0,INCONCLUSIVE
run1,I0,KSP,D3,.1000000000000000E-02,-1,SMOOTH,SMOOTH,1.037113296846334,1.037113296846494,.3848897335103292E-12,.3711163810941841E-12,.2766953333122046E-12,.3701893229384670E-12,1.000000000000000,-1.6523681907564067e-01,1,1,1,1,0,INCONCLUSIVE
run1,I0,KSP,D3,.3000000000000000E-03,-1,SMOOTH,SMOOTH,1.037113296846686,1.037113296846494,.4696076332811104E-12,.4528026346870099E-12,.3813616089587413E-12,.5102218173512426E-12,1.000000000000000,-1.8235899534405822e+00,1,1,1,1,0,INCONCLUSIVE
run1,I0,KSP,D3,.1000000000000000E-03,-1,SMOOTH,SMOOTH,1.037113296847925,1.037113296846494,.3481838909876443E-11,.3357240641363598E-11,.2748981597910927E-11,.3677848933406874E-11,1.000000000000000,-1.0108187668401236e+00,1,1,1,1,0,INCONCLUSIVE
run1,I0,KSP,D3,.3000000000000000E-04,-1,SMOOTH,SMOOTH,1.037113296836778,1.037113296846494,.1175829421231520E-10,.1133752141455340E-10,.6814881992056598E-11,.9117597034780588E-11,1.000000000000000,-8.1954334880694457e-01,1,1,1,1,0,INCONCLUSIVE
run1,I0,KSP,D3,.1000000000000000E-04,-1,SMOOTH,SMOOTH,1.037113296838125,1.037113296846494,.2893116176776655E-10,.2789585463395011E-10,.2088523798349229E-10,.2794225697978817E-10,1.000000000000000,-8.2540319837633580e-01,1,1,1,1,0,INCONCLUSIVE
run1,I0,KSP,D3,.3000000000000000E-05,-1,SMOOTH,SMOOTH,1.037113296785000,1.037113296846494,.7815408130692371E-10,.7535732262286433E-10,.4606293124709282E-10,.6162736872646167E-10,1.000000000000000,-1.1860374328178049e+00,1,1,1,1,0,INCONCLUSIVE
run1,I0,KSP,D3,.1000000000000000E-05,-1,SMOOTH,SMOOTH,1.037113296877679,1.037113296846494,.2876307610942007E-09,.2773378395206565E-09,.2226651363290699E-09,.2979025886378606E-09,1.000000000000000,-1.4771659884781054e+00,1,1,1,1,0,INCONCLUSIVE
run1,I0,KSP,D3,.3000000000000000E-06,-1,SMOOTH,SMOOTH,1.037113295785541,1.037113296846494,.1702997573184163E-08,.1642055480690870E-08,.1347180145216953E-08,.1802385677648189E-08,1.000000000000000,-5.5797463561290384e-01,1,1,1,1,0,INCONCLUSIVE
run1,I0,KSP,D3,.1000000000000000E-06,-1,SMOOTH,SMOOTH,1.037113297276229,1.037113296846494,.3143660131654921E-08,.3031163653875730E-08,.2388266182040688E-08,.3195249552592566E-08,1.000000000000000,-5.5797463561290384e-01,1,1,1,1,0,INCONCLUSIVE
run1,I0,KSS,D1,.1000000000000000E-01,-1,SMOOTH,SMOOTH,.4375033126981655E-01,.4375032791699469E-01,.4886997018520744E-06,.1117019432008803E-04,.3290852983763026E-06,.1496589998470284E-04,.9999999999376162,9.8871933284712505e-06,1,1,1,1,0,APPROXIMATE_BOUNDED
run1,I0,KSS,D1,.3000000000000000E-02,-1,SMOOTH,SMOOTH,.4375033126979515E-01,.4375032791699469E-01,.4886938844485135E-06,.1117006135187606E-04,.3290813934096748E-06,.1496572240015054E-04,.9999999999376179,9.6010940487476581e-07,1,1,1,1,0,APPROXIMATE_BOUNDED
run1,I0,KSS,D1,.1000000000000000E-02,-1,SMOOTH,SMOOTH,.4375033126979323E-01,.4375032791699469E-01,.4886933689803450E-06,.1117004956983620E-04,.3290810472941774E-06,.1496570665999921E-04,.9999999999376180,9.1544874471198165e-08,1,1,1,1,0,APPROXIMATE_BOUNDED
run1,I0,KSS,D1,.3000000000000000E-03,-1,SMOOTH,SMOOTH,.4375033126975482E-01,.4375032791699469E-01,.4886933151177674E-06,.1117004833871070E-04,.3290809912070980E-06,.1496570410935030E-04,.9999999999376180,-1.3834731216757450e-08,1,1,1,1,0,APPROXIMATE_BOUNDED
run1,I0,KSS,D1,.1000000000000000E-03,-1,SMOOTH,SMOOTH,.4375033126965298E-01,.4375032791699469E-01,.4886933225454200E-06,.1117004850851033E-04,.3290809243473858E-06,.1496570106879882E-04,.9999999999376180,2.2580446179025837e-08,1,1,1,1,0,APPROXIMATE_BOUNDED
run1,I0,KSS,D1,.3000000000000000E-04,-1,SMOOTH,SMOOTH,.4375033126943071E-01,.4375032791699469E-01,.4886933092596847E-06,.1117004820489542E-04,.3290808246007859E-06,.1496569653266395E-04,.9999999999376181,-1.1928138897593412e-06,1,1,1,1,0,APPROXIMATE_BOUNDED
run1,I0,KSS,D1,.1000000000000000E-04,-1,SMOOTH,SMOOTH,.4375033127107122E-01,.4375032791699469E-01,.4886939496633632E-06,.1117006284216411E-04,.3290818003792717E-06,.1496574090773859E-04,.9999999999376178,1.1415370721771783e-06,1,1,1,1,0,APPROXIMATE_BOUNDED
run1,I0,KSS,D1,.3000000000000000E-05,-1,SMOOTH,SMOOTH,.4375033126300140E-01,.4375032791699469E-01,.4886932780128346E-06,.1117004749232861E-04,.3290776045203336E-06,.1496555009439694E-04,.9999999999376178,2.5928540351043046e-07,1,1,1,1,0,APPROXIMATE_BOUNDED
run1,I0,KSS,D1,.1000000000000000E-05,-1,SMOOTH,SMOOTH,.4375033124667941E-01,.4375032791699469E-01,.4886931388065556E-06,.1117004431466211E-04,.3290693645838227E-06,.1496517537021182E-04,.9999999999376180,-2.8482018280288398e-05,1,1,1,1,0,APPROXIMATE_BOUNDED
run1,I0,KSS,D1,.3000000000000000E-06,-1,SMOOTH,SMOOTH,.4375033130797817E-01,.4375032791699469E-01,.4887098971515165E-06,.1117042734399584E-04,.3291091548035530E-06,.1496698489357685E-04,.9999999999376138,-5.5289011198225654e-05,1,1,1,1,0,APPROXIMATE_BOUNDED
run1,I0,KSS,D1,.1000000000000000E-06,-1,SMOOTH,SMOOTH,.4375033142825685E-01,.4375032791699469E-01,.4887395828723959E-06,.1117110583890881E-04,.3291839647534545E-06,.1497038699470861E-04,.9999999999376062,-5.5289011198232925e-05,1,1,1,1,0,APPROXIMATE_BOUNDED
run1,I0,KSS,D2,.1000000000000000E-01,-1,SMOOTH,SMOOTH,.5074565011879632E-02,.5074564064162668E-02,.9477183838544798E-09,.1867585461287533E-06,.4751054645188435E-09,.1872122567159839E-06,.9999999999999999,3.3446115135866267e-01,1,1,1,1,0,APPROXIMATE_BOUNDED
run1,I0,KSS,D2,.3000000000000000E-02,-1,SMOOTH,SMOOTH,.5074564697734693E-02,.5074564064162668E-02,.6335730243184702E-09,.1248526843300076E-06,.3176018029300842E-09,.1251489582719108E-06,1.000000000000000,4.0566437041563215e-02,1,1,1,1,0,APPROXIMATE_BOUNDED
run1,I0,KSS,D2,.1000000000000000E-02,-1,SMOOTH,SMOOTH,.5074564670118375E-02,.5074564064162668E-02,.6059566677184504E-09,.1194105715681647E-06,.3037529273247630E-09,.1196918981047238E-06,1.000000000000000,4.3029568749141465e-03,1,1,1,1,0,APPROXIMATE_BOUNDED
run1,I0,KSS,D2,.3000000000000000E-03,-1,SMOOTH,SMOOTH,.5074564666987196E-02,.5074564064162668E-02,.6028255401460479E-09,.1187935477633690E-06,.3021973504768738E-09,.1190789330708057E-06,1.000000000000000,5.1270784702076065e-04,1,1,1,1,0,APPROXIMATE_BOUNDED
run1,I0,KSS,D2,.1000000000000000E-03,-1,SMOOTH,SMOOTH,.5074564666647789E-02,.5074564064162668E-02,.6024860839386259E-09,.1187266541105333E-06,.3020126744177065E-09,.1190061626595576E-06,1.000000000000000,6.6426892962046175e-05,1,1,1,1,0,APPROXIMATE_BOUNDED
run1,I0,KSS,D2,.3000000000000000E-04,-1,SMOOTH,SMOOTH,.5074564666599173E-02,.5074564064162668E-02,.6024379013343423E-09,.1187171591879780E-06,.3022902301738628E-09,.1191155317169769E-06,1.000000000000000,8.1248396020120741e-05,1,1,1,1,0,APPROXIMATE_BOUNDED
run1,I0,KSS,D2,.1000000000000000E-04,-1,SMOOTH,SMOOTH,.5074564666545872E-02,.5074564064162668E-02,.6023841298341731E-09,.1187065629107848E-06,.3019432854786674E-09,.1189788203951991E-06,1.000000000000000,6.7174780665753015e-04,1,1,1,1,0,APPROXIMATE_BOUNDED
run1,I0,KSS,D2,.3000000000000000E-05,-1,SMOOTH,SMOOTH,.5074564666026878E-02,.5074564064162668E-02,.6018971389338673E-09,.1186105958927747E-06,.3048780000160234E-09,.1201352260464527E-06,1.000000000000000,3.2312636771447429e-03,1,1,1,1,0,APPROXIMATE_BOUNDED
run1,I0,KSS,D2,.1000000000000000E-05,-1,SMOOTH,SMOOTH,.5074564663926156E-02,.5074564064162668E-02,.5997642486985956E-09,.1181902859494872E-06,.3006205588282351E-09,.1184576084805781E-06,.9999999999999999,-3.5871246809486531e-03,1,1,1,1,0,APPROXIMATE_BOUNDED
run1,I0,KSS,D2,.3000000000000000E-06,-1,SMOOTH,SMOOTH,.5074564664614550E-02,.5074564064162668E-02,.6023601123465417E-09,.1187018300400938E-06,.3338332856678283E-09,.1315448693463522E-06,.9999999999999999,-3.4897410310787871e-02,1,1,1,1,0,APPROXIMATE_BOUNDED
run1,I0,KSS,D2,.1000000000000000E-06,-1,SMOOTH,SMOOTH,.5074564685124601E-02,.5074564064162668E-02,.6259022342220717E-09,.1233410692461600E-06,.3758209620244313E-09,.1480898475722184E-06,1.000000000000000,-3.4897410310787892e-02,1,1,1,1,0,APPROXIMATE_BOUNDED
run1,I0,KSS,D3,.1000000000000000E-01,-1,SMOOTH,SMOOTH,.2810869680354530E-01,.2810881332796039E-01,.2969291143683577E-06,.1056355922620883E-04,.2363991161748180E-06,.1168186203940633E-04,.9999999999527978,-5.2797327067516655e-03,1,1,1,1,0,APPROXIMATE_BOUNDED
run1,I0,KSS,D3,.3000000000000000E-02,-1,SMOOTH,SMOOTH,.2810869603385770E-01,.2810881332796039E-01,.2988226019343803E-06,.1063092199759054E-04,.2378340502734444E-06,.1175277052014446E-04,.9999999999521977,-5.0692973029000635e-04,1,1,1,1,0,APPROXIMATE_BOUNDED
run1,I0,KSS,D3,.1000000000000000E-02,-1,SMOOTH,SMOOTH,.2810869596618695E-01,.2810881332796039E-01,.2989890683379793E-06,.1063684421144058E-04,.2379601981537804E-06,.1175900422422295E-04,.9999999999521448,-5.2627679151493767e-05,1,1,1,1,0,APPROXIMATE_BOUNDED
run1,I0,KSS,D3,.3000000000000000E-03,-1,SMOOTH,SMOOTH,.2810869595846795E-01,.2810881332796039E-01,.2990080135715660E-06,.1063751820764831E-04,.2379745625835650E-06,.1175971405465604E-04,.9999999999521391,-4.9519098680799673e-06,1,1,1,1,0,APPROXIMATE_BOUNDED
run1,I0,KSS,D3,.1000000000000000E-03,-1,SMOOTH,SMOOTH,.2810869595782329E-01,.2810881332796039E-01,.2990096402480674E-06,.1063757607834111E-04,.2379757744509770E-06,.1175977394010801E-04,.9999999999521384,-3.5988479903442179e-07,1,1,1,1,0,APPROXIMATE_BOUNDED
run1,I0,KSS,D3,.3000000000000000E-04,-1,SMOOTH,SMOOTH,.2810869595781584E-01,.2810881332796039E-01,.2990097698064342E-06,.1063758068751352E-04,.2379758410400723E-06,.1175977723066441E-04,.9999999999521381,-7.0108990886572087e-08,1,1,1,1,0,APPROXIMATE_BOUNDED
run1,I0,KSS,D3,.1000000000000000E-04,-1,SMOOTH,SMOOTH,.2810869595724974E-01,.2810881332796039E-01,.2990097928369447E-06,.1063758150684767E-04,.2379762241259964E-06,.1175979616117899E-04,.9999999999521385,3.1582959118500683e-06,1,1,1,1,0,APPROXIMATE_BOUNDED
run1,I0,KSS,D3,.3000000000000000E-05,-1,SMOOTH,SMOOTH,.2810869595869818E-01,.2810881332796039E-01,.2990086558536557E-06,.1063754105749551E-04,.2379744821721930E-06,.1175971008106016E-04,.9999999999521386,5.3763472727609440e-06,1,1,1,1,0,APPROXIMATE_BOUNDED
run1,I0,KSS,D3,.1000000000000000E-05,-1,SMOOTH,SMOOTH,.2810869596503586E-01,.2810881332796039E-01,.2990068897579120E-06,.1063747822681948E-04,.2379710307941207E-06,.1175953952829695E-04,.9999999999521385,-7.3297774870375587e-05,1,1,1,1,0,APPROXIMATE_BOUNDED
run1,I0,KSS,D3,.3000000000000000E-06,-1,SMOOTH,SMOOTH,.2810869597027723E-01,.2810881332796039E-01,.2990332778400015E-06,.1063841701003248E-04,.2379808337893419E-06,.1176002395158752E-04,.9999999999521275,-5.7908678006545231e-08,1,1,1,1,0,APPROXIMATE_BOUNDED
run1,I0,KSS,D3,.1000000000000000E-06,-1,SMOOTH,SMOOTH,.2810869597012742E-01,.2810881332796039E-01,.2990332968642556E-06,.1063841768683992E-04,.2379809241406794E-06,.1176002841637520E-04,.9999999999521275,-5.7908677960489092e-08,1,1,1,1,0,APPROXIMATE_BOUNDED
run1,I1,KPU,D1,.1000000000000000E-01,-1,SMOOTH,SMOOTH,.000000000000000,.1849632079338486E-23,.1849632079338486E-23,1.000000000000000,.1654361225106055E-23,1.000000000000000,.000000000000000,0.0000000000000000e+00,1,1,1,1,0,KNOWN_OMISSION_CONFIRMED
run1,I1,KPU,D1,.3000000000000000E-02,-1,SMOOTH,SMOOTH,.000000000000000,.1849632079338486E-23,.1849632079338486E-23,1.000000000000000,.1654361225106055E-23,1.000000000000000,.000000000000000,0.0000000000000000e+00,1,1,1,1,0,KNOWN_OMISSION_CONFIRMED
run1,I1,KPU,D1,.1000000000000000E-02,-1,SMOOTH,SMOOTH,.000000000000000,.1849632079338486E-23,.1849632079338486E-23,1.000000000000000,.1654361225106055E-23,1.000000000000000,.000000000000000,0.0000000000000000e+00,1,1,1,1,0,KNOWN_OMISSION_CONFIRMED
run1,I1,KPU,D1,.3000000000000000E-03,-1,SMOOTH,SMOOTH,.000000000000000,.1849632079338486E-23,.1849632079338486E-23,1.000000000000000,.1654361225106055E-23,1.000000000000000,.000000000000000,0.0000000000000000e+00,1,1,1,1,0,KNOWN_OMISSION_CONFIRMED
run1,I1,KPU,D1,.1000000000000000E-03,-1,SMOOTH,SMOOTH,.000000000000000,.1849632079338486E-23,.1849632079338486E-23,1.000000000000000,.1654361225106055E-23,1.000000000000000,.000000000000000,0.0000000000000000e+00,1,1,1,1,0,KNOWN_OMISSION_CONFIRMED
run1,I1,KPU,D1,.3000000000000000E-04,-1,SMOOTH,SMOOTH,.000000000000000,.1849632079338486E-23,.1849632079338486E-23,1.000000000000000,.1654361225106055E-23,1.000000000000000,.000000000000000,0.0000000000000000e+00,1,1,1,1,0,KNOWN_OMISSION_CONFIRMED
run1,I1,KPU,D1,.1000000000000000E-04,-1,SMOOTH,SMOOTH,.000000000000000,.1849632079338486E-23,.1849632079338486E-23,1.000000000000000,.1654361225106055E-23,1.000000000000000,.000000000000000,0.0000000000000000e+00,1,1,1,1,0,KNOWN_OMISSION_CONFIRMED
run1,I1,KPU,D1,.3000000000000000E-05,-1,SMOOTH,SMOOTH,.000000000000000,.1849632079338486E-23,.1849632079338486E-23,1.000000000000000,.1654361225106055E-23,1.000000000000000,.000000000000000,0.0000000000000000e+00,1,1,1,1,0,KNOWN_OMISSION_CONFIRMED
run1,I1,KPU,D1,.1000000000000000E-05,-1,SMOOTH,SMOOTH,.000000000000000,.1849632079338486E-23,.1849632079338486E-23,1.000000000000000,.1654361225106055E-23,1.000000000000000,.000000000000000,0.0000000000000000e+00,1,1,1,1,0,KNOWN_OMISSION_CONFIRMED
run1,I1,KPU,D1,.3000000000000000E-06,-1,SMOOTH,SMOOTH,.000000000000000,.1849632079338486E-23,.1849632079338486E-23,1.000000000000000,.1654361225106055E-23,1.000000000000000,.000000000000000,0.0000000000000000e+00,1,1,1,1,0,KNOWN_OMISSION_CONFIRMED
run1,I1,KPU,D1,.1000000000000000E-06,-1,SMOOTH,SMOOTH,.000000000000000,.1849632079338486E-23,.1849632079338486E-23,1.000000000000000,.1654361225106055E-23,1.000000000000000,.000000000000000,-0.0000000000000000e+00,1,1,1,1,0,KNOWN_OMISSION_CONFIRMED
run1,I1,KPU,D2,.1000000000000000E-01,-1,SMOOTH,SMOOTH,.000000000000000,.4454503923864526E-23,.4454503923864526E-23,1.000000000000000,.3308722450212111E-23,1.000000000000000,.000000000000000,0.0000000000000000e+00,1,1,1,1,0,KNOWN_OMISSION_CONFIRMED
run1,I1,KPU,D2,.3000000000000000E-02,-1,SMOOTH,SMOOTH,.000000000000000,.4454503923864526E-23,.4454503923864526E-23,1.000000000000000,.3308722450212111E-23,1.000000000000000,.000000000000000,0.0000000000000000e+00,1,1,1,1,0,KNOWN_OMISSION_CONFIRMED
run1,I1,KPU,D2,.1000000000000000E-02,-1,SMOOTH,SMOOTH,.000000000000000,.4454503923864526E-23,.4454503923864526E-23,1.000000000000000,.3308722450212111E-23,1.000000000000000,.000000000000000,0.0000000000000000e+00,1,1,1,1,0,KNOWN_OMISSION_CONFIRMED
run1,I1,KPU,D2,.3000000000000000E-03,-1,SMOOTH,SMOOTH,.000000000000000,.4454503923864526E-23,.4454503923864526E-23,1.000000000000000,.3308722450212111E-23,1.000000000000000,.000000000000000,0.0000000000000000e+00,1,1,1,1,0,KNOWN_OMISSION_CONFIRMED
run1,I1,KPU,D2,.1000000000000000E-03,-1,SMOOTH,SMOOTH,.000000000000000,.4454503923864526E-23,.4454503923864526E-23,1.000000000000000,.3308722450212111E-23,1.000000000000000,.000000000000000,0.0000000000000000e+00,1,1,1,1,0,KNOWN_OMISSION_CONFIRMED
run1,I1,KPU,D2,.3000000000000000E-04,-1,SMOOTH,SMOOTH,.000000000000000,.4454503923864526E-23,.4454503923864526E-23,1.000000000000000,.3308722450212111E-23,1.000000000000000,.000000000000000,0.0000000000000000e+00,1,1,1,1,0,KNOWN_OMISSION_CONFIRMED
run1,I1,KPU,D2,.1000000000000000E-04,-1,SMOOTH,SMOOTH,.000000000000000,.4454503923864526E-23,.4454503923864526E-23,1.000000000000000,.3308722450212111E-23,1.000000000000000,.000000000000000,0.0000000000000000e+00,1,1,1,1,0,KNOWN_OMISSION_CONFIRMED
run1,I1,KPU,D2,.3000000000000000E-05,-1,SMOOTH,SMOOTH,.000000000000000,.4454503923864526E-23,.4454503923864526E-23,1.000000000000000,.3308722450212111E-23,1.000000000000000,.000000000000000,0.0000000000000000e+00,1,1,1,1,0,KNOWN_OMISSION_CONFIRMED
run1,I1,KPU,D2,.1000000000000000E-05,-1,SMOOTH,SMOOTH,.000000000000000,.4454503923864526E-23,.4454503923864526E-23,1.000000000000000,.3308722450212111E-23,1.000000000000000,.000000000000000,0.0000000000000000e+00,1,1,1,1,0,KNOWN_OMISSION_CONFIRMED
run1,I1,KPU,D2,.3000000000000000E-06,-1,SMOOTH,SMOOTH,.000000000000000,.4454503923864526E-23,.4454503923864526E-23,1.000000000000000,.3308722450212111E-23,1.000000000000000,.000000000000000,0.0000000000000000e+00,1,1,1,1,0,KNOWN_OMISSION_CONFIRMED
run1,I1,KPU,D2,.1000000000000000E-06,-1,SMOOTH,SMOOTH,.000000000000000,.4454503923864526E-23,.4454503923864526E-23,1.000000000000000,.3308722450212111E-23,1.000000000000000,.000000000000000,-0.0000000000000000e+00,1,1,1,1,0,KNOWN_OMISSION_CONFIRMED
run1,I1,KPU,D3,.1000000000000000E-01,-1,SMOOTH,SMOOTH,.5988071690237293E-07,.5988071690736757E-07,.1173286401596049E-16,.1959372669854743E-09,.8755911924665711E-17,.2195345760061211E-09,1.000000000000000,-1.7700190937783680e-01,1,1,1,1,0,KNOWN_OMISSION_CONFIRMED
run1,I1,KPU,D3,.3000000000000000E-02,-1,SMOOTH,SMOOTH,.5988071691274791E-07,.5988071690736757E-07,.1451959737040047E-16,.2424753429648639E-09,.1190329775948303E-16,.2984481170327533E-09,.9999999999999998,-8.8845144392268771e-01,1,1,1,1,0,KNOWN_OMISSION_CONFIRMED
run1,I1,KPU,D3,.1000000000000000E-02,-1,SMOOTH,SMOOTH,.5988071690430413E-07,.5988071690736757E-07,.3853484719551595E-16,.6435268177421355E-09,.3043995537437580E-16,.7632126443858759E-09,1.000000000000000,-1.7442723433120473e+00,1,1,1,1,0,KNOWN_OMISSION_CONFIRMED
run1,I1,KPU,D3,.3000000000000000E-03,-1,SMOOTH,SMOOTH,.5988071719535453E-07,.5988071690736757E-07,.3146998786814521E-15,.5255446050433513E-08,.2725306207001397E-15,.6833085391329192E-08,1.000000000000000,-5.5814877156659104e-01,1,1,1,1,0,KNOWN_OMISSION_CONFIRMED
run1,I1,KPU,D3,.1000000000000000E-03,-1,SMOOTH,SMOOTH,.5988071652747679E-07,.5988071690736757E-07,.5810335601456937E-15,.9703183097231837E-08,.5725410416171280E-15,.1435516436315421E-07,1.000000000000000,-1.4226911760041270e+00,1,1,1,1,0,KNOWN_OMISSION_CONFIRMED
run1,I1,KPU,D3,.3000000000000000E-04,-1,SMOOTH,SMOOTH,.5988071458480204E-07,.5988071690736757E-07,.3221782325938457E-14,.5380333590398376E-07,.3102346108544157E-14,.7778427232702147E-07,.9999999999999991,-1.1507173262032313e+00,1,1,1,1,0,KNOWN_OMISSION_CONFIRMED
run1,I1,KPU,D3,.1000000000000000E-04,-1,SMOOTH,SMOOTH,.5988072268678894E-07,.5988071690736757E-07,.1140585613030103E-13,.1904762604479626E-06,.1135368285572342E-13,.2846677734415188E-06,.9999999999999863,-5.6977728697355412e-01,1,1,1,1,0,KNOWN_OMISSION_CONFIRMED
run1,I1,KPU,D3,.3000000000000000E-05,-1,SMOOTH,SMOOTH,.5988072276867712E-07,.5988071690736757E-07,.2264917159715667E-13,.3782381132013354E-06,.1858169734116593E-13,.4658937964087476E-06,.9999999999999332,-1.8383757522676387e+00,1,1,1,1,0,KNOWN_OMISSION_CONFIRMED
run1,I1,KPU,D3,.1000000000000000E-05,-1,SMOOTH,SMOOTH,.5988063225570988E-07,.5988071690736757E-07,.1706791485639429E-12,.2850319057268049E-05,.1621186647419573E-12,.4064754078352665E-05,.9999999999969369,1.0003794907928552e-01,1,1,1,1,0,KNOWN_OMISSION_CONFIRMED
run1,I1,KPU,D3,.3000000000000000E-06,-1,SMOOTH,SMOOTH,.5988075116062402E-07,.5988071690736757E-07,.1513117835405881E-12,.2526885194454385E-05,.1180486782667050E-12,.2959800138944431E-05,.9999999999969708,-1.7327825876207674e+00,1,1,1,1,0,KNOWN_OMISSION_CONFIRMED
run1,I1,KPU,D3,.1000000000000000E-06,-1,SMOOTH,SMOOTH,.5988147807826307E-07,.5988071690736757E-07,.1015360239297436E-11,.1695616527652163E-04,.8136632904949967E-12,.2040046549315464E-04,.9999999999370318,-1.7327825876207674e+00,1,1,1,1,0,KNOWN_OMISSION_CONFIRMED
run1,I1,KPP,D1,.1000000000000000E-01,-1,SMOOTH,SMOOTH,.4166672083333274E-01,.4167672083333333E-01,.1000000000058593E-04,.2399421019848534E-03,.5000000000376231E-05,.2399421019888492E-03,1.000000000000000,-6.3398486340440801e-12,1,1,1,1,0,APPROXIMATE_BOUNDED
run1,I1,KPP,D1,.3000000000000000E-02,-1,SMOOTH,SMOOTH,.4166672083333266E-01,.4167672083333333E-01,.1000000000066226E-04,.2399421019866848E-03,.5000000000737054E-05,.2399421020061645E-03,1.000000000000000,-1.2647861606007788e-10,1,1,1,1,0,APPROXIMATE_BOUNDED
run1,I1,KPP,D1,.1000000000000000E-02,-1,SMOOTH,SMOOTH,.4166672083333128E-01,.4167672083333333E-01,.1000000000205177E-04,.2399421020200251E-03,.5000000002003402E-05,.2399421020669345E-03,1.000000000000000,1.5287212681808934e-10,1,1,1,1,0,APPROXIMATE_BOUNDED
run1,I1,KPP,D1,.3000000000000000E-03,-1,SMOOTH,SMOOTH,.4166672083333312E-01,.4167672083333333E-01,.1000000000021123E-04,.2399421019758627E-03,.5000000000410926E-05,.2399421019905141E-03,1.000000000000000,9.4583152612777190e-11,1,1,1,1,0,APPROXIMATE_BOUNDED
run1,I1,KPP,D1,.1000000000000000E-03,-1,SMOOTH,SMOOTH,.4166672083333416E-01,.4167672083333333E-01,.9999999999172129E-05,.2399421019509304E-03,.5000000006014083E-05,.2399421022594008E-03,1.000000000000000,1.0743137355326058e-08,1,1,1,1,0,APPROXIMATE_BOUNDED
run1,I1,KPP,D1,.3000000000000000E-04,-1,SMOOTH,SMOOTH,.4166672083346350E-01,.4167672083333333E-01,.9999999869827678E-05,.2399420988474124E-03,.4999999968995084E-05,.2399421004829175E-03,1.000000000000000,-8.3330058393876969e-08,1,1,1,1,0,APPROXIMATE_BOUNDED
run1,I1,KPP,D1,.1000000000000000E-04,-1,SMOOTH,SMOOTH,.4166672083254803E-01,.4167672083333333E-01,.1000000078530197E-04,.2399421208134950E-03,.5000000477099059E-05,.2399421248660247E-03,.9999999999999999,1.5374548861601231e-08,1,1,1,1,0,APPROXIMATE_BOUNDED
run1,I1,KPP,D1,.3000000000000000E-05,-1,SMOOTH,SMOOTH,.4166672083273313E-01,.4167672083333333E-01,.1000000060019657E-04,.2399421163720373E-03,.5000000592746134E-05,.2399421304157451E-03,1.000000000000000,-2.9917468768581352e-07,1,1,1,1,0,APPROXIMATE_BOUNDED
run1,I1,KPP,D1,.1000000000000000E-05,-1,SMOOTH,SMOOTH,.4166672082944636E-01,.4167672083333333E-01,.1000000388696719E-04,.2399421952355022E-03,.5000003881493881E-05,.2399422882375546E-03,1.000000000000000,8.5624514500934386e-07,1,1,1,1,0,APPROXIMATE_BOUNDED
run1,I1,KPP,D1,.3000000000000000E-06,-1,SMOOTH,SMOOTH,.4166672083975532E-01,.4167672083333333E-01,.9999993578009813E-05,.2399419478802121E-03,.5000001713089536E-05,.2399421841792553E-03,1.000000000000000,-6.6203663542448271e-07,1,1,1,1,0,APPROXIMATE_BOUNDED
run1,I1,KPP,D1,.1000000000000000E-06,-1,SMOOTH,SMOOTH,.4166672083248213E-01,.4167672083333333E-01,.1000000085122362E-04,.2399421223952330E-03,.5000015265616692E-05,.2399428345436258E-03,1.000000000000000,-6.6203663554791850e-07,1,1,1,1,0,APPROXIMATE_BOUNDED
run1,I1,KPP,D2,.1000000000000000E-01,-1,SMOOTH,SMOOTH,.2223040418110250E-01,.2224040410199409E-01,.1000000000002301E-04,.4496321179310949E-03,.5000000000412660E-05,.4478546549459787E-03,.9999999999984001,-6.5702527795695180e-11,1,1,1,1,0,APPROXIMATE_BOUNDED
run1,I1,KPP,D2,.3000000000000000E-02,-1,SMOOTH,SMOOTH,.2223040418110171E-01,.2224040410199409E-01,.1000000000081405E-04,.4496321179666623E-03,.5000000000979915E-05,.4478546549967882E-03,.9999999999984001,1.6050718756041774e-10,1,1,1,1,0,APPROXIMATE_BOUNDED
run1,I1,KPP,D2,.1000000000000000E-02,-1,SMOOTH,SMOOTH,.2223040418110347E-01,.2224040410199409E-01,.9999999999050699E-05,.4496321178873766E-03,.5000000000402252E-05,.4478546549450464E-03,.9999999999984001,2.0747991948980515e-10,1,1,1,1,0,APPROXIMATE_BOUNDED
run1,I1,KPP,D2,.3000000000000000E-03,-1,SMOOTH,SMOOTH,.2223040418110597E-01,.2224040410199409E-01,.9999999996552697E-05,.4496321177750584E-03,.4999999998558241E-05,.4478546547798766E-03,.9999999999984001,1.7388095050684201e-09,1,1,1,1,0,APPROXIMATE_BOUNDED
run1,I1,KPP,D2,.1000000000000000E-03,-1,SMOOTH,SMOOTH,.2223040418112504E-01,.2224040410199409E-01,.9999999977449922E-05,.4496321169161363E-03,.5000000014280040E-05,.4478546561880928E-03,.9999999999984001,-5.0355661558199818e-09,1,1,1,1,0,APPROXIMATE_BOUNDED
run1,I1,KPP,D2,.3000000000000000E-04,-1,SMOOTH,SMOOTH,.2223040418106454E-01,.2224040410199409E-01,.1000000003807677E-04,.4496321196421142E-03,.5000000085476561E-05,.4478546625652314E-03,.9999999999984001,3.5188017022186066e-10,1,1,1,1,0,APPROXIMATE_BOUNDED
run1,I1,KPP,D2,.1000000000000000E-04,-1,SMOOTH,SMOOTH,.2223040418106908E-01,.2224040410199409E-01,.1000000003421097E-04,.4496321194682955E-03,.5000000468562485E-05,.4478546968785943E-03,.9999999999983998,3.2805890617741884e-08,1,1,1,1,0,APPROXIMATE_BOUNDED
run1,I1,KPP,D2,.3000000000000000E-05,-1,SMOOTH,SMOOTH,.2223040418146379E-01,.2224040410199409E-01,.9999999639236976E-05,.4496321017089960E-03,.5000000118002626E-05,.4478546654786214E-03,.9999999999983998,-6.3530606020143980e-08,1,1,1,1,0,APPROXIMATE_BOUNDED
run1,I1,KPP,D2,.1000000000000000E-05,-1,SMOOTH,SMOOTH,.2223040418076587E-01,.2224040410199409E-01,.1000000033719202E-04,.4496321330912967E-03,.5000002105706031E-05,.4478548435190659E-03,.9999999999984001,-2.1030914776463910e-07,1,1,1,1,0,APPROXIMATE_BOUNDED
run1,I1,KPP,D2,.3000000000000000E-06,-1,SMOOTH,SMOOTH,.2223040417823389E-01,.2224040410199409E-01,.1000000286925737E-04,.4496322469410871E-03,.5000007382155447E-05,.4478553161355523E-03,.9999999999983998,2.6987692016393196e-06,1,1,1,1,0,APPROXIMATE_BOUNDED
run1,I1,KPP,D2,.1000000000000000E-06,-1,SMOOTH,SMOOTH,.2223040420789706E-01,.2224040410199409E-01,.9999973220282724E-05,.4496309138279606E-03,.4999993106827999E-05,.4478540374811828E-03,.9999999999983996,2.6987692016421483e-06,1,1,1,1,0,APPROXIMATE_BOUNDED
run1,I1,KPP,D3,.1000000000000000E-01,-1,SMOOTH,SMOOTH,.4001369897503156E-01,.4002359114573299E-01,.9999999999760563E-05,.2498526422416417E-03,.7557465783670364E-05,.2678907465431616E-03,.9999999993303249,-1.4918839003452778e-10,1,1,1,1,0,APPROXIMATE_BOUNDED
run1,I1,KPP,D3,.3000000000000000E-02,-1,SMOOTH,SMOOTH,.4001369897502975E-01,.4002359114573299E-01,.1000000000155675E-04,.2498526422865199E-03,.7557465785099776E-05,.2678907465938301E-03,.9999999993303249,2.0956240808807092e-10,1,1,1,1,0,APPROXIMATE_BOUNDED
run1,I1,KPP,D3,.1000000000000000E-02,-1,SMOOTH,SMOOTH,.4001369897503278E-01,.4002359114573299E-01,.9999999999254473E-05,.2498526422289969E-03,.7557465781595635E-05,.2678907464696183E-03,.9999999993303249,-3.9486656150194705e-11,1,1,1,1,0,APPROXIMATE_BOUNDED
run1,I1,KPP,D3,.3000000000000000E-03,-1,SMOOTH,SMOOTH,.4001369897503194E-01,.4002359114573299E-01,.9999999999729882E-05,.2498526422408751E-03,.7557465784797934E-05,.2678907465831307E-03,.9999999993303247,5.0879783717372439e-09,1,1,1,1,0,APPROXIMATE_BOUNDED
run1,I1,KPP,D3,.1000000000000000E-03,-1,SMOOTH,SMOOTH,.4001369897509224E-01,.4002359114573299E-01,.9999999943832726E-05,.2498526408442699E-03,.7557465747449338E-05,.2678907452592288E-03,.9999999993303249,5.1072845559658089e-09,1,1,1,1,0,APPROXIMATE_BOUNDED
run1,I1,KPP,D3,.3000000000000000E-04,-1,SMOOTH,SMOOTH,.4001369897516287E-01,.4002359114573299E-01,.9999999882342410E-05,.2498526393079181E-03,.7557465748920383E-05,.2678907453113732E-03,.9999999993303247,-1.0201103109410491e-08,1,1,1,1,0,APPROXIMATE_BOUNDED
run1,I1,KPP,D3,.1000000000000000E-04,-1,SMOOTH,SMOOTH,.4001369897507137E-01,.4002359114573299E-01,.9999999994412982E-05,.2498526421080309E-03,.7557465283053455E-05,.2678907287977107E-03,.9999999993303246,6.5482358217967774e-08,1,1,1,1,0,APPROXIMATE_BOUNDED
run1,I1,KPP,D3,.3000000000000000E-05,-1,SMOOTH,SMOOTH,.4001369897580521E-01,.4002359114573299E-01,.9999999206023229E-05,.2498526224099047E-03,.7557465495883209E-05,.2678907363419224E-03,.9999999993303251,4.8835748066296621e-07,1,1,1,1,0,APPROXIMATE_BOUNDED
run1,I1,KPP,D3,.1000000000000000E-05,-1,SMOOTH,SMOOTH,.4001369898139567E-01,.4002359114573299E-01,.9999993840869798E-05,.2498524883601286E-03,.7557464529701213E-05,.2678907020935085E-03,.9999999993303240,-1.0276316187213466e-06,1,1,1,1,0,APPROXIMATE_BOUNDED
run1,I1,KPP,D3,.3000000000000000E-06,-1,SMOOTH,SMOOTH,.4001369896924033E-01,.4002359114573299E-01,.1000000621327505E-04,.2498527974879430E-03,.7557475236761452E-05,.2678910816284535E-03,.9999999993303219,6.4538755966250351e-06,1,1,1,1,0,APPROXIMATE_BOUNDED
run1,I1,KPP,D3,.1000000000000000E-06,-1,SMOOTH,SMOOTH,.4001369903862739E-01,.4002359114573299E-01,.9999935310411957E-05,.2498510259611742E-03,.7557434946226654E-05,.2678896534431657E-03,.9999999993303358,6.4538755966259956e-06,1,1,1,1,0,APPROXIMATE_BOUNDED
run1,I1,KPS,D1,.1000000000000000E-01,-1,SMOOTH,SMOOTH,.1186607072993971E-03,.1186607072993845E-03,.1669286011176324E-16,.1406772342056321E-12,.1513817283332886E-16,.1900719245255999E-12,1.000000000000000,1.8647817433697353e-01,1,1,1,1,0,CONSISTENT_NUMERICALLY
run1,I1,KPS,D1,.3000000000000000E-02,-1,SMOOTH,SMOOTH,.1186607072993908E-03,.1186607072993845E-03,.1333599058257165E-16,.1123875871473094E-12,.1151964808265848E-16,.1446384385378429E-12,1.000000000000000,-1.4251331594852370e+00,1,1,1,1,0,CONSISTENT_NUMERICALLY
run1,I1,KPS,D1,.1000000000000000E-02,-1,SMOOTH,SMOOTH,.1186607072993898E-03,.1186607072993845E-03,.6382437950617566E-16,.5378729063626935E-12,.4766423800789399E-16,.5984628098089336E-12,1.000000000000000,-1.4067538919286275e+00,1,1,1,1,0,CONSISTENT_NUMERICALLY
run1,I1,KPS,D1,.3000000000000000E-03,-1,SMOOTH,SMOOTH,.1186607072991089E-03,.1186607072993845E-03,.3471748937497223E-15,.2925778057885579E-11,.2486109462827152E-15,.3121510207232735E-11,1.000000000000000,-1.0987981590934264e+00,1,1,1,1,0,CONSISTENT_NUMERICALLY
run1,I1,KPS,D1,.1000000000000000E-03,-1,SMOOTH,SMOOTH,.1186607072982503E-03,.1186607072993845E-03,.1160935970515460E-14,.9783659620251417E-11,.8196974999805096E-15,.1029196079774630E-10,1.000000000000000,-2.5254295843750318e-01,1,1,1,1,0,CONSISTENT_NUMERICALLY
run1,I1,KPS,D1,.3000000000000000E-04,-1,SMOOTH,SMOOTH,.1186607073001081E-03,.1186607072993845E-03,.1573466905343004E-14,.1326021849308133E-10,.1348706844990499E-14,.1693409822114178E-10,1.000000000000000,-1.7924484820003190e+00,1,1,1,1,0,CONSISTENT_NUMERICALLY
run1,I1,KPS,D1,.1000000000000000E-04,-1,SMOOTH,SMOOTH,.1186607072890991E-03,.1186607072993845E-03,.1127386633918192E-13,.9500926292928306E-10,.9493314879864545E-14,.1191961968732986E-09,1.000000000000000,-1.3856325719428515e+00,1,1,1,1,0,CONSISTENT_NUMERICALLY
run1,I1,KPS,D1,.3000000000000000E-05,-1,SMOOTH,SMOOTH,.1186607072525565E-03,.1186607072993845E-03,.5978478919579783E-13,.5038297053544358E-09,.5286140177928472E-13,.6637173772510602E-09,1.000000000000000,-5.1605339166921768e-02,1,1,1,1,0,CONSISTENT_NUMERICALLY
run1,I1,KPS,D1,.1000000000000000E-05,-1,SMOOTH,SMOOTH,.1186607072454770E-03,.1186607072993845E-03,.6327216665104550E-13,.5332191935398460E-09,.5286140177928472E-13,.6637173772510602E-09,1.000000000000000,-1.2230740761063121e+00,1,1,1,1,0,CONSISTENT_NUMERICALLY
run1,I1,KPS,D1,.3000000000000000E-06,-1,SMOOTH,SMOOTH,.1186607075101791E-03,.1186607072993845E-03,.2758875768286734E-12,.2325012066905187E-08,.2136174809090619E-12,.2682139122523689E-08,1.000000000000000,-1.5828706465012550e+00,1,1,1,1,0,CONSISTENT_NUMERICALLY
run1,I1,KPS,D1,.1000000000000000E-06,-1,SMOOTH,SMOOTH,.1186607086816094E-03,.1186607072993845E-03,.1570194217370544E-11,.1323263812273101E-07,.1465021639700421E-11,.1839452382403262E-07,1.000000000000000,-1.5828706465012550e+00,1,1,1,1,0,CONSISTENT_NUMERICALLY
run1,I1,KPS,D2,.1000000000000000E-01,-1,SMOOTH,SMOOTH,.5925925926925243E-07,.5925925925926582E-07,.1307400750992979E-16,.2206238766928603E-09,.1210918301394748E-16,.4086849265536698E-09,1.000000000000000,-6.3852178681062699e-01,1,1,1,1,0,CONSISTENT_NUMERICALLY
run1,I1,KPS,D2,.3000000000000000E-02,-1,SMOOTH,SMOOTH,.5925925924734251E-07,.5925925925926582E-07,.2820188912354959E-16,.4759068789598466E-09,.2403258457103800E-16,.8110997289409803E-09,1.000000000000000,-1.3497764940390615e+00,1,1,1,1,0,CONSISTENT_NUMERICALLY
run1,I1,KPS,D2,.1000000000000000E-02,-1,SMOOTH,SMOOTH,.5925925925637753E-07,.5925925925926582E-07,.1242468123111026E-15,.2096664957749624E-08,.9631272830049747E-16,.3250554572865879E-08,.9999999999999998,-1.2973841874139298e+00,1,1,1,1,0,CONSISTENT_NUMERICALLY
run1,I1,KPS,D2,.3000000000000000E-03,-1,SMOOTH,SMOOTH,.5925925910278222E-07,.5925925925926582E-07,.5924611419267765E-15,.9997781770013246E-08,.4396417210854386E-15,.1483790794483175E-07,1.000000000000000,-5.4595187069917150e-01,1,1,1,1,0,CONSISTENT_NUMERICALLY
run1,I1,KPS,D2,.1000000000000000E-03,-1,SMOOTH,SMOOTH,.5925925867361886E-07,.5925925925926582E-07,.1079307296041735E-14,.1821331062070226E-07,.8010424463501808E-15,.2703518218229249E-07,.9999999999999999,-1.1905949481421874e+00,1,1,1,1,0,CONSISTENT_NUMERICALLY
run1,I1,KPS,D2,.3000000000000000E-04,-1,SMOOTH,SMOOTH,.5925926231021373E-07,.5925925925926582E-07,.4525659812020130E-14,.7637050539591517E-07,.3897166965547857E-14,.1315293677872523E-06,.9999999999999984,-8.9533376684931754e-01,1,1,1,1,0,CONSISTENT_NUMERICALLY
run1,I1,KPS,D2,.1000000000000000E-04,-1,SMOOTH,SMOOTH,.5925925101644167E-07,.5925925925926582E-07,.1210220975190343E-13,.2042247895633477E-06,.1055886200202844E-13,.3563615728629110E-06,.9999999999999889,-4.6240637822503733e-01,1,1,1,1,0,CONSISTENT_NUMERICALLY
run1,I1,KPS,D2,.3000000000000000E-05,-1,SMOOTH,SMOOTH,.5925923814154022E-07,.5925925925926582E-07,.2111772560713327E-13,.3563616196203345E-06,.1055886538685151E-13,.3563617068061679E-06,1.000000000000000,-1.2068823569224467e+00,1,1,1,1,0,CONSISTENT_NUMERICALLY
run1,I1,KPS,D2,.1000000000000000E-05,-1,SMOOTH,SMOOTH,.5925923814158981E-07,.5925925925926582E-07,.7951999919894744E-13,.1341899986482090E-05,.6476897401112673E-13,.2185949652469670E-05,.9999999999991632,-7.1693234229113056e-01,1,1,1,1,0,CONSISTENT_NUMERICALLY
run1,I1,KPS,D2,.3000000000000000E-06,-1,SMOOTH,SMOOTH,.5925937366700119E-07,.5925925925926582E-07,.1885146259142255E-12,.3181178170622492E-05,.1701415000844035E-12,.5742242654308095E-05,.9999999999968037,-1.7724031174751194e+00,1,1,1,1,0,CONSISTENT_NUMERICALLY
run1,I1,KPS,D2,.1000000000000000E-06,-1,SMOOTH,SMOOTH,.5925835723514004E-07,.5925925925926582E-07,.1321284224890779E-11,.2229667129502943E-04,.1094761036178290E-11,.3694786014041988E-04,.9999999998672768,-1.7724031174751194e+00,1,1,1,1,0,CONSISTENT_NUMERICALLY
run1,I1,KPS,D3,.1000000000000000E-01,-1,SMOOTH,SMOOTH,.6918925253171016E-04,.6918925253170722E-04,.7815637952112133E-17,.1129602888617729E-12,.7413232354369637E-17,.1551057242936729E-12,1.000000000000000,-8.7539923396302355e-01,1,1,1,1,0,CONSISTENT_NUMERICALLY
run1,I1,KPS,D3,.3000000000000000E-02,-1,SMOOTH,SMOOTH,.6918925253171976E-04,.6918925253170722E-04,.2242291580443423E-16,.3240809082906982E-12,.1539567084929416E-16,.3221208460650679E-12,1.000000000000000,-1.6946346112857700e+00,1,1,1,1,0,CONSISTENT_NUMERICALLY
run1,I1,KPS,D3,.1000000000000000E-02,-1,SMOOTH,SMOOTH,.6918925253160617E-04,.6918925253170722E-04,.1442906793709892E-15,.2085449316060546E-11,.1335330500687459E-15,.2793887936865738E-11,1.000000000000000,-2.7380411013186551e-01,1,1,1,1,0,CONSISTENT_NUMERICALLY
run1,I1,KPS,D3,.3000000000000000E-03,-1,SMOOTH,SMOOTH,.6918925253165249E-04,.6918925253170722E-04,.2006340443983570E-15,.2899786268198415E-11,.1418881830604624E-15,.2968700878413653E-11,1.000000000000000,-1.6358974750238531e+00,1,1,1,1,0,CONSISTENT_NUMERICALLY
run1,I1,KPS,D3,.1000000000000000E-03,-1,SMOOTH,SMOOTH,.6918925253251644E-04,.6918925253170722E-04,.1210392108907232E-14,.1749393243319678E-10,.9506691224167585E-15,.1989067868726405E-10,1.000000000000000,-5.0826916951916190e-01,1,1,1,1,0,CONSISTENT_NUMERICALLY
run1,I1,KPS,D3,.3000000000000000E-04,-1,SMOOTH,SMOOTH,.6918925253328328E-04,.6918925253170722E-04,.2231974503833291E-14,.3225897696697339E-10,.1312067587824067E-14,.2745215363542214E-10,1.000000000000000,-1.7870156833648931e+00,1,1,1,1,0,CONSISTENT_NUMERICALLY
run1,I1,KPS,D3,.1000000000000000E-04,-1,SMOOTH,SMOOTH,.6918925251757539E-04,.6918925253170722E-04,.1589689824440189E-13,.2297596470942774E-09,.1314396589615838E-13,.2750088292070451E-09,1.000000000000000,-9.0401671998068378e-01,1,1,1,1,0,CONSISTENT_NUMERICALLY
run1,I1,KPS,D3,.3000000000000000E-05,-1,SMOOTH,SMOOTH,.6918925255789499E-04,.6918925253170722E-04,.4720668702145565E-13,.6822835234699906E-09,.3745213774525302E-13,.7836043271866163E-09,1.000000000000000,-6.0500341453938422e-01,1,1,1,1,0,CONSISTENT_NUMERICALLY
run1,I1,KPS,D3,.1000000000000000E-05,-1,SMOOTH,SMOOTH,.6918925247333205E-04,.6918925253170722E-04,.9176213526334975E-13,.1326248397051234E-08,.6211739835611935E-13,.1299671128962443E-08,1.000000000000000,-6.7251542337237624e-01,1,1,1,1,0,CONSISTENT_NUMERICALLY
run1,I1,KPS,D3,.3000000000000000E-06,-1,SMOOTH,SMOOTH,.6918925246416645E-04,.6918925253170722E-04,.2062089598499151E-12,.2980361144318131E-08,.1793882899755843E-12,.3753308852407406E-08,1.000000000000000,-1.7501014152081942e+00,1,1,1,1,0,CONSISTENT_NUMERICALLY
run1,I1,KPS,D3,.1000000000000000E-06,-1,SMOOTH,SMOOTH,.6918925368972594E-04,.6918925253170722E-04,.1410321461169781E-11,.2038353336624011E-07,.1266214604413000E-11,.2649277980446579E-07,1.000000000000000,-1.7501014152081942e+00,1,1,1,1,0,CONSISTENT_NUMERICALLY
run1,I1,KSU,D1,.1000000000000000E-01,-1,SMOOTH,SMOOTH,.000000000000000,.2339620081609153E-23,.2339620081609153E-23,1.000000000000000,.1654361225106055E-23,1.000000000000000,.000000000000000,0.0000000000000000e+00,1,1,1,1,0,KNOWN_OMISSION_CONFIRMED
run1,I1,KSU,D1,.3000000000000000E-02,-1,SMOOTH,SMOOTH,.000000000000000,.2339620081609153E-23,.2339620081609153E-23,1.000000000000000,.1654361225106055E-23,1.000000000000000,.000000000000000,0.0000000000000000e+00,1,1,1,1,0,KNOWN_OMISSION_CONFIRMED
run1,I1,KSU,D1,.1000000000000000E-02,-1,SMOOTH,SMOOTH,.000000000000000,.2339620081609153E-23,.2339620081609153E-23,1.000000000000000,.1654361225106055E-23,1.000000000000000,.000000000000000,0.0000000000000000e+00,1,1,1,1,0,KNOWN_OMISSION_CONFIRMED
run1,I1,KSU,D1,.3000000000000000E-03,-1,SMOOTH,SMOOTH,.000000000000000,.2339620081609153E-23,.2339620081609153E-23,1.000000000000000,.1654361225106055E-23,1.000000000000000,.000000000000000,0.0000000000000000e+00,1,1,1,1,0,KNOWN_OMISSION_CONFIRMED
run1,I1,KSU,D1,.1000000000000000E-03,-1,SMOOTH,SMOOTH,.000000000000000,.2339620081609153E-23,.2339620081609153E-23,1.000000000000000,.1654361225106055E-23,1.000000000000000,.000000000000000,0.0000000000000000e+00,1,1,1,1,0,KNOWN_OMISSION_CONFIRMED
run1,I1,KSU,D1,.3000000000000000E-04,-1,SMOOTH,SMOOTH,.000000000000000,.2339620081609153E-23,.2339620081609153E-23,1.000000000000000,.1654361225106055E-23,1.000000000000000,.000000000000000,0.0000000000000000e+00,1,1,1,1,0,KNOWN_OMISSION_CONFIRMED
run1,I1,KSU,D1,.1000000000000000E-04,-1,SMOOTH,SMOOTH,.000000000000000,.2339620081609153E-23,.2339620081609153E-23,1.000000000000000,.1654361225106055E-23,1.000000000000000,.000000000000000,0.0000000000000000e+00,1,1,1,1,0,KNOWN_OMISSION_CONFIRMED
run1,I1,KSU,D1,.3000000000000000E-05,-1,SMOOTH,SMOOTH,.000000000000000,.2339620081609153E-23,.2339620081609153E-23,1.000000000000000,.1654361225106055E-23,1.000000000000000,.000000000000000,0.0000000000000000e+00,1,1,1,1,0,KNOWN_OMISSION_CONFIRMED
run1,I1,KSU,D1,.1000000000000000E-05,-1,SMOOTH,SMOOTH,.000000000000000,.2339620081609153E-23,.2339620081609153E-23,1.000000000000000,.1654361225106055E-23,1.000000000000000,.000000000000000,0.0000000000000000e+00,1,1,1,1,0,KNOWN_OMISSION_CONFIRMED
run1,I1,KSU,D1,.3000000000000000E-06,-1,SMOOTH,SMOOTH,.000000000000000,.2339620081609153E-23,.2339620081609153E-23,1.000000000000000,.1654361225106055E-23,1.000000000000000,.000000000000000,0.0000000000000000e+00,1,1,1,1,0,KNOWN_OMISSION_CONFIRMED
run1,I1,KSU,D1,.1000000000000000E-06,-1,SMOOTH,SMOOTH,.000000000000000,.2339620081609153E-23,.2339620081609153E-23,1.000000000000000,.1654361225106055E-23,1.000000000000000,.000000000000000,-0.0000000000000000e+00,1,1,1,1,0,KNOWN_OMISSION_CONFIRMED
run1,I1,KSU,D2,.1000000000000000E-01,-1,SMOOTH,SMOOTH,.000000000000000,.5231549544001671E-23,.5231549544001671E-23,1.000000000000000,.4963083675318166E-23,1.000000000000000,.000000000000000,0.0000000000000000e+00,1,1,1,1,0,KNOWN_OMISSION_CONFIRMED
run1,I1,KSU,D2,.3000000000000000E-02,-1,SMOOTH,SMOOTH,.000000000000000,.5231549544001671E-23,.5231549544001671E-23,1.000000000000000,.4963083675318166E-23,1.000000000000000,.000000000000000,0.0000000000000000e+00,1,1,1,1,0,KNOWN_OMISSION_CONFIRMED
run1,I1,KSU,D2,.1000000000000000E-02,-1,SMOOTH,SMOOTH,.000000000000000,.5231549544001671E-23,.5231549544001671E-23,1.000000000000000,.4963083675318166E-23,1.000000000000000,.000000000000000,0.0000000000000000e+00,1,1,1,1,0,KNOWN_OMISSION_CONFIRMED
run1,I1,KSU,D2,.3000000000000000E-03,-1,SMOOTH,SMOOTH,.000000000000000,.5231549544001671E-23,.5231549544001671E-23,1.000000000000000,.4963083675318166E-23,1.000000000000000,.000000000000000,0.0000000000000000e+00,1,1,1,1,0,KNOWN_OMISSION_CONFIRMED
run1,I1,KSU,D2,.1000000000000000E-03,-1,SMOOTH,SMOOTH,.000000000000000,.5231549544001671E-23,.5231549544001671E-23,1.000000000000000,.4963083675318166E-23,1.000000000000000,.000000000000000,0.0000000000000000e+00,1,1,1,1,0,KNOWN_OMISSION_CONFIRMED
run1,I1,KSU,D2,.3000000000000000E-04,-1,SMOOTH,SMOOTH,.000000000000000,.5231549544001671E-23,.5231549544001671E-23,1.000000000000000,.4963083675318166E-23,1.000000000000000,.000000000000000,0.0000000000000000e+00,1,1,1,1,0,KNOWN_OMISSION_CONFIRMED
run1,I1,KSU,D2,.1000000000000000E-04,-1,SMOOTH,SMOOTH,.000000000000000,.5231549544001671E-23,.5231549544001671E-23,1.000000000000000,.4963083675318166E-23,1.000000000000000,.000000000000000,0.0000000000000000e+00,1,1,1,1,0,KNOWN_OMISSION_CONFIRMED
run1,I1,KSU,D2,.3000000000000000E-05,-1,SMOOTH,SMOOTH,.000000000000000,.5231549544001671E-23,.5231549544001671E-23,1.000000000000000,.4963083675318166E-23,1.000000000000000,.000000000000000,0.0000000000000000e+00,1,1,1,1,0,KNOWN_OMISSION_CONFIRMED
run1,I1,KSU,D2,.1000000000000000E-05,-1,SMOOTH,SMOOTH,.000000000000000,.5231549544001671E-23,.5231549544001671E-23,1.000000000000000,.4963083675318166E-23,1.000000000000000,.000000000000000,0.0000000000000000e+00,1,1,1,1,0,KNOWN_OMISSION_CONFIRMED
run1,I1,KSU,D2,.3000000000000000E-06,-1,SMOOTH,SMOOTH,.000000000000000,.5231549544001671E-23,.5231549544001671E-23,1.000000000000000,.4963083675318166E-23,1.000000000000000,.000000000000000,0.0000000000000000e+00,1,1,1,1,0,KNOWN_OMISSION_CONFIRMED
run1,I1,KSU,D2,.1000000000000000E-06,-1,SMOOTH,SMOOTH,.000000000000000,.5231549544001671E-23,.5231549544001671E-23,1.000000000000000,.4963083675318166E-23,1.000000000000000,.000000000000000,-0.0000000000000000e+00,1,1,1,1,0,KNOWN_OMISSION_CONFIRMED
run1,I1,KSU,D3,.1000000000000000E-01,-1,SMOOTH,SMOOTH,.1271675614429551E-06,.1271675615815425E-06,.5657993186738316E-15,.4449242492638576E-08,.4578367001677877E-15,.5400053141227529E-08,1.000000000000000,-8.7469955460253390e-01,1,1,1,1,0,KNOWN_OMISSION_CONFIRMED
run1,I1,KSU,D3,.3000000000000000E-02,-1,SMOOTH,SMOOTH,.1271675611637158E-06,.1271675615815425E-06,.1621900567484372E-14,.1275404314837299E-07,.1113196494081823E-14,.1312983469797927E-07,1.000000000000000,-8.2531567106148507e-01,1,1,1,1,0,KNOWN_OMISSION_CONFIRMED
run1,I1,KSU,D3,.1000000000000000E-02,-1,SMOOTH,SMOOTH,.1271675640806340E-06,.1271675615815425E-06,.4016057056798274E-14,.3158082869505770E-07,.3705499642176549E-14,.4370531027162750E-07,.9999999999999996,-1.7144646098577783e+00,1,1,1,1,0,KNOWN_OMISSION_CONFIRMED
run1,I1,KSU,D3,.3000000000000000E-03,-1,SMOOTH,SMOOTH,.1271675775474481E-06,.1271675615815425E-06,.3164149379152862E-13,.2488173039210620E-06,.3126830839302439E-13,.3688007566215161E-06,.9999999999999770,-6.0405132218895585e-01,1,1,1,1,0,KNOWN_OMISSION_CONFIRMED
run1,I1,KSU,D3,.1000000000000000E-03,-1,SMOOTH,SMOOTH,.1271675416870021E-06,.1271675615815425E-06,.6144162637581761E-13,.4831548675754073E-06,.6125027699681695E-13,.7224295032456224E-06,.9999999999998956,-1.0158276631760039e+00,1,1,1,1,0,KNOWN_OMISSION_CONFIRMED
run1,I1,KSU,D3,.3000000000000000E-04,-1,SMOOTH,SMOOTH,.1271674919588201E-06,.1271675615815425E-06,.2087456321741713E-12,.1641500627817883E-05,.1813316711242712E-12,.2138753752180434E-05,.9999999999988027,-1.2689834979031800e+00,1,1,1,1,0,KNOWN_OMISSION_CONFIRMED
run1,I1,KSU,D3,.1000000000000000E-04,-1,SMOOTH,SMOOTH,.1271673646431187E-06,.1271675615815425E-06,.8415431625491651E-12,.6617592977982441E-05,.7551396673941572E-12,.8906656766667358E-05,.9999999999793027,-1.2779399386382271e+00,1,1,1,1,0,KNOWN_OMISSION_CONFIRMED
run1,I1,KSU,D3,.3000000000000000E-05,-1,SMOOTH,SMOOTH,.1271702751502988E-06,.1271675615815425E-06,.3919981590182140E-11,.3082466862283052E-04,.3750708207752080E-11,.4423837997417999E-04,.9999999997525714,-9.4146421665106916e-01,1,1,1,1,0,KNOWN_OMISSION_CONFIRMED
run1,I1,KSU,D3,.1000000000000000E-05,-1,SMOOTH,SMOOTH,.1271614191284348E-06,.1271675615815425E-06,.1102748855529634E-10,.8671620669729746E-04,.1046959113285766E-10,.1234858380960067E-03,.9999999974065683,-6.9587292969158843e-01,1,1,1,1,0,KNOWN_OMISSION_CONFIRMED
run1,I1,KSU,D3,.3000000000000000E-06,-1,SMOOTH,SMOOTH,.1271522882727590E-06,.1271675615815425E-06,.2548788389250938E-10,.2004275585339900E-03,.2434737894067212E-10,.2871703828523172E-03,.9999999871253132,-1.9436676524738195e-01,1,1,1,1,0,KNOWN_OMISSION_CONFIRMED
run1,I1,KSU,D3,.1000000000000000E-06,-1,SMOOTH,SMOOTH,.1271747928472597E-06,.1271675615815425E-06,.3155515334353354E-10,.2481242755506754E-03,.2434737894067212E-10,.2871380601627737E-03,.9999999708320911,-1.9436676524738197e-01,1,1,1,1,0,KNOWN_OMISSION_CONFIRMED
run1,I1,KSP,D1,.1000000000000000E-01,-1,SMOOTH,SMOOTH,.000000000000000,.4335559509131367E-15,.4335559509131367E-15,1.000000000000000,.3330669073875470E-15,1.000000000000000,.000000000000000,-3.2450023171835896e+00,1,1,1,1,0,INCONCLUSIVE
run1,I1,KSP,D1,.3000000000000000E-02,-1,SMOOTH,SMOOTH,.2136364372665082E-13,.4335559509131367E-15,.2156690829632184E-13,1.009514508492643,.1503427012513233E-13,1.000000000000000,-.4609145285257746,-1.6276533457832256e+00,1,1,1,1,0,INCONCLUSIVE
run1,I1,KSP,D1,.1000000000000000E-02,-1,SMOOTH,SMOOTH,.1291641132174662E-12,.4335559509131367E-15,.1289365063033692E-12,.9982378471200135,.8987255384340642E-13,.9963076923076923,.5261927962696487,4.7302185620557866e+00,1,1,1,1,0,INCONCLUSIVE
run1,I1,KSP,D1,.3000000000000000E-03,-1,SMOOTH,SMOOTH,.000000000000000,.4335559509131367E-15,.4335559509131367E-15,1.000000000000000,.3330669073875470E-15,1.000000000000000,.000000000000000,-7.6475791582208181e+00,1,1,1,1,0,INCONCLUSIVE
run1,I1,KSP,D1,.1000000000000000E-03,-1,SMOOTH,SMOOTH,.1931160993126569E-11,.4335559509131367E-15,.1931379934810845E-11,1.000113373087514,.1318722908649761E-11,1.000252631578947,-.5049069838621328,-6.6579467778405876e-01,1,1,1,1,0,INCONCLUSIVE
run1,I1,KSP,D1,.3000000000000000E-04,-1,SMOOTH,SMOOTH,.4305470440582207E-11,.4335559509131367E-15,.4305242322350117E-11,.9999470166535254,.3006520958119078E-11,.9998892307692308,.5261927962696487,-1.3661431982775329e+00,1,1,1,1,0,INCONCLUSIVE
run1,I1,KSP,D1,.1000000000000000E-04,-1,SMOOTH,SMOOTH,.1931160993126569E-10,.4335559509131367E-15,.1931139102946430E-10,.9999886647564774,.1318389841742373E-10,1.000000000000000,.5049069838621328,-6.6594666248208945e-01,1,1,1,1,0,INCONCLUSIVE
run1,I1,KSP,D1,.3000000000000000E-05,-1,SMOOTH,SMOOTH,.4305470440582207E-10,.4335559509131367E-15,.4305493254141873E-10,1.000005298737962,.3006887331717204E-10,1.000011076923077,-.5261927962696487,-1.9946833342005865e+00,1,1,1,1,0,INCONCLUSIVE
run1,I1,KSP,D1,.1000000000000000E-05,-1,SMOOTH,SMOOTH,.3852375222414440E-09,.4335559509131367E-15,.3852376529741753E-09,1.000000339356173,.2099017071266474E-09,1.000000793388430,-.3015354978969180,-9.9999963357748090e-01,1,1,1,1,0,INCONCLUSIVE
run1,I1,KSP,D1,.3000000000000000E-06,-1,SMOOTH,SMOOTH,.1284125074138147E-08,.4335559509131367E-15,.1284124943405704E-08,.9999998981933724,.6996716354438586E-09,.9999997619834711,.3015354978969180,6.3256631913501260e-01,1,1,1,1,0,INCONCLUSIVE
run1,I1,KSP,D1,.1000000000000000E-06,-1,SMOOTH,SMOOTH,.6409093117995245E-09,.4335559509131367E-15,.6409091119674034E-09,.9999996882053085,.4510281037539698E-09,1.000000000000000,.4609145285257746,6.3256631913501260e-01,1,1,1,1,0,INCONCLUSIVE
run1,I1,KSP,D2,.1000000000000000E-01,-1,SMOOTH,SMOOTH,3.173903694809153,3.173903694809153,.1676400004429091E-14,.5281823790592021E-15,.1332267629550188E-14,.8313240643094031E-15,.9999999999999997,-3.4831021274722773e+00,1,1,1,1,0,INCONCLUSIVE
run1,I1,KSP,D2,.3000000000000000E-02,-1,SMOOTH,SMOOTH,3.173903694809050,3.173903694809153,.1110753584457419E-12,.3499644889270054E-13,.7971401316808624E-13,.4974088984784599E-13,.9999999999999998,-7.4620015652162131e-01,1,1,1,1,0,INCONCLUSIVE
run1,I1,KSP,D2,.1000000000000000E-02,-1,SMOOTH,SMOOTH,3.173903694809165,3.173903694809153,.2521422815835378E-12,.7944232271316543E-13,.1747491040759996E-12,.1090420064352458E-12,.9999999999999998,-6.6698704758678107e-01,1,1,1,1,0,INCONCLUSIVE
run1,I1,KSP,D2,.3000000000000000E-03,-1,SMOOTH,SMOOTH,3.173903694809715,3.173903694809153,.5628582407298838E-12,.1773394201123134E-12,.2937650123158164E-12,.1833069561801899E-12,1.000000000000000,-1.7835435384121698e+00,1,1,1,1,0,INCONCLUSIVE
run1,I1,KSP,D2,.1000000000000000E-03,-1,SMOOTH,SMOOTH,3.173903694812930,3.173903694809153,.3993609160167761E-11,.1258264126505938E-11,.2731814774392660E-11,.1704629993864096E-11,1.000000000000000,-1.1903167519247733e+00,1,1,1,1,0,INCONCLUSIVE
run1,I1,KSP,D2,.3000000000000000E-04,-1,SMOOTH,SMOOTH,3.173903694794581,3.173903694809153,.1674005534674738E-10,.5274279548596688E-11,.1279198968973105E-10,.7982096557477457E-11,1.000000000000000,2.6464648773372051e-01,1,1,1,1,0,INCONCLUSIVE
run1,I1,KSP,D2,.1000000000000000E-04,-1,SMOOTH,SMOOTH,3.173903694811150,3.173903694809153,.1251665913406409E-10,.3943616548456379E-11,.9412470802772077E-11,.5873304514311442E-11,.9999999999999998,-1.9204627697704140e+00,1,1,1,1,0,INCONCLUSIVE
run1,I1,KSP,D2,.3000000000000000E-05,-1,SMOOTH,SMOOTH,3.173903694906516,3.173903694809153,.1263739582849901E-09,.3981656988767337E-10,.1026250195934608E-09,.6403716977767405E-10,.9999999999999998,-4.8799474935866499e-01,1,1,1,1,0,INCONCLUSIVE
run1,I1,KSP,D2,.1000000000000000E-05,-1,SMOOTH,SMOOTH,3.173903694709054,3.173903694809153,.2160181566488727E-09,.6806071557941897E-10,.1837159313566872E-09,.1146372330441499E-09,.9999999999999998,-1.2914528870903426e+00,1,1,1,1,0,INCONCLUSIVE
run1,I1,KSP,D2,.3000000000000000E-06,-1,SMOOTH,SMOOTH,3.173903694029327,3.173903694809153,.1022735947538660E-08,.3222328230095077E-09,.8364386960835191E-09,.5219308800654264E-09,1.000000000000000,-1.1909573410132748e+00,1,1,1,1,0,INCONCLUSIVE
run1,I1,KSP,D2,.1000000000000000E-06,-1,SMOOTH,SMOOTH,3.173903698345543,3.173903694809153,.3784378633801184E-08,.1192341984343716E-08,.2669903853558253E-08,.1665998085329835E-08,.9999999999999998,-1.1909573410132748e+00,1,1,1,1,0,INCONCLUSIVE
run1,I1,KSP,D3,.1000000000000000E-01,-1,SMOOTH,SMOOTH,1.638663627820123,1.638663627820099,.4930188957901392E-13,.3008664422764976E-13,.3641531520770513E-13,.3092802956799034E-13,1.000000000000000,-6.7043099628113223e-01,1,1,1,1,0,INCONCLUSIVE
run1,I1,KSP,D3,.3000000000000000E-02,-1,SMOOTH,SMOOTH,1.638663627819990,1.638663627820099,.1105140978517325E-12,.6744160056737730E-13,.8015810237793630E-13,.6807938215881012E-13,1.000000000000000,-1.7910338279965397e+00,1,1,1,1,0,INCONCLUSIVE
run1,I1,KSP,D3,.1000000000000000E-02,-1,SMOOTH,SMOOTH,1.638663627820185,1.638663627820099,.7906021482079470E-12,.4824676247068699E-12,.6226130722097878E-12,.5287938713940340E-12,1.000000000000000,1.4124603302407990e-01,1,1,1,1,0,INCONCLUSIVE
run1,I1,KSP,D3,.3000000000000000E-03,-1,SMOOTH,SMOOTH,1.638663627820297,1.638663627820099,.6669656101332907E-12,.4070180107802045E-12,.4671818487622659E-12,.3967839890917908E-12,1.000000000000000,-1.6084956604988554e+00,1,1,1,1,0,INCONCLUSIVE
run1,I1,KSP,D3,.1000000000000000E-03,-1,SMOOTH,SMOOTH,1.638663627818569,1.638663627820099,.3904369480043013E-11,.2382654630125015E-11,.2771116669464391E-11,.2353547615905403E-11,1.000000000000000,-1.1025013614401917e+00,1,1,1,1,0,INCONCLUSIVE
run1,I1,KSP,D3,.3000000000000000E-04,-1,SMOOTH,SMOOTH,1.638663627818941,1.638663627820099,.1472398742374558E-10,.8985362934632766E-11,.1114730530105135E-10,.9467560173182117E-11,1.000000000000000,-1.6464634123754887e+00,1,1,1,1,0,INCONCLUSIVE
run1,I1,KSP,D3,.1000000000000000E-04,-1,SMOOTH,SMOOTH,1.638663627850658,1.638663627820099,.8986449270070513E-10,.5484010944856041E-10,.6165712385097777E-10,.5236624586577526E-10,1.000000000000000,-3.6067207881700955e-03,1,1,1,1,0,INCONCLUSIVE
run1,I1,KSP,D3,.3000000000000000E-05,-1,SMOOTH,SMOOTH,1.638663627805316,1.638663627820099,.9025556819879000E-10,.5507876458993373E-10,.6393685580974307E-10,.5430245367063917E-10,1.000000000000000,-1.4065255356432733e+00,1,1,1,1,0,INCONCLUSIVE
run1,I1,KSP,D3,.1000000000000000E-05,-1,SMOOTH,SMOOTH,1.638663627803994,1.638663627820099,.4232112784482295E-09,.2582661085919287E-09,.3553703997738467E-09,.3018209829876427E-09,1.000000000000000,-1.1945684918777999e+00,1,1,1,1,0,INCONCLUSIVE
run1,I1,KSP,D3,.3000000000000000E-06,-1,SMOOTH,SMOOTH,1.638663626327269,1.638663627820099,.1783083606560670E-08,.1088132778618326E-08,.1482513223294291E-08,.1259118932335432E-08,1.000000000000000,-1.0591246199970354e+00,1,1,1,1,0,INCONCLUSIVE
run1,I1,KSP,D3,.1000000000000000E-06,-1,SMOOTH,SMOOTH,1.638663628455951,1.638663627820099,.5708244603743149E-08,.3483475500778525E-08,.4076555093490697E-08,.3462274475292619E-08,1.000000000000000,-1.0591246199970354e+00,1,1,1,1,0,INCONCLUSIVE
run1,I1,KSS,D1,.1000000000000000E-01,-1,SMOOTH,SMOOTH,.6076610310973265E-01,.6076334977863994E-01,.4428634038167743E-05,.7288000729897765E-04,.2217231715118118E-05,.4417311467641889E-04,.9999999983706908,7.8385890489662036e-06,1,1,1,1,0,APPROXIMATE_BOUNDED
run1,I1,KSS,D1,.3000000000000000E-02,-1,SMOOTH,SMOOTH,.6076610308378154E-01,.6076334977863994E-01,.4428592243361342E-05,.7287931953206544E-04,.2217210817175019E-05,.4417269835256609E-04,.9999999983707214,7.5505336038206383e-07,1,1,1,1,0,APPROXIMATE_BOUNDED
run1,I1,KSS,D1,.1000000000000000E-02,-1,SMOOTH,SMOOTH,.6076610308149948E-01,.6076334977863994E-01,.4428588569797326E-05,.7287925908063752E-04,.2217208987617680E-05,.4417266190457168E-04,.9999999983707241,9.0349513994637642e-08,1,1,1,1,0,APPROXIMATE_BOUNDED
run1,I1,KSS,D1,.3000000000000000E-03,-1,SMOOTH,SMOOTH,.6076610308114969E-01,.6076334977863994E-01,.4428588088062761E-05,.7287925115337135E-04,.2217208748225841E-05,.4417265713550808E-04,.9999999983707245,7.6054884653898667e-08,1,1,1,1,0,APPROXIMATE_BOUNDED
run1,I1,KSS,D1,.1000000000000000E-03,-1,SMOOTH,SMOOTH,.6076610308091634E-01,.6076334977863994E-01,.4428587718032848E-05,.7287924506423798E-04,.2217208574753493E-05,.4417265367962301E-04,.9999999983707248,-9.9698922320518121e-08,1,1,1,1,0,APPROXIMATE_BOUNDED
run1,I1,KSS,D1,.3000000000000000E-04,-1,SMOOTH,SMOOTH,.6076610308107321E-01,.6076334977863994E-01,.4428588249617481E-05,.7287925381209531E-04,.2217208725868725E-05,.4417265669005454E-04,.9999999983707242,5.9362395376332998e-07,1,1,1,1,0,APPROXIMATE_BOUNDED
run1,I1,KSS,D1,.1000000000000000E-04,-1,SMOOTH,SMOOTH,.6076610308083553E-01,.6076334977863994E-01,.4428585361458927E-05,.7287920628327436E-04,.2217208713531371E-05,.4417265644487252E-04,.9999999983707275,2.0796391281305248e-06,1,1,1,1,0,APPROXIMATE_BOUNDED
run1,I1,KSS,D1,.3000000000000000E-05,-1,SMOOTH,SMOOTH,.6076610306324707E-01,.6076334977863994E-01,.4428574273052560E-05,.7287902382753054E-04,.2217202121582162E-05,.4417252512987021E-04,.9999999983707275,1.4902317091085368e-06,1,1,1,1,0,APPROXIMATE_BOUNDED
run1,I1,KSS,D1,.1000000000000000E-05,-1,SMOOTH,SMOOTH,.6076610304513397E-01,.6076334977863994E-01,.4428567022654848E-05,.7287890453277107E-04,.2217191713241307E-05,.4417231778042959E-04,.9999999983707228,-2.3280470685141878e-05,1,1,1,1,0,APPROXIMATE_BOUNDED
run1,I1,KSS,D1,.3000000000000000E-06,-1,SMOOTH,SMOOTH,.6076610319702461E-01,.6076334977863994E-01,.4428691152936814E-05,.7288094710594613E-04,.2217319285582886E-05,.4417485923440815E-04,.9999999983706872,-5.8893865637635865e-05,1,1,1,1,0,APPROXIMATE_BOUNDED
run1,I1,KSS,D1,.1000000000000000E-06,-1,SMOOTH,SMOOTH,.6076610358382609E-01,.6076334977863994E-01,.4428977705276109E-05,.7288566230293818E-04,.2217712489566148E-05,.4418269255064839E-04,.9999999983706320,-5.8893865637672769e-05,1,1,1,1,0,APPROXIMATE_BOUNDED
run1,I1,KSS,D2,.1000000000000000E-01,-1,SMOOTH,SMOOTH,.5294297376832705E-02,.5294280292050839E-02,.1708478620338491E-07,.3227016729008491E-05,.8544944871471949E-08,.3224721524247516E-05,1.000000000000000,2.3005912668413231e-02,1,1,1,1,0,APPROXIMATE_BOUNDED
run1,I1,KSS,D2,.3000000000000000E-02,-1,SMOOTH,SMOOTH,.5294296910099857E-02,.5294280292050839E-02,.1661805705553717E-07,.3138860048410797E-05,.8309261176689398E-08,.3135778656660357E-05,1.000000000000000,2.2501433002500779e-03,1,1,1,1,0,APPROXIMATE_BOUNDED
run1,I1,KSS,D2,.1000000000000000E-02,-1,SMOOTH,SMOOTH,.5294296869069793E-02,.5294280292050839E-02,.1657702736982461E-07,.3131110283344800E-05,.8288548578386234E-08,.3127962086794468E-05,.9999999999999999,2.3371039505010158e-04,1,1,1,1,0,APPROXIMATE_BOUNDED
run1,I1,KSS,D2,.3000000000000000E-03,-1,SMOOTH,SMOOTH,.5294296864405940E-02,.5294280292050839E-02,.1657236356613739E-07,.3130229375227326E-05,.8286214797214447E-08,.3127081358868757E-05,1.000000000000000,1.8579568999251297e-05,1,1,1,1,0,APPROXIMATE_BOUNDED
run1,I1,KSS,D2,.1000000000000000E-03,-1,SMOOTH,SMOOTH,.5294296864067800E-02,.5294280292050839E-02,.1657202529876667E-07,.3130165482642352E-05,.8286307315655272E-08,.3127116273699475E-05,.9999999999999999,2.7097945350924069e-05,1,1,1,1,0,APPROXIMATE_BOUNDED
run1,I1,KSS,D2,.3000000000000000E-04,-1,SMOOTH,SMOOTH,.5294296863526791E-02,.5294280292050839E-02,.1657148464212451E-07,.3130063362386791E-05,.8285963729818407E-08,.3126986610703304E-05,.9999999999999999,1.3181914900613087e-04,1,1,1,1,0,APPROXIMATE_BOUNDED
run1,I1,KSS,D2,.1000000000000000E-04,-1,SMOOTH,SMOOTH,.5294296861126945E-02,.5294280292050839E-02,.1656908496435427E-07,.3129610106681357E-05,.8285327664399322E-08,.3126746571699376E-05,1.000000000000000,-2.7677797462277899e-04,1,1,1,1,0,APPROXIMATE_BOUNDED
run1,I1,KSS,D2,.3000000000000000E-05,-1,SMOOTH,SMOOTH,.5294296866650111E-02,.5294280292050839E-02,.1657460725285422E-07,.3130653167044930E-05,.8288759058023426E-08,.3128041518103766E-05,.9999999999999999,1.7333023312169504e-04,1,1,1,1,0,APPROXIMATE_BOUNDED
run1,I1,KSS,D2,.1000000000000000E-05,-1,SMOOTH,SMOOTH,.5294296863463646E-02,.5294280292050839E-02,.1657145137147546E-07,.3130057078180925E-05,.8300323884810612E-08,.3132405880099476E-05,.9999999999999999,-3.2683390567719494e-03,1,1,1,1,0,APPROXIMATE_BOUNDED
run1,I1,KSS,D2,.3000000000000000E-06,-1,SMOOTH,SMOOTH,.5294296928471014E-02,.5294280292050839E-02,.1663678835503288E-07,.3142398052055906E-05,.8395135660428654E-08,.3168186253506895E-05,.9999999999999996,-2.8825285513654143e-03,1,1,1,1,0,APPROXIMATE_BOUNDED
run1,I1,KSS,D2,.1000000000000000E-06,-1,SMOOTH,SMOOTH,.5294296980495153E-02,.5294280292050839E-02,.1668955693427965E-07,.3152365081854314E-05,.8432162868984849E-08,.3182159588609911E-05,.9999999999999991,-2.8825285513653224e-03,1,1,1,1,0,APPROXIMATE_BOUNDED
run1,I1,KSS,D3,.1000000000000000E-01,-1,SMOOTH,SMOOTH,.3152302530807114E-01,.3152219086747508E-01,.2572159114425709E-05,.8159620116687006E-04,.1489469969660762E-05,.5864979390085976E-04,.9999999970213035,-8.5000899149350760e-04,1,1,1,1,0,APPROXIMATE_BOUNDED
run1,I1,KSS,D3,.3000000000000000E-02,-1,SMOOTH,SMOOTH,.3152302570367153E-01,.3152219086747508E-01,.2574792777849026E-05,.8167974743455975E-04,.1490696278066278E-05,.5869807853564997E-04,.9999999970148150,-8.1842218872154674e-05,1,1,1,1,0,APPROXIMATE_BOUNDED
run1,I1,KSS,D3,.1000000000000000E-02,-1,SMOOTH,SMOOTH,.3152302573843268E-01,.3152219086747508E-01,.2575024295258645E-05,.8168709173495331E-04,.1490804069158302E-05,.5870232269903923E-04,.9999999970142444,-8.5231047388700509e-06,1,1,1,1,0,APPROXIMATE_BOUNDED
run1,I1,KSS,D3,.3000000000000000E-03,-1,SMOOTH,SMOOTH,.3152302574246222E-01,.3152219086747508E-01,.2575050719228287E-05,.8168792996795469E-04,.1490816413454027E-05,.5870280874298542E-04,.9999999970141791,-8.5675705131992196e-07,1,1,1,1,0,APPROXIMATE_BOUNDED
run1,I1,KSS,D3,.1000000000000000E-03,-1,SMOOTH,SMOOTH,.3152302574293173E-01,.3152219086747508E-01,.2575053142980016E-05,.8168800685503388E-04,.1490817593062521E-05,.5870285518885646E-04,.9999999970141732,-8.3408686744609804e-08,1,1,1,1,0,APPROXIMATE_BOUNDED
run1,I1,KSS,D3,.3000000000000000E-04,-1,SMOOTH,SMOOTH,.3152302574258838E-01,.3152219086747508E-01,.2575053401571476E-05,.8168801505917990E-04,.1490817569931718E-05,.5870285427810489E-04,.9999999970141723,1.2327320937908943e-06,1,1,1,1,0,APPROXIMATE_BOUNDED
run1,I1,KSS,D3,.1000000000000000E-04,-1,SMOOTH,SMOOTH,.3152302574051222E-01,.3152219086747508E-01,.2575049914192852E-05,.8168790443499508E-04,.1490815025668307E-05,.5870275410035028E-04,.9999999970141800,-2.6573079827564168e-06,1,1,1,1,0,APPROXIMATE_BOUNDED
run1,I1,KSS,D3,.3000000000000000E-05,-1,SMOOTH,SMOOTH,.3152302574854626E-01,.3152219086747508E-01,.2575058152631573E-05,.8168816576087486E-04,.1490821964565681E-05,.5870302731229648E-04,.9999999970141652,9.3771049726629441e-06,1,1,1,1,0,APPROXIMATE_BOUNDED
run1,I1,KSS,D3,.1000000000000000E-05,-1,SMOOTH,SMOOTH,.3152302572782157E-01,.3152219086747508E-01,.2575031625027043E-05,.8168732428354341E-04,.1490794208990065E-05,.5870193446505720E-04,.9999999970142162,-1.1187428440551438e-05,1,1,1,1,0,APPROXIMATE_BOUNDED
run1,I1,KSS,D3,.3000000000000000E-06,-1,SMOOTH,SMOOTH,.3152302576024069E-01,.3152219086747508E-01,.2575066309287550E-05,.8168842448288785E-04,.1490852033107087E-05,.5870421123018188E-04,.9999999970141535,-6.1063888197922079e-05,1,1,1,1,0,APPROXIMATE_BOUNDED
run1,I1,KSS,D3,.1000000000000000E-06,-1,SMOOTH,SMOOTH,.3152302589229056E-01,.3152219086747508E-01,.2575239064790845E-05,.8169390443639674E-04,.1491037070276702E-05,.5871149687831994E-04,.9999999970138169,-6.1063888197954307e-05,1,1,1,1,0,APPROXIMATE_BOUNDED
run1,I2,KPU,D1,.1000000000000000E-01,-1,SMOOTH,SMOOTH,.000000000000000,.1849632079338486E-23,.1849632079338486E-23,1.000000000000000,.1654361225106055E-23,1.000000000000000,.000000000000000,0.0000000000000000e+00,1,1,1,1,0,KNOWN_OMISSION_CONFIRMED
run1,I2,KPU,D1,.3000000000000000E-02,-1,SMOOTH,SMOOTH,.000000000000000,.1849632079338486E-23,.1849632079338486E-23,1.000000000000000,.1654361225106055E-23,1.000000000000000,.000000000000000,0.0000000000000000e+00,1,1,1,1,0,KNOWN_OMISSION_CONFIRMED
run1,I2,KPU,D1,.1000000000000000E-02,-1,SMOOTH,SMOOTH,.000000000000000,.1849632079338486E-23,.1849632079338486E-23,1.000000000000000,.1654361225106055E-23,1.000000000000000,.000000000000000,0.0000000000000000e+00,1,1,1,1,0,KNOWN_OMISSION_CONFIRMED
run1,I2,KPU,D1,.3000000000000000E-03,-1,SMOOTH,SMOOTH,.000000000000000,.1849632079338486E-23,.1849632079338486E-23,1.000000000000000,.1654361225106055E-23,1.000000000000000,.000000000000000,0.0000000000000000e+00,1,1,1,1,0,KNOWN_OMISSION_CONFIRMED
run1,I2,KPU,D1,.1000000000000000E-03,-1,SMOOTH,SMOOTH,.000000000000000,.1849632079338486E-23,.1849632079338486E-23,1.000000000000000,.1654361225106055E-23,1.000000000000000,.000000000000000,0.0000000000000000e+00,1,1,1,1,0,KNOWN_OMISSION_CONFIRMED
run1,I2,KPU,D1,.3000000000000000E-04,-1,SMOOTH,SMOOTH,.000000000000000,.1849632079338486E-23,.1849632079338486E-23,1.000000000000000,.1654361225106055E-23,1.000000000000000,.000000000000000,0.0000000000000000e+00,1,1,1,1,0,KNOWN_OMISSION_CONFIRMED
run1,I2,KPU,D1,.1000000000000000E-04,-1,SMOOTH,SMOOTH,.000000000000000,.1849632079338486E-23,.1849632079338486E-23,1.000000000000000,.1654361225106055E-23,1.000000000000000,.000000000000000,0.0000000000000000e+00,1,1,1,1,0,KNOWN_OMISSION_CONFIRMED
run1,I2,KPU,D1,.3000000000000000E-05,-1,SMOOTH,SMOOTH,.000000000000000,.1849632079338486E-23,.1849632079338486E-23,1.000000000000000,.1654361225106055E-23,1.000000000000000,.000000000000000,0.0000000000000000e+00,1,1,1,1,0,KNOWN_OMISSION_CONFIRMED
run1,I2,KPU,D1,.1000000000000000E-05,-1,SMOOTH,SMOOTH,.000000000000000,.1849632079338486E-23,.1849632079338486E-23,1.000000000000000,.1654361225106055E-23,1.000000000000000,.000000000000000,0.0000000000000000e+00,1,1,1,1,0,KNOWN_OMISSION_CONFIRMED
run1,I2,KPU,D1,.3000000000000000E-06,-1,SMOOTH,SMOOTH,.000000000000000,.1849632079338486E-23,.1849632079338486E-23,1.000000000000000,.1654361225106055E-23,1.000000000000000,.000000000000000,0.0000000000000000e+00,1,1,1,1,0,KNOWN_OMISSION_CONFIRMED
run1,I2,KPU,D1,.1000000000000000E-06,-1,SMOOTH,SMOOTH,.000000000000000,.1849632079338486E-23,.1849632079338486E-23,1.000000000000000,.1654361225106055E-23,1.000000000000000,.000000000000000,-0.0000000000000000e+00,1,1,1,1,0,KNOWN_OMISSION_CONFIRMED
run1,I2,KPU,D2,.1000000000000000E-01,-1,SMOOTH,SMOOTH,.000000000000000,.4454503923864526E-23,.4454503923864526E-23,1.000000000000000,.3308722450212111E-23,1.000000000000000,.000000000000000,0.0000000000000000e+00,1,1,1,1,0,KNOWN_OMISSION_CONFIRMED
run1,I2,KPU,D2,.3000000000000000E-02,-1,SMOOTH,SMOOTH,.000000000000000,.4454503923864526E-23,.4454503923864526E-23,1.000000000000000,.3308722450212111E-23,1.000000000000000,.000000000000000,0.0000000000000000e+00,1,1,1,1,0,KNOWN_OMISSION_CONFIRMED
run1,I2,KPU,D2,.1000000000000000E-02,-1,SMOOTH,SMOOTH,.000000000000000,.4454503923864526E-23,.4454503923864526E-23,1.000000000000000,.3308722450212111E-23,1.000000000000000,.000000000000000,0.0000000000000000e+00,1,1,1,1,0,KNOWN_OMISSION_CONFIRMED
run1,I2,KPU,D2,.3000000000000000E-03,-1,SMOOTH,SMOOTH,.000000000000000,.4454503923864526E-23,.4454503923864526E-23,1.000000000000000,.3308722450212111E-23,1.000000000000000,.000000000000000,0.0000000000000000e+00,1,1,1,1,0,KNOWN_OMISSION_CONFIRMED
run1,I2,KPU,D2,.1000000000000000E-03,-1,SMOOTH,SMOOTH,.000000000000000,.4454503923864526E-23,.4454503923864526E-23,1.000000000000000,.3308722450212111E-23,1.000000000000000,.000000000000000,0.0000000000000000e+00,1,1,1,1,0,KNOWN_OMISSION_CONFIRMED
run1,I2,KPU,D2,.3000000000000000E-04,-1,SMOOTH,SMOOTH,.000000000000000,.4454503923864526E-23,.4454503923864526E-23,1.000000000000000,.3308722450212111E-23,1.000000000000000,.000000000000000,0.0000000000000000e+00,1,1,1,1,0,KNOWN_OMISSION_CONFIRMED
run1,I2,KPU,D2,.1000000000000000E-04,-1,SMOOTH,SMOOTH,.000000000000000,.4454503923864526E-23,.4454503923864526E-23,1.000000000000000,.3308722450212111E-23,1.000000000000000,.000000000000000,0.0000000000000000e+00,1,1,1,1,0,KNOWN_OMISSION_CONFIRMED
run1,I2,KPU,D2,.3000000000000000E-05,-1,SMOOTH,SMOOTH,.000000000000000,.4454503923864526E-23,.4454503923864526E-23,1.000000000000000,.3308722450212111E-23,1.000000000000000,.000000000000000,0.0000000000000000e+00,1,1,1,1,0,KNOWN_OMISSION_CONFIRMED
run1,I2,KPU,D2,.1000000000000000E-05,-1,SMOOTH,SMOOTH,.000000000000000,.4454503923864526E-23,.4454503923864526E-23,1.000000000000000,.3308722450212111E-23,1.000000000000000,.000000000000000,0.0000000000000000e+00,1,1,1,1,0,KNOWN_OMISSION_CONFIRMED
run1,I2,KPU,D2,.3000000000000000E-06,-1,SMOOTH,SMOOTH,.000000000000000,.4454503923864526E-23,.4454503923864526E-23,1.000000000000000,.3308722450212111E-23,1.000000000000000,.000000000000000,0.0000000000000000e+00,1,1,1,1,0,KNOWN_OMISSION_CONFIRMED
run1,I2,KPU,D2,.1000000000000000E-06,-1,SMOOTH,SMOOTH,.000000000000000,.4454503923864526E-23,.4454503923864526E-23,1.000000000000000,.3308722450212111E-23,1.000000000000000,.000000000000000,-0.0000000000000000e+00,1,1,1,1,0,KNOWN_OMISSION_CONFIRMED
run1,I2,KPU,D3,.1000000000000000E-01,-1,SMOOTH,SMOOTH,.1112251897521516E-05,.5988071690736757E-07,.1099543392823737E-05,.9885740768560626,.7774545904107876E-06,.9581795860307301,.2379365577063449,2.4225539828897232e-11,1,1,1,1,0,KNOWN_OMISSION_CONFIRMED
run1,I2,KPU,D3,.3000000000000000E-02,-1,SMOOTH,SMOOTH,.1112251897489848E-05,.5988071690736757E-07,.1099543392791667E-05,.9885740768553761,.7774545904396997E-06,.9581795860322202,.2379365577137115,5.8493728655678931e-12,1,1,1,1,0,KNOWN_OMISSION_CONFIRMED
run1,I2,KPU,D3,.1000000000000000E-02,-1,SMOOTH,SMOOTH,.1112251897486944E-05,.5988071690736757E-07,.1099543392784601E-05,.9885740768516041,.7774545903674195E-06,.9581795860284947,.2379365577824882,1.0736578661107951e-10,1,1,1,1,0,KNOWN_OMISSION_CONFIRMED
run1,I2,KPU,D3,.3000000000000000E-03,-1,SMOOTH,SMOOTH,.1112251897345386E-05,.5988071690736757E-07,.1099543392642468E-05,.9885740768496331,.7774545902951394E-06,.9581795860247693,.2379365577952529,-1.9765113983697932e-10,1,1,1,1,0,KNOWN_OMISSION_CONFIRMED
run1,I2,KPU,D3,.1000000000000000E-03,-1,SMOOTH,SMOOTH,.1112251897564630E-05,.5988071690736757E-07,.1099543392881225E-05,.9885740768694293,.7774545910179408E-06,.9581795860620238,.2379365574680349,-1.0818892868917247e-09,1,1,1,1,0,KNOWN_OMISSION_CONFIRMED
run1,I2,KPU,D3,.3000000000000000E-04,-1,SMOOTH,SMOOTH,.1112251899096674E-05,.5988071690736757E-07,.1099543394313452E-05,.9885740767954247,.7774545913793415E-06,.9581795860806511,.2379365590805113,7.3027783823423589e-09,1,1,1,1,0,KNOWN_OMISSION_CONFIRMED
run1,I2,KPU,D3,.1000000000000000E-04,-1,SMOOTH,SMOOTH,.1112251890074959E-05,.5988071690736757E-07,.1099543385491901E-05,.9885740768827088,.7774545877653342E-06,.9581795858943783,.2379365559845140,-3.0733527480507629e-09,1,1,1,1,0,KNOWN_OMISSION_CONFIRMED
run1,I2,KPU,D3,.3000000000000000E-05,-1,SMOOTH,SMOOTH,.1112251892681835E-05,.5988071690736757E-07,.1099543389560468E-05,.9885740782236615,.7774545805373198E-06,.9581795855218329,.2379365317931209,1.4950443540942582e-07,1,1,1,1,0,KNOWN_OMISSION_CONFIRMED
run1,I2,KPU,D3,.1000000000000000E-05,-1,SMOOTH,SMOOTH,.1112251708559390E-05,.5988071690736757E-07,.1099543208963329E-05,.9885740795017328,.7774543275568129E-06,.9581795724827390,.2379364778490698,-2.1089712359780275e-07,1,1,1,1,0,KNOWN_OMISSION_CONFIRMED
run1,I2,KPU,D3,.3000000000000000E-06,-1,SMOOTH,SMOOTH,.1112252014425053E-05,.5988071690736757E-07,.1099543488153220E-05,.9885740586602558,.7774547250976095E-06,.9581795929727401,.2379369111717332,5.6224030905868784e-07,1,1,1,1,0,KNOWN_OMISSION_CONFIRMED
run1,I2,KPU,D3,.1000000000000000E-06,-1,SMOOTH,SMOOTH,.1112251296937280E-05,.5988071690736757E-07,.1099542808982886E-05,.9885740857399872,.7774540022961611E-06,.9581795557181777,.2379362951694875,5.6224030901318448e-07,1,1,1,1,0,KNOWN_OMISSION_CONFIRMED
run1,I2,KPP,D1,.1000000000000000E-01,-1,SMOOTH,SMOOTH,.4166672083333372E-01,.4167672083333333E-01,.9999999999605810E-05,.2399421019613362E-03,.4999999999932142E-05,.2399421019675381E-03,1.000000000000000,-3.2562820702410939e-11,1,1,1,1,0,APPROXIMATE_BOUNDED
run1,I2,KPP,D1,.3000000000000000E-02,-1,SMOOTH,SMOOTH,.4166672083333333E-01,.4167672083333333E-01,.9999999999997858E-05,.2399421019707431E-03,.5000000000088267E-05,.2399421019750303E-03,.9999999999999999,1.8253394384103159e-10,1,1,1,1,0,APPROXIMATE_BOUNDED
run1,I2,KPP,D1,.1000000000000000E-02,-1,SMOOTH,SMOOTH,.4166672083333533E-01,.4167672083333333E-01,.9999999997992517E-05,.2399421019226265E-03,.4999999999737853E-05,.2399421019582145E-03,1.000000000000000,-1.4062527879478104e-10,1,1,1,1,0,APPROXIMATE_BOUNDED
run1,I2,KPP,D1,.3000000000000000E-03,-1,SMOOTH,SMOOTH,.4166672083333364E-01,.4167672083333333E-01,.9999999999685608E-05,.2399421019632509E-03,.5000000000046634E-05,.2399421019730324E-03,.9999999999999999,-7.4687180118011160e-11,1,1,1,1,0,APPROXIMATE_BOUNDED
run1,I2,KPP,D1,.1000000000000000E-03,-1,SMOOTH,SMOOTH,.4166672083333282E-01,.4167672083333333E-01,.1000000000050613E-04,.2399421019829387E-03,.5000000021734147E-05,.2399421030137818E-03,1.000000000000000,-4.9564648509886537e-09,1,1,1,1,0,APPROXIMATE_BOUNDED
run1,I2,KPP,D1,.3000000000000000E-04,-1,SMOOTH,SMOOTH,.4166672083327314E-01,.4167672083333333E-01,.1000000006018062E-04,.2399421034147809E-03,.5000000083167644E-05,.2399421059618783E-03,1.000000000000000,4.1736797365892342e-08,1,1,1,1,0,APPROXIMATE_BOUNDED
run1,I2,KPP,D1,.1000000000000000E-04,-1,SMOOTH,SMOOTH,.4166672083373167E-01,.4167672083333333E-01,.9999999601655042E-05,.2399420924128218E-03,.4999999902471908E-05,.2399420972905754E-03,.9999999999999999,1.5909242309076802e-08,1,1,1,1,0,APPROXIMATE_BOUNDED
run1,I2,KPP,D1,.3000000000000000E-05,-1,SMOOTH,SMOOTH,.4166672083392321E-01,.4167672083333333E-01,.9999999410112101E-05,.2399420878169003E-03,.4999999969331620E-05,.2399421004990674E-03,1.000000000000000,1.2788362477279747e-07,1,1,1,1,0,APPROXIMATE_BOUNDED
run1,I2,KPP,D1,.1000000000000000E-05,-1,SMOOTH,SMOOTH,.4166672083532816E-01,.4167672083333333E-01,.9999998005167066E-05,.2399420541063537E-03,.5000001062568232E-05,.2399421529617655E-03,1.000000000000000,-6.5662964717133292e-07,1,1,1,1,0,APPROXIMATE_BOUNDED
run1,I2,KPP,D1,.3000000000000000E-06,-1,SMOOTH,SMOOTH,.4166672082742252E-01,.4167672083333333E-01,.1000000591081099E-04,.2399422437960359E-03,.5000010206000771E-05,.2399425917406500E-03,1.000000000000000,-1.2171554890076125e-06,1,1,1,1,0,APPROXIMATE_BOUNDED
run1,I2,KPP,D1,.1000000000000000E-06,-1,SMOOTH,SMOOTH,.4166672081405069E-01,.4167672083333333E-01,.1000001928264761E-04,.2399425646426944E-03,.5000023668183529E-05,.2399432377695356E-03,1.000000000000000,-1.2171554890709309e-06,1,1,1,1,0,APPROXIMATE_BOUNDED
run1,I2,KPP,D2,.1000000000000000E-01,-1,SMOOTH,SMOOTH,.2132686793855556E-01,.2133681374076677E-01,.9999999999905050E-05,.4686735386736186E-03,.4999999999965102E-05,.4162037793975362E-03,.9999999988121916,-5.2518608215645172e-11,1,1,1,1,0,APPROXIMATE_BOUNDED
run1,I2,KPP,D2,.3000000000000000E-02,-1,SMOOTH,SMOOTH,.2132686793855492E-01,.2133681374076677E-01,.1000000000053736E-04,.4686735387032531E-03,.5000000000462967E-05,.4162037794389789E-03,.9999999988121916,6.3081911972214702e-11,1,1,1,1,0,APPROXIMATE_BOUNDED
run1,I2,KPP,D2,.1000000000000000E-02,-1,SMOOTH,SMOOTH,.2132686793855551E-01,.2133681374076677E-01,.9999999999844335E-05,.4686735386707730E-03,.5000000002263610E-05,.4162037795888658E-03,.9999999988121915,1.7138708155227265e-10,1,1,1,1,0,APPROXIMATE_BOUNDED
run1,I2,KPP,D2,.3000000000000000E-03,-1,SMOOTH,SMOOTH,.2132686793855777E-01,.2133681374076677E-01,.9999999997780881E-05,.4686735385740644E-03,.4999999999373561E-05,.4162037793482959E-03,.9999999988121916,1.9981624228608841e-09,1,1,1,1,0,APPROXIMATE_BOUNDED
run1,I2,KPP,D2,.1000000000000000E-03,-1,SMOOTH,SMOOTH,.2132686793858043E-01,.2133681374076677E-01,.9999999975828823E-05,.4686735375452295E-03,.5000000011301520E-05,.4162037803411882E-03,.9999999988121915,-1.0003269624847129e-08,1,1,1,1,0,APPROXIMATE_BOUNDED
run1,I2,KPP,D2,.3000000000000000E-04,-1,SMOOTH,SMOOTH,.2132686793846547E-01,.2133681374076677E-01,.1000000009626547E-04,.4686735431897765E-03,.5000000101290300E-05,.4162037878319223E-03,.9999999988121914,1.6735804647997190e-08,1,1,1,1,0,APPROXIMATE_BOUNDED
run1,I2,KPP,D2,.1000000000000000E-04,-1,SMOOTH,SMOOTH,.2132686793864409E-01,.2133681374076677E-01,.9999999912403863E-05,.4686735345726695E-03,.4999999989558496E-05,.4162037785312824E-03,.9999999988121917,5.4294033319778354e-08,1,1,1,1,0,APPROXIMATE_BOUNDED
run1,I2,KPP,D2,.3000000000000000E-05,-1,SMOOTH,SMOOTH,.2132686793927025E-01,.2133681374076677E-01,.9999999258718495E-05,.4686735039361660E-03,.5000000130504778E-05,.4162037902637576E-03,.9999999988121921,-9.7866022142968929e-08,1,1,1,1,0,APPROXIMATE_BOUNDED
run1,I2,KPP,D2,.1000000000000000E-05,-1,SMOOTH,SMOOTH,.2132686793802085E-01,.2133681374076677E-01,.1000000033388662E-04,.4686735543264511E-03,.5000002590734715E-05,.4162039950551571E-03,.9999999988121957,-4.9528647095755591e-07,1,1,1,1,0,APPROXIMATE_BOUNDED
run1,I2,KPP,D2,.3000000000000000E-06,-1,SMOOTH,SMOOTH,.2132686793291728E-01,.2133681374076677E-01,.1000000629700301E-04,.4686738338019370E-03,.5000011160152459E-05,.4162047083799676E-03,.9999999988121762,1.2705938062646901e-06,1,1,1,1,0,APPROXIMATE_BOUNDED
run1,I2,KPP,D2,.1000000000000000E-06,-1,SMOOTH,SMOOTH,.2132686794736227E-01,.2133681374076677E-01,.9999992338104267E-05,.4686731795852900E-03,.5000043686217634E-05,.4162074158742186E-03,.9999999988121675,1.2705938063260390e-06,1,1,1,1,0,APPROXIMATE_BOUNDED
run1,I2,KPP,D3,.1000000000000000E-01,-1,SMOOTH,SMOOTH,.3977495281990501E-01,.3978482405020759E-01,.9999999999795595E-05,.2513521232914292E-03,.7557465783621792E-05,.2702932824128224E-03,.9999999991914976,-1.6299806903909982e-11,1,1,1,1,0,APPROXIMATE_BOUNDED
run1,I2,KPP,D3,.3000000000000000E-02,-1,SMOOTH,SMOOTH,.3977495281990487E-01,.3978482405020759E-01,.9999999999991841E-05,.2513521232963618E-03,.7557465784582829E-05,.2702932824471940E-03,.9999999991914977,-1.3502570166395802e-10,1,1,1,1,0,APPROXIMATE_BOUNDED
run1,I2,KPP,D3,.1000000000000000E-02,-1,SMOOTH,SMOOTH,.3977495281990331E-01,.3978482405020759E-01,.1000000000147525E-04,.2513521233336476E-03,.7557465781567879E-05,.2702932823393641E-03,.9999999991914975,-2.1186106552323358e-10,1,1,1,1,0,APPROXIMATE_BOUNDED
run1,I2,KPP,D3,.3000000000000000E-03,-1,SMOOTH,SMOOTH,.3977495281990033E-01,.3978482405020759E-01,.1000000000402600E-04,.2513521233977613E-03,.7557465787275119E-05,.2702932825434840E-03,.9999999991914980,1.7908737944115936e-09,1,1,1,1,0,APPROXIMATE_BOUNDED
run1,I2,KPP,D3,.1000000000000000E-03,-1,SMOOTH,SMOOTH,.3977495281992475E-01,.3978482405020759E-01,.9999999984351240E-05,.2513521229032320E-03,.7557465775982070E-05,.2702932821395872E-03,.9999999991914976,8.8666410344628596e-09,1,1,1,1,0,APPROXIMATE_BOUNDED
run1,I2,KPP,D3,.3000000000000000E-04,-1,SMOOTH,SMOOTH,.3977495282003548E-01,.3978482405020759E-01,.9999999877599293E-05,.2513521202199992E-03,.7557465768574800E-05,.2702932818746657E-03,.9999999991914975,-5.0245532987722069e-09,1,1,1,1,0,APPROXIMATE_BOUNDED
run1,I2,KPP,D3,.1000000000000000E-04,-1,SMOOTH,SMOOTH,.3977495281995123E-01,.3978482405020759E-01,.9999999932799653E-05,.2513521216074719E-03,.7557465208404834E-05,.2702932618401485E-03,.9999999991914980,1.0666369409449471e-07,1,1,1,1,0,APPROXIMATE_BOUNDED
run1,I2,KPP,D3,.3000000000000000E-05,-1,SMOOTH,SMOOTH,.3977495282126947E-01,.3978482405020759E-01,.9999998648597875E-05,.2513520893287876E-03,.7557464674432662E-05,.2702932427425971E-03,.9999999991914976,5.6989058608033279e-09,1,1,1,1,0,APPROXIMATE_BOUNDED
run1,I2,KPP,D3,.1000000000000000E-05,-1,SMOOTH,SMOOTH,.3977495282141039E-01,.3978482405020759E-01,.9999998585989004E-05,.2513520877551003E-03,.7557465487584292E-05,.2702932718250209E-03,.9999999991914971,2.1982590963466679e-07,1,1,1,1,0,APPROXIMATE_BOUNDED
run1,I2,KPP,D3,.3000000000000000E-06,-1,SMOOTH,SMOOTH,.3977495282584601E-01,.3978482405020759E-01,.9999995939345560E-05,.2513520212311554E-03,.7557470492983165E-05,.2702934508434551E-03,.9999999991914862,1.6056512416007558e-06,1,1,1,1,0,APPROXIMATE_BOUNDED
run1,I2,KPP,D3,.1000000000000000E-06,-1,SMOOTH,SMOOTH,.3977495283626984E-01,.3978482405020759E-01,.9999978299486427E-05,.2513515778495506E-03,.7557452693998656E-05,.2702928142615527E-03,.9999999991915327,1.6056512416301082e-06,1,1,1,1,0,APPROXIMATE_BOUNDED
run1,I2,KPS,D1,.1000000000000000E-01,-1,SMOOTH,SMOOTH,.1533684913479155E-03,.1533684913479134E-03,.5410166464257003E-17,.3527560593905873E-13,.4546872860861084E-17,.4291483621317694E-13,1.000000000000000,-9.3637585539722190e-01,1,1,1,1,0,CONSISTENT_NUMERICALLY
run1,I2,KPS,D1,.3000000000000000E-02,-1,SMOOTH,SMOOTH,.1533684913479053E-03,.1533684913479134E-03,.1670404535048190E-16,.1089144530514361E-12,.1259029772798792E-16,.1188312454308218E-12,1.000000000000000,-2.2836937495909844e+00,1,1,1,1,0,CONSISTENT_NUMERICALLY
run1,I2,KPS,D1,.1000000000000000E-02,-1,SMOOTH,SMOOTH,.1533684913477665E-03,.1533684913479134E-03,.2053149093194197E-15,.1338703325011308E-11,.1932861422998533E-15,.1824296256549452E-11,.9999999999999999,-2.6593358255083688e-01,1,1,1,1,0,CONSISTENT_NUMERICALLY
run1,I2,KPS,D1,.3000000000000000E-03,-1,SMOOTH,SMOOTH,.1533684913476385E-03,.1533684913479134E-03,.2827948560915152E-15,.1843891490397468E-11,.1932725897726972E-15,.1824168343475791E-11,1.000000000000000,-1.4710574673666585e+00,1,1,1,1,0,CONSISTENT_NUMERICALLY
run1,I2,KPS,D1,.1000000000000000E-03,-1,SMOOTH,SMOOTH,.1533684913466840E-03,.1533684913479134E-03,.1423456795886525E-14,.9281285767214347E-11,.1277488314785358E-14,.1205734214940853E-10,1.000000000000000,-1.1711661019371822e+00,1,1,1,1,0,CONSISTENT_NUMERICALLY
run1,I2,KPS,D1,.3000000000000000E-04,-1,SMOOTH,SMOOTH,.1533684913468133E-03,.1533684913479134E-03,.5830719538513835E-14,.3801771463792367E-10,.4447807275482010E-14,.4197982362298617E-10,1.000000000000000,-6.8244770313923930e-01,1,1,1,1,0,CONSISTENT_NUMERICALLY
run1,I2,KPS,D1,.1000000000000000E-04,-1,SMOOTH,SMOOTH,.1533684913486593E-03,.1533684913479134E-03,.1234049147863025E-13,.8046301668688955E-10,.1167582401747323E-13,.1102001508916750E-09,1.000000000000000,-6.9474544948019923e-01,1,1,1,1,0,CONSISTENT_NUMERICALLY
run1,I2,KPS,D1,.3000000000000000E-05,-1,SMOOTH,SMOOTH,.1533684913300927E-03,.1533684913479134E-03,.2848394151550284E-13,.1857222514557282E-09,.2251784235419649E-13,.2125305778445480E-09,1.000000000000000,-1.8231377198256991e+00,1,1,1,1,0,CONSISTENT_NUMERICALLY
run1,I2,KPS,D1,.1000000000000000E-05,-1,SMOOTH,SMOOTH,.1533684911907768E-03,.1533684913479134E-03,.2110852279411176E-12,.1376327210928058E-08,.1617394098426400E-12,.1526548134292552E-08,1.000000000000000,-6.3594053775614834e-01,1,1,1,1,0,CONSISTENT_NUMERICALLY
run1,I2,KPS,D1,.3000000000000000E-06,-1,SMOOTH,SMOOTH,.1533684917836660E-03,.1533684913479134E-03,.4539182376039142E-12,.2959657699732672E-08,.3403619888101700E-12,.3212444993082755E-08,1.000000000000000,-1.1454448241896786e+00,1,1,1,1,0,CONSISTENT_NUMERICALLY
run1,I2,KPS,D1,.1000000000000000E-06,-1,SMOOTH,SMOOTH,.1533684926412312E-03,.1533684913479134E-03,.1597694366921833E-11,.1041735717295765E-07,.1356143631637066E-11,.1279971606367676E-07,1.000000000000000,-1.1454448241896786e+00,1,1,1,1,0,CONSISTENT_NUMERICALLY
run1,I2,KPS,D2,.1000000000000000E-01,-1,SMOOTH,SMOOTH,.1492268606384170E-05,.1492268606383834E-05,.1328988172774115E-16,.8905824106253291E-11,.1067939139898222E-16,.1431296129023480E-10,1.000000000000000,-1.3730484892285280e+00,1,1,1,1,0,CONSISTENT_NUMERICALLY
run1,I2,KPS,D2,.3000000000000000E-02,-1,SMOOTH,SMOOTH,.1492268606382363E-05,.1492268606383834E-05,.6941590454640521E-16,.4651703068029993E-10,.5042842415213999E-16,.6758625616556173E-10,1.000000000000000,-6.3717662605925285e-01,1,1,1,1,0,CONSISTENT_NUMERICALLY
run1,I2,KPS,D2,.1000000000000000E-02,-1,SMOOTH,SMOOTH,.1492268606427538E-05,.1492268606383834E-05,.1397878735800366E-15,.9367473990804242E-10,.1302668910241334E-15,.1745890658613542E-09,1.000000000000000,-1.0648853384656511e+00,1,1,1,1,0,CONSISTENT_NUMERICALLY
run1,I2,KPS,D2,.3000000000000000E-03,-1,SMOOTH,SMOOTH,.1492268606093243E-05,.1492268606383834E-05,.5038200053659633E-15,.3376201866142946E-09,.4841142694649069E-15,.6488299323007514E-09,1.000000000000000,-6.9108985185388161e-01,1,1,1,1,0,CONSISTENT_NUMERICALLY
run1,I2,KPS,D2,.1000000000000000E-03,-1,SMOOTH,SMOOTH,.1492268605912542E-05,.1492268606383834E-05,.1076487683931014E-14,.7213766203523049E-09,.8455048998174536E-15,.1133180576110700E-08,1.000000000000000,-1.2421566225512837e+00,1,1,1,1,0,CONSISTENT_NUMERICALLY
run1,I2,KPS,D2,.3000000000000000E-04,-1,SMOOTH,SMOOTH,.1492268607493670E-05,.1492268606383834E-05,.4802931156668191E-14,.3218543318910207E-08,.3491293625729197E-14,.4679175846033689E-08,.9999999999999998,-1.1415809698878456e+00,1,1,1,1,0,CONSISTENT_NUMERICALLY
run1,I2,KPS,D2,.1000000000000000E-04,-1,SMOOTH,SMOOTH,.1492268594392894E-05,.1492268606383834E-05,.1683367376725432E-13,.1128059231108990E-07,.1277172890303712E-13,.1711719832292818E-07,1.000000000000000,-1.0427753834922391e+00,1,1,1,1,0,CONSISTENT_NUMERICALLY
run1,I2,KPS,D2,.3000000000000000E-05,-1,SMOOTH,SMOOTH,.1492268607041921E-05,.1492268606383834E-05,.5907775596491477E-13,.3958922387439540E-07,.4324537321294495E-13,.5795923136287259E-07,.9999999999999989,-4.0040712048094823e-01,1,1,1,1,0,CONSISTENT_NUMERICALLY
run1,I2,KPS,D2,.1000000000000000E-05,-1,SMOOTH,SMOOTH,.1492268656734521E-05,.1492268606383834E-05,.9172056857331547E-13,.6146384443537424E-07,.7938544569971451E-13,.1063956407229135E-06,.9999999999999988,-1.7014659524020515e+00,1,1,1,1,0,CONSISTENT_NUMERICALLY
run1,I2,KPS,D2,.3000000000000000E-06,-1,SMOOTH,SMOOTH,.1492268223053770E-05,.1492268606383834E-05,.7114217205445605E-12,.4767383817505387E-06,.4627156405430377E-12,.6201503901794229E-06,.9999999999999195,-3.0668384567151025e-01,1,1,1,1,0,CONSISTENT_NUMERICALLY
run1,I2,KPS,D2,.1000000000000000E-06,-1,SMOOTH,SMOOTH,.1492269036205550E-05,.1492268606383834E-05,.9964430945972601E-12,.6677368962442284E-06,.6214865421068621E-12,.8329412302670201E-06,.9999999999998185,-3.0668384567151025e-01,1,1,1,1,0,CONSISTENT_NUMERICALLY
run1,I2,KPS,D3,.1000000000000000E-01,-1,SMOOTH,SMOOTH,.9502699081778445E-04,.9502699081778029E-04,.1369747651337541E-16,.1441430102700032E-12,.9032759349519859E-17,.1312076631459923E-12,.9999999999999998,-7.6089920930785415e-01,1,1,1,1,0,CONSISTENT_NUMERICALLY
run1,I2,KPS,D3,.3000000000000000E-02,-1,SMOOTH,SMOOTH,.9502699081776152E-04,.9502699081778029E-04,.3423722747108032E-16,.3602895048705917E-12,.3072019093101896E-16,.4462340141578559E-12,1.000000000000000,-1.3870403720383173e+00,1,1,1,1,0,CONSISTENT_NUMERICALLY
run1,I2,KPS,D3,.1000000000000000E-02,-1,SMOOTH,SMOOTH,.9502699081766843E-04,.9502699081778029E-04,.1571393784270578E-15,.1653628901375837E-11,.1468009741545373E-15,.2132395209598719E-11,1.000000000000000,-1.1356182125063556e+00,1,1,1,1,0,CONSISTENT_NUMERICALLY
run1,I2,KPS,D3,.3000000000000000E-03,-1,SMOOTH,SMOOTH,.9502699081722779E-04,.9502699081778029E-04,.6167024262019800E-15,.6489760655312576E-11,.5081926632982681E-15,.7381882899698371E-11,.9999999999999998,-5.4114547062316409e-01,1,1,1,1,0,CONSISTENT_NUMERICALLY
run1,I2,KPS,D3,.1000000000000000E-03,-1,SMOOTH,SMOOTH,.9502699081803147E-04,.9502699081778029E-04,.1117551801409611E-14,.1176036189075615E-10,.9374011983309671E-15,.1361646158212003E-10,1.000000000000000,-1.5196725299769807e+00,1,1,1,1,0,CONSISTENT_NUMERICALLY
run1,I2,KPS,D3,.3000000000000000E-04,-1,SMOOTH,SMOOTH,.9502699082255385E-04,.9502699081778029E-04,.6964214333126548E-14,.7328669752503255E-10,.6719817302429376E-14,.9761043009046845E-10,.9999999999999998,-5.4513295630260483e-01,1,1,1,1,0,CONSISTENT_NUMERICALLY
run1,I2,KPS,D3,.1000000000000000E-04,-1,SMOOTH,SMOOTH,.9502699081377453E-04,.9502699081778029E-04,.1267554521428287E-13,.1333888940941944E-09,.9690958159645074E-14,.1407684988131944E-09,1.000000000000000,-8.8837672716356708e-01,1,1,1,1,0,CONSISTENT_NUMERICALLY
run1,I2,KPS,D3,.3000000000000000E-05,-1,SMOOTH,SMOOTH,.9502699083198339E-04,.9502699081778029E-04,.3693855967156544E-13,.3887165041022531E-09,.2776099323835955E-13,.4032494289367811E-09,.9999999999999998,-8.3111582070499379e-01,1,1,1,1,0,CONSISTENT_NUMERICALLY
run1,I2,KPS,D3,.1000000000000000E-05,-1,SMOOTH,SMOOTH,.9502699085331720E-04,.9502699081778029E-04,.9204982779675908E-13,.9686703427118550E-09,.6390106678392030E-13,.9282113376825510E-09,.9999999999999998,-1.7993920964575600e+00,1,1,1,1,0,CONSISTENT_NUMERICALLY
run1,I2,KPS,D3,.3000000000000000E-06,-1,SMOOTH,SMOOTH,.9502699144845207E-04,.9502699081778029E-04,.8033168230404847E-12,.8453564727199097E-08,.7403632828334450E-12,.1075433677252930E-07,.9999999999999998,-6.5841484121017180e-01,1,1,1,1,0,CONSISTENT_NUMERICALLY
run1,I2,KPS,D3,.1000000000000000E-06,-1,SMOOTH,SMOOTH,.9502698980122046E-04,.9502699081778029E-04,.1655886544741399E-11,.1742543387401014E-07,.1428041062137564E-11,.2074337674938793E-07,.9999999999999998,-6.5841484121017180e-01,1,1,1,1,0,CONSISTENT_NUMERICALLY
run1,I2,KSU,D1,.1000000000000000E-01,-1,SMOOTH,SMOOTH,.000000000000000,.7018860244827456E-23,.7018860244827456E-23,1.000000000000000,.6617444900424221E-23,1.000000000000000,.000000000000000,0.0000000000000000e+00,1,1,1,1,0,KNOWN_OMISSION_CONFIRMED
run1,I2,KSU,D1,.3000000000000000E-02,-1,SMOOTH,SMOOTH,.000000000000000,.7018860244827456E-23,.7018860244827456E-23,1.000000000000000,.6617444900424221E-23,1.000000000000000,.000000000000000,0.0000000000000000e+00,1,1,1,1,0,KNOWN_OMISSION_CONFIRMED
run1,I2,KSU,D1,.1000000000000000E-02,-1,SMOOTH,SMOOTH,.000000000000000,.7018860244827456E-23,.7018860244827456E-23,1.000000000000000,.6617444900424221E-23,1.000000000000000,.000000000000000,0.0000000000000000e+00,1,1,1,1,0,KNOWN_OMISSION_CONFIRMED
run1,I2,KSU,D1,.3000000000000000E-03,-1,SMOOTH,SMOOTH,.000000000000000,.7018860244827456E-23,.7018860244827456E-23,1.000000000000000,.6617444900424221E-23,1.000000000000000,.000000000000000,0.0000000000000000e+00,1,1,1,1,0,KNOWN_OMISSION_CONFIRMED
run1,I2,KSU,D1,.1000000000000000E-03,-1,SMOOTH,SMOOTH,.000000000000000,.7018860244827456E-23,.7018860244827456E-23,1.000000000000000,.6617444900424221E-23,1.000000000000000,.000000000000000,0.0000000000000000e+00,1,1,1,1,0,KNOWN_OMISSION_CONFIRMED
run1,I2,KSU,D1,.3000000000000000E-04,-1,SMOOTH,SMOOTH,.000000000000000,.7018860244827456E-23,.7018860244827456E-23,1.000000000000000,.6617444900424221E-23,1.000000000000000,.000000000000000,0.0000000000000000e+00,1,1,1,1,0,KNOWN_OMISSION_CONFIRMED
run1,I2,KSU,D1,.1000000000000000E-04,-1,SMOOTH,SMOOTH,.000000000000000,.7018860244827456E-23,.7018860244827456E-23,1.000000000000000,.6617444900424221E-23,1.000000000000000,.000000000000000,0.0000000000000000e+00,1,1,1,1,0,KNOWN_OMISSION_CONFIRMED
run1,I2,KSU,D1,.3000000000000000E-05,-1,SMOOTH,SMOOTH,.000000000000000,.7018860244827456E-23,.7018860244827456E-23,1.000000000000000,.6617444900424221E-23,1.000000000000000,.000000000000000,0.0000000000000000e+00,1,1,1,1,0,KNOWN_OMISSION_CONFIRMED
run1,I2,KSU,D1,.1000000000000000E-05,-1,SMOOTH,SMOOTH,.000000000000000,.7018860244827456E-23,.7018860244827456E-23,1.000000000000000,.6617444900424221E-23,1.000000000000000,.000000000000000,0.0000000000000000e+00,1,1,1,1,0,KNOWN_OMISSION_CONFIRMED
run1,I2,KSU,D1,.3000000000000000E-06,-1,SMOOTH,SMOOTH,.000000000000000,.7018860244827456E-23,.7018860244827456E-23,1.000000000000000,.6617444900424221E-23,1.000000000000000,.000000000000000,0.0000000000000000e+00,1,1,1,1,0,KNOWN_OMISSION_CONFIRMED
run1,I2,KSU,D1,.1000000000000000E-06,-1,SMOOTH,SMOOTH,.000000000000000,.7018860244827456E-23,.7018860244827456E-23,1.000000000000000,.6617444900424221E-23,1.000000000000000,.000000000000000,-0.0000000000000000e+00,1,1,1,1,0,KNOWN_OMISSION_CONFIRMED
run1,I2,KSU,D2,.1000000000000000E-01,-1,SMOOTH,SMOOTH,.000000000000000,.1072148612141270E-22,.1072148612141270E-22,1.000000000000000,.8271806125530277E-23,1.000000000000000,.000000000000000,0.0000000000000000e+00,1,1,1,1,0,KNOWN_OMISSION_CONFIRMED
run1,I2,KSU,D2,.3000000000000000E-02,-1,SMOOTH,SMOOTH,.000000000000000,.1072148612141270E-22,.1072148612141270E-22,1.000000000000000,.8271806125530277E-23,1.000000000000000,.000000000000000,0.0000000000000000e+00,1,1,1,1,0,KNOWN_OMISSION_CONFIRMED
run1,I2,KSU,D2,.1000000000000000E-02,-1,SMOOTH,SMOOTH,.000000000000000,.1072148612141270E-22,.1072148612141270E-22,1.000000000000000,.8271806125530277E-23,1.000000000000000,.000000000000000,0.0000000000000000e+00,1,1,1,1,0,KNOWN_OMISSION_CONFIRMED
run1,I2,KSU,D2,.3000000000000000E-03,-1,SMOOTH,SMOOTH,.000000000000000,.1072148612141270E-22,.1072148612141270E-22,1.000000000000000,.8271806125530277E-23,1.000000000000000,.000000000000000,0.0000000000000000e+00,1,1,1,1,0,KNOWN_OMISSION_CONFIRMED
run1,I2,KSU,D2,.1000000000000000E-03,-1,SMOOTH,SMOOTH,.000000000000000,.1072148612141270E-22,.1072148612141270E-22,1.000000000000000,.8271806125530277E-23,1.000000000000000,.000000000000000,0.0000000000000000e+00,1,1,1,1,0,KNOWN_OMISSION_CONFIRMED
run1,I2,KSU,D2,.3000000000000000E-04,-1,SMOOTH,SMOOTH,.000000000000000,.1072148612141270E-22,.1072148612141270E-22,1.000000000000000,.8271806125530277E-23,1.000000000000000,.000000000000000,0.0000000000000000e+00,1,1,1,1,0,KNOWN_OMISSION_CONFIRMED
run1,I2,KSU,D2,.1000000000000000E-04,-1,SMOOTH,SMOOTH,.000000000000000,.1072148612141270E-22,.1072148612141270E-22,1.000000000000000,.8271806125530277E-23,1.000000000000000,.000000000000000,0.0000000000000000e+00,1,1,1,1,0,KNOWN_OMISSION_CONFIRMED
run1,I2,KSU,D2,.3000000000000000E-05,-1,SMOOTH,SMOOTH,.000000000000000,.1072148612141270E-22,.1072148612141270E-22,1.000000000000000,.8271806125530277E-23,1.000000000000000,.000000000000000,0.0000000000000000e+00,1,1,1,1,0,KNOWN_OMISSION_CONFIRMED
run1,I2,KSU,D2,.1000000000000000E-05,-1,SMOOTH,SMOOTH,.000000000000000,.1072148612141270E-22,.1072148612141270E-22,1.000000000000000,.8271806125530277E-23,1.000000000000000,.000000000000000,0.0000000000000000e+00,1,1,1,1,0,KNOWN_OMISSION_CONFIRMED
run1,I2,KSU,D2,.3000000000000000E-06,-1,SMOOTH,SMOOTH,.000000000000000,.1072148612141270E-22,.1072148612141270E-22,1.000000000000000,.8271806125530277E-23,1.000000000000000,.000000000000000,0.0000000000000000e+00,1,1,1,1,0,KNOWN_OMISSION_CONFIRMED
run1,I2,KSU,D2,.1000000000000000E-06,-1,SMOOTH,SMOOTH,.000000000000000,.1072148612141270E-22,.1072148612141270E-22,1.000000000000000,.8271806125530277E-23,1.000000000000000,.000000000000000,-0.0000000000000000e+00,1,1,1,1,0,KNOWN_OMISSION_CONFIRMED
run1,I2,KSU,D3,.1000000000000000E-01,-1,SMOOTH,SMOOTH,.3442372844536300E-03,.1483851699957261E-06,.3442060081057383E-03,.9999091430553743,.2483832776397721E-03,.9996613188038552,.2109840770048676,6.3117235780234905e-11,1,1,1,1,0,KNOWN_OMISSION_CONFIRMED
run1,I2,KSU,D3,.3000000000000000E-02,-1,SMOOTH,SMOOTH,.3442372844274738E-03,.1483851699957261E-06,.3442060080795816E-03,.9999091430553659,.2483832776217310E-03,.9996613188038306,.2109840770077458,1.1472580490211284e-11,1,1,1,1,0,KNOWN_OMISSION_CONFIRMED
run1,I2,KSU,D3,.1000000000000000E-02,-1,SMOOTH,SMOOTH,.3442372844231338E-03,.1483851699957261E-06,.3442060080752433E-03,.9999091430553698,.2483832776078532E-03,.9996613188038117,.2109840769960623,8.3070902384847132e-11,1,1,1,1,0,KNOWN_OMISSION_CONFIRMED
run1,I2,KSU,D3,.3000000000000000E-03,-1,SMOOTH,SMOOTH,.3442372843886940E-03,.1483851699957261E-06,.3442060080408175E-03,.9999091430554015,.2483832775615940E-03,.9996613188037486,.2109840769014331,-1.4118835078014839e-10,1,1,1,1,0,KNOWN_OMISSION_CONFIRMED
run1,I2,KSU,D3,.1000000000000000E-03,-1,SMOOTH,SMOOTH,.3442372844420671E-03,.1483851699957261E-06,.3442060080942077E-03,.9999091430554652,.2483832776078532E-03,.9996613188038117,.2109840767865482,-1.5527881105172026e-09,1,1,1,1,0,KNOWN_OMISSION_CONFIRMED
run1,I2,KSU,D3,.3000000000000000E-04,-1,SMOOTH,SMOOTH,.3442372850857339E-03,.1483851699957261E-06,.3442060087377059E-03,.9999091430551452,.2483832782554833E-03,.9996613188046944,.2109840779224893,1.2184560383044610e-09,1,1,1,1,0,KNOWN_OMISSION_CONFIRMED
run1,I2,KSU,D3,.1000000000000000E-04,-1,SMOOTH,SMOOTH,.3442372846252122E-03,.1483851699957261E-06,.3442060082769480E-03,.9999091430543373,.2483832787180763E-03,.9996613188053250,.2109840795149038,-1.0409839626422536e-08,1,1,1,1,0,KNOWN_OMISSION_CONFIRMED
run1,I2,KSU,D3,.3000000000000000E-05,-1,SMOOTH,SMOOTH,.3442372889408398E-03,.1483851699957261E-06,.3442060125909383E-03,.9999091430507203,.2483832851943773E-03,.9996613188141528,.2109840905448840,-7.8668988717832150e-08,1,1,1,1,0,KNOWN_OMISSION_CONFIRMED
run1,I2,KSU,D3,.1000000000000000E-05,-1,SMOOTH,SMOOTH,.3442373186912561E-03,.1483851699957261E-06,.3442060423395355E-03,.9999091430532879,.2483833175758821E-03,.9996613188582913,.2109841027860120,3.5282536635076998e-08,1,1,1,1,0,KNOWN_OMISSION_CONFIRMED
run1,I2,KSU,D3,.3000000000000000E-06,-1,SMOOTH,SMOOTH,.3442373040633234E-03,.1483851699957261E-06,.3442060277179334E-03,.9999091430678173,.2483832528128724E-03,.9996613187700141,.2109840601348316,9.1701413558553349e-08,1,1,1,1,0,KNOWN_OMISSION_CONFIRMED
run1,I2,KSU,D3,.1000000000000000E-06,-1,SMOOTH,SMOOTH,.3442372693705134E-03,.1483851699957261E-06,.3442059930411399E-03,.9999091431051883,.2483832065535797E-03,.9996613187069590,.2109839522258262,9.1701413499717421e-08,1,1,1,1,0,KNOWN_OMISSION_CONFIRMED
run1,I2,KSP,D1,.1000000000000000E-01,-1,SMOOTH,SMOOTH,.000000000000000,.9420554752102650E-15,.9420554752102650E-15,1.000000000000000,.6661338147750939E-15,1.000000000000000,.000000000000000,-2.9797547306296135e+00,1,1,1,1,0,INCONCLUSIVE
run1,I2,KSP,D1,.3000000000000000E-02,-1,SMOOTH,SMOOTH,.3403773247692106E-13,.9420554752102650E-15,.3405076652131079E-13,1.000382929279986,.2379578016113252E-13,1.028800000000000,.000000000000000,-1.6240508186019256e+00,1,1,1,1,0,INCONCLUSIVE
run1,I2,KSP,D1,.1000000000000000E-02,-1,SMOOTH,SMOOTH,.2027642426513506E-12,.9420554752102650E-15,.2027664310641536E-12,1.000010792893137,.1394440118929197E-12,1.004800000000000,.000000000000000,4.4616837080341263e+00,1,1,1,1,0,INCONCLUSIVE
run1,I2,KSP,D1,.3000000000000000E-03,-1,SMOOTH,SMOOTH,.000000000000000,.9420554752102650E-15,.9420554752102650E-15,1.000000000000000,.6661338147750939E-15,1.000000000000000,.000000000000000,-7.3849565174366001e+00,1,1,1,1,0,INCONCLUSIVE
run1,I2,KSP,D1,.1000000000000000E-03,-1,SMOOTH,SMOOTH,.3144793394814182E-11,.9420554752102650E-15,.3144822931869152E-11,1.000009392367403,.2221112183065088E-11,1.000300000000000,-.3120420528405944E-01,-6.3547031634886919e-01,1,1,1,1,0,INCONCLUSIVE
run1,I2,KSP,D1,.3000000000000000E-04,-1,SMOOTH,SMOOTH,.6758808088378354E-11,.9420554752102650E-15,.6758808154031092E-11,1.000000009713656,.4626595403086260E-11,1.000144000000000,.000000000000000,-1.3994798741854102e+00,1,1,1,1,0,INCONCLUSIVE
run1,I2,KSP,D1,.1000000000000000E-04,-1,SMOOTH,SMOOTH,.3144793394814181E-10,.9420554752102650E-15,.3144790456614578E-10,.9999990656939154,.2220379435868835E-10,.9999700000000000,.3120420528405946E-01,-6.3547888549034748e-01,1,1,1,1,0,INCONCLUSIVE
run1,I2,KSP,D1,.3000000000000000E-05,-1,SMOOTH,SMOOTH,.6758808088378353E-10,.9420554752102650E-15,.6758808089034882E-10,1.000000000097137,.4625995882652963E-10,1.000014400000000,.000000000000000,-1.7898539405817033e+00,1,1,1,1,0,INCONCLUSIVE
run1,I2,KSP,D1,.1000000000000000E-05,-1,SMOOTH,SMOOTH,.4828891881339699E-09,.9420554752102650E-15,.4828891785628545E-09,.9999999801794789,.2567384083107527E-09,.9999974054054054,.1016079683280371E-01,-1.0000000214019951e+00,1,1,1,1,0,INCONCLUSIVE
run1,I2,KSP,D1,.3000000000000000E-06,-1,SMOOTH,SMOOTH,.1609630627113233E-08,.9420554752102650E-15,.1609630636685543E-08,1.000000005946899,.8557975809490397E-09,1.000000778378378,-.1016079683280371E-01,4.1424344919679867e-01,1,1,1,1,0,INCONCLUSIVE
run1,I2,KSP,D1,.1000000000000000E-06,-1,SMOOTH,SMOOTH,.1021131974307632E-08,.9420554752102650E-15,.1021131974308066E-08,1.000000000000425,.6938900565245376E-09,1.000000960000000,.000000000000000,4.1424344919679867e-01,1,1,1,1,0,INCONCLUSIVE
run1,I2,KSP,D2,.1000000000000000E-01,-1,SMOOTH,SMOOTH,4.265899914823959,4.265899914823957,.2094764613337708E-14,.4910487013674236E-15,.1332267629550188E-14,.4995039401230782E-15,1.000000000000000,-3.5287388098900747e+00,1,1,1,1,0,INCONCLUSIVE
run1,I2,KSP,D2,.3000000000000000E-02,-1,SMOOTH,SMOOTH,4.265899914823820,4.265899914823957,.1466350359981863E-12,.3437376378396293E-13,.9858780458671390E-13,.3696329156910780E-13,.9999999999999998,-6.3437747165999347e-01,1,1,1,1,0,INCONCLUSIVE
run1,I2,KSP,D2,.1000000000000000E-02,-1,SMOOTH,SMOOTH,4.265899914823979,4.265899914823957,.2943829990386543E-12,.6900841672718926E-13,.2093880624443045E-12,.7850536925600787E-13,1.000000000000000,-7.5638250071319846e-01,1,1,1,1,0,INCONCLUSIVE
run1,I2,KSP,D2,.3000000000000000E-03,-1,SMOOTH,SMOOTH,4.265899914824687,4.265899914823957,.7318280616272501E-12,.1715530313039061E-12,.4294342659250105E-12,.1610067700329797E-12,1.000000000000000,-1.8246030666982092e+00,1,1,1,1,0,INCONCLUSIVE
run1,I2,KSP,D2,.1000000000000000E-03,-1,SMOOTH,SMOOTH,4.265899914828950,4.265899914823957,.5432077567672184E-11,.1273372014376009E-11,.3595568287551032E-11,.1348077883733741E-11,1.000000000000000,-1.2303797614858467e+00,1,1,1,1,0,INCONCLUSIVE
run1,I2,KSP,D2,.3000000000000000E-04,-1,SMOOTH,SMOOTH,4.265899914802381,4.265899914823957,.2389490943117370E-10,.5601376007003619E-11,.1867617172024438E-10,.7002212733958688E-11,1.000000000000000,1.5656851191020713e-01,1,1,1,1,0,INCONCLUSIVE
run1,I2,KSP,D2,.1000000000000000E-04,-1,SMOOTH,SMOOTH,4.265899914826750,4.265899914823957,.2011885329941042E-10,.4716203779062993E-11,.1430700002913454E-10,.5364089562324469E-11,1.000000000000000,-1.7941830136036629e+00,1,1,1,1,0,INCONCLUSIVE
run1,I2,KSP,D2,.3000000000000000E-05,-1,SMOOTH,SMOOTH,4.265899914964280,4.265899914823957,.1744790897411403E-09,.4090088685135064E-10,.1453037690168912E-09,.5447839722829402E-10,1.000000000000000,-1.7517764983058423e-01,1,1,1,1,0,INCONCLUSIVE
run1,I2,KSP,D2,.1000000000000000E-05,-1,SMOOTH,SMOOTH,4.265899914771902,4.265899914823957,.2115068157430507E-09,.4958081998315684E-10,.1793456494425527E-09,.6724163865473275E-10,.9999999999999998,-1.6072339517590795e+00,1,1,1,1,0,INCONCLUSIVE
run1,I2,KSP,D2,.3000000000000000E-06,-1,SMOOTH,SMOOTH,4.265899913513166,4.265899914823957,.1464579122543568E-08,.3433224294489823E-09,.1174926822500311E-08,.4405125247945429E-09,1.000000000000000,-1.1086846138976407e+00,1,1,1,1,0,INCONCLUSIVE
run1,I2,KSP,D2,.1000000000000000E-06,-1,SMOOTH,SMOOTH,4.265899919491820,4.265899914823957,.4950964736794325E-08,.1160590925767456E-08,.3381613211672629E-08,.1267860213365280E-08,1.000000000000000,-1.1086846138976407e+00,1,1,1,1,0,INCONCLUSIVE
run1,I2,KSP,D3,.1000000000000000E-01,-1,SMOOTH,SMOOTH,2.272644739029872,2.272644739029850,.6366705559976940E-13,.2801452180640740E-13,.4485301019485632E-13,.2658470087258744E-13,1.000000000000000,-7.4933915456310862e-01,1,1,1,1,0,INCONCLUSIVE
run1,I2,KSP,D3,.3000000000000000E-02,-1,SMOOTH,SMOOTH,2.272644739029694,2.272644739029850,.1569380609975634E-12,.6905525456854177E-13,.1167954621905665E-12,.6922550821277721E-13,1.000000000000000,-1.7684859722817623e+00,1,1,1,1,0,INCONCLUSIVE
run1,I2,KSP,D3,.1000000000000000E-02,-1,SMOOTH,SMOOTH,2.272644739029772,2.272644739029850,.1095243106911650E-11,.4819244680447457E-12,.8705258736085852E-12,.5159669295593023E-12,1.000000000000000,1.6683100176334070e-01,1,1,1,1,0,INCONCLUSIVE
run1,I2,KSP,D3,.3000000000000000E-03,-1,SMOOTH,SMOOTH,2.272644739030328,2.272644739029850,.8959383851275960E-12,.3942272057487820E-12,.6790124018607457E-12,.4024555211303945E-12,1.000000000000000,-1.6327437305092716e+00,1,1,1,1,0,INCONCLUSIVE
run1,I2,KSP,D3,.1000000000000000E-03,-1,SMOOTH,SMOOTH,2.272644739026592,2.272644739029850,.5386353856869287E-11,.2370081766131482E-11,.4085842775225501E-11,.2421708320576641E-11,1.000000000000000,-9.3886276445283201e-01,1,1,1,1,0,INCONCLUSIVE
run1,I2,KSP,D3,.3000000000000000E-04,-1,SMOOTH,SMOOTH,2.272644739031611,2.272644739029850,.1668039248631483E-10,.7339639231700799E-11,.1240618718867381E-10,.7353236136124452E-11,1.000000000000000,-1.7820975008129301e+00,1,1,1,1,0,INCONCLUSIVE
run1,I2,KSP,D3,.1000000000000000E-04,-1,SMOOTH,SMOOTH,2.272644739049279,2.272644739029850,.1181633679368439E-09,.5199377003652382E-10,.8659360728469068E-10,.5132465217252705E-10,1.000000000000000,6.4889629561938320e-02,1,1,1,1,0,INCONCLUSIVE
run1,I2,KSP,D3,.3000000000000000E-05,-1,SMOOTH,SMOOTH,2.272644739007011,2.272644739029850,.1092832124320800E-09,.4808635971794299E-10,.8179021349086213E-10,.4847764621623966E-10,1.000000000000000,-1.6091507011375730e+00,1,1,1,1,0,INCONCLUSIVE
run1,I2,KSP,D3,.1000000000000000E-05,-1,SMOOTH,SMOOTH,2.272644739108001,2.272644739029850,.6401967342096582E-09,.2816967928128228E-09,.5351312726276092E-09,.3171761437200946E-09,1.000000000000000,-1.1555542728140438e+00,1,1,1,1,0,INCONCLUSIVE
run1,I2,KSP,D3,.3000000000000000E-06,-1,SMOOTH,SMOOTH,2.272644736715786,2.272644739029850,.2573523999588288E-08,.1132391682426739E-08,.2179521452205790E-08,.1291817998403216E-08,1.000000000000000,-9.4357059203908611e-01,1,1,1,1,0,INCONCLUSIVE
run1,I2,KSP,D3,.1000000000000000E-06,-1,SMOOTH,SMOOTH,2.272644740071562,2.272644739029850,.7256476738889522E-08,.3192965715645036E-08,.5461745944401741E-08,.3237215994832729E-08,1.000000000000000,-9.4357059203908611e-01,1,1,1,1,0,INCONCLUSIVE
run1,I2,KSS,D1,.1000000000000000E-01,-1,SMOOTH,SMOOTH,.7779914972662438E-01,.7770028841596374E-01,.1847575850180257E-03,.2374802111170093E-02,.1297232755264055E-03,.1953106959115733E-02,.9999979849677011,7.1408560771849119e-06,1,1,1,1,0,APPROXIMATE_BOUNDED
run1,I2,KSS,D1,.3000000000000000E-02,-1,SMOOTH,SMOOTH,.7779914887443991E-01,.7770028841596374E-01,.1847559965906360E-03,.2374781720154983E-02,.1297221784426414E-03,.1953090453190358E-02,.9999979850022901,6.8794531849233501e-07,1,1,1,1,0,APPROXIMATE_BOUNDED
run1,I2,KSS,D1,.1000000000000000E-02,-1,SMOOTH,SMOOTH,.7779914879951519E-01,.7770028841596374E-01,.1847558569548445E-03,.2374779927617869E-02,.1297220819943268E-03,.1953089002099495E-02,.9999979850053307,7.1880183220672353e-08,1,1,1,1,0,APPROXIMATE_BOUNDED
run1,I2,KSS,D1,.3000000000000000E-03,-1,SMOOTH,SMOOTH,.7779914879081749E-01,.7770028841596374E-01,.1847558409657434E-03,.2374779722365675E-02,.1297220709753633E-03,.1953088836320155E-02,.9999979850056767,8.3817333066439010e-09,1,1,1,1,0,APPROXIMATE_BOUNDED
run1,I2,KSS,D1,.1000000000000000E-03,-1,SMOOTH,SMOOTH,.7779914878967140E-01,.7770028841596374E-01,.1847558392644608E-03,.2374779700533034E-02,.1297220698651402E-03,.1953088819625099E-02,.9999979850057099,1.6146402690496783e-09,1,1,1,1,0,APPROXIMATE_BOUNDED
run1,I2,KSS,D1,.3000000000000000E-04,-1,SMOOTH,SMOOTH,.7779914878870171E-01,.7770028841596374E-01,.1847558389052986E-03,.2374779695946102E-02,.1297220696801007E-03,.1953088816863639E-02,.9999979850057050,4.8788802199604688e-09,1,1,1,1,0,APPROXIMATE_BOUNDED
run1,I2,KSS,D1,.1000000000000000E-04,-1,SMOOTH,SMOOTH,.7779914878747225E-01,.7770028841596374E-01,.1847558379150077E-03,.2374779683254817E-02,.1297220687549172E-03,.1953088802974932E-02,.9999979850057155,1.0732942068852756e-08,1,1,1,1,0,APPROXIMATE_BOUNDED
run1,I2,KSS,D1,.3000000000000000E-05,-1,SMOOTH,SMOOTH,.7779914878264081E-01,.7770028841596374E-01,.1847558355275613E-03,.2374779652714987E-02,.1297220618160233E-03,.1953088698584918E-02,.9999979850057090,-2.5687822249004794e-08,1,1,1,1,0,APPROXIMATE_BOUNDED
run1,I2,KSS,D1,.1000000000000000E-05,-1,SMOOTH,SMOOTH,.7779914880602579E-01,.7770028841596374E-01,.1847558407415479E-03,.2374779719019727E-02,.1297220548771294E-03,.1953088593297119E-02,.9999979850059330,-3.4367260016134137e-07,1,1,1,1,0,APPROXIMATE_BOUNDED
run1,I2,KSS,D1,.3000000000000000E-06,-1,SMOOTH,SMOOTH,.7779914890291835E-01,.7770028841596374E-01,.1847559171884432E-03,.2374780698680789E-02,.1297221312049623E-03,.1953089740852710E-02,.9999979850051834,-1.3483581105636875e-07,1,1,1,1,0,APPROXIMATE_BOUNDED
run1,I2,KSS,D1,.1000000000000000E-06,-1,SMOOTH,SMOOTH,.7779914900565298E-01,.7770028841596374E-01,.1847559445567603E-03,.2374781047326568E-02,.1297221312049623E-03,.1953089736771861E-02,.9999979850060298,-1.3483581109208998e-07,1,1,1,1,0,APPROXIMATE_BOUNDED
run1,I2,KSS,D2,.1000000000000000E-01,-1,SMOOTH,SMOOTH,.6524603708791027E-02,.6509306317280450E-02,.1558729453202415E-04,.2389002493902023E-02,.9673729887436922E-05,.2861261061223407E-02,.9999998945911466,3.5563180362623597e-05,1,1,1,1,0,APPROXIMATE_BOUNDED
run1,I2,KSS,D2,.3000000000000000E-02,-1,SMOOTH,SMOOTH,.6524603044242280E-02,.6509306317280450E-02,.1558662714353232E-04,.2388900449244485E-02,.9673291455276119E-05,.2861131754360023E-02,.9999998945967141,3.4280616414816025e-06,1,1,1,1,0,APPROXIMATE_BOUNDED
run1,I2,KSS,D2,.1000000000000000E-02,-1,SMOOTH,SMOOTH,.6524602985787964E-02,.6509306317280450E-02,.1558656844268044E-04,.2388891473800237E-02,.9673252898155515E-05,.2861120382701017E-02,.9999998945972028,3.5532085561728872e-07,1,1,1,1,0,APPROXIMATE_BOUNDED
run1,I2,KSS,D2,.3000000000000000E-03,-1,SMOOTH,SMOOTH,.6524602979157548E-02,.6509306317280450E-02,.1558656177480015E-04,.2388890454268327E-02,.9673248461889491E-05,.2861119074312208E-02,.9999998945972615,4.1340737380038727e-08,1,1,1,1,0,APPROXIMATE_BOUNDED
run1,I2,KSS,D2,.1000000000000000E-03,-1,SMOOTH,SMOOTH,.6524602978409104E-02,.6509306317280450E-02,.1558656106689840E-04,.2388890346045067E-02,.9673248138074297E-05,.2861118978809329E-02,.9999998945972519,3.3247497869090019e-08,1,1,1,1,0,APPROXIMATE_BOUNDED
run1,I2,KSS,D2,.3000000000000000E-04,-1,SMOOTH,SMOOTH,.6524602977714788E-02,.6509306317280450E-02,.1558656044298266E-04,.2388890250674192E-02,.9673248045555423E-05,.2861118951522719E-02,.9999998945972308,-2.2747334065097016e-07,1,1,1,1,0,APPROXIMATE_BOUNDED
run1,I2,KSS,D2,.1000000000000000E-04,-1,SMOOTH,SMOOTH,.6524602982609570E-02,.6509306317280450E-02,.1558656433814265E-04,.2388890845877748E-02,.9673248276851742E-05,.2861119019738988E-02,.9999998945975643,5.4298483733770503e-07,1,1,1,1,0,APPROXIMATE_BOUNDED
run1,I2,KSS,D2,.3000000000000000E-05,-1,SMOOTH,SMOOTH,.6524602969466760E-02,.6509306317280450E-02,.1558655414860135E-04,.2388889288979249E-02,.9673249202037885E-05,.2861119292604319E-02,.9999998945965700,7.1033957508224456e-07,1,1,1,1,0,APPROXIMATE_BOUNDED
run1,I2,KSS,D2,.1000000000000000E-05,-1,SMOOTH,SMOOTH,.6524602961921677E-02,.6509306317280450E-02,.1558654198504961E-04,.2388887427482475E-02,.9673226072391683E-05,.2861112470973170E-02,.9999998945983162,-1.8494704551902539e-06,1,1,1,1,0,APPROXIMATE_BOUNDED
run1,I2,KSS,D2,.3000000000000000E-06,-1,SMOOTH,SMOOTH,.6524603010541951E-02,.6509306317280450E-02,.1558657669183036E-04,.2388892729051372E-02,.9673186751993183E-05,.2861100874200017E-02,.9999998946030914,7.0176003604381312e-06,1,1,1,1,0,APPROXIMATE_BOUNDED
run1,I2,KSS,D2,.1000000000000000E-06,-1,SMOOTH,SMOOTH,.6524602889941781E-02,.6509306317280450E-02,.1558645652567912E-04,.2388874355818183E-02,.9673094233407509E-05,.2861073587673599E-02,.9999998946037533,7.0176003604737777e-06,1,1,1,1,0,APPROXIMATE_BOUNDED
run1,I2,KSS,D3,.1000000000000000E-01,-1,SMOOTH,SMOOTH,.3758035144238913E-01,.3756367669065204E-01,.7160781341087683E-04,.1905458854493470E-02,.5313207724954791E-04,.1693055098819348E-02,.9999982822900882,-2.6002687311360650e-05,1,1,1,1,0,APPROXIMATE_BOUNDED
run1,I2,KSS,D3,.3000000000000000E-02,-1,SMOOTH,SMOOTH,.3758035194969542E-01,.3756367669065204E-01,.7161005523801006E-04,.1905518483005863E-02,.5313371769250300E-04,.1693107322144239E-02,.9999982821823830,-2.5049915330592566e-06,1,1,1,1,0,APPROXIMATE_BOUNDED
run1,I2,KSS,D3,.1000000000000000E-02,-1,SMOOTH,SMOOTH,.3758035199427986E-01,.3756367669065204E-01,.7161025231019025E-04,.1905523724766870E-02,.5313386190061026E-04,.1693111912994568E-02,.9999982821729146,-2.5946979858286978e-07,1,1,1,1,0,APPROXIMATE_BOUNDED
run1,I2,KSS,D3,.3000000000000000E-03,-1,SMOOTH,SMOOTH,.3758035199924769E-01,.3756367669065204E-01,.7161027468084852E-04,.1905524319790354E-02,.5313387832475355E-04,.1693112435861413E-02,.9999982821718386,-2.6796252063150228e-08,1,1,1,1,0,APPROXIMATE_BOUNDED
run1,I2,KSS,D3,.1000000000000000E-03,-1,SMOOTH,SMOOTH,.3758035200013531E-01,.3756367669065204E-01,.7161027678896135E-04,.1905524375841491E-02,.5313387970928146E-04,.1693112479904559E-02,.9999982821717422,1.1676840770907302e-10,1,1,1,1,0,APPROXIMATE_BOUNDED
run1,I2,KSS,D3,.3000000000000000E-04,-1,SMOOTH,SMOOTH,.3758035199972814E-01,.3756367669065204E-01,.7161027677889395E-04,.1905524375594246E-02,.5313387974216835E-04,.1693112480992433E-02,.9999982821717380,1.2097797543947747e-08,1,1,1,1,0,APPROXIMATE_BOUNDED
run1,I2,KSS,D3,.1000000000000000E-04,-1,SMOOTH,SMOOTH,.3758035199880717E-01,.3756367669065204E-01,.7161027582713687E-04,.1905524350315022E-02,.5313387869771910E-04,.1693112447835816E-02,.9999982821717752,2.1477264595050385e-08,1,1,1,1,0,APPROXIMATE_BOUNDED
run1,I2,KSS,D3,.3000000000000000E-05,-1,SMOOTH,SMOOTH,.3758035199075959E-01,.3756367669065204E-01,.7161027397543534E-04,.1905524301449948E-02,.5313388247796952E-04,.1693112568618042E-02,.9999982821717738,-1.7773391826048665e-07,1,1,1,1,0,APPROXIMATE_BOUNDED
run1,I2,KSS,D3,.1000000000000000E-05,-1,SMOOTH,SMOOTH,.3758035200698922E-01,.3756367669065204E-01,.7161028795810655E-04,.1905524672701001E-02,.5313388717618009E-04,.1693112717328350E-02,.9999982821712569,-7.8503179603643315e-07,1,1,1,1,0,APPROXIMATE_BOUNDED
run1,I2,KSS,D3,.3000000000000000E-06,-1,SMOOTH,SMOOTH,.3758035206171779E-01,.3756367669065204E-01,.7161035564109867E-04,.1905526470946674E-02,.5313389834346247E-04,.1693113071676654E-02,.9999982821684728,-1.1130127173853825e-06,1,1,1,1,0,APPROXIMATE_BOUNDED
run1,I2,KSS,D3,.1000000000000000E-06,-1,SMOOTH,SMOOTH,.3758035231853837E-01,.3756367669065204E-01,.7161044320410730E-04,.1905528787945447E-02,.5313382787032125E-04,.1693110811073735E-02,.9999982821670761,-1.1130127174611551e-06,1,1,1,1,0,APPROXIMATE_BOUNDED
