run_id,state_id,direction_id,h,norm_scaled_fd,norm_scaled_kv,absolute_error_scaled_l2,relative_error_scaled_l2,absolute_error_scaled_inf,relative_error_scaled_inf,cosine_similarity,branch_id_plus,branch_id_minus,finite,branch_crossed,strict_point_pass,roundoff_explained_point,max_error_to_roundoff_bound,series_classification,series_pass,series_explained
run2,BETA_MIN_NEG,M1,9.99999999999999955E-08,6.06365588009066259E-01,6.06365587719644439E-01,3.86572874657576763E-09,6.37524428005299130E-09,3.30622899540153812E-09,1.32499970227292195E-08,1.00000000000000000E+00,I3B_5,I3B_5,1,0,1,0,1.07505752339399407E+01,CONSISTENT_NUMERICALLY,1,0
run2,BETA_MIN_NEG,M1,2.99999999999999986E-07,6.06365587150036855E-01,6.06365587719644439E-01,1.30651633704934210E-09,2.15466768482484315E-09,9.57466170467229766E-10,3.83712802666409027E-09,1.00000000000000000E+00,I3B_5,I3B_5,1,0,1,0,9.19329197536323939E+00,CONSISTENT_NUMERICALLY,1,0
run2,BETA_MIN_NEG,M1,9.99999999999999955E-07,6.06365587974853848E-01,6.06365587719644439E-01,5.85496671020783318E-10,9.65583606049002867E-10,3.93072453871903121E-10,1.57527166502181208E-09,9.99999999999999889E-01,I3B_5,I3B_5,1,0,1,0,4.54430570585323679E+01,CONSISTENT_NUMERICALLY,1,0
run2,BETA_MIN_NEG,M1,3.00000000000000008E-06,6.06365587699688291E-01,6.06365587719644439E-01,2.18526773410411902E-10,3.60387821862095219E-10,1.24106531922498799E-10,4.97367600663588762E-10,9.99999999999999889E-01,I3B_5,I3B_5,1,0,1,0,2.29403773123029397E+00,CONSISTENT_NUMERICALLY,1,0
run2,BETA_MIN_NEG,M1,1.00000000000000008E-05,6.06365587703166842E-01,6.06365587719644439E-01,4.71798211936076830E-11,7.78075506742336200E-11,2.35838545483498116E-11,9.45143254722854019E-11,9.99999999999999889E-01,I3B_5,I3B_5,1,0,1,0,2.55071874107339731E+01,CONSISTENT_NUMERICALLY,1,0
run2,BETA_MIN_NEG,M1,3.00000000000000008E-05,6.06365587719189136E-01,6.06365587719644439E-01,1.47197683824905711E-11,2.42754019697046499E-11,6.21722636786096409E-12,2.49160693922146784E-11,1.00000000000000000E+00,I3B_5,I3B_5,1,0,1,0,1.23612919969998760E+01,CONSISTENT_NUMERICALLY,1,0
run2,BETA_MIN_NEG,M1,1.00000000000000005E-04,6.06365587754170932E-01,6.06365587719644439E-01,4.90440737366356375E-11,8.08820202318585180E-11,3.81879250443972815E-11,1.53041394016313099E-10,1.00000000000000000E+00,I3B_5,I3B_5,1,0,1,0,1.96026867396548340E+02,CONSISTENT_NUMERICALLY,1,0
run2,BETA_MIN_NEG,M1,2.99999999999999974E-04,6.06365588015073897E-01,6.06365587719644439E-01,4.29226682168605217E-10,7.07867812178574553E-10,3.35971001019785779E-10,1.34643268101755108E-09,9.99999999999999889E-01,I3B_5,I3B_5,1,0,1,0,5.17383514208402994E+03,CONSISTENT_NUMERICALLY,1,0
run2,BETA_MIN_NEG,M1,1.00000000000000002E-03,6.06365591002767323E-01,6.06365587719644439E-01,4.76908611829737961E-09,7.86503421213360860E-09,3.73289740784876838E-09,1.49599072519815085E-08,9.99999999999999889E-01,I3B_5,I3B_5,1,0,1,0,1.91617686565205862E+05,CONSISTENT_NUMERICALLY,1,0
run2,BETA_MIN_NEG,M1,3.00000000000000006E-03,6.06365617269566060E-01,6.06365587719644439E-01,4.29231192814251431E-08,7.07875216848636533E-08,3.35968879106030016E-08,1.34642404558412987E-07,9.99999999999998446E-01,I3B_5,I3B_5,1,0,1,0,5.17380246535917930E+06,CONSISTENT_NUMERICALLY,1,0
run2,BETA_MIN_NEG,M1,1.00000000000000002E-02,6.06365916052186704E-01,6.06365587719644439E-01,4.76923516419620341E-07,7.86527579789913593E-07,3.73298756795037381E-07,1.49602523193625802E-06,9.99999999999837241E-01,I3B_5,I3B_5,1,0,1,0,1.91622314692204118E+08,CONSISTENT_NUMERICALLY,1,0
run2,BETA_MIN_NEG,M2,9.99999999999999955E-08,1.55301475898102193E+00,1.55301476929079896E+00,1.12148976421875995E-08,7.22137217491434764E-09,5.62294738548629880E-09,1.03159065810937692E-08,1.00000000000000000E+00,I3B_5,I3B_5,1,0,1,0,1.19810867930282434E+01,CONSISTENT_NUMERICALLY,1,0
run2,BETA_MIN_NEG,M2,2.99999999999999986E-07,1.55301477009331790E+00,1.55301476929079896E+00,2.33154100380582812E-09,1.50129995458171305E-09,1.59523355636181898E-09,2.92662889805311784E-09,1.00000000000000000E+00,I3B_5,I3B_5,1,0,1,0,2.08776574225683369E+01,CONSISTENT_NUMERICALLY,1,0
run2,BETA_MIN_NEG,M2,9.99999999999999955E-07,1.55301476957100992E+00,1.55301476929079896E+00,5.34056097916658476E-10,3.43883463557903488E-10,2.33156716156201986E-10,4.27751272900293097E-10,9.99999999999999778E-01,I3B_5,I3B_5,1,0,1,0,2.18244909720662932E+01,CONSISTENT_NUMERICALLY,1,0
run2,BETA_MIN_NEG,M2,3.00000000000000008E-06,1.55301476935963989E+00,1.55301476929079896E+00,1.43097867954783813E-10,9.21419878149567519E-11,1.15718656878982503E-10,2.12298421443713606E-10,9.99999999999999667E-01,I3B_5,I3B_5,1,0,1,0,2.03242076749658587E+01,CONSISTENT_NUMERICALLY,1,0
run2,BETA_MIN_NEG,M2,1.00000000000000008E-05,1.55301476932298810E+00,1.55301476929079896E+00,4.00048078231727481E-11,2.57594509810181596E-11,2.17680318215229785E-11,3.99358143196851123E-11,9.99999999999999778E-01,I3B_5,I3B_5,1,0,1,0,2.97263248673983682E+01,CONSISTENT_NUMERICALLY,1,0
run2,BETA_MIN_NEG,M2,3.00000000000000008E-05,1.55301476927251692E+00,1.55301476929079896E+00,2.68610311246864708E-11,1.72960564547321493E-11,1.56906154735736404E-11,2.87861351580566891E-11,1.00000000000000000E+00,I3B_5,I3B_5,1,0,1,0,2.35522279317876979E+01,CONSISTENT_NUMERICALLY,1,0
run2,BETA_MIN_NEG,M2,1.00000000000000005E-04,1.55301476929192295E+00,1.55301476929079896E+00,3.70203120582081287E-11,2.38377076575305603E-11,2.65791000320092508E-11,4.87622405373158032E-11,1.00000000000000000E+00,I3B_5,I3B_5,1,0,1,0,7.26670320807062126E+02,CONSISTENT_NUMERICALLY,1,0
run2,BETA_MIN_NEG,M2,2.99999999999999974E-04,1.55301476934118798E+00,1.55301476929079896E+00,3.08808827899570412E-10,1.98844746357802992E-10,2.20464035916023704E-10,4.04465175126996380E-10,1.00000000000000000E+00,I3B_5,I3B_5,1,0,1,0,1.92843705837470370E+04,CONSISTENT_NUMERICALLY,1,0
run2,BETA_MIN_NEG,M2,1.00000000000000002E-03,1.55301476989828702E+00,1.55301476929079896E+00,3.42571124976441083E-09,2.20584589159366093E-09,2.44625930623243407E-09,4.48792790438492784E-09,1.00000000000000000E+00,I3B_5,I3B_5,1,0,1,0,7.13153731312062126E+05,CONSISTENT_NUMERICALLY,1,0
run2,BETA_MIN_NEG,M2,3.00000000000000006E-03,1.55301477475875793E+00,1.55301476929079896E+00,3.08308345245328420E-08,1.98522480440162203E-08,2.20157606589665988E-08,4.03902997305608670E-08,9.99999999999999778E-01,I3B_5,I3B_5,1,0,1,0,1.92550561820940748E+07,CONSISTENT_NUMERICALLY,1,0
run2,BETA_MIN_NEG,M2,1.00000000000000002E-02,1.55301483004210494E+00,1.55301476929079896E+00,3.42565051569061374E-07,2.20580669895968607E-07,2.44619641209808894E-07,4.48781251814884193E-07,9.99999999999976241E-01,I3B_5,I3B_5,1,0,1,0,7.13150924888798952E+08,CONSISTENT_NUMERICALLY,1,0
run2,BETA_MIN_NEG,M3,9.99999999999999955E-08,1.71641296521042896E+00,1.71641295327737509E+00,1.37944720697932906E-08,8.03680253493197889E-09,8.03781097236111464E-09,1.39611197762821496E-08,9.99999999999999889E-01,I3B_5,I3B_5,1,0,1,0,8.64595133963737439E+00,CONSISTENT_NUMERICALLY,1,0
run2,BETA_MIN_NEG,M3,2.99999999999999986E-07,1.71641295254729598E+00,1.71641295327737509E+00,1.59476190061806808E-09,9.29124834191549159E-10,7.41476213761416147E-10,1.28789272724548396E-09,9.99999999999999889E-01,I3B_5,I3B_5,1,0,1,0,1.42853703119215165E+01,CONSISTENT_NUMERICALLY,1,0
run2,BETA_MIN_NEG,M3,9.99999999999999955E-07,1.71641295312842002E+00,1.71641295327737509E+00,6.02692246123882736E-10,3.51134757502897203E-10,3.29656635322805920E-10,5.72590698309460687E-10,1.00000000000000000E+00,I3B_5,I3B_5,1,0,1,0,7.19793401810665046E+00,CONSISTENT_NUMERICALLY,1,0
run2,BETA_MIN_NEG,M3,3.00000000000000008E-06,1.71641295338677802E+00,1.71641295327737509E+00,2.69636975791085221E-10,1.57093300454908097E-10,1.44964817927473203E-10,2.51793828588085792E-10,9.99999999999999889E-01,I3B_5,I3B_5,1,0,1,0,1.25877437497519935E+01,CONSISTENT_NUMERICALLY,1,0
run2,BETA_MIN_NEG,M3,1.00000000000000008E-05,1.71641295318838694E+00,1.71641295327737509E+00,1.14589727968816299E-10,6.67611647593400382E-11,6.64238664072058782E-11,1.15373646347194001E-10,9.99999999999999889E-01,I3B_5,I3B_5,1,0,1,0,5.45900272210377580E+00,CONSISTENT_NUMERICALLY,1,0
run2,BETA_MIN_NEG,M3,3.00000000000000008E-05,1.71641295326331500E+00,1.71641295327737509E+00,2.16989862287718487E-11,1.26420545751178898E-11,1.35766953235361095E-11,2.35817775981093910E-11,1.00000000000000000E+00,I3B_5,I3B_5,1,0,1,0,1.17181756264359471E+01,CONSISTENT_NUMERICALLY,1,0
run2,BETA_MIN_NEG,M3,1.00000000000000005E-04,1.71641295327915810E+00,1.71641295327737509E+00,6.43068211725156760E-12,3.74658214095036582E-12,3.94462240649318119E-12,6.85153537600440594E-12,1.00000000000000000E+00,I3B_5,I3B_5,1,0,1,0,7.54000032763692385E+00,CONSISTENT_NUMERICALLY,1,0
run2,BETA_MIN_NEG,M3,2.99999999999999974E-04,1.71641295327519794E+00,1.71641295327737509E+00,2.96659985825353001E-12,1.72837186563350405E-12,1.71052061403997909E-12,2.97105560197297798E-12,9.99999999999999889E-01,I3B_5,I3B_5,1,0,1,0,4.42673513176496769E+00,CONSISTENT_NUMERICALLY,1,0
run2,BETA_MIN_NEG,M3,1.00000000000000002E-03,1.71641295327647492E+00,1.71641295327737509E+00,1.15084020109179307E-12,6.70491444902196282E-13,6.79567513373058318E-13,1.18036161093506794E-12,1.00000000000000000E+00,I3B_5,I3B_5,1,0,1,0,3.84515123732810835E+01,CONSISTENT_NUMERICALLY,1,0
run2,BETA_MIN_NEG,M3,3.00000000000000006E-03,1.71641295327696097E+00,1.71641295327737509E+00,2.51284805750231513E-12,1.46401135735092197E-12,1.54179348053808792E-12,2.67798828019914094E-12,9.99999999999999667E-01,I3B_5,I3B_5,1,0,1,0,1.03029019930650634E+03,CONSISTENT_NUMERICALLY,1,0
run2,BETA_MIN_NEG,M3,1.00000000000000002E-02,1.71641295327741705E+00,1.71641295327737509E+00,2.74428683079765988E-11,1.59884998861000290E-11,1.71264526947203686E-11,2.97474598101422825E-11,1.00000000000000000E+00,I3B_5,I3B_5,1,0,1,0,3.81458966700398014E+04,CONSISTENT_NUMERICALLY,1,0
run2,BETA_MIN_POS,M1,9.99999999999999955E-08,5.47295077903667493E-01,5.47295077650483575E-01,5.57060627382715272E-09,1.01784329856656706E-08,3.10963961405817016E-09,1.25354825509297198E-08,1.00000000000000000E+00,I3B_4,I3B_4,1,0,1,0,2.44730765142106854E+00,CONSISTENT_NUMERICALLY,1,0
run2,BETA_MIN_POS,M1,2.99999999999999986E-07,5.47295077127191165E-01,5.47295077650483575E-01,1.59237967808894091E-09,2.90954503907648012E-09,1.34806753955519405E-09,5.43428797579322033E-09,1.00000000000000000E+00,I3B_4,I3B_4,1,0,1,0,1.17981639847255124E+01,CONSISTENT_NUMERICALLY,1,0
run2,BETA_MIN_POS,M1,9.99999999999999955E-07,5.47295077885501913E-01,5.47295077650483575E-01,3.50402741808828007E-10,6.40244643095684507E-10,1.50288809175336295E-10,6.05839577190083009E-10,1.00000000000000000E+00,I3B_4,I3B_4,1,0,1,0,1.08368956162155499E+01,CONSISTENT_NUMERICALLY,1,0
run2,BETA_MIN_POS,M1,3.00000000000000008E-06,5.47295077630799098E-01,5.47295077650483575E-01,1.69092403061324410E-10,3.08960211714732579E-10,9.00616596409423500E-11,3.63053763774695211E-10,1.00000000000000000E+00,I3B_4,I3B_4,1,0,1,0,2.10069789858491029E+00,CONSISTENT_NUMERICALLY,1,0
run2,BETA_MIN_POS,M1,1.00000000000000008E-05,5.47295077635873151E-01,5.47295077650483575E-01,6.80052328744890042E-11,1.24256978824718890E-10,4.32779826041386722E-11,1.74460858659841408E-10,1.00000000000000000E+00,I3B_4,I3B_4,1,0,1,0,7.92890890850879515E+00,CONSISTENT_NUMERICALLY,1,0
run2,BETA_MIN_POS,M1,3.00000000000000008E-05,5.47295077648648931E-01,5.47295077650483575E-01,1.86794609344502398E-11,3.41305114868572219E-11,1.51446698606373697E-11,6.10507225388539000E-11,1.00000000000000000E+00,I3B_4,I3B_4,1,0,1,0,3.00860709878864618E+00,CONSISTENT_NUMERICALLY,1,0
run2,BETA_MIN_POS,M1,1.00000000000000005E-04,5.47295077665415630E-01,5.47295077650483575E-01,1.89333239304199893E-11,3.45943618042088931E-11,1.24410759472226605E-11,5.01520787644355124E-11,1.00000000000000000E+00,I3B_4,I3B_4,1,0,1,0,1.40499144970001566E+02,CONSISTENT_NUMERICALLY,1,0
run2,BETA_MIN_POS,M1,2.99999999999999974E-04,5.47295077770546090E-01,5.47295077650483575E-01,1.56093097083968498E-10,2.85208296993693610E-10,1.03897501713134904E-10,4.18828380281230614E-10,9.99999999999999778E-01,I3B_4,I3B_4,1,0,1,0,3.51998757600535919E+03,CONSISTENT_NUMERICALLY,1,0
run2,BETA_MIN_POS,M1,1.00000000000000002E-03,5.47295078985270633E-01,5.47295077650483575E-01,1.73550126534730502E-09,3.17105220197679209E-09,1.15433895775396402E-09,4.65333532088350770E-09,9.99999999999999778E-01,I3B_4,I3B_4,1,0,1,0,1.30361135429769580E+05,CONSISTENT_NUMERICALLY,1,0
run2,BETA_MIN_POS,M1,3.00000000000000006E-03,5.47295089665213785E-01,5.47295077650483575E-01,1.56208300980637407E-08,2.85418787652912495E-08,1.03898755154929695E-08,4.18833420406380683E-08,9.99999999999999778E-01,I3B_4,I3B_4,1,0,1,0,3.52003003248871444E+06,CONSISTENT_NUMERICALLY,1,0
run2,BETA_MIN_POS,M1,1.00000000000000002E-02,5.47295211147486804E-01,5.47295077650483575E-01,1.73564709461325095E-07,3.17131789071240989E-07,1.15443050424657301E-07,4.65370279106750977E-07,9.99999999999979461E-01,I3B_4,I3B_4,1,0,1,0,1.30371470738929227E+08,CONSISTENT_NUMERICALLY,1,0
run2,BETA_MIN_POS,M2,9.99999999999999955E-08,1.64292836026350408E+00,1.64292836724444102E+00,7.77105008062818609E-09,4.72999933263187624E-09,4.03944455662497066E-09,7.40957587616974660E-09,1.00000000000000000E+00,I3B_4,I3B_4,1,0,1,0,4.33193751370528979E+00,CONSISTENT_NUMERICALLY,1,0
run2,BETA_MIN_POS,M2,2.99999999999999986E-07,1.64292836744102999E+00,1.64292836724444102E+00,1.33620709103682307E-09,8.13308186478059400E-10,9.59775481312874490E-10,1.76052156197853492E-09,9.99999999999999889E-01,I3B_4,I3B_4,1,0,1,0,4.91346625460961128E+00,CONSISTENT_NUMERICALLY,1,0
run2,BETA_MIN_POS,M2,9.99999999999999955E-07,1.64292836758934402E+00,1.64292836724444102E+00,6.44718378930206842E-10,3.92420261070905395E-10,4.31303770476176903E-10,7.91142932077559382E-10,1.00000000000000000E+00,I3B_4,I3B_4,1,0,1,0,7.60760332816434737E+00,CONSISTENT_NUMERICALLY,1,0
run2,BETA_MIN_POS,M2,3.00000000000000008E-06,1.64292836736774595E+00,1.64292836724444102E+00,1.97763734824694412E-10,1.20372706901120703E-10,1.37708511260825591E-10,2.52599496891288304E-10,1.00000000000000000E+00,I3B_4,I3B_4,1,0,1,0,4.92594042513475294E+00,CONSISTENT_NUMERICALLY,1,0
run2,BETA_MIN_POS,M2,1.00000000000000008E-05,1.64292836728700409E+00,1.64292836724444102E+00,6.23174593190946257E-11,3.79307220935021782E-11,4.37578862033660698E-11,8.02653368386657378E-11,1.00000000000000000E+00,I3B_4,I3B_4,1,0,1,0,6.75089828383254176E+00,CONSISTENT_NUMERICALLY,1,0
run2,BETA_MIN_POS,M2,3.00000000000000008E-05,1.64292836723257896E+00,1.64292836724444102E+00,2.06923335350457601E-11,1.25947874220173293E-11,1.38379308012304104E-11,2.53829943210240590E-11,1.00000000000000000E+00,I3B_4,I3B_4,1,0,1,0,2.58225416800778484E+00,CONSISTENT_NUMERICALLY,1,0
run2,BETA_MIN_POS,M2,1.00000000000000005E-04,1.64292836724401892E+00,1.64292836724444102E+00,1.55471697656783104E-11,9.46308437765573101E-12,9.62924184833013896E-12,1.76629724965959713E-11,1.00000000000000000E+00,I3B_4,I3B_4,1,0,1,0,5.48410792065808792E+01,CONSISTENT_NUMERICALLY,1,0
run2,BETA_MIN_POS,M2,2.99999999999999974E-04,1.64292836726152802E+00,1.64292836724444102E+00,1.12561675326137606E-10,6.85128320681187606E-11,6.82339185154035022E-11,1.25161860617463391E-10,1.00000000000000000E+00,I3B_4,I3B_4,1,0,1,0,1.39589606676210406E+03,CONSISTENT_NUMERICALLY,1,0
run2,BETA_MIN_POS,M2,1.00000000000000002E-03,1.64292836747114190E+00,1.64292836724444102E+00,1.24574333938323704E-09,7.58245681338336490E-10,7.55088630510769576E-10,1.38506332307823403E-09,1.00000000000000000E+00,I3B_4,I3B_4,1,0,1,0,5.14584871570461619E+04,CONSISTENT_NUMERICALLY,1,0
run2,BETA_MIN_POS,M2,3.00000000000000006E-03,1.64292836927961505E+00,1.64292836724444102E+00,1.12110308091969896E-08,6.82380986221131520E-09,6.79521172664010464E-09,1.24644950999119506E-08,1.00000000000000000E+00,I3B_4,I3B_4,1,0,1,0,1.38935157028905628E+06,CONSISTENT_NUMERICALLY,1,0
run2,BETA_MIN_POS,M2,1.00000000000000002E-02,1.64292838985442891E+00,1.64292836724444102E+00,1.24567187729120108E-07,7.58202174229622689E-08,7.55024029130968444E-08,1.38494482417862897E-07,9.99999999999997224E-01,I3B_4,I3B_4,1,0,1,0,5.14576259653543085E+07,CONSISTENT_NUMERICALLY,1,0
run2,BETA_MIN_POS,M3,9.99999999999999955E-08,1.82047146685016292E+00,1.82047145477153705E+00,1.43227517436005401E-08,7.86760572983997952E-09,8.03781075031650971E-09,1.39611197409073306E-08,1.00000000000000000E+00,I3B_4,I3B_4,1,0,1,0,2.97093372394504263E+00,CONSISTENT_NUMERICALLY,1,0
run2,BETA_MIN_POS,M3,2.99999999999999986E-07,1.82047145355901097E+00,1.82047145477153705E+00,2.60117726549190283E-09,1.42884814737089091E-09,1.32866684321442108E-09,2.30780215937478912E-09,1.00000000000000000E+00,I3B_4,I3B_4,1,0,1,0,6.37493138829307515E+00,CONSISTENT_NUMERICALLY,1,0
run2,BETA_MIN_POS,M3,9.99999999999999955E-07,1.82047145456242698E+00,1.82047145477153705E+00,6.53956728892194121E-10,3.59223830276571588E-10,3.29656524300503406E-10,5.72590519977259487E-10,1.00000000000000000E+00,I3B_4,I3B_4,1,0,1,0,1.58515224001343658E+00,CONSISTENT_NUMERICALLY,1,0
run2,BETA_MIN_POS,M3,3.00000000000000008E-06,1.82047145488262796E+00,1.82047145477153705E+00,2.90583274804211315E-10,1.59619791908764689E-10,1.44964817927473203E-10,2.51793834931576021E-10,1.00000000000000000E+00,I3B_4,I3B_4,1,0,1,0,4.54867555899182818E+00,CONSISTENT_NUMERICALLY,1,0
run2,BETA_MIN_POS,M3,1.00000000000000008E-05,1.82047145468929705E+00,1.82047145477153705E+00,9.64666077250575050E-11,5.29899040560148282E-11,4.88081797200834379E-11,8.47764231706529439E-11,1.00000000000000000E+00,I3B_4,I3B_4,1,0,1,0,2.23908542027564694E+00,CONSISTENT_NUMERICALLY,1,0
run2,BETA_MIN_POS,M3,3.00000000000000008E-05,1.82047145476161409E+00,1.82047145477153705E+00,1.70169694152564400E-11,9.34756179266321173E-12,1.30583321933386303E-11,2.26814173827899389E-11,1.00000000000000000E+00,I3B_4,I3B_4,1,0,1,0,3.17243328123109913E+00,CONSISTENT_NUMERICALLY,1,0
run2,BETA_MIN_POS,M3,1.00000000000000005E-04,1.82047145477444805E+00,1.82047145477153705E+00,5.46797477733827127E-12,3.00360368903215696E-12,3.28059801546487506E-12,5.69817123291355982E-12,1.00000000000000000E+00,I3B_4,I3B_4,1,0,1,0,2.26549082312921080E+00,CONSISTENT_NUMERICALLY,1,0
run2,BETA_MIN_POS,M3,2.99999999999999974E-04,1.82047145477029404E+00,1.82047145477153705E+00,2.51389700451261911E-12,1.38090437942522100E-12,1.71052061403997909E-12,2.97105567651802182E-12,1.00000000000000000E+00,I3B_4,I3B_4,1,0,1,0,1.60021797689641554E+00,CONSISTENT_NUMERICALLY,1,0
run2,BETA_MIN_POS,M3,1.00000000000000002E-03,1.82047145477060601E+00,1.82047145477153705E+00,1.31539650010491505E-12,7.22558157480141414E-13,6.79678535675520834E-13,1.18055447859138397E-12,1.00000000000000000E+00,I3B_4,I3B_4,1,0,1,0,3.32405272601094453E+01,CONSISTENT_NUMERICALLY,1,0
run2,BETA_MIN_POS,M3,3.00000000000000006E-03,1.82047145477116490E+00,1.82047145477153705E+00,5.22278958742571689E-12,2.86892143995806683E-12,2.71483746941414417E-12,4.71548440172405940E-12,9.99999999999999889E-01,I3B_4,I3B_4,1,0,1,0,8.99546828328023935E+02,CONSISTENT_NUMERICALLY,1,0
run2,BETA_MIN_POS,M3,1.00000000000000002E-02,1.82047145477159189E+00,1.82047145477153705E+00,5.78348768338351184E-11,3.17691753321622131E-11,3.01598845046544971E-11,5.23856277002791984E-11,1.00000000000000000E+00,I3B_4,I3B_4,1,0,1,0,3.33166273738838863E+04,CONSISTENT_NUMERICALLY,1,0
run2,FINAL_CLIP_HIGH,M1,9.99999999999999955E-08,5.05724801660635492E-01,5.05724801378527933E-01,3.96179872845571670E-09,7.83390238217793663E-09,1.76157214510824702E-09,7.15553987214894236E-09,1.00000000000000000E+00,I3B_24,I3B_24,1,0,1,0,2.17637942120531891E+00,CONSISTENT_NUMERICALLY,1,0
run2,FINAL_CLIP_HIGH,M1,2.99999999999999986E-07,5.05724800915862915E-01,5.05724801378527933E-01,1.66719085424448000E-09,3.29663652978848201E-09,1.17438148145135105E-09,4.77036013016090484E-09,1.00000000000000000E+00,I3B_24,I3B_24,1,0,1,0,1.48633177776093497E+01,CONSISTENT_NUMERICALLY,1,0
run2,FINAL_CLIP_HIGH,M1,9.99999999999999955E-07,5.05724801594777285E-01,5.05724801378527933E-01,4.85451168227067867E-10,9.59911728070726229E-10,2.64235818463289295E-10,1.07333096825577101E-09,9.99999999999999778E-01,I3B_24,I3B_24,1,0,1,0,9.48095291835119092E+00,CONSISTENT_NUMERICALLY,1,0
run2,FINAL_CLIP_HIGH,M1,3.00000000000000008E-06,5.05724801362628873E-01,5.05724801378527933E-01,1.55720261391870607E-10,3.07915018143071396E-10,8.80786061544297520E-11,3.57776989637112206E-10,9.99999999999999778E-01,I3B_24,I3B_24,1,0,1,0,2.83601153877392997E+00,CONSISTENT_NUMERICALLY,1,0
run2,FINAL_CLIP_HIGH,M1,1.00000000000000008E-05,5.05724801363579779E-01,5.05724801378527933E-01,5.73592808687507624E-11,1.13419948383781396E-10,2.97265295771200521E-11,1.20749734002525393E-10,1.00000000000000000E+00,I3B_24,I3B_24,1,0,1,0,1.04728641917010794E+01,CONSISTENT_NUMERICALLY,1,0
run2,FINAL_CLIP_HIGH,M1,3.00000000000000008E-05,5.05724801375635247E-01,5.05724801378527933E-01,1.64380498099741007E-11,3.25039423915269809E-11,1.17438141539239697E-11,4.77035986182816322E-11,1.00000000000000000E+00,I3B_24,I3B_24,1,0,1,0,7.95211362670315314E+00,CONSISTENT_NUMERICALLY,1,0
run2,FINAL_CLIP_HIGH,M1,1.00000000000000005E-04,5.05724801379982547E-01,5.05724801378527933E-01,5.24381772798436795E-12,1.03689154925276506E-11,2.64235818463289287E-12,1.07333096890752001E-11,1.00000000000000000E+00,I3B_24,I3B_24,1,0,1,0,1.27802260307472793E+01,CONSISTENT_NUMERICALLY,1,0
run2,FINAL_CLIP_HIGH,M1,2.99999999999999974E-04,5.05724801378478639E-01,5.05724801378527933E-01,2.66942310647378802E-12,5.27841050942598017E-12,1.46797676924049601E-12,5.96294982728520403E-12,1.00000000000000000E+00,I3B_24,I3B_24,1,0,1,0,1.58112243078125969E+00,CONSISTENT_NUMERICALLY,1,0
run2,FINAL_CLIP_HIGH,M1,1.00000000000000002E-03,5.05724801378353073E-01,5.05724801378527933E-01,1.09953031607161204E-12,2.17416728045463117E-12,5.28537695881194365E-13,2.14693027056490088E-12,1.00000000000000000E+00,I3B_24,I3B_24,1,0,1,0,1.33438867177940921E+01,CONSISTENT_NUMERICALLY,1,0
run2,FINAL_CLIP_HIGH,M1,3.00000000000000006E-03,5.05724801378527711E-01,5.05724801378527933E-01,2.93595715011933990E-13,5.80544426952439876E-13,1.57807502693353295E-13,6.41017106433159391E-13,9.99999999999999778E-01,I3B_24,I3B_24,1,0,1,0,1.38505194706994250E+00,CONSISTENT_NUMERICALLY,1,0
run2,FINAL_CLIP_HIGH,M1,1.00000000000000002E-02,5.05724801378513167E-01,5.05724801378527933E-01,4.29305908094368030E-14,8.48892336156238044E-14,1.98176863847466907E-14,8.04998226683502391E-14,1.00000000000000000E+00,I3B_24,I3B_24,1,0,1,0,1.03736258723209467E+01,CONSISTENT_NUMERICALLY,1,0
run2,FINAL_CLIP_HIGH,M2,9.99999999999999955E-08,1.71528533602644995E+00,1.71528534461659898E+00,9.21770550582271026E-09,5.37386128480159879E-09,3.85842569006200620E-09,7.07920222774341440E-09,1.00000000000000000E+00,I3B_24,I3B_24,1,0,1,0,5.10561854619682887E+00,CONSISTENT_NUMERICALLY,1,0
run2,FINAL_CLIP_HIGH,M2,2.99999999999999986E-07,1.71528534562211710E+00,1.71528534461659898E+00,1.47422953483257604E-09,8.59466058283082782E-10,1.05007419426428307E-09,1.92661156908085013E-09,1.00000000000000000E+00,I3B_24,I3B_24,1,0,1,0,4.44883776473665371E+00,CONSISTENT_NUMERICALLY,1,0
run2,FINAL_CLIP_HIGH,M2,9.99999999999999955E-07,1.71528534493048590E+00,1.71528534461659898E+00,6.50748263504560516E-10,3.79381929326127907E-10,4.12263556626157879E-10,7.56395825840274268E-10,1.00000000000000000E+00,I3B_24,I3B_24,1,0,1,0,9.87397369866443597E+00,CONSISTENT_NUMERICALLY,1,0
run2,FINAL_CLIP_HIGH,M2,3.00000000000000008E-06,1.71528534482244899E+00,1.71528534461659898E+00,3.14423043116707498E-10,1.83306552502058395E-10,1.69288083551322188E-10,3.10599367258190517E-10,9.99999999999999889E-01,I3B_24,I3B_24,1,0,1,0,4.28768753769381661E+00,CONSISTENT_NUMERICALLY,1,0
run2,FINAL_CLIP_HIGH,M2,1.00000000000000008E-05,1.71528534467191696E+00,1.71528534461659898E+00,8.81746624680057695E-11,5.14052444637839177E-11,5.99490457275919653E-11,1.09990823229347098E-10,1.00000000000000000E+00,I3B_24,I3B_24,1,0,1,0,6.82940669263378553E+00,CONSISTENT_NUMERICALLY,1,0
run2,FINAL_CLIP_HIGH,M2,3.00000000000000008E-05,1.71528534459455506E+00,1.71528534461659898E+00,2.75271316985109192E-11,1.60481355390253103E-11,1.52625134752781800E-11,2.80027213361771003E-11,1.00000000000000000E+00,I3B_24,I3B_24,1,0,1,0,1.71391573859466262E+00,CONSISTENT_NUMERICALLY,1,0
run2,FINAL_CLIP_HIGH,M2,1.00000000000000005E-04,1.71528534461400706E+00,1.71528534461659898E+00,7.70112475427998569E-12,4.48970474705556464E-12,6.99051927455229816E-12,1.28257749654091597E-11,1.00000000000000000E+00,I3B_24,I3B_24,1,0,1,0,5.16193278752203000E+00,CONSISTENT_NUMERICALLY,1,0
run2,FINAL_CLIP_HIGH,M2,2.99999999999999974E-04,1.71528534461276805E+00,1.71528534461659898E+00,4.36352671794217131E-12,2.54390718817545093E-12,1.75709446992300400E-12,3.22380890161309988E-12,1.00000000000000000E+00,I3B_24,I3B_24,1,0,1,0,5.80002753933003046E+00,CONSISTENT_NUMERICALLY,1,0
run2,FINAL_CLIP_HIGH,M2,1.00000000000000002E-03,1.71528534461706994E+00,1.71528534461659898E+00,6.36374000067332250E-13,3.71001828975225125E-13,3.53328477586956119E-13,6.48265366908832752E-13,1.00000000000000000E+00,I3B_24,I3B_24,1,0,1,0,2.61835573315571679E+00,CONSISTENT_NUMERICALLY,1,0
run2,FINAL_CLIP_HIGH,M2,3.00000000000000006E-03,1.71528534461677507E+00,1.71528534461659898E+00,2.58943118122058983E-13,1.50962123552633412E-13,1.54987134237671904E-13,2.84360864793316804E-13,1.00000000000000000E+00,I3B_24,I3B_24,1,0,1,0,4.60278995614162323E+00,CONSISTENT_NUMERICALLY,1,0
run2,FINAL_CLIP_HIGH,M2,1.00000000000000002E-02,1.71528534461656301E+00,1.71528534461659898E+00,6.75753396567188156E-14,3.93959756426551102E-14,3.66373598126301721E-14,6.72199752018650638E-14,1.00000000000000000E+00,I3B_24,I3B_24,1,0,1,0,8.93509572205769054E+00,CONSISTENT_NUMERICALLY,1,0
run2,FINAL_CLIP_HIGH,M3,9.99999999999999955E-08,1.90417410554293798E+00,1.90417408805647903E+00,1.97862853151656312E-08,1.03910063988208497E-08,9.79938308276473435E-09,1.70208481716366206E-08,1.00000000000000000E+00,I3B_24,I3B_24,1,0,1,0,2.70068188038426538E+00,CONSISTENT_NUMERICALLY,1,0
run2,FINAL_CLIP_HIGH,M3,2.99999999999999986E-07,1.90417408773068497E+00,1.90417408805647903E+00,2.38622120669034808E-09,1.25315286121022591E-09,1.02941655200083894E-09,1.78802510818403499E-09,1.00000000000000000E+00,I3B_24,I3B_24,1,0,1,0,8.28399496635075572E+00,CONSISTENT_NUMERICALLY,1,0
run2,FINAL_CLIP_HIGH,M3,9.99999999999999955E-07,1.90417408801688404E+00,1.90417408805647903E+00,7.68997766324469399E-10,4.03848456476664580E-10,4.17735179780720500E-10,7.25577015822032892E-10,1.00000000000000000E+00,I3B_24,I3B_24,1,0,1,0,1.62768470790956310E+00,CONSISTENT_NUMERICALLY,1,0
run2,FINAL_CLIP_HIGH,M3,3.00000000000000008E-06,1.90417408833453994E+00,1.90417408805647903E+00,4.36013267149326606E-10,2.28977628579474911E-10,2.03683958588385394E-10,3.53784900055302714E-10,1.00000000000000000E+00,I3B_24,I3B_24,1,0,1,0,3.37566404833170486E+00,CONSISTENT_NUMERICALLY,1,0
run2,FINAL_CLIP_HIGH,M3,1.00000000000000008E-05,1.90417408798085597E+00,1.90417408805647903E+00,8.43206009191081505E-11,4.42819810688481432E-11,3.92140764304826916E-11,6.81121292596951296E-11,9.99999999999999889E-01,I3B_24,I3B_24,1,0,1,0,2.08635157960851725E+00,CONSISTENT_NUMERICALLY,1,0
run2,FINAL_CLIP_HIGH,M3,3.00000000000000008E-05,1.90417408805293209E+00,1.90417408805647903E+00,1.49656208272266206E-11,7.85937636747356954E-12,7.70472574629366136E-12,1.33825739048674403E-11,9.99999999999999889E-01,I3B_24,I3B_24,1,0,1,0,2.23029422449610637E+00,CONSISTENT_NUMERICALLY,1,0
run2,FINAL_CLIP_HIGH,M3,1.00000000000000005E-04,1.90417408805831689E+00,1.90417408805647903E+00,7.06239426286736492E-12,3.70890156900983607E-12,3.28059801546487506E-12,5.69817107575042281E-12,9.99999999999999889E-01,I3B_24,I3B_24,1,0,1,0,1.98383477102885930E+00,CONSISTENT_NUMERICALLY,1,0
run2,FINAL_CLIP_HIGH,M3,2.99999999999999974E-04,1.90417408805397304E+00,1.90417408805647903E+00,3.77301846806869614E-12,1.98144617749718397E-12,2.20312657006616104E-12,3.82667795279675787E-12,1.00000000000000000E+00,I3B_24,I3B_24,1,0,1,0,1.50808600914540825E+00,CONSISTENT_NUMERICALLY,1,0
run2,FINAL_CLIP_HIGH,M3,1.00000000000000002E-03,1.90417408805514299E+00,1.90417408805647903E+00,1.62017280342923006E-12,8.50853298336226204E-13,7.71049890602171217E-13,1.33926014826514192E-12,1.00000000000000000E+00,I3B_24,I3B_24,1,0,1,0,2.36214885232411387E+00,CONSISTENT_NUMERICALLY,1,0
run2,FINAL_CLIP_HIGH,M3,3.00000000000000006E-03,1.90417408805601895E+00,1.90417408805647903E+00,5.34248262035912374E-13,2.80566921578688319E-13,2.45692355349547092E-13,4.26750569922355599E-13,1.00000000000000000E+00,I3B_24,I3B_24,1,0,1,0,1.93788437299127958E+00,CONSISTENT_NUMERICALLY,1,0
run2,FINAL_CLIP_HIGH,M3,1.00000000000000002E-02,1.90417408805652699E+00,1.90417408805647903E+00,7.44957905537016196E-14,3.91223633495269615E-14,4.57411886145564495E-14,7.94492701346626686E-14,9.99999999999999889E-01,I3B_24,I3B_24,1,0,1,1,1.04100918718372526E+00,CONSISTENT_NUMERICALLY,1,0
run2,FINAL_CLIP_LOW,M1,9.99999999999999955E-08,2.05941487987404415E+00,6.53173757883793837E-01,1.81870326038161600E+00,8.83116499815156386E-01,1.76801113346632999E+00,8.77775940644492825E-01,5.05571213561891275E-01,I3B_39,I3B_39,1,0,0,0,3.13084596089621003E+00,INCONCLUSIVE,0,0
run2,FINAL_CLIP_LOW,M1,2.99999999999999986E-07,1.04199921818838304E+00,6.53173757883793837E-01,6.94858123391782656E-01,6.66850906663693399E-01,4.25215058663171275E-01,6.33327821933478363E-01,7.56362486173896675E-01,I3B_39,I3B_39,1,0,0,0,4.90684524427749480E+00,INCONCLUSIVE,0,0
run2,FINAL_CLIP_LOW,M1,9.99999999999999955E-07,6.53934548515079928E-01,6.53173757883793837E-01,2.98587789193592190E-01,4.56601948729593310E-01,2.46182981872988510E-01,6.11120296777535987E-01,8.95636590065370441E-01,I3B_39,I3B_39,1,0,0,0,7.17227219339347855E+00,INCONCLUSIVE,0,0
run2,FINAL_CLIP_LOW,M1,3.00000000000000008E-06,5.69167873390813428E-01,6.53173757883793837E-01,1.36138519447155687E-01,2.08426192577344987E-01,1.11903373368960196E-01,4.54553651587069285E-01,9.84564588067446511E-01,I3B_39,I3B_39,1,0,0,0,1.03999725303500945E+00,INCONCLUSIVE,0,0
run2,FINAL_CLIP_LOW,M1,1.00000000000000008E-05,6.39189015066387811E-01,6.53173757883793837E-01,2.58152547873397205E-02,3.95227984525558934E-02,2.46216284087503214E-02,1.00013527423488499E-01,9.99436104590940011E-01,I3B_39,I3B_39,1,0,0,0,6.17976838092940817E+00,INCONCLUSIVE,0,0
run2,FINAL_CLIP_LOW,M1,3.00000000000000008E-05,6.48987138630025995E-01,6.53173757883793837E-01,8.07433340725110735E-03,1.23616929029895500E-02,4.47968727997100080E-03,1.80329137572444488E-02,9.99943775742689112E-01,I3B_39,I3B_39,1,0,0,0,3.02874075007980981E+00,INCONCLUSIVE,0,0
run2,FINAL_CLIP_LOW,M1,1.00000000000000005E-04,6.54015194564260272E-01,6.53173757883793837E-01,2.30057029864982280E-03,3.51760986253933389E-03,1.56289507931267591E-03,6.30846052433181419E-03,9.99994633938484978E-01,I3B_39,I3B_39,1,0,0,0,2.77167633195379670E+00,INCONCLUSIVE,0,0
run2,FINAL_CLIP_LOW,M1,2.99999999999999974E-04,6.52493644056192923E-01,6.53173757883793837E-01,9.02598071907720345E-04,1.38186517907889009E-03,4.51299036754032601E-04,1.83318535392047602E-03,9.99999586889608771E-01,I3B_39,I3B_39,1,0,0,0,2.37824867233950243E+00,INCONCLUSIVE,0,0
run2,FINAL_CLIP_LOW,M1,1.00000000000000002E-03,6.53252564454631757E-01,6.53173757883793837E-01,2.26913679090908399E-04,3.47359798396424920E-04,1.52959199728491813E-04,6.20937403865638531E-04,9.99999946940853368E-01,I3B_39,I3B_39,1,0,0,0,6.16880567787761258E+00,INCONCLUSIVE,0,0
run2,FINAL_CLIP_LOW,M1,3.00000000000000006E-03,6.53151312832187303E-01,6.53173757883793837E-01,7.34482039215312644E-05,1.12448185547892797E-04,4.84602124323496586E-05,1.96831379268128093E-04,9.99999994267916081E-01,I3B_39,I3B_39,1,0,0,0,1.19206550551289525E+00,INCONCLUSIVE,0,0
run2,FINAL_CLIP_LOW,M1,1.00000000000000002E-02,6.53161431868483300E-01,6.53173757883793837E-01,3.28451682030283368E-05,5.02854987766851189E-05,2.83182711157681199E-05,1.15023770818847797E-04,9.99999998913720489E-01,I3B_39,I3B_39,1,0,0,0,5.50769135298895929E+00,INCONCLUSIVE,0,0
run2,FINAL_CLIP_LOW,M2,9.99999999999999955E-08,1.46752751379820201E+00,1.48940033266208394E+00,2.54315414720661326E-01,1.70750206739990307E-01,1.83473698890538411E-01,3.36626262173096602E-01,9.85314349280599244E-01,I3B_39,I3B_39,1,0,0,0,4.67947342272838807E+00,INCONCLUSIVE,0,0
run2,FINAL_CLIP_LOW,M2,2.99999999999999986E-07,1.61381918083776110E+00,1.48940033266208394E+00,6.93070743260109756E-01,4.29459973886494983E-01,6.45255125423048193E-01,9.61061976284238950E-01,9.03298678855495640E-01,I3B_39,I3B_39,1,0,0,0,1.38028480821428334E+00,INCONCLUSIVE,0,0
run2,FINAL_CLIP_LOW,M2,9.99999999999999955E-07,1.48128552338714203E+00,1.48940033266208394E+00,3.07757582002337104E-01,2.06631874086039391E-01,1.83473698890538411E-01,3.36626261918473890E-01,9.78549606939935313E-01,I3B_39,I3B_39,1,0,0,0,6.43517865209654172E+00,INCONCLUSIVE,0,0
run2,FINAL_CLIP_LOW,M2,3.00000000000000008E-06,1.50093557262443200E+00,1.48940033266208394E+00,1.14274305519379296E-01,7.61353835591804390E-02,1.08136694898679400E-01,1.98402559144813501E-01,9.97109015841444180E-01,I3B_39,I3B_39,1,0,0,0,2.74280187676637821E+00,INCONCLUSIVE,0,0
run2,FINAL_CLIP_LOW,M2,1.00000000000000008E-05,1.48988783520939294E+00,1.48940033266208394E+00,1.90080007650878305E-02,1.27580078955516797E-02,1.60810890819642685E-02,2.95045935274266709E-02,9.99918643529207452E-01,I3B_39,I3B_39,1,0,0,0,5.33841899716184631E+00,INCONCLUSIVE,0,0
run2,FINAL_CLIP_LOW,M2,3.00000000000000008E-05,1.48922206195028495E+00,1.48940033266208394E+00,7.65844739996808608E-03,5.14196702660844537E-03,6.00097158774896486E-03,1.10102137102033506E-02,9.99986785669087275E-01,I3B_39,I3B_39,1,0,0,0,1.50906780704017640E+00,INCONCLUSIVE,0,0
run2,FINAL_CLIP_LOW,M2,1.00000000000000005E-04,1.48965227622604490E+00,1.48940033266208394E+00,3.43098452884382397E-03,2.30321168476715996E-03,2.05580487011656696E-03,3.77186437821511698E-03,9.99997361464042278E-01,I3B_39,I3B_39,1,0,0,0,1.31990436445622485E+01,INCONCLUSIVE,0,0
run2,FINAL_CLIP_LOW,M2,2.99999999999999974E-04,1.48943953014309893E+00,1.48940033266208394E+00,5.28026856941265902E-04,3.54513792775820291E-04,4.89363564057904155E-04,8.97854179692521076E-04,9.99999937504631231E-01,I3B_39,I3B_39,1,0,0,0,2.89476915751339359E+00,INCONCLUSIVE,0,0
run2,FINAL_CLIP_LOW,M2,1.00000000000000002E-03,1.48940993848301195E+00,1.48940033266208394E+00,3.81342931499002616E-04,2.56036247406410313E-04,2.43030167096820710E-04,4.45896808314889511E-04,9.99999967243306198E-01,I3B_39,I3B_39,1,0,0,0,7.69491842266515036E+00,INCONCLUSIVE,0,0
run2,FINAL_CLIP_LOW,M2,3.00000000000000006E-03,1.48938582889945903E+00,1.48940033266208394E+00,1.23726591331784511E-04,8.30714137888242412E-05,9.26688519809100442E-05,1.70023112036420609E-04,9.99999996596951157E-01,I3B_39,I3B_39,1,0,0,0,1.60692477860777205E+00,INCONCLUSIVE,0,0
run2,FINAL_CLIP_LOW,M2,1.00000000000000002E-02,1.48939867178031204E+00,1.48940033266208394E+00,2.26675696323860687E-05,1.52192591442967598E-05,1.88150677838082314E-05,3.45207295590376073E-05,9.99999999884808588E-01,I3B_39,I3B_39,1,0,0,0,7.64737000810697243E+00,INCONCLUSIVE,0,0
run2,FINAL_CLIP_LOW,M3,9.99999999999999955E-08,1.64108409834771507E+00,1.64108408659145200E+00,3.56098182656385668E-05,2.16989600359246907E-05,2.54498973955431396E-05,4.42047053927271182E-05,9.99999999764577652E-01,I3B_39,I3B_39,1,0,0,0,3.81515937520481074E+00,INCONCLUSIVE,0,0
run2,FINAL_CLIP_LOW,M3,2.99999999999999986E-07,1.64108408646062309E+00,1.64108408659145200E+00,3.56098156778086869E-05,2.16989586144672396E-05,2.54498973955431396E-05,4.42047055251754918E-05,9.99999999764577541E-01,I3B_39,I3B_39,1,0,0,0,7.13506278534418659E+00,INCONCLUSIVE,0,0
run2,FINAL_CLIP_LOW,M3,9.99999999999999955E-07,1.64108408574547693E+00,1.64108408659145200E+00,3.56098156588638531E-05,2.16989586029231394E-05,2.54498973955431396E-05,4.42047055251754918E-05,9.99999999764577652E-01,I3B_39,I3B_39,1,0,0,0,2.12636916486598793E+00,INCONCLUSIVE,0,0
run2,FINAL_CLIP_LOW,M3,3.00000000000000008E-06,1.64108408626451596E+00,1.64108408659145200E+00,3.56098156522572130E-05,2.16989585988973612E-05,2.54498973955431396E-05,4.42047055189645515E-05,9.99999999764577652E-01,I3B_39,I3B_39,1,0,0,0,5.17674448174434065E+00,INCONCLUSIVE,0,0
run2,FINAL_CLIP_LOW,M3,1.00000000000000008E-05,1.64108408617069501E+00,1.64108408659145200E+00,3.56098156517512429E-05,2.16989585985890412E-05,2.54498973955431396E-05,4.42047055225713533E-05,9.99999999764577652E-01,I3B_39,I3B_39,1,0,0,0,3.02874075007980981E+00,INCONCLUSIVE,0,0
run2,FINAL_CLIP_LOW,M3,3.00000000000000008E-05,1.64108408620012503E+00,1.64108408659145200E+00,3.56098156516428024E-05,2.16989585985229692E-05,2.54498973955431396E-05,4.42047055251754918E-05,9.99999999764577874E-01,I3B_39,I3B_39,1,0,0,0,3.92726130043271748E+00,INCONCLUSIVE,0,0
run2,FINAL_CLIP_LOW,M3,1.00000000000000005E-04,1.64108408620517210E+00,1.64108408659145200E+00,3.56098156516413726E-05,2.16989585985220985E-05,2.54498973955431396E-05,4.42047055251754918E-05,9.99999999764577541E-01,I3B_39,I3B_39,1,0,0,0,2.25914404669543556E+00,INCONCLUSIVE,0,0
run2,FINAL_CLIP_LOW,M3,2.99999999999999974E-04,1.64108408620291391E+00,1.64108408659145200E+00,3.56098156516406679E-05,2.16989585985216716E-05,2.54498973955431396E-05,4.42047055251754918E-05,9.99999999764577541E-01,I3B_39,I3B_39,1,0,0,0,1.92511643442423441E+00,INCONCLUSIVE,0,0
run2,FINAL_CLIP_LOW,M3,1.00000000000000002E-03,1.64108408620415491E+00,1.64108408659145200E+00,3.56098156516405730E-05,2.16989585985216106E-05,2.54498973955431396E-05,4.42047055251754918E-05,9.99999999764577541E-01,I3B_39,I3B_39,1,0,0,0,1.54952422167694093E+00,INCONCLUSIVE,0,0
run2,FINAL_CLIP_LOW,M3,3.00000000000000006E-03,1.64108408757811008E+00,1.64108408659145200E+00,4.85634635359624578E-05,2.95923066365427909E-05,4.16899064200029523E-05,7.24124741261662763E-05,9.99999999562147579E-01,I3B_39,I3B_39,1,0,0,0,1.96731565234461780E+00,INCONCLUSIVE,0,0
run2,FINAL_CLIP_LOW,M3,1.00000000000000002E-02,1.64108408669956107E+00,1.64108408659145200E+00,2.89898051240290102E-05,1.76650333514179487E-05,2.33187981828181997E-05,4.05031340933025781E-05,9.99999999843973142E-01,I3B_39,I3B_39,1,0,0,1,7.46143450248507922E-01,INCONCLUSIVE,0,0
run2,I0,M1,9.99999999999999955E-08,6.15228116268639269E-01,6.15228115881649495E-01,3.84344433155316123E-09,6.24718576722999111E-09,1.98492894037312414E-09,7.91937678148899720E-09,1.00000000000000000E+00,I3B_0,I3B_0,1,0,1,0,2.35929187113435972E+02,CONSISTENT_NUMERICALLY,1,0
run2,I0,M1,2.99999999999999986E-07,6.15228115543684950E-01,6.15228115881649495E-01,1.02469677000455308E-09,1.66555582157703594E-09,5.29356701962896805E-10,2.11200264583329207E-09,1.00000000000000000E+00,I3B_0,I3B_0,1,0,1,0,2.13285566006496651E+02,CONSISTENT_NUMERICALLY,1,0
run2,I0,M1,9.99999999999999955E-07,6.15228116045634654E-01,6.15228115881649495E-01,8.14339590019425133E-10,1.32363845016312799E-09,3.79368779734211978E-10,1.51358783809555502E-09,1.00000000000000000E+00,I3B_0,I3B_0,1,0,1,0,5.70567396449773810E+02,CONSISTENT_NUMERICALLY,1,0
run2,I0,M1,3.00000000000000008E-06,6.15228115816415788E-01,6.15228115881649495E-01,1.14219211677301997E-10,1.85653432814299695E-10,5.94521654129209765E-11,2.37199472889858076E-10,1.00000000000000000E+00,I3B_0,I3B_0,1,0,1,0,6.05010940089512019E+02,CONSISTENT_NUMERICALLY,1,0
run2,I0,M1,1.00000000000000008E-05,6.15228115883465931E-01,6.15228115881649495E-01,2.82796419417454903E-11,4.59661078738834874E-11,1.19681650488201002E-11,4.77500259463575622E-11,1.00000000000000000E+00,I3B_0,I3B_0,1,0,1,0,3.20457900043049392E+02,CONSISTENT_NUMERICALLY,1,0
run2,I0,M1,3.00000000000000008E-05,6.15228115881882864E-01,6.15228115881649495E-01,1.39931427643480001E-11,2.27446412202568012E-11,7.51640507037280685E-12,2.99886019003125082E-11,1.00000000000000000E+00,I3B_0,I3B_0,1,0,1,0,5.13700288063595508E+02,CONSISTENT_NUMERICALLY,1,0
run2,I0,M1,1.00000000000000005E-04,6.15228115932049624E-01,6.15228115881649495E-01,7.61767405141641152E-11,1.23818691866445292E-10,6.00095528824340363E-11,2.39423311325979618E-10,1.00000000000000000E+00,I3B_0,I3B_0,1,0,1,0,1.85183403663741810E+04,CONSISTENT_NUMERICALLY,1,0
run2,I0,M1,2.99999999999999974E-04,6.15228116316904217E-01,6.15228115881649495E-01,6.62385729889962260E-10,1.07665061514966091E-09,5.22147491910374129E-10,2.08323967232603097E-09,1.00000000000000000E+00,I3B_0,I3B_0,1,0,1,0,4.83388733460985764E+05,CONSISTENT_NUMERICALLY,1,0
run2,I0,M1,1.00000000000000002E-03,6.15228120712278836E-01,6.15228115881649495E-01,7.35410540311530832E-09,1.19534610911495903E-08,5.79823866697637413E-09,2.31335412953859616E-08,1.00000000000000000E+00,I3B_0,I3B_0,1,0,1,0,1.78927936090287119E+07,CONSISTENT_NUMERICALLY,1,0
run2,I0,M1,3.00000000000000006E-03,6.15228159358158999E-01,6.15228115881649495E-01,6.61869122607402405E-08,1.07581083950692706E-07,5.21841760914298902E-08,2.08201945193615413E-07,9.99999999999996669E-01,I3B_0,I3B_0,1,0,1,0,4.83105696730440795E+08,CONSISTENT_NUMERICALLY,1,0
run2,I0,M1,1.00000000000000002E-02,6.15228598954477901E-01,6.15228115881649495E-01,7.35410256701272998E-07,1.19534471894029702E-06,5.79824180224619568E-07,2.31335008234899804E-06,9.99999999999593658E-01,I3B_0,I3B_0,1,0,1,0,1.78928036250537338E+10,CONSISTENT_NUMERICALLY,1,0
run2,I0,M2,9.99999999999999955E-08,1.54054313517365804E+00,1.54054313385343100E+00,4.34550653744366833E-09,2.82076265066983815E-09,2.64013616524394520E-09,4.84371259577611761E-09,9.99999999999999778E-01,I3B_0,I3B_0,1,0,1,0,4.58019978414554430E+02,CONSISTENT_NUMERICALLY,1,0
run2,I0,M2,2.99999999999999986E-07,1.54054313535045195E+00,1.54054313385343100E+00,2.73771968766050285E-09,1.77711329520007904E-09,1.46575473980448103E-09,2.68913959400026293E-09,1.00000000000000000E+00,I3B_0,I3B_0,1,0,1,0,2.75619434260658750E+02,CONSISTENT_NUMERICALLY,1,0
run2,I0,M2,9.99999999999999955E-07,1.54054313393921505E+00,1.54054313385343100E+00,3.82595465311873679E-10,2.48351024312811994E-10,2.14139629639564788E-10,3.92870199270253995E-10,9.99999999999999778E-01,I3B_0,I3B_0,1,0,1,0,6.07826131589440593E+02,CONSISTENT_NUMERICALLY,1,0
run2,I0,M2,3.00000000000000008E-06,1.54054313368814100E+00,1.54054313385343100E+00,2.45140708706525994E-10,1.59126157080291807E-10,1.51479051524461309E-10,2.77910283387772877E-10,1.00000000000000000E+00,I3B_0,I3B_0,1,0,1,0,7.81718239505384076E+02,CONSISTENT_NUMERICALLY,1,0
run2,I0,M2,1.00000000000000008E-05,1.54054313386291497E+00,1.54054313385343100E+00,3.18560443113095701E-11,2.06784500940460415E-11,1.88061788364279892E-11,3.45026618352388979E-11,1.00000000000000000E+00,I3B_0,I3B_0,1,0,1,0,1.92485648449227256E+02,CONSISTENT_NUMERICALLY,1,0
run2,I0,M2,3.00000000000000008E-05,1.54054313384732100E+00,1.54054313385343100E+00,1.29198102798881594E-11,8.38652939731148637E-12,5.40886779809568533E-12,9.92335222228775413E-12,1.00000000000000000E+00,I3B_0,I3B_0,1,0,1,0,3.17826740333304031E+02,CONSISTENT_NUMERICALLY,1,0
run2,I0,M2,1.00000000000000005E-04,1.54054313385795694E+00,1.54054313385343100E+00,5.52796194747507629E-11,3.58832013591952608E-11,3.96920274425838215E-11,7.28207794001074344E-11,9.99999999999999778E-01,I3B_0,I3B_0,1,0,1,0,8.04656020705269748E+03,CONSISTENT_NUMERICALLY,1,0
run2,I0,M2,2.99999999999999974E-04,1.54054313393644304E+00,1.54054313385343100E+00,4.74765550998071095E-10,3.08180628337835390E-10,3.41490946631495314E-10,6.26514655311215224E-10,9.99999999999999778E-01,I3B_0,I3B_0,1,0,1,0,2.07686211621582566E+05,CONSISTENT_NUMERICALLY,1,0
run2,I0,M2,1.00000000000000002E-03,1.54054313478106897E+00,1.54054313385343100E+00,5.27373020589933033E-09,3.42329278994761413E-09,3.79583861565002678E-09,6.96401630953488090E-09,1.00000000000000000E+00,I3B_0,I3B_0,1,0,1,0,7.69511336657193583E+06,CONSISTENT_NUMERICALLY,1,0
run2,I0,M2,3.00000000000000006E-03,1.54054314220196997E+00,1.54054313385343100E+00,4.74628557616144487E-08,3.08091701305901824E-08,3.41621780031164879E-08,6.26754688151665494E-08,9.99999999999999667E-01,I3B_0,I3B_0,1,0,1,0,2.07765814980672181E+08,CONSISTENT_NUMERICALLY,1,0
run2,I0,M2,1.00000000000000002E-02,1.54054322661488907E+00,1.54054313385343100E+00,5.27364654390497885E-07,3.42323827906667690E-07,3.79579281561959192E-07,6.96393228259365844E-07,9.99999999999943268E-01,I3B_0,I3B_0,1,0,1,0,7.69502057360733128E+09,CONSISTENT_NUMERICALLY,1,0
run2,I0,M3,9.99999999999999955E-08,1.70100220674839497E+00,1.70100219544158193E+00,1.26051125534575799E-08,7.41040341008920736E-09,8.05811140036638562E-09,1.39963800655039203E-08,9.99999999999999889E-01,I3B_0,I3B_0,1,0,1,0,3.05190981433761465E+02,CONSISTENT_NUMERICALLY,1,0
run2,I0,M3,2.99999999999999986E-07,1.70100219437492695E+00,1.70100219544158193E+00,2.48266164886427181E-09,1.45952877398830791E-09,1.46956535829190195E-09,2.55253301533002104E-09,1.00000000000000000E+00,I3B_0,I3B_0,1,0,1,0,2.27997765390060380E+02,CONSISTENT_NUMERICALLY,1,0
run2,I0,M3,9.99999999999999955E-07,1.70100219516598705E+00,1.70100219544158193E+00,4.30073236733129584E-10,2.52835203790834690E-10,2.45257592013103879E-10,4.25995412666257423E-10,1.00000000000000000E+00,I3B_0,I3B_0,1,0,1,0,1.87090414967643994E+02,CONSISTENT_NUMERICALLY,1,0
run2,I0,M3,3.00000000000000008E-06,1.70100219533178310E+00,1.70100219544158193E+00,1.92554910527398598E-10,1.13200859495311297E-10,1.13371645404924896E-10,1.96918678327165496E-10,9.99999999999999667E-01,I3B_0,I3B_0,1,0,1,0,6.21304765037300058E+02,CONSISTENT_NUMERICALLY,1,0
run2,I0,M3,1.00000000000000008E-05,1.70100219541630193E+00,1.70100219544158193E+00,6.80688722311571591E-11,4.00169220319474098E-11,4.51204629214885180E-11,7.83711120358365972E-11,9.99999999999999667E-01,I3B_0,I3B_0,1,0,1,0,1.74944794808247877E+02,CONSISTENT_NUMERICALLY,1,0
run2,I0,M3,3.00000000000000008E-05,1.70100219542244790E+00,1.70100219544158193E+00,2.11499191131855993E-11,1.24337988333372301E-11,1.03813624363624496E-11,1.80317059252539701E-11,9.99999999999999889E-01,I3B_0,I3B_0,1,0,1,0,5.94935952339813298E+02,CONSISTENT_NUMERICALLY,1,0
run2,I0,M3,1.00000000000000005E-04,1.70100219545030096E+00,1.70100219544158193E+00,1.12813039871970797E-11,6.63215133841177410E-12,6.64723831533819975E-12,1.15457915327223202E-11,9.99999999999999889E-01,I3B_0,I3B_0,1,0,1,0,1.52273762926380357E+02,CONSISTENT_NUMERICALLY,1,0
run2,I0,M3,2.99999999999999974E-04,1.70100219544257203E+00,1.70100219544158193E+00,1.88942130177580792E-12,1.11076946686962603E-12,1.36257671812245503E-12,2.36670117552822982E-12,1.00000000000000000E+00,I3B_0,I3B_0,1,0,1,0,3.83351143127691614E+02,CONSISTENT_NUMERICALLY,1,0
run2,I0,M3,1.00000000000000002E-03,1.70100219544151199E+00,1.70100219544158193E+00,5.38444478953395671E-13,3.16545434448198910E-13,3.28181926079196324E-13,5.70029224710991962E-13,1.00000000000000000E+00,I3B_0,I3B_0,1,0,1,0,7.87437716409673385E+02,CONSISTENT_NUMERICALLY,1,0
run2,I0,M3,3.00000000000000006E-03,1.70100219544143094E+00,1.70100219544158193E+00,2.56962180059641897E-12,1.51065166610754607E-12,1.29078648811176104E-12,2.24200652935473603E-12,9.99999999999999889E-01,I3B_0,I3B_0,1,0,1,0,1.17303527105295834E+04,CONSISTENT_NUMERICALLY,1,0
run2,I0,M3,1.00000000000000002E-02,1.70100219544159903E+00,1.70100219544158193E+00,2.82274959858967591E-11,1.65946264276093884E-11,1.41211620304990094E-11,2.45274782204830015E-11,9.99999999999999889E-01,I3B_0,I3B_0,1,0,1,0,4.35305867694217712E+05,CONSISTENT_NUMERICALLY,1,0
run2,I1,M1,9.99999999999999955E-08,6.02305408966729905E-01,6.02305408387923569E-01,6.76087977547215578E-09,1.12250025897502996E-08,3.53164328680086615E-09,1.41770834834746704E-08,1.00000000000000000E+00,I3B_0,I3B_0,1,0,1,0,6.20520415982442586E+00,CONSISTENT_NUMERICALLY,1,0
run2,I1,M1,2.99999999999999986E-07,6.02305407882079646E-01,6.02305408387923569E-01,2.68421035456389281E-09,4.45656027188633237E-09,1.51355259020910192E-09,6.07585753000722098E-09,1.00000000000000000E+00,I3B_0,I3B_0,1,0,1,0,3.45795188268363844E+01,CONSISTENT_NUMERICALLY,1,0
run2,I1,M1,9.99999999999999955E-07,6.02305408623575067E-01,6.02305408387923569E-01,3.49442942052815420E-10,5.80175666779057544E-10,1.49032342022792389E-10,5.98260861769574937E-10,1.00000000000000000E+00,I3B_0,I3B_0,1,0,1,0,6.92308772904234928E+01,CONSISTENT_NUMERICALLY,1,0
run2,I1,M1,3.00000000000000008E-06,6.02305408379632867E-01,6.02305408387923569E-01,1.78502449076036189E-10,2.96365343213171203E-10,8.52192471049919437E-11,3.42095813236908011E-10,9.99999999999999667E-01,I3B_0,I3B_0,1,0,1,0,1.52543731667568423E+01,CONSISTENT_NUMERICALLY,1,0
run2,I1,M1,1.00000000000000008E-05,6.02305408369180117E-01,6.02305408387923569E-01,5.57216231359607910E-11,9.25139013529702026E-11,2.61147707462678486E-11,1.04832582303072197E-10,9.99999999999999889E-01,I3B_0,I3B_0,1,0,1,0,9.93295039668472270E+01,CONSISTENT_NUMERICALLY,1,0
run2,I1,M1,3.00000000000000008E-05,6.02305408386545116E-01,6.02305408387923569E-01,1.77125688232895311E-11,2.94079524716495630E-11,1.01121880729133093E-11,4.05933790772155309E-11,1.00000000000000000E+00,I3B_0,I3B_0,1,0,1,0,2.06519634694585221E+01,CONSISTENT_NUMERICALLY,1,0
run2,I1,M1,1.00000000000000005E-04,6.02305408421943356E-01,6.02305408387923569E-01,4.84011458063315615E-11,8.03598060544465001E-11,3.76529640799816369E-11,1.51150377471087392E-10,1.00000000000000000E+00,I3B_0,I3B_0,1,0,1,0,4.70719274568693606E+02,CONSISTENT_NUMERICALLY,1,0
run2,I1,M1,2.99999999999999974E-04,6.02305408679054466E-01,6.02305408387923569E-01,4.22504914754759523E-10,7.01479529598407138E-10,3.30830973727103076E-10,1.32805551381715906E-09,9.99999999999999667E-01,I3B_0,I3B_0,1,0,1,0,1.24076617632041743E+04,CONSISTENT_NUMERICALLY,1,0
run2,I1,M1,1.00000000000000002E-03,6.02305411621642306E-01,6.02305408387923569E-01,4.69395227726251497E-09,7.79330915295042005E-09,3.67572122739190418E-09,1.47554559003272494E-08,1.00000000000000000E+00,I3B_0,I3B_0,1,0,1,0,4.59520673460973485E+05,CONSISTENT_NUMERICALLY,1,0
run2,I1,M1,3.00000000000000006E-03,6.02305437493459106E-01,6.02305408387923569E-01,4.22469592540896790E-08,7.01420851020433803E-08,3.30823051730710915E-08,1.32802371252941795E-07,9.99999999999998668E-01,I3B_0,I3B_0,1,0,1,0,1.24073636218895521E+07,CONSISTENT_NUMERICALLY,1,0
run2,I1,M1,1.00000000000000002E-02,6.02305731782867393E-01,6.02305408387923569E-01,4.69410660422375710E-07,7.79356123729533679E-07,3.67581153265517102E-07,1.47558184129464802E-06,9.99999999999840572E-01,I3B_0,I3B_0,1,0,1,0,4.59531966487550378E+08,CONSISTENT_NUMERICALLY,1,0
run2,I1,M2,9.99999999999999955E-08,1.55863486973392296E+00,1.55863486836938603E+00,3.76849666645899388E-09,2.41781878465372699E-09,1.83034931655612395E-09,3.35797171693871699E-09,1.00000000000000000E+00,I3B_0,I3B_0,1,0,1,0,5.43056474749283282E+01,CONSISTENT_NUMERICALLY,1,0
run2,I1,M2,2.99999999999999986E-07,1.55863486945366203E+00,1.55863486836938603E+00,1.79885085033474005E-09,1.15411947056290308E-09,1.24315863159196696E-09,2.28070756291786386E-09,1.00000000000000000E+00,I3B_0,I3B_0,1,0,1,0,3.06531469229949387E+01,CONSISTENT_NUMERICALLY,1,0
run2,I1,M2,9.99999999999999955E-07,1.55863486773154691E+00,1.55863486836938603E+00,7.97916031391430046E-10,5.11932619745761383E-10,3.79499098812630109E-10,6.96231714513259809E-10,1.00000000000000000E+00,I3B_0,I3B_0,1,0,1,0,4.14269513865840366E+01,CONSISTENT_NUMERICALLY,1,0
run2,I1,M2,3.00000000000000008E-06,1.55863486830041098E+00,1.55863486836938603E+00,1.43498722192417508E-10,9.20669267091034828E-11,8.59037285749764123E-11,1.57599584336212002E-10,1.00000000000000000E+00,I3B_0,I3B_0,1,0,1,0,1.23121768076963125E+01,CONSISTENT_NUMERICALLY,1,0
run2,I1,M2,1.00000000000000008E-05,1.55863486835182696E+00,1.55863486836938603E+00,4.45904766861834780E-11,2.86086739050263684E-11,2.39422370817976603E-11,4.39245964605755082E-11,1.00000000000000000E+00,I3B_0,I3B_0,1,0,1,0,5.27883077888354819E+01,CONSISTENT_NUMERICALLY,1,0
run2,I1,M2,3.00000000000000008E-05,1.55863486835182097E+00,1.55863486836938603E+00,2.27791078336347888E-11,1.46147813679196410E-11,1.21984644607664401E-11,2.23793886534147297E-11,1.00000000000000000E+00,I3B_0,I3B_0,1,0,1,0,4.38817728572253429E+01,CONSISTENT_NUMERICALLY,1,0
run2,I1,M2,1.00000000000000005E-04,1.55863486836795695E+00,1.55863486836938603E+00,3.69055280885002688E-11,2.36781101446229791E-11,2.62092847425066111E-11,4.80837380366245490E-11,9.99999999999999778E-01,I3B_0,I3B_0,1,0,1,0,4.04497972231462370E+02,CONSISTENT_NUMERICALLY,1,0
run2,I1,M2,2.99999999999999974E-04,1.55863486842207011E+00,1.55863486836938603E+00,3.02743713362300401E-10,1.94236456206572605E-10,2.17104251243327388E-10,3.98300985546974890E-10,1.00000000000000000E+00,I3B_0,I3B_0,1,0,1,0,9.58153212099901612E+03,CONSISTENT_NUMERICALLY,1,0
run2,I1,M2,1.00000000000000002E-03,1.55863486896452907E+00,1.55863486836938603E+00,3.35885159311712807E-09,2.15499579792447688E-09,2.40890193903275887E-09,4.41938843162904103E-09,1.00000000000000000E+00,I3B_0,I3B_0,1,0,1,0,3.54985641184247856E+05,CONSISTENT_NUMERICALLY,1,0
run2,I1,M2,3.00000000000000006E-03,1.55863487372338194E+00,1.55863486836938603E+00,3.02290763050882676E-08,1.93945848477487388E-08,2.16795522367530002E-08,3.97734589380038377E-08,1.00000000000000000E+00,I3B_0,I3B_0,1,0,1,0,9.58399730423095450E+06,CONSISTENT_NUMERICALLY,1,0
run2,I1,M2,1.00000000000000002E-02,1.55863492785725199E+00,1.55863486836938603E+00,3.35878830300585316E-07,2.15495511038199213E-07,2.40883957280946195E-07,4.41927401399038475E-07,9.99999999999977907E-01,I3B_0,I3B_0,1,0,1,0,3.54962169218781114E+08,CONSISTENT_NUMERICALLY,1,0
run2,I1,M3,9.99999999999999955E-08,1.72294427868575295E+00,1.72294427529264493E+00,5.53208105873864589E-09,3.21082993058746498E-09,4.35978642077117229E-09,7.57264643592644337E-09,9.99999999999999889E-01,I3B_0,I3B_0,1,0,1,0,1.98353937072076292E+01,CONSISTENT_NUMERICALLY,1,0
run2,I1,M3,2.99999999999999986E-07,1.72294427574520803E+00,1.72294427529264493E+00,1.16544933062848300E-09,6.76428917078239213E-10,7.89431298109377622E-10,1.37118737967295906E-09,1.00000000000000000E+00,I3B_0,I3B_0,1,0,1,0,7.13225638267048545E+00,CONSISTENT_NUMERICALLY,1,0
run2,I1,M3,9.99999999999999955E-07,1.72294427536900208E+00,1.72294427529264493E+00,4.11298298005183893E-10,2.38718282352513417E-10,2.12703299418137703E-10,3.69450870207946174E-10,1.00000000000000000E+00,I3B_0,I3B_0,1,0,1,0,3.00648507694327911E+01,CONSISTENT_NUMERICALLY,1,0
run2,I1,M3,3.00000000000000008E-06,1.72294427508891101E+00,1.72294427529264493E+00,3.09117268647671680E-10,1.79412226547586802E-10,2.25956364729995610E-10,3.92470524937247082E-10,1.00000000000000000E+00,I3B_0,I3B_0,1,0,1,0,5.99827477198050190E+01,CONSISTENT_NUMERICALLY,1,0
run2,I1,M3,1.00000000000000008E-05,1.72294427524441995E+00,1.72294427529264493E+00,7.80691430294433239E-11,4.53114730110369678E-11,4.88080686977809819E-11,8.47762282150417664E-11,1.00000000000000000E+00,I3B_0,I3B_0,1,0,1,0,1.25354412776364050E+01,CONSISTENT_NUMERICALLY,1,0
run2,I1,M3,3.00000000000000008E-05,1.72294427527380001E+00,1.72294427529264493E+00,2.31507814403232915E-11,1.34367557745830700E-11,1.28416166589317998E-11,2.23049969722973197E-11,1.00000000000000000E+00,I3B_0,I3B_0,1,0,1,0,1.17222433813546075E+02,CONSISTENT_NUMERICALLY,1,0
run2,I1,M3,1.00000000000000005E-04,1.72294427529364991E+00,1.72294427529264493E+00,3.36959083100909602E-12,1.95571666439113417E-12,1.64945834768559507E-12,2.86499468316083202E-12,1.00000000000000000E+00,I3B_0,I3B_0,1,0,1,0,6.93551039313901754E+01,CONSISTENT_NUMERICALLY,1,0
run2,I1,M3,2.99999999999999974E-04,1.72294427529363703E+00,1.72294427529264493E+00,1.88524295666014309E-12,1.09419845069501492E-12,1.03417274743833291E-12,1.79628629424620890E-12,9.99999999999999667E-01,I3B_0,I3B_0,1,0,1,0,1.60578676456912426E+01,CONSISTENT_NUMERICALLY,1,0
run2,I1,M3,1.00000000000000002E-03,1.72294427529251193E+00,1.72294427529264493E+00,5.32310166223748280E-13,3.08953791400673502E-13,2.80775402927702089E-13,4.87687390032858561E-13,9.99999999999999889E-01,I3B_0,I3B_0,1,0,1,0,7.28185655804608274E+01,CONSISTENT_NUMERICALLY,1,0
run2,I1,M3,3.00000000000000006E-03,1.72294427529258098E+00,1.72294427529264493E+00,2.39377658334846691E-12,1.38935229518196702E-12,1.20212623492752009E-12,2.08800984662065985E-12,1.00000000000000000E+00,I3B_0,I3B_0,1,0,1,0,4.45325354169319610E+02,CONSISTENT_NUMERICALLY,1,0
run2,I1,M3,1.00000000000000002E-02,1.72294427529263294E+00,1.72294427529264493E+00,2.65202100765855293E-11,1.53923783008484297E-11,1.33314554057531502E-11,2.31558128823926211E-11,1.00000000000000000E+00,I3B_0,I3B_0,1,0,1,0,1.64876954459299050E+04,CONSISTENT_NUMERICALLY,1,0
run2,I2,M1,9.99999999999999955E-08,5.94974279713753162E-01,5.94974279448866716E-01,5.67856006777644089E-09,9.54421100439575562E-09,3.18310540969315384E-09,1.13669236895870193E-08,1.00000000000000000E+00,I3B_0,I3B_0,1,0,1,0,6.25331007994552834E+00,CONSISTENT_NUMERICALLY,1,0
run2,I2,M1,2.99999999999999986E-07,5.94974278907447585E-01,5.94974279448866716E-01,9.69272626836436203E-10,1.62910004737395995E-09,5.64585889948092043E-10,2.01614584169363409E-09,9.99999999999999667E-01,I3B_0,I3B_0,1,0,1,0,1.20771627598890134E+02,CONSISTENT_NUMERICALLY,1,0
run2,I2,M1,9.99999999999999955E-07,5.94974279703176623E-01,5.94974279448866716E-01,6.58380817487104696E-10,1.10657021647315704E-09,4.47147748993179496E-10,1.59677223662474194E-09,1.00000000000000000E+00,I3B_0,I3B_0,1,0,1,0,6.61854117993507316E+01,CONSISTENT_NUMERICALLY,1,0
run2,I2,M1,3.00000000000000008E-06,5.94974279426636721E-01,5.94974279448866716E-01,1.77148833165800388E-10,2.97742002107882604E-10,1.04253391584473104E-10,3.72290639330037596E-10,9.99999999999999667E-01,I3B_0,I3B_0,1,0,1,0,2.85256284670699145E+01,CONSISTENT_NUMERICALLY,1,0
run2,I2,M1,1.00000000000000008E-05,5.94974279432817998E-01,5.94974279448866716E-01,6.51824297713357636E-11,1.09555037961834597E-10,2.84767218859053716E-11,1.01690859508750299E-10,1.00000000000000000E+00,I3B_0,I3B_0,1,0,1,0,7.07616021234080108E+01,CONSISTENT_NUMERICALLY,1,0
run2,I2,M1,3.00000000000000008E-05,5.94974279447770815E-01,5.94974279448866716E-01,1.70858020954683485E-11,2.87168751417207100E-11,1.12120753423239903E-11,4.00385122629624086E-11,9.99999999999999667E-01,I3B_0,I3B_0,1,0,1,0,6.73370734409860034E+01,CONSISTENT_NUMERICALLY,1,0
run2,I2,M1,1.00000000000000005E-04,5.94974279476636836E-01,5.94974279448866716E-01,4.26975713515210371E-11,7.17637263060842384E-11,3.41241479517861990E-11,1.21857914303550499E-10,9.99999999999999889E-01,I3B_0,I3B_0,1,0,1,0,4.91397883075373920E+03,CONSISTENT_NUMERICALLY,1,0
run2,I2,M1,2.99999999999999974E-04,5.94974279683690543E-01,5.94974279448866716E-01,3.74350103005107498E-10,6.29187035117090002E-10,3.00503039118993291E-10,1.07310147760115009E-09,9.99999999999999889E-01,I3B_0,I3B_0,1,0,1,0,1.29819913446578677E+05,CONSISTENT_NUMERICALLY,1,0
run2,I2,M1,1.00000000000000002E-03,5.94974282058730597E-01,5.94974279448866716E-01,4.15945360762570368E-09,6.99098050630551337E-09,3.33880198488678600E-09,1.19229188293863300E-08,9.99999999999999667E-01,I3B_0,I3B_0,1,0,1,0,4.80797028315403126E+06,CONSISTENT_NUMERICALLY,1,0
run2,I2,M1,3.00000000000000006E-03,5.94974302939418220E-01,5.94974279448866716E-01,3.74362817362675725E-08,6.29208380115189924E-08,3.00498912142455121E-08,1.07308674009754796E-07,9.99999999999998224E-01,I3B_0,I3B_0,1,0,1,0,1.29818106456128985E+08,CONSISTENT_NUMERICALLY,1,0
run2,I2,M1,1.00000000000000002E-02,5.94974540455083689E-01,5.94974279448866716E-01,4.15958672868845079E-07,6.99120121258780151E-07,3.33887686443379295E-07,1.19231862255257190E-06,9.99999999999851674E-01,I3B_0,I3B_0,1,0,1,0,4.80807811264119911E+09,CONSISTENT_NUMERICALLY,1,0
run2,I2,M2,9.99999999999999955E-08,1.56237830726743909E+00,1.56237831438174490E+00,8.07034859071355337E-09,5.16542537516408264E-09,4.14735829012968793E-09,7.60873468876899690E-09,9.99999999999999778E-01,I3B_0,I3B_0,1,0,1,0,5.55665660733064755E+01,CONSISTENT_NUMERICALLY,1,0
run2,I2,M2,2.99999999999999986E-07,1.56237831500928004E+00,1.56237831438174490E+00,1.37937565862063409E-09,8.82869177950950414E-10,7.13546555175526009E-10,1.30907098917144293E-09,9.99999999999999778E-01,I3B_0,I3B_0,1,0,1,0,1.14200777217552947E+01,CONSISTENT_NUMERICALLY,1,0
run2,I2,M2,9.99999999999999955E-07,1.56237831461921095E+00,1.56237831438174490E+00,5.70994819306253625E-10,3.65465146285916486E-10,2.56571985879361416E-10,4.70706418806285109E-10,9.99999999999999778E-01,I3B_0,I3B_0,1,0,1,0,9.04084764988510301E+01,CONSISTENT_NUMERICALLY,1,0
run2,I2,M2,3.00000000000000008E-06,1.56237831432720808E+00,1.56237831438174490E+00,1.28776173279776111E-10,8.24231699162661925E-11,1.08520525898825300E-10,1.99091525755426910E-10,9.99999999999999778E-01,I3B_0,I3B_0,1,0,1,0,3.36421572978692893E+01,CONSISTENT_NUMERICALLY,1,0
run2,I2,M2,1.00000000000000008E-05,1.56237831442879105E+00,1.56237831438174490E+00,6.36210841683589535E-11,4.07206651428844119E-11,3.24051896427590691E-11,5.94504919199133152E-11,9.99999999999999778E-01,I3B_0,I3B_0,1,0,1,0,4.45220703772588706E+01,CONSISTENT_NUMERICALLY,1,0
run2,I2,M2,3.00000000000000008E-05,1.56237831437993102E+00,1.56237831438174490E+00,1.91445319702619912E-11,1.22534547452661895E-11,1.12311271394105493E-11,2.06046019372149001E-11,9.99999999999999778E-01,I3B_0,I3B_0,1,0,1,0,2.41947268045908928E+01,CONSISTENT_NUMERICALLY,1,0
run2,I2,M2,1.00000000000000005E-04,1.56237831438874908E+00,1.56237831438174490E+00,2.92620820767910383E-11,1.87291911359120991E-11,2.25017227073465197E-11,4.12816125694128309E-11,9.99999999999999778E-01,I3B_0,I3B_0,1,0,1,0,2.60107102392996296E+02,CONSISTENT_NUMERICALLY,1,0
run2,I2,M2,2.99999999999999974E-04,1.56237831441990505E+00,1.56237831438174490E+00,2.40226111911728285E-10,1.53756686005285303E-10,1.83740356263228906E-10,3.37089666391732805E-10,1.00000000000000000E+00,I3B_0,I3B_0,1,0,1,0,7.46580826578612960E+03,CONSISTENT_NUMERICALLY,1,0
run2,I2,M2,1.00000000000000002E-03,1.56237831486464906E+00,1.56237831438174490E+00,2.66322296575049612E-09,1.70459544939422305E-09,2.03829092493279518E-09,3.73944419107432307E-09,1.00000000000000000E+00,I3B_0,I3B_0,1,0,1,0,2.75532429803382140E+05,CONSISTENT_NUMERICALLY,1,0
run2,I2,M2,3.00000000000000006E-03,1.56237831872428701E+00,1.56237831438174490E+00,2.39683821427815904E-08,1.53409592641763298E-08,1.83440049261740512E-08,3.36538723805187225E-08,9.99999999999999667E-01,I3B_0,I3B_0,1,0,1,0,7.43977759112016391E+06,CONSISTENT_NUMERICALLY,1,0
run2,I2,M2,1.00000000000000002E-02,1.56237836262938190E+00,1.56237831438174490E+00,2.66315581785429488E-07,1.70455241928234106E-07,2.03822377753404309E-07,3.73932100248183415E-07,9.99999999999986122E-01,I3B_0,I3B_0,1,0,1,0,2.75548712901684821E+08,CONSISTENT_NUMERICALLY,1,0
run2,I2,M3,9.99999999999999955E-08,1.72978071190766203E+00,1.72978070207284795E+00,1.17980660143126701E-08,6.82055588497189038E-09,6.40497066495271383E-09,1.11249734541418995E-08,9.99999999999999667E-01,I3B_0,I3B_0,1,0,1,0,7.84440469009987673E+00,CONSISTENT_NUMERICALLY,1,0
run2,I2,M3,2.99999999999999986E-07,1.72978070205903189E+00,1.72978070207284795E+00,1.56286669082531092E-09,9.03505680779350345E-10,6.81401157720529227E-10,1.18354481435393996E-09,1.00000000000000000E+00,I3B_0,I3B_0,1,0,1,0,7.97919459356045735E+01,CONSISTENT_NUMERICALLY,1,0
run2,I2,M3,9.99999999999999955E-07,1.72978070199786993E+00,1.72978070207284795E+00,7.49147229797070685E-10,4.33087979822728420E-10,4.30146029906097686E-10,7.47132723797898249E-10,9.99999999999999889E-01,I3B_0,I3B_0,1,0,1,0,1.43734697912154843E+01,CONSISTENT_NUMERICALLY,1,0
run2,I2,M3,3.00000000000000008E-06,1.72978070222967606E+00,1.72978070207284795E+00,2.40269084808734177E-10,1.38901471440298194E-10,1.18331122678228010E-10,2.05532651376474711E-10,1.00000000000000000E+00,I3B_0,I3B_0,1,0,1,0,9.67924135739640867E+00,CONSISTENT_NUMERICALLY,1,0
run2,I2,M3,1.00000000000000008E-05,1.72978070203994894E+00,1.72978070207284795E+00,6.40701674738458556E-11,3.70394740773027769E-11,2.84666734629013295E-11,4.94445648880028191E-11,1.00000000000000000E+00,I3B_0,I3B_0,1,0,1,0,8.88660702841150929E+00,CONSISTENT_NUMERICALLY,1,0
run2,I2,M3,3.00000000000000008E-05,1.72978070206653189E+00,1.72978070207284795E+00,1.28746921085966207E-11,7.44296204320495158E-12,7.98516808231397590E-12,1.38696627801202897E-11,9.99999999999999889E-01,I3B_0,I3B_0,1,0,1,0,1.99466046321327610E+01,CONSISTENT_NUMERICALLY,1,0
run2,I2,M3,1.00000000000000005E-04,1.72978070207250889E+00,1.72978070207284795E+00,6.51621809404665834E-12,3.76707757592513200E-12,3.58757468177373084E-12,6.23135925528067114E-12,1.00000000000000000E+00,I3B_0,I3B_0,1,0,1,0,1.16640732670341869E+01,CONSISTENT_NUMERICALLY,1,0
run2,I2,M3,2.99999999999999974E-04,1.72978070207130008E+00,1.72978070207284795E+00,2.38741394505690889E-12,1.38018301522036803E-12,1.27997612509034298E-12,2.22322649174046709E-12,9.99999999999999667E-01,I3B_0,I3B_0,1,0,1,0,4.78276918137634510E+00,CONSISTENT_NUMERICALLY,1,0
run2,I2,M3,1.00000000000000002E-03,1.72978070207177903E+00,1.72978070207284795E+00,1.30393628595206101E-12,7.53815951576702877E-13,6.34048369363426900E-13,1.10129642591161495E-12,9.99999999999999889E-01,I3B_0,I3B_0,1,0,1,0,1.78227301191164941E+02,CONSISTENT_NUMERICALLY,1,0
run2,I2,M3,3.00000000000000006E-03,1.72978070207229395E+00,1.72978070207284795E+00,2.67109743166298580E-12,1.54418269810856907E-12,1.64697015790984906E-12,2.86066873779713298E-12,1.00000000000000000E+00,I3B_0,I3B_0,1,0,1,0,4.77101342962348917E+03,CONSISTENT_NUMERICALLY,1,0
run2,I2,M3,1.00000000000000002E-02,1.72978070207297296E+00,1.72978070207284795E+00,2.89289128796079298E-11,1.67240349282076386E-11,1.83259760448348209E-11,3.18309026482923607E-11,1.00000000000000000E+00,I3B_0,I3B_0,1,0,1,0,1.76829540738661686E+05,CONSISTENT_NUMERICALLY,1,0
run2,LIMITER_INACT,M1,9.99999999999999955E-08,6.18825429256444237E-01,6.18825428996963023E-01,5.38845695900253260E-09,8.70755580532152086E-09,2.72324602591903204E-09,1.08873299943574200E-08,1.00000000000000000E+00,I3B_1,I3B_1,1,0,1,0,8.58427394980184921E+00,CONSISTENT_NUMERICALLY,1,0
run2,LIMITER_INACT,M1,2.99999999999999986E-07,6.18825428438942948E-01,6.18825428996963023E-01,1.39731407692748702E-09,2.25801011311438010E-09,8.31162611458917985E-10,3.32292475429373099E-09,1.00000000000000000E+00,I3B_1,I3B_1,1,0,1,0,1.70945881153804642E+01,CONSISTENT_NUMERICALLY,1,0
run2,LIMITER_INACT,M1,9.99999999999999955E-07,6.18825429261956828E-01,6.18825428996963023E-01,7.40371840424485335E-10,1.19641470019661407E-09,4.20129116597147017E-10,1.67964417785706104E-09,1.00000000000000000E+00,I3B_1,I3B_1,1,0,1,0,2.26166758231999623E+01,CONSISTENT_NUMERICALLY,1,0
run2,LIMITER_INACT,M1,3.00000000000000008E-06,6.18825428974636216E-01,6.18825428996963023E-01,1.69351448035475887E-10,2.73665948585812008E-10,8.08878006147207597E-11,3.23383260119511023E-10,9.99999999999999889E-01,I3B_1,I3B_1,1,0,1,0,4.43318887046924193E+00,CONSISTENT_NUMERICALLY,1,0
run2,LIMITER_INACT,M1,1.00000000000000008E-05,6.18825428980099290E-01,6.18825428996963023E-01,6.99410538746967880E-11,1.13022268635699602E-10,3.78796348197226081E-11,1.51439892135095692E-10,1.00000000000000000E+00,I3B_1,I3B_1,1,0,1,0,2.13380686956958492E+01,CONSISTENT_NUMERICALLY,1,0
run2,LIMITER_INACT,M1,3.00000000000000008E-05,6.18825428997806903E-01,6.18825428996963023E-01,2.09732500898224685E-11,3.38920301381099276E-11,9.09562173537594495E-12,3.63636022639319070E-11,9.99999999999999889E-01,I3B_1,I3B_1,1,0,1,0,1.09167302028236257E+01,CONSISTENT_NUMERICALLY,1,0
run2,LIMITER_INACT,M1,1.00000000000000005E-04,6.18825429047399456E-01,6.18825428996963023E-01,7.53317891166122960E-11,1.21733506059335188E-10,5.92117466169383988E-11,2.36724048723095024E-10,1.00000000000000000E+00,I3B_1,I3B_1,1,0,1,0,6.05801399900864567E+02,CONSISTENT_NUMERICALLY,1,0
run2,LIMITER_INACT,M1,2.99999999999999974E-04,6.18825429434348595E-01,6.18825428996963023E-01,6.66095979694899380E-10,1.07638753679492395E-09,5.24893073450272141E-10,2.09848248636158208E-09,1.00000000000000000E+00,I3B_1,I3B_1,1,0,1,0,1.61107200141475168E+04,CONSISTENT_NUMERICALLY,1,0
run2,LIMITER_INACT,M1,1.00000000000000002E-03,6.18825433857412177E-01,6.18825428996963023E-01,7.40102333847693771E-09,1.19597917822205392E-08,5.83196219094972435E-09,2.33157396776504102E-08,1.00000000000000000E+00,I3B_1,I3B_1,1,0,1,0,5.96674540697411518E+05,CONSISTENT_NUMERICALLY,1,0
run2,LIMITER_INACT,M1,3.00000000000000006E-03,6.18825472742920657E-01,6.18825428996963023E-01,6.66105779943924081E-08,1.07640329831840199E-07,5.24885093167171069E-08,2.09845014585238100E-07,9.99999999999997002E-01,I3B_1,I3B_1,1,0,1,0,1.61104733688322231E+07,CONSISTENT_NUMERICALLY,1,0
run2,LIMITER_INACT,M1,1.00000000000000002E-02,6.18825915063359044E-01,6.18825428996963023E-01,7.40117498632741515E-07,1.19600275395215799E-06,5.83205652104901162E-07,2.33160629818134808E-06,9.99999999999593547E-01,I3B_1,I3B_1,1,0,1,0,5.96684191714826107E+08,CONSISTENT_NUMERICALLY,1,0
run2,LIMITER_INACT,M2,9.99999999999999955E-08,1.53495907172451296E+00,1.53495907816403698E+00,7.96308578358143839E-09,5.18781633781799537E-09,5.13388109801837800E-09,9.41885123586064898E-09,1.00000000000000000E+00,I3B_1,I3B_1,1,0,1,0,2.44786345965446763E+01,CONSISTENT_NUMERICALLY,1,0
run2,LIMITER_INACT,M2,2.99999999999999986E-07,1.53495907808016607E+00,1.53495907816403698E+00,1.08205784078633999E-09,7.04942467965066612E-10,4.52529902439380294E-10,8.30231893948918036E-10,9.99999999999999778E-01,I3B_1,I3B_1,1,0,1,0,6.85945545678652291E+00,CONSISTENT_NUMERICALLY,1,0
run2,LIMITER_INACT,M2,9.99999999999999955E-07,1.53495907833066902E+00,1.53495907816403698E+00,5.00995529154061897E-10,3.26390153474915591E-10,2.34726849068778217E-10,4.30640528938558899E-10,1.00000000000000000E+00,I3B_1,I3B_1,1,0,1,0,2.43162967672041042E+01,CONSISTENT_NUMERICALLY,1,0
run2,LIMITER_INACT,M2,3.00000000000000008E-06,1.53495907830594791E+00,1.53495907816403698E+00,1.88280526369459291E-10,1.22661593413457313E-10,1.00215502563116804E-10,1.83859908707235492E-10,1.00000000000000000E+00,I3B_1,I3B_1,1,0,1,0,6.24920965192551936E+00,CONSISTENT_NUMERICALLY,1,0
run2,LIMITER_INACT,M2,1.00000000000000008E-05,1.53495907819983191E+00,1.53495907816403698E+00,5.78387673013947881E-11,3.76809832410821625E-11,4.51409465362928586E-11,8.28176289923247068E-11,1.00000000000000000E+00,I3B_1,I3B_1,1,0,1,0,1.74301186091983134E+01,CONSISTENT_NUMERICALLY,1,0
run2,LIMITER_INACT,M2,3.00000000000000008E-05,1.53495907817023092E+00,1.53495907816403698E+00,2.07232961115591900E-11,1.35008785617025604E-11,1.21369581052022097E-11,2.22670141095305290E-11,1.00000000000000000E+00,I3B_1,I3B_1,1,0,1,0,9.14600520379541670E+00,CONSISTENT_NUMERICALLY,1,0
run2,LIMITER_INACT,M2,1.00000000000000005E-04,1.53495907817463295E+00,1.53495907816403698E+00,5.54279169101427132E-11,3.61103547959450280E-11,4.03518329861185521E-11,7.40313039459686449E-11,1.00000000000000000E+00,I3B_1,I3B_1,1,0,1,0,2.82660095713127475E+02,CONSISTENT_NUMERICALLY,1,0
run2,LIMITER_INACT,M2,2.99999999999999974E-04,1.53495907824333711E+00,1.53495907816403698E+00,4.78880643727996379E-10,3.11982677920016494E-10,3.44262646168047581E-10,6.31599873158761854E-10,1.00000000000000000E+00,I3B_1,I3B_1,1,0,1,0,7.53968791810855237E+03,CONSISTENT_NUMERICALLY,1,0
run2,LIMITER_INACT,M2,1.00000000000000002E-03,1.53495907907877505E+00,1.53495907816403698E+00,5.31647281338434935E-09,3.46359253862004992E-09,3.82241685525919195E-09,7.01277942237264119E-09,1.00000000000000000E+00,I3B_1,I3B_1,1,0,1,0,2.79002962686429382E+05,CONSISTENT_NUMERICALLY,1,0
run2,LIMITER_INACT,M2,3.00000000000000006E-03,1.53495908639330292E+00,1.53495907816403698E+00,4.78474770184712026E-08,3.11718256483946585E-08,3.44009943309408972E-08,6.31136253025411583E-08,9.99999999999999667E-01,I3B_1,I3B_1,1,0,1,0,7.53303199782351218E+06,CONSISTENT_NUMERICALLY,1,0
run2,LIMITER_INACT,M2,1.00000000000000002E-02,1.53495916959753909E+00,1.53495907816403698E+00,5.31638907124081982E-07,3.46353777777343593E-07,3.82233402540510525E-07,7.01262745882416609E-07,9.99999999999941935E-01,I3B_1,I3B_1,1,0,1,0,2.79001368393438101E+08,CONSISTENT_NUMERICALLY,1,0
run2,LIMITER_INACT,M3,9.99999999999999955E-08,1.69555880625714894E+00,1.69555879501121098E+00,1.41470926201432597E-08,8.34361661060413485E-09,8.03781086133881217E-09,1.39611195664940701E-08,1.00000000000000000E+00,I3B_1,I3B_1,1,0,1,0,2.03110525912928210E+01,CONSISTENT_NUMERICALLY,1,0
run2,LIMITER_INACT,M3,2.99999999999999986E-07,1.69555879483987604E+00,1.69555879501121098E+00,2.18014021037671810E-09,1.28579452201320007E-09,1.32866706525902600E-09,2.30780248434345479E-09,1.00000000000000000E+00,I3B_1,I3B_1,1,0,1,0,3.22512560511680562E+01,CONSISTENT_NUMERICALLY,1,0
run2,LIMITER_INACT,M3,9.99999999999999955E-07,1.69555879511581109E+00,1.69555879501121098E+00,8.58956052837953679E-10,5.06591723809427092E-10,4.97279217803736628E-10,8.63739490228628854E-10,1.00000000000000000E+00,I3B_1,I3B_1,1,0,1,0,9.25211633520536836E+00,CONSISTENT_NUMERICALLY,1,0
run2,LIMITER_INACT,M3,3.00000000000000008E-06,1.69555879510324492E+00,1.69555879501121098E+00,2.40831238102728996E-10,1.42036500767916201E-10,1.39611322502730698E-10,2.42495178258470507E-10,9.99999999999999889E-01,I3B_1,I3B_1,1,0,1,0,2.91994017991073846E+01,CONSISTENT_NUMERICALLY,1,0
run2,LIMITER_INACT,M3,1.00000000000000008E-05,1.69555879494146700E+00,1.69555879501121098E+00,1.02544371806121795E-10,6.04782164486627369E-11,5.66130475831982884E-11,9.83329347696960305E-11,9.99999999999999889E-01,I3B_1,I3B_1,1,0,1,0,1.28555595732909449E+01,CONSISTENT_NUMERICALLY,1,0
run2,LIMITER_INACT,M3,3.00000000000000008E-05,1.69555879500644791E+00,1.69555879501121098E+00,1.30394619935569793E-11,7.69036262966673800E-12,7.70472574629366136E-12,1.33825739219441398E-11,9.99999999999999889E-01,I3B_1,I3B_1,1,0,1,0,2.11489767495436887E+01,CONSISTENT_NUMERICALLY,1,0
run2,LIMITER_INACT,M3,1.00000000000000005E-04,1.69555879501281792E+00,1.69555879501121098E+00,5.17361546129724963E-12,3.05127458659322992E-12,3.07609493432892082E-12,5.34296342337396329E-12,9.99999999999999889E-01,I3B_1,I3B_1,1,0,1,0,1.37435736495245049E+01,CONSISTENT_NUMERICALLY,1,0
run2,LIMITER_INACT,M3,2.99999999999999974E-04,1.69555879500824003E+00,1.69555879501121098E+00,3.79218684700381411E-12,2.23654104957105907E-12,2.27207141989538286E-12,3.94643037713747993E-12,1.00000000000000000E+00,I3B_1,I3B_1,1,0,1,0,1.03177781061032459E+01,CONSISTENT_NUMERICALLY,1,0
run2,LIMITER_INACT,M3,1.00000000000000002E-03,1.69555879501038098E+00,1.69555879501121098E+00,1.18435813457060201E-12,6.98506084280475612E-13,6.79678535675520834E-13,1.18055444753655799E-12,1.00000000000000000E+00,I3B_1,I3B_1,1,0,1,0,1.63745641908796991E+01,CONSISTENT_NUMERICALLY,1,0
run2,LIMITER_INACT,M3,3.00000000000000006E-03,1.69555879501083195E+00,1.69555879501121098E+00,2.74119114106138716E-12,1.61668893412998000E-12,1.81202687403458906E-12,3.14736492755533181E-12,9.99999999999999889E-01,I3B_1,I3B_1,1,0,1,0,4.42107176597940736E+02,CONSISTENT_NUMERICALLY,1,0
run2,LIMITER_INACT,M3,1.00000000000000002E-02,1.69555879501129803E+00,1.69555879501121098E+00,3.00532982509681032E-11,1.77247160873403107E-11,2.01333129855318894E-11,3.49701674264174373E-11,9.99999999999999667E-01,I3B_1,I3B_1,1,0,1,0,1.63840859618369977E+04,CONSISTENT_NUMERICALLY,1,0
run2,LIMITER_OFF,M1,9.99999999999999955E-08,6.06318119736035333E-01,6.06318119418979395E-01,5.72402127465536786E-09,9.44062380511959533E-09,4.72698141148656477E-09,1.90146413214274901E-08,9.99999999999999889E-01,I3B_0,I3B_0,1,0,1,0,2.77015305290646374E+00,CONSISTENT_NUMERICALLY,1,0
run2,LIMITER_OFF,M1,2.99999999999999986E-07,6.06318118859652588E-01,6.06318119418979395E-01,2.56170446930145984E-09,4.22501717704937128E-09,1.39129665446877203E-09,5.59659633882154899E-09,1.00000000000000000E+00,I3B_0,I3B_0,1,0,1,0,2.04964614146833348E+01,CONSISTENT_NUMERICALLY,1,0
run2,LIMITER_OFF,M1,9.99999999999999955E-07,6.06318119673529776E-01,6.06318119418979395E-01,4.58375920002371884E-10,7.55999045928535116E-10,2.16915242002465301E-10,8.72558016318130382E-10,9.99999999999999889E-01,I3B_0,I3B_0,1,0,1,0,1.22601258743114006E+01,CONSISTENT_NUMERICALLY,1,0
run2,LIMITER_OFF,M1,3.00000000000000008E-06,6.06318119397738053E-01,6.06318119418979395E-01,1.11909752335668099E-10,1.84572666973747391E-10,5.52357374892879978E-11,2.22189944331240292E-10,1.00000000000000000E+00,I3B_0,I3B_0,1,0,1,0,3.60324004996501568E+00,CONSISTENT_NUMERICALLY,1,0
run2,LIMITER_OFF,M1,1.00000000000000008E-05,6.06318119402566080E-01,6.06318119418979395E-01,6.75283175201125603E-11,1.11374401254614296E-10,3.30919724572155080E-11,1.33114969624612700E-10,9.99999999999999889E-01,I3B_0,I3B_0,1,0,1,0,1.36819550324645380E+01,CONSISTENT_NUMERICALLY,1,0
run2,LIMITER_OFF,M1,3.00000000000000008E-05,6.06318119418578605E-01,6.06318119418979395E-01,1.59305325315147709E-11,2.62742148408505990E-11,1.20891334289897104E-11,4.86294563208171284E-11,1.00000000000000000E+00,I3B_0,I3B_0,1,0,1,0,9.50344243546802936E+00,CONSISTENT_NUMERICALLY,1,0
run2,LIMITER_OFF,M1,1.00000000000000005E-04,6.06318119453587601E-01,6.06318119418979395E-01,4.89367230579641221E-11,8.07112990488652603E-11,3.81776277258438832E-11,1.53572403725874605E-10,1.00000000000000000E+00,I3B_0,I3B_0,1,0,1,0,7.82072844515777774E+02,CONSISTENT_NUMERICALLY,1,0
run2,LIMITER_OFF,M1,2.99999999999999974E-04,6.06318119714861270E-01,6.06318119418979395E-01,4.29217209105358489E-10,7.07907606830570000E-10,3.35964311926062516E-10,1.35144192974212805E-09,9.99999999999999889E-01,I3B_0,I3B_0,1,0,1,0,2.06467510690935742E+04,CONSISTENT_NUMERICALLY,1,0
run2,LIMITER_OFF,M1,1.00000000000000002E-03,6.06318122707204754E-01,6.06318119418979395E-01,4.76911476318193840E-09,7.86569720510395768E-09,3.73287784016795937E-09,1.50157840693061888E-08,1.00000000000000000E+00,I3B_0,I3B_0,1,0,1,0,7.64682417621092056E+05,CONSISTENT_NUMERICALLY,1,0
run2,LIMITER_OFF,M1,3.00000000000000006E-03,6.06318149014814400E-01,6.06318119418979395E-01,4.29233856417781370E-08,7.07935029019383362E-08,3.35966994502445715E-08,1.35145253979310908E-07,9.99999999999998668E-01,I3B_0,I3B_0,1,0,1,0,2.06469159614529461E+07,CONSISTENT_NUMERICALLY,1,0
run2,LIMITER_OFF,M1,1.00000000000000002E-02,6.06318448261686127E-01,6.06318119418979395E-01,4.76926488139883456E-07,7.86594057144774081E-07,3.73296652783627891E-07,1.50161184992384406E-06,9.99999999999837685E-01,I3B_0,I3B_0,1,0,1,0,7.64700574031871915E+08,CONSISTENT_NUMERICALLY,1,0
run2,LIMITER_OFF,M2,9.99999999999999955E-08,1.55302876647620103E+00,1.55302877574578102E+00,9.83806145283097838E-09,6.33475799449152713E-09,4.30176827492800840E-09,7.89206026935504263E-09,1.00000000000000000E+00,I3B_0,I3B_0,1,0,1,0,9.90352706064219923E+00,CONSISTENT_NUMERICALLY,1,0
run2,LIMITER_OFF,M2,2.99999999999999986E-07,1.55302877719872789E+00,1.55302877574578102E+00,2.20204569217843008E-09,1.41790398510861099E-09,1.34072003499241491E-09,2.45969625134792818E-09,9.99999999999999778E-01,I3B_0,I3B_0,1,0,1,0,3.43334970544326712E+00,CONSISTENT_NUMERICALLY,1,0
run2,LIMITER_OFF,M2,9.99999999999999955E-07,1.55302877602987399E+00,1.55302877574578102E+00,5.40368078164840662E-10,3.47944665614132892E-10,2.34110342223203816E-10,4.29500803305231709E-10,9.99999999999999778E-01,I3B_0,I3B_0,1,0,1,0,1.28166525122760699E+01,CONSISTENT_NUMERICALLY,1,0
run2,LIMITER_OFF,M2,3.00000000000000008E-06,1.55302877580055210E+00,1.55302877574578102E+00,1.38693856654095697E-10,8.93054003990377375E-11,1.15718656878982503E-10,2.12298421443713606E-10,9.99999999999999778E-01,I3B_0,I3B_0,1,0,1,0,4.20820499118037183E+00,CONSISTENT_NUMERICALLY,1,0
run2,LIMITER_OFF,M2,1.00000000000000008E-05,1.55302877577682996E+00,1.55302877574578102E+00,6.20240403635186101E-11,3.99374701428143094E-11,3.93837185086454220E-11,7.22537013187413505E-11,9.99999999999999778E-01,I3B_0,I3B_0,1,0,1,0,1.06697668999094457E+01,CONSISTENT_NUMERICALLY,1,0
run2,LIMITER_OFF,M2,3.00000000000000008E-05,1.55302877572760889E+00,1.55302877574578102E+00,2.76100231812339014E-11,1.77781787513726313E-11,1.52760581961786102E-11,2.80255848889293990E-11,1.00000000000000000E+00,I3B_0,I3B_0,1,0,1,0,4.63516123264448687E+00,CONSISTENT_NUMERICALLY,1,0
run2,LIMITER_OFF,M2,1.00000000000000005E-04,1.55302877574701803E+00,1.55302877574578102E+00,3.69662120238335681E-11,2.38026574916826994E-11,2.65550914591017285E-11,4.87181942074677531E-11,9.99999999999999778E-01,I3B_0,I3B_0,1,0,1,0,9.09331258024660798E+01,CONSISTENT_NUMERICALLY,1,0
run2,LIMITER_OFF,M2,2.99999999999999974E-04,1.55302877579562892E+00,1.55302877574578102E+00,3.08824791242303489E-10,1.98853231862423212E-10,2.20471585432591207E-10,4.04479025533607474E-10,1.00000000000000000E+00,I3B_0,I3B_0,1,0,1,0,2.26501607398184069E+03,CONSISTENT_NUMERICALLY,1,0
run2,LIMITER_OFF,M2,1.00000000000000002E-03,1.55302877635367897E+00,1.55302877574578102E+00,3.42572166182864403E-09,2.20583270187164095E-09,2.44635317558916695E-09,4.48810011789509041E-09,1.00000000000000000E+00,I3B_0,I3B_0,1,0,1,0,8.37709574224672106E+04,CONSISTENT_NUMERICALLY,1,0
run2,LIMITER_OFF,M2,3.00000000000000006E-03,1.55302878121368493E+00,1.55302877574578102E+00,3.08309200946027616E-08,1.98521240994056306E-08,2.20166025688417510E-08,4.03918443055010789E-08,9.99999999999999778E-01,I3B_0,I3B_0,1,0,1,0,2.26175665417234600E+06,CONSISTENT_NUMERICALLY,1,0
run2,LIMITER_OFF,M2,1.00000000000000002E-02,1.55302883649683099E+00,1.55302877574578102E+00,3.42565999585809490E-07,2.20579290954143492E-07,2.44628991813433725E-07,4.48798406510992197E-07,9.99999999999976463E-01,I3B_0,I3B_0,1,0,1,0,8.37687903249645829E+07,CONSISTENT_NUMERICALLY,1,0
run2,LIMITER_OFF,M3,9.99999999999999955E-08,1.71641314426332392E+00,1.71641313230357295E+00,1.42214015233108093E-08,8.28553519928592768E-09,7.89666843026282095E-09,1.37159649769793193E-08,1.00000000000000000E+00,I3B_0,I3B_0,1,0,1,0,8.64595133963737439E+00,CONSISTENT_NUMERICALLY,1,0
run2,LIMITER_OFF,M3,2.99999999999999986E-07,1.71641313191539902E+00,1.71641313230357295E+00,1.95825653189642391E-09,1.14090045982593705E-09,1.02941655200083894E-09,1.78802511263644900E-09,1.00000000000000000E+00,I3B_0,I3B_0,1,0,1,0,1.30419976854581119E+01,CONSISTENT_NUMERICALLY,1,0
run2,LIMITER_OFF,M3,9.99999999999999955E-07,1.71641313221377501E+00,1.71641313230357295E+00,7.92022458372868857E-10,4.61440455952412212E-10,3.82720521940882515E-10,6.64758986676702252E-10,9.99999999999999889E-01,I3B_0,I3B_0,1,0,1,0,3.92488785515980032E+00,CONSISTENT_NUMERICALLY,1,0
run2,LIMITER_OFF,M3,3.00000000000000008E-06,1.71641313241319104E+00,1.71641313230357295E+00,2.31627349878018998E-10,1.34948483849201601E-10,1.39309785929242506E-10,2.41971430475203892E-10,9.99999999999999667E-01,I3B_0,I3B_0,1,0,1,0,1.25877437497519935E+01,CONSISTENT_NUMERICALLY,1,0
run2,LIMITER_OFF,M3,1.00000000000000008E-05,1.71641313222307601E+00,1.71641313230357295E+00,9.16416258182185184E-11,5.33913567156338498E-11,4.85913531633741513E-11,8.43998083615705134E-11,9.99999999999999889E-01,I3B_0,I3B_0,1,0,1,0,5.45900272210377580E+00,CONSISTENT_NUMERICALLY,1,0
run2,LIMITER_OFF,M3,3.00000000000000008E-05,1.71641313230183701E+00,1.71641313230357295E+00,1.21617557614076903E-11,7.08556438570565912E-12,7.70472574629366136E-12,1.33825739381917700E-11,9.99999999999999667E-01,I3B_0,I3B_0,1,0,1,0,8.86372457734124986E+00,CONSISTENT_NUMERICALLY,1,0
run2,LIMITER_OFF,M3,1.00000000000000005E-04,1.71641313230358095E+00,1.71641313230357295E+00,6.24511361788296336E-12,3.63846762783821237E-12,3.07609493432892082E-12,5.34296342986079605E-12,9.99999999999999889E-01,I3B_0,I3B_0,1,0,1,0,5.81425386499060703E+00,CONSISTENT_NUMERICALLY,1,0
run2,LIMITER_OFF,M3,2.99999999999999974E-04,1.71641313230232195E+00,1.71641313230357295E+00,2.27761134696994896E-12,1.32695987003618402E-12,1.61592961234191494E-12,2.80675759633173901E-12,9.99999999999999889E-01,I3B_0,I3B_0,1,0,1,0,4.42673513176496769E+00,CONSISTENT_NUMERICALLY,1,0
run2,LIMITER_OFF,M3,1.00000000000000002E-03,1.71641313230260306E+00,1.71641313230357295E+00,1.24862713622298406E-12,7.27463052293954052E-13,6.79567513373058318E-13,1.18036161093506794E-12,9.99999999999999889E-01,I3B_0,I3B_0,1,0,1,0,2.96394678714676694E+01,CONSISTENT_NUMERICALLY,1,0
run2,LIMITER_OFF,M3,3.00000000000000006E-03,1.71641313230316994E+00,1.71641313230357295E+00,2.51146635043555897E-12,1.46320620785798601E-12,1.54206286412036890E-12,2.67845618078721213E-12,9.99999999999999889E-01,I3B_0,I3B_0,1,0,1,0,8.03384542584447331E+02,CONSISTENT_NUMERICALLY,1,0
run2,LIMITER_OFF,M3,1.00000000000000002E-02,1.71641313230361403E+00,1.71641313230357295E+00,2.74415933530627411E-11,1.59877554165721899E-11,1.71247701891315306E-11,2.97445374146949227E-11,9.99999999999999667E-01,I3B_0,I3B_0,1,0,1,0,2.97514581050767483E+04,CONSISTENT_NUMERICALLY,1,0
run2,RATIO_NEG,M1,9.99999999999999955E-08,6.29883942864568613E-01,6.29883942423134613E-01,4.73362094239720135E-09,7.51506844398949319E-09,2.32462075513994483E-09,9.21857895848868658E-09,1.00000000000000000E+00,I3B_3,I3B_3,1,0,1,0,2.08733524391527681E+01,CONSISTENT_NUMERICALLY,1,0
run2,RATIO_NEG,M1,2.99999999999999986E-07,6.29883941835697181E-01,6.29883942423134613E-01,1.98590276810805603E-09,3.15280742110741790E-09,1.19929721562110602E-09,4.75596549897329627E-09,1.00000000000000000E+00,I3B_3,I3B_3,1,0,1,0,4.02119040619116248E+01,CONSISTENT_NUMERICALLY,1,0
run2,RATIO_NEG,M1,9.99999999999999955E-07,6.29883942687259335E-01,6.29883942423134613E-01,4.55625332304215291E-10,7.23348066884181005E-10,3.18511154593403294E-10,1.26309645505532798E-09,1.00000000000000000E+00,I3B_3,I3B_3,1,0,1,0,5.80123025279326257E+01,CONSISTENT_NUMERICALLY,1,0
run2,RATIO_NEG,M1,3.00000000000000008E-06,6.29883942403675068E-01,6.29883942423134613E-01,1.29476610304427691E-10,2.05556296301723712E-10,7.31655438359881055E-11,2.90147260964840497E-10,1.00000000000000000E+00,I3B_3,I3B_3,1,0,1,0,9.35287093150388493E+00,CONSISTENT_NUMERICALLY,1,0
run2,RATIO_NEG,M1,1.00000000000000008E-05,6.29883942406314401E-01,6.29883942423134613E-01,5.46862825343517479E-11,8.68196168392166479E-11,2.91262407851959116E-11,1.15503808801424202E-10,1.00000000000000000E+00,I3B_3,I3B_3,1,0,1,0,5.02332866490692709E+01,CONSISTENT_NUMERICALLY,1,0
run2,RATIO_NEG,M1,3.00000000000000008E-05,6.29883942426786914E-01,6.29883942423134613E-01,1.55486198903077394E-11,2.46848964436254101E-11,7.23271442737427606E-12,2.86822480963177411E-11,1.00000000000000000E+00,I3B_3,I3B_3,1,0,1,0,1.89116411264037758E+01,CONSISTENT_NUMERICALLY,1,0
run2,RATIO_NEG,M1,1.00000000000000005E-04,6.29883942507279859E-01,6.29883942423134613E-01,1.32328063486159608E-10,2.10083246382535400E-10,1.04520780919159506E-10,4.14490437693273302E-10,1.00000000000000000E+00,I3B_3,I3B_3,1,0,1,0,2.64223075486281061E+02,CONSISTENT_NUMERICALLY,1,0
run2,RATIO_NEG,M1,2.99999999999999974E-04,6.29883943164605054E-01,6.29883942423134613E-01,1.18106667392288295E-09,1.87505442350074198E-09,9.33095323230048734E-10,3.70030805932258008E-09,1.00000000000000000E+00,I3B_3,I3B_3,1,0,1,0,7.07645249485090790E+03,CONSISTENT_NUMERICALLY,1,0
run2,RATIO_NEG,M1,1.00000000000000002E-03,6.29883950661972225E-01,6.29883942423134613E-01,1.31226948969942405E-08,2.08335120829845389E-08,1.03674195894853905E-08,4.11133184928522227E-08,9.99999999999999889E-01,I3B_3,I3B_3,1,0,1,0,2.62083092652773368E+05,CONSISTENT_NUMERICALLY,1,0
run2,RATIO_NEG,M1,3.00000000000000006E-03,6.29884016574631889E-01,6.29883942423134613E-01,1.18105573306327796E-07,1.87503683533036693E-07,9.33076399478593999E-08,3.70023202012307596E-07,9.99999999999989342E-01,I3B_3,I3B_3,1,0,1,0,7.07630897790363710E+06,CONSISTENT_NUMERICALLY,1,0
run2,RATIO_NEG,M1,1.00000000000000002E-02,6.29884766329405155E-01,6.29883942423134613E-01,1.31228413566300600E-06,2.08337176228315601E-06,1.03675154797255906E-06,4.11135759607369870E-06,9.99999999998685385E-01,I3B_3,I3B_3,1,0,1,0,2.62085515993573695E+08,CONSISTENT_NUMERICALLY,1,0
run2,RATIO_NEG,M2,9.99999999999999955E-08,1.51936961004233395E+00,1.51936961818663896E+00,9.20375479714382358E-09,6.05761408348316420E-09,6.21205065165497672E-09,1.13970961595622404E-08,1.00000000000000000E+00,I3B_3,I3B_3,1,0,1,0,4.95009465742696193E+01,CONSISTENT_NUMERICALLY,1,0
run2,RATIO_NEG,M2,2.99999999999999986E-07,1.51936961850008800E+00,1.51936961818663896E+00,1.38224759556538105E-09,9.09750714200753139E-10,8.34237900981804614E-10,1.53055570471815096E-09,1.00000000000000000E+00,I3B_3,I3B_3,1,0,1,0,1.11280250328728574E+01,CONSISTENT_NUMERICALLY,1,0
run2,RATIO_NEG,M2,9.99999999999999955E-07,1.51936961815921201E+00,1.51936961818663896E+00,4.55769859931010982E-10,2.99972998324772497E-10,2.31185681709433792E-10,4.24150669767617684E-10,1.00000000000000000E+00,I3B_3,I3B_3,1,0,1,0,5.96149750172836832E+01,CONSISTENT_NUMERICALLY,1,0
run2,RATIO_NEG,M2,3.00000000000000008E-06,1.51936961822835892E+00,1.51936961818663896E+00,1.70554690053265599E-10,1.12253587281901004E-10,1.29608990206975198E-10,2.37790418496968182E-10,1.00000000000000000E+00,I3B_3,I3B_3,1,0,1,0,1.08559778551192743E+01,CONSISTENT_NUMERICALLY,1,0
run2,RATIO_NEG,M2,1.00000000000000008E-05,1.51936961823800698E+00,1.51936961818663896E+00,6.18169437262935799E-11,4.06859153850804775E-11,2.75592881848751891E-11,5.05623464990017983E-11,1.00000000000000000E+00,I3B_3,I3B_3,1,0,1,0,4.04113877002540391E+01,CONSISTENT_NUMERICALLY,1,0
run2,RATIO_NEG,M2,3.00000000000000008E-05,1.51936961818118998E+00,1.51936961818663896E+00,1.93774569930057008E-11,1.27536162109998007E-11,1.01936237228983405E-11,1.87019900993925094E-11,1.00000000000000000E+00,I3B_3,I3B_3,1,0,1,0,1.19355132316283310E+01,CONSISTENT_NUMERICALLY,1,0
run2,RATIO_NEG,M2,1.00000000000000005E-04,1.51936961820382810E+00,1.51936961818663896E+00,9.65511823666822792E-11,6.35468691817224929E-11,7.02083946535481118E-11,1.28809610536629687E-10,1.00000000000000000E+00,I3B_3,I3B_3,1,0,1,0,3.84801220929790020E+02,CONSISTENT_NUMERICALLY,1,0
run2,RATIO_NEG,M2,2.99999999999999974E-04,1.51936961832370998E+00,1.51936961818663896E+00,8.48939929426334906E-10,5.58744836798140835E-10,6.11867861932680057E-10,1.12257887941313897E-09,1.00000000000000000E+00,I3B_3,I3B_3,1,0,1,0,1.03063955298335095E+04,CONSISTENT_NUMERICALLY,1,0
run2,RATIO_NEG,M2,1.00000000000000002E-03,1.51936961976060592E+00,1.51936961818663896E+00,9.42677006583650117E-09,6.20439552248108906E-09,6.79432235473065305E-09,1.24653756960601504E-08,1.00000000000000000E+00,I3B_3,I3B_3,1,0,1,0,3.81501981934975716E+05,CONSISTENT_NUMERICALLY,1,0
run2,RATIO_NEG,M2,3.00000000000000006E-03,1.51936963234773192E+00,1.51936961818663896E+00,8.48405491313864075E-08,5.58393081743319274E-08,6.11485010959533781E-08,1.12187647217109105E-07,9.99999999999998446E-01,I3B_3,I3B_3,1,0,1,0,1.03005370022580754E+07,CONSISTENT_NUMERICALLY,1,0
run2,RATIO_NEG,M2,1.00000000000000002E-02,1.51936977553177699E+00,1.51936961818663896E+00,9.42672920499740453E-07,6.20436799310297177E-07,6.79427805821974928E-07,1.24652944261629304E-06,9.99999999999812816E-01,I3B_3,I3B_3,1,0,1,0,3.81501491861736357E+08,CONSISTENT_NUMERICALLY,1,0
run2,RATIO_NEG,M3,9.99999999999999955E-08,1.67782119837124100E+00,1.67782118674505609E+00,1.42989375672243607E-08,8.52232501359809606E-09,8.03781097236111464E-09,1.39611197497129694E-08,1.00000000000000000E+00,I3B_3,I3B_3,1,0,1,0,4.37300565878699459E+01,CONSISTENT_NUMERICALLY,1,0
run2,RATIO_NEG,M3,2.99999999999999986E-07,1.67782118605955310E+00,1.67782118674505609E+00,2.31075451785652810E-09,1.37723527161994608E-09,1.32866695423672395E-09,2.30780228991535698E-09,9.99999999999999889E-01,I3B_3,I3B_3,1,0,1,0,7.18751393178567497E+01,CONSISTENT_NUMERICALLY,1,0
run2,RATIO_NEG,M3,9.99999999999999955E-07,1.67782118669540603E+00,1.67782118674505609E+00,7.40603749034327291E-10,4.41408032563401794E-10,4.17735179780720500E-10,7.25577016247979726E-10,1.00000000000000000E+00,I3B_3,I3B_3,1,0,1,0,1.92904450100629958E+01,CONSISTENT_NUMERICALLY,1,0
run2,RATIO_NEG,M3,3.00000000000000008E-06,1.67782118679157000E+00,1.67782118674505609E+00,1.65264485425641091E-10,9.84994627119173195E-11,8.08920708195159932E-11,1.40503913077516009E-10,9.99999999999999889E-01,I3B_3,I3B_3,1,0,1,0,6.20374374860111502E+01,CONSISTENT_NUMERICALLY,1,0
run2,RATIO_NEG,M3,1.00000000000000008E-05,1.67782118668708802E+00,1.67782118674505609E+00,9.00433663135156156E-11,5.36668430610285524E-11,5.66130475831982884E-11,9.83329346991609826E-11,1.00000000000000000E+00,I3B_3,I3B_3,1,0,1,0,2.72378534212397874E+01,CONSISTENT_NUMERICALLY,1,0
run2,RATIO_NEG,M3,3.00000000000000008E-05,1.67782118673702096E+00,1.67782118674505609E+00,1.66691493274989206E-11,9.93499751891724190E-12,1.35765843012336502E-11,2.35815847151968795E-11,1.00000000000000000E+00,I3B_3,I3B_3,1,0,1,0,4.53327361273584160E+01,CONSISTENT_NUMERICALLY,1,0
run2,RATIO_NEG,M3,1.00000000000000005E-04,1.67782118674723302E+00,1.67782118674505609E+00,7.64946121459053531E-12,4.55916355986684962E-12,4.83768580750165711E-12,8.40272451184499427E-12,1.00000000000000000E+00,I3B_3,I3B_3,1,0,1,0,2.75801375930554471E+01,CONSISTENT_NUMERICALLY,1,0
run2,RATIO_NEG,M3,2.99999999999999974E-04,1.67782118674321601E+00,1.67782118674505609E+00,2.90364068473796308E-12,1.73060199005531404E-12,1.71052061403997909E-12,2.97105559631650288E-12,1.00000000000000000E+00,I3B_3,I3B_3,1,0,1,0,2.19435527245360547E+01,CONSISTENT_NUMERICALLY,1,0
run2,RATIO_NEG,M3,1.00000000000000002E-03,1.67782118674400493E+00,1.67782118674505609E+00,1.37352649492551705E-12,8.18636995274886572E-13,7.67719221528295748E-13,1.33347500801873009E-12,1.00000000000000000E+00,I3B_3,I3B_3,1,0,1,0,1.62689822701991105E+01,CONSISTENT_NUMERICALLY,1,0
run2,RATIO_NEG,M3,3.00000000000000006E-03,1.67782118674466307E+00,1.67782118674505609E+00,3.54890310018701201E-12,2.11518553241768301E-12,2.53823757801960315E-12,4.40874251912733137E-12,1.00000000000000000E+00,I3B_3,I3B_3,1,0,1,0,4.41510283931451113E+02,CONSISTENT_NUMERICALLY,1,0
run2,RATIO_NEG,M3,1.00000000000000002E-02,1.67782118674511693E+00,1.67782118674505609E+00,3.91161380230782581E-11,2.33136512592032899E-11,2.82030815327714987E-11,4.89867953262900732E-11,9.99999999999999889E-01,I3B_3,I3B_3,1,0,1,0,1.63524888461390547E+04,CONSISTENT_NUMERICALLY,1,0
run2,RATIO_POS,M1,9.99999999999999955E-08,6.06371527660070408E-01,6.06371527359567342E-01,4.20046333697214939E-09,6.92721070394141711E-09,2.70456058181043006E-09,1.08281949665749106E-08,9.99999999999999889E-01,I3B_2,I3B_2,1,0,1,0,4.73895281551027825E+00,CONSISTENT_NUMERICALLY,1,0
run2,RATIO_POS,M1,2.99999999999999986E-07,6.06371526795311144E-01,6.06371527359567342E-01,1.00472630883549493E-09,1.65694836169263393E-09,6.16646423803695037E-10,2.46885492803155380E-09,1.00000000000000000E+00,I3B_2,I3B_2,1,0,1,0,8.15255283246627727E+01,CONSISTENT_NUMERICALLY,1,0
run2,RATIO_POS,M1,9.99999999999999955E-07,6.06371527616543782E-01,6.06371527359567342E-01,4.22103803133975006E-10,6.96114154292719826E-10,2.16915242002465301E-10,8.68459206536421806E-10,9.99999999999999889E-01,I3B_2,I3B_2,1,0,1,0,4.88884609153639076E+01,CONSISTENT_NUMERICALLY,1,0
run2,RATIO_POS,M1,3.00000000000000008E-06,6.06371527338902094E-01,6.06371527359567342E-01,2.33359282555634790E-10,3.84845382783379025E-10,1.35399181738104406E-10,5.42094990217871551E-10,9.99999999999999556E-01,I3B_2,I3B_2,1,0,1,0,1.55906632660221920E+01,CONSISTENT_NUMERICALLY,1,0
run2,RATIO_POS,M1,1.00000000000000008E-05,6.06371527342959959E-01,6.06371527359567342E-01,6.33022003622135697E-11,1.04395073821921904E-10,3.30919724572155080E-11,1.32489666891004913E-10,1.00000000000000000E+00,I3B_2,I3B_2,1,0,1,0,5.55915336281124652E+01,CONSISTENT_NUMERICALLY,1,0
run2,RATIO_POS,M1,3.00000000000000008E-05,6.06371527359199525E-01,6.06371527359567342E-01,2.10500326233509084E-11,3.47147444653492403E-11,1.18400404294804508E-11,4.74037325666808373E-11,9.99999999999999889E-01,I3B_2,I3B_2,1,0,1,0,3.74495657658734586E+01,CONSISTENT_NUMERICALLY,1,0
run2,RATIO_POS,M1,1.00000000000000005E-04,6.06371527394116261E-01,6.06371527359567342E-01,4.89572208122963982E-11,8.07379941183752867E-11,3.81744358346480794E-11,1.52838223634531205E-10,1.00000000000000000E+00,I3B_2,I3B_2,1,0,1,0,3.15649126811265614E+03,CONSISTENT_NUMERICALLY,1,0
run2,RATIO_POS,M1,2.99999999999999974E-04,6.06371527654936848E-01,6.06371527359567342E-01,4.29209291833105805E-10,7.07832199003500379E-10,3.35965366637935910E-10,1.34509780359557996E-09,1.00000000000000000E+00,I3B_2,I3B_2,1,0,1,0,8.33389402211954730E+04,CONSISTENT_NUMERICALLY,1,0
run2,RATIO_POS,M1,1.00000000000000002E-03,6.06371530642107470E-01,6.06371527359567342E-01,4.76907311819405565E-09,7.86493573196604799E-09,3.73289313349012275E-09,1.49453092592800294E-08,9.99999999999999889E-01,I3B_2,I3B_2,1,0,1,0,3.08658210721765924E+06,CONSISTENT_NUMERICALLY,1,0
run2,RATIO_POS,M1,3.00000000000000006E-03,6.06371556904245601E-01,6.06371527359567342E-01,4.29230041485454331E-08,7.07866384229555204E-08,3.35968416698140326E-08,1.34510988363639889E-07,9.99999999999998668E-01,I3B_2,I3B_2,1,0,1,0,8.33397104458424449E+07,CONSISTENT_NUMERICALLY,1,0
run2,RATIO_POS,M1,1.00000000000000002E-02,6.06371855633861978E-01,6.06371527359567342E-01,4.76922244564049985E-07,7.86517778048102595E-07,3.73298238154351480E-07,1.49456503547410293E-06,9.99999999999837241E-01,I3B_2,I3B_2,1,0,1,0,3.08665592540461588E+09,CONSISTENT_NUMERICALLY,1,0
run2,RATIO_POS,M2,9.99999999999999955E-08,1.55301453077213703E+00,1.55301454151858409E+00,1.17977648211358099E-08,7.59668664119500351E-09,5.62294738548629880E-09,1.03159065810937692E-08,1.00000000000000000E+00,I3B_2,I3B_2,1,0,1,0,2.95056345191397753E+01,CONSISTENT_NUMERICALLY,1,0
run2,RATIO_POS,M2,2.99999999999999986E-07,1.55301454225044799E+00,1.55301454151858409E+00,1.25177541541742691E-09,8.06029423010746411E-10,1.05522379723055296E-09,1.93592245259153000E-09,1.00000000000000000E+00,I3B_2,I3B_2,1,0,1,0,1.20728767447447414E+01,CONSISTENT_NUMERICALLY,1,0
run2,RATIO_POS,M2,9.99999999999999955E-07,1.55301454194527500E+00,1.55301454151858409E+00,7.27060362385362984E-10,4.68160691834000181E-10,5.18652953918063986E-10,9.51525072446632005E-10,1.00000000000000000E+00,I3B_2,I3B_2,1,0,1,0,5.62489260788435104E+01,CONSISTENT_NUMERICALLY,1,0
run2,RATIO_POS,M2,3.00000000000000008E-06,1.55301454160580299E+00,1.55301454151858409E+00,1.28404105682136795E-10,8.26805559395265995E-11,5.69995162180703119E-11,1.04571791998158794E-10,1.00000000000000000E+00,I3B_2,I3B_2,1,0,1,0,1.67424114316293355E+01,CONSISTENT_NUMERICALLY,1,0
run2,RATIO_POS,M2,1.00000000000000008E-05,1.55301454153560203E+00,1.55301454151858409E+00,5.43571353151372284E-11,3.50010472286946876E-11,3.93837185086454220E-11,7.22537013187413505E-11,1.00000000000000000E+00,I3B_2,I3B_2,1,0,1,0,3.89453744586137205E+01,CONSISTENT_NUMERICALLY,1,0
run2,RATIO_POS,M2,3.00000000000000008E-05,1.55301454150851903E+00,1.55301454151858409E+00,2.06660365402117903E-11,1.33070463847710797E-11,1.23401844298598494E-11,2.26394061768235384E-11,1.00000000000000000E+00,I3B_2,I3B_2,1,0,1,0,1.11326103074949021E+01,CONSISTENT_NUMERICALLY,1,0
run2,RATIO_POS,M2,1.00000000000000005E-04,1.55301454152094709E+00,1.55301454151858409E+00,3.68221319449604472E-11,2.37101012002750715E-11,2.65494848328273715E-11,4.87079082437344478E-11,9.99999999999999778E-01,I3B_2,I3B_2,1,0,1,0,1.54085522189218125E+02,CONSISTENT_NUMERICALLY,1,0
run2,RATIO_POS,M2,2.99999999999999974E-04,1.55301454156892604E+00,1.55301454151858409E+00,3.08813403881342303E-10,1.98847722037016391E-10,2.20469448253268803E-10,4.04475104646441907E-10,9.99999999999999778E-01,I3B_2,I3B_2,1,0,1,0,4.78621817847673174E+03,CONSISTENT_NUMERICALLY,1,0
run2,RATIO_POS,M2,1.00000000000000002E-03,1.55301454212621404E+00,1.55301454151858409E+00,3.42570546635724303E-09,2.20584249112513110E-09,2.44624356882106001E-09,4.48789903239616584E-09,1.00000000000000000E+00,I3B_2,I3B_2,1,0,1,0,1.77279493079426175E+05,CONSISTENT_NUMERICALLY,1,0
run2,RATIO_POS,M2,3.00000000000000006E-03,1.55301454698642605E+00,1.55301454151858409E+00,3.08307642712350681E-08,1.98522057189104596E-08,2.20156229635559697E-08,4.03900471134020595E-08,9.99999999999999778E-01,I3B_2,I3B_2,1,0,1,0,4.78679616539307963E+06,CONSISTENT_NUMERICALLY,1,0
run2,RATIO_POS,M2,1.00000000000000002E-02,1.55301460226961607E+00,1.55301454151858409E+00,3.42564269826134096E-07,2.20580198876109587E-07,2.44618109268568418E-07,4.48778441302624578E-07,9.99999999999976241E-01,I3B_2,I3B_2,1,0,1,0,1.77289740006550878E+08,CONSISTENT_NUMERICALLY,1,0
run2,RATIO_POS,M3,9.99999999999999955E-08,1.71641296019402301E+00,1.71641294904443509E+00,1.28527925694159194E-08,7.48817031069436864E-09,7.15702486164815437E-09,1.24312554349542499E-08,1.00000000000000000E+00,I3B_2,I3B_2,1,0,1,0,8.64595133963737439E+00,CONSISTENT_NUMERICALLY,1,0
run2,RATIO_POS,M3,2.99999999999999986E-07,1.71641294910543207E+00,1.71641294904443509E+00,1.67918830918799007E-09,9.78312538403510035E-10,8.38585090257026877E-10,1.45656410667549090E-09,1.00000000000000000E+00,I3B_2,I3B_2,1,0,1,0,4.89197796698485092E+01,CONSISTENT_NUMERICALLY,1,0
run2,RATIO_POS,M3,9.99999999999999955E-07,1.71641294895026508E+00,1.71641294904443509E+00,9.25087830875352518E-10,5.38965772421123663E-10,5.58877721879014189E-10,9.70731818356840722E-10,9.99999999999999667E-01,I3B_2,I3B_2,1,0,1,0,5.68117253680119205E+00,CONSISTENT_NUMERICALLY,1,0
run2,RATIO_POS,M3,3.00000000000000008E-06,1.71641294910108999E+00,1.71641294904443509E+00,2.11955013751283606E-10,1.23487191041227811E-10,9.47802947237619264E-11,1.64626794465240810E-10,1.00000000000000000E+00,I3B_2,I3B_2,1,0,1,0,1.25877437497519935E+01,CONSISTENT_NUMERICALLY,1,0
run2,RATIO_POS,M3,1.00000000000000008E-05,1.71641294898063301E+00,1.71641294904443509E+00,9.21980004955151639E-11,5.37155120781650172E-11,5.66130475831982884E-11,9.83329348890809662E-11,1.00000000000000000E+00,I3B_2,I3B_2,1,0,1,0,5.45900272210377580E+00,CONSISTENT_NUMERICALLY,1,0
run2,RATIO_POS,M3,3.00000000000000008E-05,1.71641294904414310E+00,1.71641294904443509E+00,1.37565869213141005E-11,8.01473032988518118E-12,7.70472574629366136E-12,1.33825739381917700E-11,1.00000000000000000E+00,I3B_2,I3B_2,1,0,1,0,8.86372457734124986E+00,CONSISTENT_NUMERICALLY,1,0
run2,RATIO_POS,M3,1.00000000000000005E-04,1.71641294905045005E+00,1.71641294904443509E+00,7.09119820969278861E-12,4.13140568160812538E-12,4.03910238588878201E-12,7.01564054360322905E-12,9.99999999999999889E-01,I3B_2,I3B_2,1,0,1,0,5.81425386499060703E+00,CONSISTENT_NUMERICALLY,1,0
run2,RATIO_POS,M3,2.99999999999999974E-04,1.71641294904284392E+00,1.71641294904443509E+00,2.74364901507723484E-12,1.59847839449398590E-12,1.71052061403997909E-12,2.97105560197067011E-12,9.99999999999999889E-01,I3B_2,I3B_2,1,0,1,0,4.42673513176496769E+00,CONSISTENT_NUMERICALLY,1,0
run2,RATIO_POS,M3,1.00000000000000002E-03,1.71641294904334107E+00,1.71641294904443509E+00,1.28430560032474603E-12,7.48249773482393822E-13,6.83009204749396304E-13,1.18633959001348496E-12,1.00000000000000000E+00,I3B_2,I3B_2,1,0,1,0,1.20619090068137879E+02,CONSISTENT_NUMERICALLY,1,0
run2,RATIO_POS,M3,3.00000000000000006E-03,1.71641294904406005E+00,1.71641294904443509E+00,2.50910104901852686E-12,1.46182831492584495E-12,1.54106934868334904E-12,2.67673051341987405E-12,9.99999999999999889E-01,I3B_2,I3B_2,1,0,1,0,3.24237308823939838E+03,CONSISTENT_NUMERICALLY,1,0
run2,RATIO_POS,M3,1.00000000000000002E-02,1.71641294904449304E+00,1.71641294904443509E+00,2.74428971743529805E-11,1.59885167433804996E-11,1.71266189774523100E-11,2.97477486317069185E-11,9.99999999999999889E-01,I3B_2,I3B_2,1,0,1,0,1.20089766960354274E+05,CONSISTENT_NUMERICALLY,1,0
run2,SE_CLIP_HIGH,M1,9.99999999999999955E-08,7.92362809759860842E-01,7.92362809608227026E-01,3.98602181940902422E-09,5.03055137155800737E-09,1.76157212308859509E-09,3.67840300777113206E-09,1.00000000000000000E+00,I3B_32,I3B_32,1,0,1,0,3.13084596089621003E+00,CONSISTENT_NUMERICALLY,1,0
run2,SE_CLIP_HIGH,M1,2.99999999999999986E-07,7.92362809459779771E-01,7.92362809608227026E-01,1.64125095938331310E-09,2.07133769970199298E-09,1.17438143741204803E-09,2.45226871843656695E-09,1.00000000000000000E+00,I3B_32,I3B_32,1,0,1,0,4.90684524427749480E+00,CONSISTENT_NUMERICALLY,1,0
run2,SE_CLIP_HIGH,M1,9.99999999999999955E-07,7.92362809701620430E-01,7.92362809608227026E-01,4.55219057068880491E-10,5.74508358412609125E-10,1.98176863847466893E-10,4.13820338528432909E-10,9.99999999999999778E-01,I3B_32,I3B_32,1,0,1,0,7.17227219339347855E+00,CONSISTENT_NUMERICALLY,1,0
run2,SE_CLIP_HIGH,M1,3.00000000000000008E-06,7.92362809597550455E-01,7.92362809608227026E-01,2.62035365291809610E-10,3.30701242050178210E-10,1.39457793077847093E-10,2.91206904897611880E-10,9.99999999999999778E-01,I3B_32,I3B_32,1,0,1,0,1.03999725303500945E+00,CONSISTENT_NUMERICALLY,1,0
run2,SE_CLIP_HIGH,M1,1.00000000000000008E-05,7.92362809605651974E-01,7.92362809608227026E-01,7.98573528066221039E-11,1.00783822559903405E-10,5.28471857123093889E-11,1.10352136256753299E-10,1.00000000000000000E+00,I3B_32,I3B_32,1,0,1,0,6.17976838092940817E+00,CONSISTENT_NUMERICALLY,1,0
run2,SE_CLIP_HIGH,M1,3.00000000000000008E-05,7.92362809606012242E-01,7.92362809608227026E-01,2.15776775503058694E-11,2.72320675436226690E-11,1.17438802128785805E-11,2.45228246684859488E-11,1.00000000000000000E+00,I3B_32,I3B_32,1,0,1,0,3.02874075007980981E+00,CONSISTENT_NUMERICALLY,1,0
run2,SE_CLIP_HIGH,M1,1.00000000000000005E-04,7.92362809608775587E-01,7.92362809608227026E-01,1.94633736121974702E-12,2.45637142179948996E-12,1.47784562365416110E-12,3.08594335594616197E-12,1.00000000000000000E+00,I3B_32,I3B_32,1,0,1,0,2.77167633195379670E+00,CONSISTENT_NUMERICALLY,1,0
run2,SE_CLIP_HIGH,M1,2.99999999999999974E-04,7.92362809608273766E-01,7.92362809608227026E-01,2.88415158948783991E-12,3.63993811233227707E-12,1.76157212308859497E-12,3.67840300925537585E-12,9.99999999999999778E-01,I3B_32,I3B_32,1,0,1,0,2.37824867233950243E+00,CONSISTENT_NUMERICALLY,1,0
run2,SE_CLIP_HIGH,M1,1.00000000000000002E-03,7.92362809608142871E-01,7.92362809608227026E-01,1.08037681120196002E-12,1.36348753134455796E-12,5.28537695881194365E-13,1.10365884288963695E-12,9.99999999999999778E-01,I3B_32,I3B_32,1,0,1,0,6.16880567787761258E+00,CONSISTENT_NUMERICALLY,1,0
run2,SE_CLIP_HIGH,M1,3.00000000000000006E-03,7.92362809608224472E-01,7.92362809608227026E-01,2.20524933066747596E-13,2.78313078797556314E-13,1.17438141539239695E-13,2.45226867283730898E-13,1.00000000000000000E+00,I3B_32,I3B_32,1,0,1,1,9.80686050262422837E-01,CONSISTENT_NUMERICALLY,1,0
run2,SE_CLIP_HIGH,M1,1.00000000000000002E-02,7.92362809608221808E-01,7.92362809608227026E-01,5.58581801189588306E-14,7.04957116129379546E-14,3.52314424617719023E-14,7.35680601851192921E-14,9.99999999999999778E-01,I3B_32,I3B_32,1,0,1,0,5.50769135298895929E+00,CONSISTENT_NUMERICALLY,1,0
run2,SE_CLIP_HIGH,M2,9.99999999999999955E-08,1.79823163054759294E+00,1.79823163712836309E+00,8.50481316359533695E-09,4.72954261731089815E-09,4.29881874541848674E-09,7.88720832893444859E-09,1.00000000000000000E+00,I3B_32,I3B_32,1,0,1,0,4.67947342272838807E+00,CONSISTENT_NUMERICALLY,1,0
run2,SE_CLIP_HIGH,M2,2.99999999999999986E-07,1.79823163738700309E+00,1.79823163712836309E+00,1.06628309885991301E-09,5.92962039311754894E-10,7.64578067524723792E-10,1.40280082761552298E-09,1.00000000000000000E+00,I3B_32,I3B_32,1,0,1,0,1.38028480821428334E+00,CONSISTENT_NUMERICALLY,1,0
run2,SE_CLIP_HIGH,M2,9.99999999999999955E-07,1.79823163743159098E+00,1.79823163712836309E+00,5.65227692534638219E-10,3.14324184253565384E-10,4.12263556626157879E-10,7.56395825840274268E-10,9.99999999999999889E-01,I3B_32,I3B_32,1,0,1,0,6.43517865209654172E+00,CONSISTENT_NUMERICALLY,1,0
run2,SE_CLIP_HIGH,M2,3.00000000000000008E-06,1.79823163709488809E+00,1.79823163712836309E+00,9.79205969676762100E-11,5.44538283866742915E-11,6.55882015365705229E-11,1.20337199606107896E-10,9.99999999999999778E-01,I3B_32,I3B_32,1,0,1,0,2.74280187676637821E+00,CONSISTENT_NUMERICALLY,1,0
run2,SE_CLIP_HIGH,M2,1.00000000000000008E-05,1.79823163714095302E+00,1.79823163712836309E+00,4.84208370399465723E-11,2.69269186682378116E-11,2.47176723533471009E-11,4.53504655101182196E-11,9.99999999999999889E-01,I3B_32,I3B_32,1,0,1,0,5.33841899716184631E+00,CONSISTENT_NUMERICALLY,1,0
run2,SE_CLIP_HIGH,M2,3.00000000000000008E-05,1.79823163712941003E+00,1.79823163712836309E+00,1.52662829612271390E-11,8.48960870558218623E-12,7.10198566622466387E-12,1.30302866473700001E-11,1.00000000000000000E+00,I3B_32,I3B_32,1,0,1,0,1.50906780704017640E+00,CONSISTENT_NUMERICALLY,1,0
run2,SE_CLIP_HIGH,M2,1.00000000000000005E-04,1.79823163712864798E+00,1.79823163712836309E+00,3.60529356555739598E-12,2.00491054162199012E-12,1.93878246790291087E-12,3.55715886954562306E-12,9.99999999999999889E-01,I3B_32,I3B_32,1,0,1,0,1.31990436445622485E+01,CONSISTENT_NUMERICALLY,1,0
run2,SE_CLIP_HIGH,M2,2.99999999999999974E-04,1.79823163712471201E+00,1.79823163712836309E+00,4.96444239148853240E-12,2.76073576339495589E-12,2.34429142764724889E-12,4.30116177689390679E-12,1.00000000000000000E+00,I3B_32,I3B_32,1,0,1,0,2.89476915751339359E+00,CONSISTENT_NUMERICALLY,1,0
run2,SE_CLIP_HIGH,M2,1.00000000000000002E-03,1.79823163712873302E+00,1.79823163712836309E+00,7.19207801197381968E-13,3.99952812723144678E-13,5.29520871594968412E-13,9.71532338560779101E-13,1.00000000000000000E+00,I3B_32,I3B_32,1,0,1,0,7.69491842266515036E+00,CONSISTENT_NUMERICALLY,1,0
run2,SE_CLIP_HIGH,M2,3.00000000000000006E-03,1.79823163712855605E+00,1.79823163712836309E+00,3.13626230529215588E-13,1.74408137446641091E-13,1.77025061276481210E-13,3.24794698361672376E-13,1.00000000000000000E+00,I3B_32,I3B_32,1,0,1,0,1.60692477860777205E+00,CONSISTENT_NUMERICALLY,1,0
run2,SE_CLIP_HIGH,M2,1.00000000000000002E-02,1.79823163712833600E+00,1.79823163712836309E+00,4.71269097926590415E-14,2.62073632893686014E-14,1.90403248723214315E-14,3.49340174155147216E-14,1.00000000000000000E+00,I3B_32,I3B_32,1,0,1,0,7.64737000810697243E+00,CONSISTENT_NUMERICALLY,1,0
run2,SE_CLIP_HIGH,M3,9.99999999999999955E-08,1.64514143747845898E+00,1.64514142593546797E+00,1.31309798143370108E-08,7.98167228372967304E-09,7.15702497267045601E-09,1.24312555968368508E-08,1.00000000000000000E+00,I3B_32,I3B_32,1,0,1,0,3.81515937520481074E+00,CONSISTENT_NUMERICALLY,1,0
run2,SE_CLIP_HIGH,M3,2.99999999999999986E-07,1.64514142574967992E+00,1.64514142593546797E+00,1.43776242562066107E-09,8.73944575800292583E-10,7.41476213761416147E-10,1.28789272403846502E-09,1.00000000000000000E+00,I3B_32,I3B_32,1,0,1,0,7.13506278534418659E+00,CONSISTENT_NUMERICALLY,1,0
run2,SE_CLIP_HIGH,M3,9.99999999999999955E-07,1.64514142581590894E+00,1.64514142593546797E+00,6.99061381545477796E-10,4.24924794017617325E-10,3.82720632963184926E-10,6.64759178062798897E-10,1.00000000000000000E+00,I3B_32,I3B_32,1,0,1,0,2.12636916486598793E+00,CONSISTENT_NUMERICALLY,1,0
run2,SE_CLIP_HIGH,M3,3.00000000000000008E-06,1.64514142603632108E+00,1.64514142593546797E+00,2.32658700094753307E-10,1.41421701753206401E-10,1.39611211480428210E-10,2.42494985111002710E-10,1.00000000000000000E+00,I3B_32,I3B_32,1,0,1,0,5.17674448174434065E+00,CONSISTENT_NUMERICALLY,1,0
run2,SE_CLIP_HIGH,M3,1.00000000000000008E-05,1.64514142586456202E+00,1.64514142593546797E+00,7.66944054393530134E-11,4.66187309068232228E-11,3.89972498737733986E-11,6.77355165786927000E-11,1.00000000000000000E+00,I3B_32,I3B_32,1,0,1,0,3.02874075007980981E+00,CONSISTENT_NUMERICALLY,1,0
run2,SE_CLIP_HIGH,M3,3.00000000000000008E-05,1.64514142592969992E+00,1.64514142593546797E+00,2.31718363643062610E-11,1.40850117801453996E-11,1.89303017705810784E-11,3.28806203917265879E-11,1.00000000000000000E+00,I3B_32,I3B_32,1,0,1,0,3.92726130043271748E+00,CONSISTENT_NUMERICALLY,1,0
run2,SE_CLIP_HIGH,M3,1.00000000000000005E-04,1.64514142593868207E+00,1.64514142593546797E+00,6.43230471764157966E-12,3.90987948891472725E-12,4.82525130962585536E-12,8.38112664706977926E-12,1.00000000000000000E+00,I3B_32,I3B_32,1,0,1,0,2.25914404669543556E+00,CONSISTENT_NUMERICALLY,1,0
run2,SE_CLIP_HIGH,M3,2.99999999999999974E-04,1.64514142593401802E+00,1.64514142593546797E+00,2.17108037892735690E-12,1.31969224329320292E-12,1.12332365631573298E-12,1.95113523112263597E-12,9.99999999999999889E-01,I3B_32,I3B_32,1,0,1,0,1.92511643442423441E+00,CONSISTENT_NUMERICALLY,1,0
run2,SE_CLIP_HIGH,M3,1.00000000000000002E-03,1.64514142593442991E+00,1.64514142593546797E+00,1.26996535927914109E-12,7.71949049035105240E-13,6.83009204749396304E-13,1.18633958705934592E-12,1.00000000000000000E+00,I3B_32,I3B_32,1,0,1,0,2.09126178943285002E+00,CONSISTENT_NUMERICALLY,1,0
run2,SE_CLIP_HIGH,M3,3.00000000000000006E-03,1.64514142593510604E+00,1.64514142593546797E+00,4.02217171258979615E-13,2.44487899288214113E-13,2.23709939461968992E-13,3.88568639129483304E-13,1.00000000000000000E+00,I3B_32,I3B_32,1,0,1,0,1.96731565234461780E+00,CONSISTENT_NUMERICALLY,1,0
run2,SE_CLIP_HIGH,M3,1.00000000000000002E-02,1.64514142593552193E+00,1.64514142593546797E+00,8.65139096400880481E-14,5.25875212162329884E-14,4.64073224293315371E-14,8.06062983405082069E-14,1.00000000000000000E+00,I3B_32,I3B_32,1,0,1,1,7.43946656762857539E-01,CONSISTENT_NUMERICALLY,1,0
run2,SE_CLIP_LOW,M1,9.99999999999999955E-08,5.05718017966654276E-01,5.05718017672564524E-01,3.96336748665373133E-09,7.83710950736792879E-09,1.76157214510824702E-09,7.14573427584572188E-09,1.00000000000000000E+00,I3B_16,I3B_16,1,0,1,0,2.76549607379189011E+00,CONSISTENT_NUMERICALLY,1,0
run2,SE_CLIP_LOW,M1,2.99999999999999986E-07,5.05718017208916182E-01,5.05718017672564524E-01,1.66705314211042609E-09,3.29640844078010811E-09,1.17438148145135105E-09,4.76382306025416963E-09,9.99999999999999778E-01,I3B_16,I3B_16,1,0,1,0,9.95693631476658858E+00,CONSISTENT_NUMERICALLY,1,0
run2,SE_CLIP_LOW,M1,9.99999999999999955E-07,5.05718017887605065E-01,5.05718017672564524E-01,4.85006425674382322E-10,9.59045176401395564E-10,2.64235818463289295E-10,1.07186012799962501E-09,1.00000000000000000E+00,I3B_16,I3B_16,1,0,1,0,1.21088496142444004E+01,CONSISTENT_NUMERICALLY,1,0
run2,SE_CLIP_LOW,M1,3.00000000000000008E-06,5.05718017656656249E-01,5.05718017672564524E-01,1.55758507763381010E-10,3.07994776377988199E-10,8.80786061544297520E-11,3.57286709421685298E-10,1.00000000000000000E+00,I3B_16,I3B_16,1,0,1,0,1.74669788894472133E+00,CONSISTENT_NUMERICALLY,1,0
run2,SE_CLIP_LOW,M1,1.00000000000000008E-05,5.05718017657924013E-01,5.05718017672564524E-01,5.72720081733909202E-11,1.13248897947062296E-10,2.97265295771200521E-11,1.20584264429818806E-10,1.00000000000000000E+00,I3B_16,I3B_16,1,0,1,0,6.92513255164496133E+00,CONSISTENT_NUMERICALLY,1,0
run2,SE_CLIP_LOW,M1,3.00000000000000008E-05,5.05718017669638420E-01,5.05718017672564524E-01,1.64422447788243706E-11,3.25126734746282589E-11,1.17438141539239697E-11,4.76382279228913876E-11,1.00000000000000000E+00,I3B_16,I3B_16,1,0,1,0,5.34252757481221785E+00,CONSISTENT_NUMERICALLY,1,0
run2,SE_CLIP_LOW,M1,1.00000000000000005E-04,5.05718017674027909E-01,5.05718017672564524E-01,5.24743049263365561E-12,1.03761984134328493E-11,2.64235818463289287E-12,1.07186012826128606E-11,1.00000000000000000E+00,I3B_16,I3B_16,1,0,1,0,8.47418386651400724E+00,CONSISTENT_NUMERICALLY,1,0
run2,SE_CLIP_LOW,M1,2.99999999999999974E-04,5.05718017672509013E-01,5.05718017672564524E-01,2.66943117547112797E-12,5.27849726959796637E-12,1.46797676924049601E-12,5.95477849036142265E-12,1.00000000000000000E+00,I3B_16,I3B_16,1,0,1,0,1.58112243078125969E+00,CONSISTENT_NUMERICALLY,1,0
run2,SE_CLIP_LOW,M1,1.00000000000000002E-03,5.05718017672389220E-01,5.05718017672564524E-01,1.09961307468998797E-12,2.17436009053161784E-12,5.28537695881194365E-13,2.14398822156217903E-12,1.00000000000000000E+00,I3B_16,I3B_16,1,0,1,0,8.98029150621811567E+00,CONSISTENT_NUMERICALLY,1,0
run2,SE_CLIP_LOW,M1,3.00000000000000006E-03,5.05718017672563303E-01,5.05718017672564524E-01,2.93598232653389881E-13,5.80557192730841085E-13,1.57807502693353295E-13,6.40138687713853034E-13,9.99999999999999778E-01,I3B_16,I3B_16,1,0,1,0,1.38505194706994250E+00,CONSISTENT_NUMERICALLY,1,0
run2,SE_CLIP_LOW,M1,1.00000000000000002E-02,5.05718017672549869E-01,5.05718017672564524E-01,4.28954498863736026E-14,8.48208851323683073E-14,1.98176863847466907E-14,8.03895096198792051E-14,1.00000000000000000E+00,I3B_16,I3B_16,1,0,1,0,6.94338455328250337E+00,CONSISTENT_NUMERICALLY,1,0
run2,SE_CLIP_LOW,M2,9.99999999999999955E-08,1.71528548335280195E+00,1.71528549194408408E+00,9.21810041126773433E-09,5.37409105047583060E-09,3.85842569006200620E-09,7.07920222774341440E-09,1.00000000000000000E+00,I3B_16,I3B_16,1,0,1,0,3.39399722742630638E+00,CONSISTENT_NUMERICALLY,1,0
run2,SE_CLIP_LOW,M2,2.99999999999999986E-07,1.71528549294904309E+00,1.71528549194408408E+00,1.47552394578884305E-09,8.60220617415714187E-10,1.05007419426428307E-09,1.92661156908085013E-09,1.00000000000000000E+00,I3B_16,I3B_16,1,0,1,0,5.62901828364134893E+00,CONSISTENT_NUMERICALLY,1,0
run2,SE_CLIP_LOW,M2,9.99999999999999955E-07,1.71528549225820903E+00,1.71528549194408408E+00,6.51460406410683419E-10,3.79797071304452295E-10,4.12263556626157879E-10,7.56395825840274268E-10,9.99999999999999667E-01,I3B_16,I3B_16,1,0,1,0,6.68497402073797620E+00,CONSISTENT_NUMERICALLY,1,0
run2,SE_CLIP_LOW,M2,3.00000000000000008E-06,1.71528549214986703E+00,1.71528549194408408E+00,3.14467288780237375E-10,1.83332331684387613E-10,1.69288083551322188E-10,3.10599367258190517E-10,9.99999999999999667E-01,I3B_16,I3B_16,1,0,1,0,5.41046883640986032E+00,CONSISTENT_NUMERICALLY,1,0
run2,SE_CLIP_LOW,M2,1.00000000000000008E-05,1.71528549199939606E+00,1.71528549194408408E+00,8.81768619352271543E-11,5.14065223232577782E-11,5.99490457275919653E-11,1.09990823229347098E-10,9.99999999999999889E-01,I3B_16,I3B_16,1,0,1,0,7.32698210874815192E+00,CONSISTENT_NUMERICALLY,1,0
run2,SE_CLIP_LOW,M2,3.00000000000000008E-05,1.71528549192203905E+00,1.71528549194408408E+00,2.75343259825715795E-11,1.60523283802537791E-11,1.52625134752781800E-11,2.80027213361771003E-11,1.00000000000000000E+00,I3B_16,I3B_16,1,0,1,0,1.60058160140044992E+00,CONSISTENT_NUMERICALLY,1,0
run2,SE_CLIP_LOW,M2,1.00000000000000005E-04,1.71528549194149105E+00,1.71528549194408408E+00,7.70071355139051630E-12,4.48946463288896527E-12,6.99051927455229816E-12,1.28257749654091597E-11,1.00000000000000000E+00,I3B_16,I3B_16,1,0,1,0,4.74162200663729916E+00,CONSISTENT_NUMERICALLY,1,0
run2,SE_CLIP_LOW,M2,2.99999999999999974E-04,1.71528549194025204E+00,1.71528549194408408E+00,4.36372377741924406E-12,2.54402185403751800E-12,1.75709446992300400E-12,3.22380890161309988E-12,1.00000000000000000E+00,I3B_16,I3B_16,1,0,1,0,7.32342650795533245E+00,CONSISTENT_NUMERICALLY,1,0
run2,SE_CLIP_LOW,M2,1.00000000000000002E-03,1.71528549194455393E+00,1.71528549194408408E+00,6.36449928140470295E-13,3.71046062669690588E-13,3.53328477586956119E-13,6.48265366908832752E-13,9.99999999999999667E-01,I3B_16,I3B_16,1,0,1,0,2.61835573315571679E+00,CONSISTENT_NUMERICALLY,1,0
run2,SE_CLIP_LOW,M2,3.00000000000000006E-03,1.71528549194425906E+00,1.71528549194408408E+00,2.59010152666084812E-13,1.51001191278367992E-13,1.54987134237671904E-13,2.84360864793316804E-13,9.99999999999999889E-01,I3B_16,I3B_16,1,0,1,0,4.80672782178952751E+00,CONSISTENT_NUMERICALLY,1,0
run2,SE_CLIP_LOW,M2,1.00000000000000002E-02,1.71528549194404700E+00,1.71528549194408408E+00,6.75131393601500702E-14,3.93597099009048810E-14,3.66373598126301721E-14,6.72199752018650638E-14,9.99999999999999667E-01,I3B_16,I3B_16,1,0,1,0,5.89238396172118772E+00,CONSISTENT_NUMERICALLY,1,0
run2,SE_CLIP_LOW,M3,9.99999999999999955E-08,1.90417410737692494E+00,1.90417408989045800E+00,1.97860088405608101E-08,1.03908611948393796E-08,9.79938308276473435E-09,1.70208481716366206E-08,1.00000000000000000E+00,I3B_16,I3B_16,1,0,1,0,2.70068188038426538E+00,CONSISTENT_NUMERICALLY,1,0
run2,SE_CLIP_LOW,M3,2.99999999999999986E-07,1.90417408956466705E+00,1.90417408989045800E+00,2.38558725637397399E-09,1.25281993334507096E-09,1.02941655200083894E-09,1.78802510818403499E-09,1.00000000000000000E+00,I3B_16,I3B_16,1,0,1,0,5.64044398450891826E+00,CONSISTENT_NUMERICALLY,1,0
run2,SE_CLIP_LOW,M3,9.99999999999999955E-07,1.90417408985086301E+00,1.90417408989045800E+00,7.69128053773903917E-10,4.03916878113885923E-10,4.17735179780720500E-10,7.25577015822032892E-10,1.00000000000000000E+00,I3B_16,I3B_16,1,0,1,0,1.82286085957003618E+00,CONSISTENT_NUMERICALLY,1,0
run2,SE_CLIP_LOW,M3,3.00000000000000008E-06,1.90417409016852002E+00,1.90417408989045800E+00,4.36010036026051714E-10,2.28975931495562203E-10,2.03683958588385394E-10,3.53784900055302714E-10,1.00000000000000000E+00,I3B_16,I3B_16,1,0,1,0,3.37566404833170486E+00,CONSISTENT_NUMERICALLY,1,0
run2,SE_CLIP_LOW,M3,1.00000000000000008E-05,1.90417408981483605E+00,1.90417408989045800E+00,8.43171658912438618E-11,4.42801770798668924E-11,3.92140764304826916E-11,6.81121292596951296E-11,9.99999999999999889E-01,I3B_16,I3B_16,1,0,1,0,2.08635157960851725E+00,CONSISTENT_NUMERICALLY,1,0
run2,SE_CLIP_LOW,M3,3.00000000000000008E-05,1.90417408988691195E+00,1.90417408989045800E+00,1.49571280084325915E-11,7.85491625363573513E-12,7.70472574629366136E-12,1.33825739048674403E-11,9.99999999999999778E-01,I3B_16,I3B_16,1,0,1,0,2.75792937574265462E+00,CONSISTENT_NUMERICALLY,1,0
run2,SE_CLIP_LOW,M3,1.00000000000000005E-04,1.90417408989229697E+00,1.90417408989045800E+00,7.06223519928027417E-12,3.70881803127555800E-12,3.28059801546487506E-12,5.69817107575042281E-12,1.00000000000000000E+00,I3B_16,I3B_16,1,0,1,0,1.98383477102885930E+00,CONSISTENT_NUMERICALLY,1,0
run2,SE_CLIP_LOW,M3,2.99999999999999974E-04,1.90417408988795200E+00,1.90417408989045800E+00,3.77301948913363377E-12,1.98144671181335398E-12,2.20312657006616104E-12,3.82667795279675787E-12,1.00000000000000000E+00,I3B_16,I3B_16,1,0,1,0,1.50808600914540825E+00,CONSISTENT_NUMERICALLY,1,0
run2,SE_CLIP_LOW,M3,1.00000000000000002E-03,1.90417408988912396E+00,1.90417408989045800E+00,1.62017219627997593E-12,8.50852978664980977E-13,7.71049890602171217E-13,1.33926014826514192E-12,1.00000000000000000E+00,I3B_16,I3B_16,1,0,1,0,2.36214885232411387E+00,CONSISTENT_NUMERICALLY,1,0
run2,SE_CLIP_LOW,M3,3.00000000000000006E-03,1.90417408988999903E+00,1.90417408989045800E+00,5.34249354251701885E-13,2.80567494898765102E-13,2.45692355349547092E-13,4.26750569922355599E-13,1.00000000000000000E+00,I3B_16,I3B_16,1,0,1,0,1.93788437299127958E+00,CONSISTENT_NUMERICALLY,1,0
run2,SE_CLIP_LOW,M3,1.00000000000000002E-02,1.90417408989050796E+00,1.90417408989045800E+00,7.44947927769795258E-14,3.91218393173615112E-14,4.57411886145564495E-14,7.94492701346626686E-14,1.00000000000000000E+00,I3B_16,I3B_16,1,0,1,1,1.04100918718372526E+00,CONSISTENT_NUMERICALLY,1,0
