state_id,direction_id,h,norm_fd,norm_ksp_d,absolute_error_l2,relative_error_l2,absolute_error_inf,cosine_similarity,observed_slope,residual_scale,scaled_norm_fd,scaled_norm_kd,scaled_absolute_error_l2,scaled_absolute_error_inf,branch_crossed,finite,classification,diagnostic_explanation
BETA_MIN_NEG,D1,9.99999999999999955E-08,6.20875925955627363E-10,5.14789238764451703E-16,6.20876330760996360E-10,1.00000065199076404E+00,4.33681146549957878E-10,-7.86351495083152163E-01,-3.814381433136325e-07,3.26433757646462919E+00,1.90199668818582705E-10,1.57700981196308475E-16,1.90199792827009990E-10,1.32854257989961622E-10,0,1,INCONCLUSIVE,NONE
BETA_MIN_NEG,D1,2.99999999999999986E-07,1.34203033667494904E-09,5.14789238764451703E-16,1.34203064928473999E-09,1.00000023293794693E+00,7.17019258781685260E-10,-6.07257699330981282E-01,-8.383888482359413e-07,3.26433757646462919E+00,4.11118735498062738E-10,1.57700981196308475E-16,4.11118831263216808E-10,2.19652300653977570E-10,0,1,INCONCLUSIVE,NONE
BETA_MIN_NEG,D1,9.99999999999999955E-07,4.02609101002484577E-10,5.14789238764451703E-16,4.02608788392963593E-10,9.99999223540848470E-01,2.15105877554577799E-10,6.07257699330981171E-01,-7.899153548576423e-06,3.26433757646462919E+00,1.23335620649418790E-10,1.57700981196308475E-16,1.23335524884347412E-10,6.58957208057947216E-11,0,1,INCONCLUSIVE,NONE
BETA_MIN_NEG,D1,3.00000000000000008E-06,4.40678948962899972E-11,5.14789238764451703E-16,4.40674782554118608E-11,9.99990545478082749E-01,3.00682626945084979E-11,8.09344648274097356E-01,2.5550725451498662e-05,3.26433757646462919E+00,1.34997970841045139E-11,1.57700981196308475E-16,1.34996694499771056E-11,9.21113763211747367E-12,0,1,NULLSPACE_CONSISTENT,NONE
BETA_MIN_NEG,D1,1.00000000000000008E-05,2.01115733093336209E-11,5.14789238764451703E-16,2.01120018475215595E-11,1.00002130803897593E+00,1.38781208747218395E-11,-8.32449734534903230E-01,6.666184920044025e-05,3.26433757646462919E+00,6.16099678364608017E-12,1.57700981196308475E-16,6.16112806240567568E-12,4.25143556683014366E-12,0,1,NULLSPACE_CONSISTENT,NONE
BETA_MIN_NEG,D1,3.00000000000000008E-05,4.40678948962900069E-12,5.14789238764451703E-16,4.40720614191574775E-12,1.00009454780804208E+00,3.00718709193385304E-12,-8.09344648274097245E-01,-0.0002555168720117736,3.26433757646462919E+00,1.34997970841045167E-12,1.57700981196308475E-16,1.35010734603278309E-12,9.21224297883652793E-13,0,1,NULLSPACE_CONSISTENT,NONE
BETA_MIN_NEG,D1,1.00000000000000005E-04,2.01115733093336184E-12,5.14789238764451703E-16,2.01072881500085414E-12,9.99786930676224483E-01,1.38744571387405793E-12,8.32449734534903341E-01,0.00019396472119120742,3.26433757646462919E+00,6.16099678364607916E-13,1.57700981196308475E-16,6.15968406422760628E-13,4.25031321477695078E-13,0,1,NULLSPACE_CONSISTENT,NONE
BETA_MIN_NEG,D1,2.99999999999999974E-04,0.00000000000000000E+00,5.14789238764451703E-16,5.14789238764451703E-16,1.00000000000000000E+00,3.33066907387547011E-16,0.00000000000000000E+00,0.0026156391204354727,3.26433757646462919E+00,0.00000000000000000E+00,1.57700981196308475E-16,1.57700981196308475E-16,1.02032004835807452E-16,0,1,NULLSPACE_CONSISTENT,NONE
BETA_MIN_NEG,D1,1.00000000000000002E-03,1.32203684688869996E-13,5.14789238764451703E-16,1.32620671262414700E-13,1.00315412217538391E+00,9.05386876581815159E-14,-8.09344648274097356E-01,-0.020735149857385383,3.26433757646462919E+00,4.04993912523135446E-14,1.57700981196308475E-16,4.06271312803520388E-14,2.77356999812003195E-14,0,1,NULLSPACE_CONSISTENT,NONE
BETA_MIN_NEG,D1,3.00000000000000006E-03,2.06958641985209105E-14,5.14789238764451703E-16,2.02935510043904898E-14,9.80560696075732263E-01,1.41784732103170996E-14,7.86351495083152163E-01,0.016304963038391632,3.26433757646462919E+00,6.33998896061942314E-15,1.57700981196308475E-16,6.21674398833743954E-15,4.34344576141319065E-15,0,1,NULLSPACE_CONSISTENT,NONE
BETA_MIN_NEG,D1,1.00000000000000002E-02,0.00000000000000000E+00,5.14789238764451703E-16,5.14789238764451703E-16,1.00000000000000000E+00,3.33066907387547011E-16,0.00000000000000000E+00,,3.26433757646462919E+00,0.00000000000000000E+00,1.57700981196308475E-16,1.57700981196308475E-16,1.02032004835807452E-16,0,1,NULLSPACE_CONSISTENT,NONE
BETA_MIN_NEG,D2,9.99999999999999955E-08,3.26433758011425379E+00,3.26433757646462919E+00,3.86743249126958977E-09,1.18475261714023702E-09,2.65314348268930189E-09,9.99999999999999778E-01,-1.2163063206341902,3.26433757646462919E+00,1.00000000111802922E+00,1.00000000000000000E+00,1.18475261846482491E-09,8.12766272035728614E-10,0,1,CONSISTENT_NUMERICALLY,NONE
BETA_MIN_NEG,D2,2.99999999999999986E-07,3.26433757569649208E+00,3.26433757646462919E+00,1.01647603332945499E-09,3.11388148290204622E-10,8.56780202340701180E-10,1.00000000000000000E+00,-1.2314753752052738,3.26433757646462919E+00,9.99999999764688230E-01,1.00000000000000000E+00,3.11388148290204570E-10,2.62466789132948243E-10,0,1,CONSISTENT_NUMERICALLY,NONE
BETA_MIN_NEG,D2,9.99999999999999955E-07,3.26433757635857802E+00,3.26433757646462919E+00,2.30772919418251889E-10,7.06951759775364946E-11,1.95272686909220309E-10,9.99999999999999667E-01,-0.518851189506681,3.26433757646462919E+00,9.99999999967512210E-01,1.00000000000000000E+00,7.06951759775364687E-11,5.98200040085027663E-11,0,1,CONSISTENT_NUMERICALLY,NONE
BETA_MIN_NEG,D2,3.00000000000000008E-06,3.26433757656414203E+00,3.26433757646462919E+00,1.30505830177582010E-10,3.99792690298118722E-11,1.06568531776929402E-10,1.00000000000000000E+00,-1.9236993280331023,3.26433757646462919E+00,1.00000000003048495E+00,1.00000000000000000E+00,3.99792690310306517E-11,3.26462963099380672E-11,0,1,CONSISTENT_NUMERICALLY,NONE
BETA_MIN_NEG,D2,1.00000000000000008E-05,3.26433757646595701E+00,3.26433757646462919E+00,1.28756280606932205E-11,3.94433105004803364E-12,9.42379507762325375E-12,9.99999999999999778E-01,0.25903559151422884,3.26433757646462919E+00,1.00000000000040679E+00,1.00000000000000000E+00,3.94433105004963792E-12,2.88689354482433541E-12,0,1,CONSISTENT_NUMERICALLY,NONE
BETA_MIN_NEG,D2,3.00000000000000008E-05,3.26433757644970912E+00,3.26433757646462919E+00,1.71143263468416412E-11,5.24281755362352836E-12,1.30109256701871297E-11,1.00000000000000000E+00,-1.168927004890817,3.26433757646462919E+00,9.99999999995429323E-01,1.00000000000000000E+00,5.24281755362352755E-12,3.98577823690598032E-12,0,1,CONSISTENT_NUMERICALLY,NONE
BETA_MIN_NEG,D2,1.00000000000000005E-04,3.26433757646864597E+00,3.26433757646462919E+00,4.18940863475449671E-12,1.28338706908082395E-12,2.83284506963354902E-12,1.00000000000000000E+00,-1.8087337581793288,3.26433757646462919E+00,1.00000000000123057E+00,1.00000000000000000E+00,1.28338706908240359E-12,8.67816211796820715E-13,0,1,CONSISTENT_NUMERICALLY,NONE
BETA_MIN_NEG,D2,2.99999999999999974E-04,3.26433757646520295E+00,3.26433757646462919E+00,5.74337804041660005E-13,1.75943140250703904E-13,2.88880031007465681E-13,1.00000000000000000E+00,-0.6434427104588136,3.26433757646462919E+00,1.00000000000017586E+00,1.00000000000000000E+00,1.75943140250734802E-13,8.84957588609236346E-14,0,1,CONSISTENT_NUMERICALLY,NONE
BETA_MIN_NEG,D2,1.00000000000000002E-03,3.26433757646463896E+00,3.26433757646462919E+00,2.64682291694416899E-13,8.10830024451927644E-14,1.82298620643450704E-13,9.99999999999999778E-01,-0.7493114723448638,3.26433757646462919E+00,1.00000000000000289E+00,1.00000000000000000E+00,8.10830024451929916E-14,5.58455173134652680E-14,0,1,CONSISTENT_NUMERICALLY,NONE
BETA_MIN_NEG,D2,3.00000000000000006E-03,3.26433757646452083E+00,3.26433757646462919E+00,1.16201693219397204E-13,3.55973273282743583E-14,8.37108160567368031E-14,1.00000000000000000E+00,-3.7351542590060993,3.26433757646462919E+00,9.99999999999966804E-01,1.00000000000000000E+00,3.55973273282743520E-14,2.56440438820662691E-14,0,1,CONSISTENT_NUMERICALLY,NONE
BETA_MIN_NEG,D2,1.00000000000000002E-02,3.26433757646462919E+00,3.26433757646462919E+00,1.29473140982778809E-15,3.96629141288144092E-16,1.11022302462515693E-15,9.99999999999999667E-01,,3.26433757646462919E+00,1.00000000000000000E+00,1.00000000000000000E+00,3.96629141288144338E-16,3.40106682786024915E-16,0,1,CONSISTENT_NUMERICALLY,NONE
BETA_MIN_NEG,D3,9.99999999999999955E-08,1.68608601636338395E+00,1.68608601576362704E+00,5.86845565656602619E-09,3.48051973601165394E-09,4.21442203357713734E-09,9.99999999999999889E-01,-1.0660621982916925,3.26433757646462919E+00,5.16517050356496310E-01,5.16517050172766279E-01,1.79774778775231060E-09,1.29104969533864111E-09,0,1,CONSISTENT_NUMERICALLY,NONE
BETA_MIN_NEG,D3,2.99999999999999986E-07,1.68608601424735505E+00,1.68608601576362704E+00,1.81921024658786492E-09,1.07895459044178502E-09,1.50437040602469096E-09,1.00000000000000000E+00,-1.1957897196434637,3.26433757646462919E+00,5.16517049708270171E-01,5.16517050172766279E-01,5.57298442325355774E-10,4.60850132924661278E-10,0,1,CONSISTENT_NUMERICALLY,NONE
BETA_MIN_NEG,D3,9.99999999999999955E-07,1.68608601574658890E+00,1.68608601576362704E+00,4.31151464148199976E-10,2.55711428786705126E-10,3.64783758755038382E-10,1.00000000000000000E+00,-1.3883776638778536,3.26433757646462919E+00,5.16517050167546787E-01,5.16517050172766279E-01,1.32079312892372282E-10,1.11748172549638569E-10,0,1,CONSISTENT_NUMERICALLY,NONE
BETA_MIN_NEG,D3,3.00000000000000008E-06,1.68608601574911399E+00,1.68608601576362704E+00,9.38005472725914781E-11,5.56321245746820868E-11,6.64113208870276139E-11,1.00000000000000000E+00,-0.015146532069693765,3.26433757646462919E+00,5.16517050168320280E-01,5.16517050172766279E-01,2.87349408801586477E-11,2.03445015508944311E-11,0,1,CONSISTENT_NUMERICALLY,NONE
BETA_MIN_NEG,D3,1.00000000000000008E-05,1.68608601579569095E+00,1.68608601576362704E+00,9.21055017139566988E-11,5.46268107623742071E-11,6.33459673604619411E-11,1.00000000000000000E+00,-1.616714081403821,3.26433757646462919E+00,5.16517050182588755E-01,5.16517050172766279E-01,2.82156791558640182E-11,1.94054584970551461E-11,0,1,CONSISTENT_NUMERICALLY,NONE
BETA_MIN_NEG,D3,3.00000000000000008E-05,1.68608601576242889E+00,1.68608601576362704E+00,1.55925419634475593E-11,9.24777373020658539E-12,1.19425858091659604E-11,1.00000000000000000E+00,-1.1121032472589345,3.26433757646462919E+00,5.16517050172399239E-01,5.16517050172766279E-01,4.77663280779150501E-12,3.65850207872805920E-12,0,1,CONSISTENT_NUMERICALLY,NONE
BETA_MIN_NEG,D3,1.00000000000000005E-04,1.68608601576198902E+00,1.68608601576362704E+00,4.08716123855315726E-12,2.42405262859741197E-12,2.90822921300559796E-12,1.00000000000000000E+00,-1.650130908010311,3.26433757646462919E+00,5.16517050172264458E-01,5.16517050172766279E-01,1.25206451318667522E-12,8.90909455557992005E-13,0,1,CONSISTENT_NUMERICALLY,NONE
BETA_MIN_NEG,D3,2.99999999999999974E-04,1.68608601576384309E+00,1.68608601576362704E+00,6.66974517742512914E-13,3.95575618032959679E-13,4.79172257428217563E-13,9.99999999999999889E-01,0.15319787297821683,3.26433757646462919E+00,5.16517050172832448E-01,5.16517050172766279E-01,2.04321551346679464E-13,1.46790044290448302E-13,0,1,CONSISTENT_NUMERICALLY,NONE
BETA_MIN_NEG,D3,1.00000000000000002E-03,1.68608601576371697E+00,1.68608601576362704E+00,8.02071626435039479E-13,4.75700301726148278E-13,6.32272012524026650E-13,9.99999999999999889E-01,-1.789510793468748,3.26433757646462919E+00,5.16517050172793812E-01,5.16517050172766279E-01,2.45707316613898093E-13,1.93690755846641119E-13,0,1,CONSISTENT_NUMERICALLY,NONE
BETA_MIN_NEG,D3,3.00000000000000006E-03,1.68608601576351602E+00,1.68608601576362704E+00,1.12305110158704703E-13,6.66069874898059695E-14,8.01581023779363022E-14,1.00000000000000000E+00,-0.6717817355337662,3.26433757646462919E+00,5.16517050172732195E-01,5.16517050172766279E-01,3.44036446991289278E-14,2.45557024971509900E-14,0,1,CONSISTENT_NUMERICALLY,NONE
BETA_MIN_NEG,D3,1.00000000000000002E-02,1.68608601576364991E+00,1.68608601576362704E+00,5.00194747809516575E-14,2.96660278973354678E-14,3.64153152077051282E-14,1.00000000000000000E+00,,3.26433757646462919E+00,5.16517050172773273E-01,5.16517050172766279E-01,1.53230092198749172E-14,1.11554991953816115E-14,0,1,CONSISTENT_NUMERICALLY,NONE
BETA_MIN_POS,D1,9.99999999999999955E-08,1.89902707217803995E-09,0.00000000000000000E+00,1.89902707217803995E-09,1.00000000000000000E+00,1.45716771982051796E-09,0.00000000000000000E+00,-0.0,1.05764537477454006E+01,1.79552344998706076E-10,0.00000000000000000E+00,1.79552344998706076E-10,1.37774697887857228E-10,0,1,INCONCLUSIVE,NONE
BETA_MIN_POS,D1,2.99999999999999986E-07,4.34554290103283298E-09,0.00000000000000000E+00,4.34554290103283298E-09,1.00000000000000000E+00,2.40548322002117306E-09,0.00000000000000000E+00,-0.0,1.05764537477454006E+01,4.10869560315448742E-10,0.00000000000000000E+00,4.10869560315448742E-10,2.27437596513288189E-10,0,1,INCONCLUSIVE,NONE
BETA_MIN_POS,D1,9.99999999999999955E-07,1.30366287030985006E-09,0.00000000000000000E+00,1.30366287030985006E-09,1.00000000000000000E+00,7.21644966006351751E-10,0.00000000000000000E+00,-0.0,1.05764537477454006E+01,1.23260868094634638E-10,0.00000000000000000E+00,1.23260868094634638E-10,6.82312789539864385E-11,0,1,INCONCLUSIVE,NONE
BETA_MIN_POS,D1,3.00000000000000008E-06,1.39335723346540106E-10,0.00000000000000000E+00,1.39335723346540106E-10,1.00000000000000000E+00,9.71445146547011973E-11,0.00000000000000000E+00,-0.0,1.05764537477454006E+01,1.31741438737197264E-11,0.00000000000000000E+00,1.31741438737197264E-11,9.18497985919048210E-12,0,1,NULLSPACE_CONSISTENT,NONE
BETA_MIN_POS,D1,1.00000000000000008E-05,6.43860559849221079E-11,0.00000000000000000E+00,6.43860559849221079E-11,1.00000000000000000E+00,4.44089209850062616E-11,0.00000000000000000E+00,-0.0,1.05764537477454006E+01,6.08767905770375885E-12,0.00000000000000000E+00,6.08767905770375885E-12,4.19884793562993451E-12,0,1,NULLSPACE_CONSISTENT,NONE
BETA_MIN_POS,D1,3.00000000000000008E-05,1.39335723346540093E-11,0.00000000000000000E+00,1.39335723346540093E-11,1.00000000000000000E+00,9.71445146547011973E-12,0.00000000000000000E+00,-0.0,1.05764537477454006E+01,1.31741438737197244E-12,0.00000000000000000E+00,1.31741438737197244E-12,9.18497985919048251E-13,0,1,NULLSPACE_CONSISTENT,NONE
BETA_MIN_POS,D1,1.00000000000000005E-04,6.43860559849221176E-12,0.00000000000000000E+00,6.43860559849221176E-12,1.00000000000000000E+00,4.44089209850062616E-12,0.00000000000000000E+00,-628.7709822868154,1.05764537477454006E+01,6.08767905770375945E-13,0.00000000000000000E+00,6.08767905770375945E-13,4.19884793562993482E-13,0,1,NULLSPACE_CONSISTENT,NONE
BETA_MIN_POS,D1,2.99999999999999974E-04,0.00000000000000000E+00,0.00000000000000000E+00,0.00000000000000000E+00,0.00000000000000000E+00,0.00000000000000000E+00,1.00000000000000000E+00,573.7467868179594,1.05764537477454006E+01,0.00000000000000000E+00,0.00000000000000000E+00,0.00000000000000000E+00,0.00000000000000000E+00,0,1,NULLSPACE_CONSISTENT,NONE
BETA_MIN_POS,D1,1.00000000000000002E-03,4.18007170039620200E-13,0.00000000000000000E+00,4.18007170039620200E-13,1.00000000000000000E+00,2.91433543964103592E-13,0.00000000000000000E+00,-0.0,1.05764537477454006E+01,3.95224316211591641E-14,0.00000000000000000E+00,3.95224316211591641E-14,2.75549395775714480E-14,0,1,NULLSPACE_CONSISTENT,NONE
BETA_MIN_POS,D1,3.00000000000000006E-03,6.33009024059346644E-14,0.00000000000000000E+00,6.33009024059346644E-14,1.00000000000000000E+00,4.85722573273505986E-14,0.00000000000000000E+00,-573.7467868179594,1.05764537477454006E+01,5.98507816662353585E-15,0.00000000000000000E+00,5.98507816662353585E-15,4.59248992959524081E-15,0,1,NULLSPACE_CONSISTENT,NONE
BETA_MIN_POS,D1,1.00000000000000002E-02,0.00000000000000000E+00,0.00000000000000000E+00,0.00000000000000000E+00,0.00000000000000000E+00,0.00000000000000000E+00,1.00000000000000000E+00,,1.05764537477454006E+01,0.00000000000000000E+00,0.00000000000000000E+00,0.00000000000000000E+00,0.00000000000000000E+00,0,1,NULLSPACE_CONSISTENT,NONE
BETA_MIN_POS,D2,9.99999999999999955E-08,1.05764537595281993E+01,1.05764537477454006E+01,1.24849589357270498E-08,1.18044849621542508E-09,8.63226645719805674E-09,1.00000000000000000E+00,-1.1970022073384412,1.05764537477454006E+01,1.00000000111405951E+00,1.00000000000000000E+00,1.18044849753051570E-09,8.16177772160939206E-10,0,1,CONSISTENT_NUMERICALLY,NONE
BETA_MIN_POS,D2,2.99999999999999986E-07,1.05764537452803395E+01,1.05764537477454006E+01,3.35175235118348789E-09,3.16907011662390887E-10,2.81690848424887008E-09,1.00000000000000000E+00,-1.2541885844432017,1.05764537477454006E+01,9.99999999766929326E-01,1.00000000000000000E+00,3.16907011662390732E-10,2.66337711243653402E-10,0,1,CONSISTENT_NUMERICALLY,NONE
BETA_MIN_POS,D2,9.99999999999999955E-07,1.05764537474111595E+01,1.05764537477454006E+01,7.40428913255457396E-10,7.00072945918471089E-11,6.27687235521534603E-10,9.99999999999999778E-01,-0.5269545576462035,1.05764537477454006E+01,9.99999999968397613E-01,1.00000000000000000E+00,7.00072945918470830E-11,5.93476084226567578E-11,0,1,CONSISTENT_NUMERICALLY,NONE
BETA_MIN_POS,D2,3.00000000000000008E-06,1.05764537480611001E+01,1.05764537477454006E+01,4.15013428784982393E-10,3.92393744321969511E-11,3.33349348125011602E-10,1.00000000000000000E+00,-1.8726227971873457,1.05764537477454006E+01,1.00000000002984923E+00,1.00000000000000000E+00,3.92393744333682195E-11,3.15180641900951183E-11,0,1,CONSISTENT_NUMERICALLY,NONE
BETA_MIN_POS,D2,1.00000000000000008E-05,1.05764537477492606E+01,1.05764537477454006E+01,4.35419115269840798E-11,4.11687249483316679E-12,3.08135739146564382E-11,1.00000000000000000E+00,0.20838367184359236,1.05764537477454006E+01,1.00000000000036504E+00,1.00000000000000000E+00,4.11687249483466767E-12,2.91341262861618575E-12,0,1,CONSISTENT_NUMERICALLY,NONE
BETA_MIN_POS,D2,3.00000000000000008E-05,1.05764537476983698E+01,1.05764537477454006E+01,5.47434003712293285E-11,5.17596934444109732E-12,4.22764045993062609E-11,1.00000000000000000E+00,-1.1467013893914437,1.05764537477454006E+01,9.99999999995553224E-01,1.00000000000000000E+00,5.17596934444109570E-12,3.99721925776098552E-12,0,1,CONSISTENT_NUMERICALLY,NONE
BETA_MIN_POS,D2,1.00000000000000005E-04,1.05764537477585403E+01,1.05764537477454006E+01,1.37640419089955196E-11,1.30138534496144509E-12,9.44133660141233122E-12,9.99999999999999889E-01,-1.8182035074556215,1.05764537477454006E+01,1.00000000000124234E+00,1.00000000000000000E+00,1.30138534496306209E-12,8.92675071114924083E-13,0,1,CONSISTENT_NUMERICALLY,NONE
BETA_MIN_POS,D2,2.99999999999999974E-04,1.05764537477472604E+01,1.05764537477454006E+01,1.86742189931195700E-12,1.76564086966267812E-13,9.42357303301832872E-13,1.00000000000000000E+00,-0.7129864359419759,1.05764537477454006E+01,1.00000000000017586E+00,1.00000000000000000E+00,1.76564086966298912E-13,8.90995531940672093E-14,0,1,CONSISTENT_NUMERICALLY,NONE
BETA_MIN_POS,D2,1.00000000000000002E-03,1.05764537477454503E+01,1.05764537477454006E+01,7.91474622621148721E-13,7.48336485459376970E-14,5.59552404411078896E-13,1.00000000000000000E+00,-0.6645045693273116,1.05764537477454006E+01,1.00000000000000466E+00,1.00000000000000000E+00,7.48336485459380630E-14,5.29054839889371764E-14,0,1,CONSISTENT_NUMERICALLY,NONE
BETA_MIN_POS,D2,3.00000000000000006E-03,1.05764537477450400E+01,1.05764537477454006E+01,3.81406193038584396E-13,3.60618220563664277E-14,2.72670774847938396E-13,1.00000000000000000E+00,-3.651532071890845,1.05764537477454006E+01,9.99999999999965916E-01,1.00000000000000000E+00,3.60618220563664214E-14,2.57809263247677953E-14,0,1,CONSISTENT_NUMERICALLY,NONE
BETA_MIN_POS,D2,1.00000000000000002E-02,1.05764537477454006E+01,1.05764537477454006E+01,4.69979843676176528E-15,4.44364297226150094E-16,4.44089209850062616E-15,1.00000000000000000E+00,,1.05764537477454006E+01,1.00000000000000000E+00,1.00000000000000000E+00,4.44364297226149995E-16,4.19884793562993478E-16,0,1,CONSISTENT_NUMERICALLY,NONE
BETA_MIN_POS,D3,9.99999999999999955E-08,5.46291869313712564E+00,5.46291869107415007E+00,1.93394667629594794E-08,3.54013446827517014E-09,1.37282800682925199E-08,9.99999999999999889E-01,-1.0844351262622873,1.05764537477454006E+01,5.16517050367819586E-01,5.16517050172765946E-01,1.82853981345893985E-09,1.29800407544154376E-09,0,1,CONSISTENT_NUMERICALLY,NONE
BETA_MIN_POS,D3,2.99999999999999986E-07,5.46291868616104193E+00,5.46291869107415007E+00,5.87540011019103041E-09,1.07550568522845307E-09,4.88780571572533518E-09,1.00000000000000000E+00,-1.1945760314637501,1.05764537477454006E+01,5.16517049708233311E-01,5.16517050172765946E-01,5.55517023978240186E-10,4.62140319647998871E-10,0,1,CONSISTENT_NUMERICALLY,NONE
BETA_MIN_POS,D3,9.99999999999999955E-07,5.46291869104678529E+00,5.46291869107415007E+00,1.39450164398565993E-09,2.55266776396312404E-10,1.17801368659797804E-09,1.00000000000000000E+00,-1.4055210560372071,1.05764537477454006E+01,5.16517050170178682E-01,5.16517050172765946E-01,1.31849642351334266E-10,1.11380781752966782E-10,0,1,CONSISTENT_NUMERICALLY,NONE
BETA_MIN_POS,D3,3.00000000000000008E-06,5.46291869102272987E+00,5.46291869107415007E+00,2.97724833326275523E-10,5.44992247116413077E-11,2.13627726619591788E-10,1.00000000000000000E+00,0.005055157369085639,1.05764537477454006E+01,5.16517050167904279E-01,5.16517050172765946E-01,2.81497787847596845E-11,2.01984267803498061E-11,0,1,CONSISTENT_NUMERICALLY,NONE
BETA_MIN_POS,D3,1.00000000000000008E-05,5.46291869118020479E+00,5.46291869107415007E+00,2.99542393118076580E-10,5.48319332670433094E-11,2.04213979060341392E-10,1.00000000000000000E+00,-1.6375365747402235,1.05764537477454006E+01,5.16517050182793480E-01,5.16517050172765946E-01,2.83216284269129919E-11,1.93083602435148952E-11,0,1,CONSISTENT_NUMERICALLY,NONE
BETA_MIN_POS,D3,3.00000000000000008E-05,5.46291869107082473E+00,5.46291869107415007E+00,4.95626809170993818E-11,9.07256426826921874E-12,3.75602327018498272E-11,1.00000000000000000E+00,-1.0817098271409389,1.05764537477454006E+01,5.16517050172451642E-01,5.16517050172765946E-01,4.68613413334925566E-12,3.55130685555700576E-12,0,1,CONSISTENT_NUMERICALLY,NONE
BETA_MIN_POS,D3,1.00000000000000005E-04,5.46291869106924377E+00,5.46291869107415007E+00,1.34757117524703906E-11,2.46676044702776289E-12,9.64739399478276027E-12,1.00000000000000000E+00,-1.672687073824381,1.05764537477454006E+01,5.16517050172302095E-01,5.16517050172765946E-01,1.27412382958163367E-12,9.12157725536247017E-13,0,1,CONSISTENT_NUMERICALLY,NONE
BETA_MIN_POS,D3,2.99999999999999974E-04,5.46291869107480466E+00,5.46291869107415007E+00,2.14524627910103894E-12,3.92692331776032898E-13,1.50102152929321205E-12,1.00000000000000000E+00,0.15757744417167657,1.05764537477454006E+01,5.16517050172827896E-01,5.16517050172765946E-01,2.02832284834446007E-13,1.41921060224291837E-13,0,1,CONSISTENT_NUMERICALLY,NONE
BETA_MIN_POS,D3,1.00000000000000002E-03,5.46291869107445116E+00,5.46291869107415007E+00,2.59340923886414192E-12,4.74729606190435133E-13,2.04236627610043797E-12,1.00000000000000000E+00,-1.7866251283469692,1.05764537477454006E+01,5.16517050172794479E-01,5.16517050172765946E-01,2.45205935819175962E-13,1.93105016559620689E-13,0,1,CONSISTENT_NUMERICALLY,NONE
BETA_MIN_POS,D3,3.00000000000000006E-03,5.46291869107378858E+00,5.46291869107415007E+00,3.64279079689991702E-13,6.66821346408077496E-14,2.62012633811536893E-13,1.00000000000000000E+00,-0.6738693647702543,1.05764537477454006E+01,5.16517050172731862E-01,5.16517050172765946E-01,3.44424594838932322E-14,2.47732028202166107E-14,0,1,CONSISTENT_NUMERICALLY,NONE
BETA_MIN_POS,D3,1.00000000000000002E-02,5.46291869107422823E+00,5.46291869107415007E+00,1.61838655860348506E-13,2.96249431873796620E-14,1.19459997449666793E-13,1.00000000000000000E+00,,1.05764537477454006E+01,5.16517050172773384E-01,5.16517050172765946E-01,1.53017882666813442E-14,1.12949009468445197E-14,0,1,CONSISTENT_NUMERICALLY,NONE
FINAL_CLIP_HIGH,D1,9.99999999999999955E-08,5.63376654499471131E-09,6.28036983473510067E-16,5.63376676378179213E-09,1.00000003883495703E+00,3.88578103027725774E-09,-3.48366507145808801E-01,-3.7955367657540466e-08,2.93789794301346490E+01,1.91761819310034856E-10,2.13770864630280196E-17,1.91761826757096830E-10,1.32263989616042567E-10,0,1,INCONCLUSIVE,NONE
FINAL_CLIP_HIGH,D1,2.99999999999999986E-07,1.19789240080155603E-08,6.28036983473510067E-16,1.19789239737165907E-08,9.99999997136722940E-01,6.47630097698008009E-09,5.46130178871228819E-02,1.0305510145752333e-08,2.93789794301346490E+01,4.07737921478937485E-10,2.13770864630280196E-17,4.07737920311471105E-10,2.20439957500266308E-10,0,1,INCONCLUSIVE,NONE
FINAL_CLIP_HIGH,D1,9.99999999999999955E-07,3.59367720240466892E-09,6.28036983473510067E-16,3.59367723670371881E-09,1.00000000954427692E+00,1.94289073718323380E-09,-5.46130178871228680E-02,-5.145881334869948e-07,2.93789794301346490E+01,1.22321376443681266E-10,2.13770864630280196E-17,1.22321377611150334E-10,6.61320023659626951E-11,0,1,INCONCLUSIVE,NONE
FINAL_CLIP_HIGH,D1,3.00000000000000008E-06,4.03279164094427201E-10,6.28036983473510067E-16,4.03278939956539476E-10,9.99999444211584376E-01,2.77555756156289083E-10,3.56887126487677619E-01,1.4948173063744072e-06,2.93789794301346490E+01,1.37267928266008836E-11,2.13770864630280196E-17,1.37267851974084443E-11,9.44742675001141049E-12,0,1,NULLSPACE_CONSISTENT,NONE
FINAL_CLIP_HIGH,D1,1.00000000000000008E-05,1.78068836701966107E-10,6.28036983473510067E-16,1.78069058207416803E-10,1.00000124393158796E+00,1.22124976797977095E-10,-3.52693371341924411E-01,3.926821444280971e-06,2.93789794301346490E+01,6.06109674862691435E-12,2.13770864630280196E-17,6.06110428821661321E-12,4.15688288588782257E-12,0,1,NULLSPACE_CONSISTENT,NONE
FINAL_CLIP_HIGH,D1,3.00000000000000008E-05,4.03279164094427227E-11,6.28036983473510067E-16,4.03281405520244783E-11,1.00000555800055402E+00,2.77560197048387603E-11,-3.56887126487677619E-01,-1.4947828739848749e-05,2.93789794301346490E+01,1.37267928266008844E-12,2.13770864630280196E-17,1.37268691201230222E-12,9.44757790883941199E-13,0,1,NULLSPACE_CONSISTENT,NONE
FINAL_CLIP_HIGH,D1,1.00000000000000005E-04,1.78068836701966004E-11,6.28036983473510067E-16,1.78066621754132486E-11,9.99987561283183446E-01,1.22124532708767203E-11,3.52693371341924411E-01,1.1322278392783716e-05,2.93789794301346490E+01,6.06109674862691091E-13,2.13770864630280196E-17,6.06102135636085849E-13,4.15686777000502107E-13,0,1,NULLSPACE_CONSISTENT,NONE
FINAL_CLIP_HIGH,D1,2.99999999999999974E-04,0.00000000000000000E+00,6.28036983473510067E-16,6.28036983473510067E-16,1.00000000000000000E+00,4.44089209850062616E-16,0.00000000000000000E+00,0.00015395989858411029,2.93789794301346490E+01,0.00000000000000000E+00,2.13770864630280196E-17,2.13770864630280196E-17,1.51158828000182589E-17,0,1,NULLSPACE_CONSISTENT,NONE
FINAL_CLIP_HIGH,D1,1.00000000000000002E-03,1.20983749228328194E-12,6.28036983473510067E-16,1.21006177281868192E-12,1.00018538071173291E+00,8.33111357678717468E-13,-3.56887126487677619E-01,-0.0012253333375606046,2.93789794301346490E+01,4.11803784798026608E-14,2.13770864630280196E-17,4.11880125276746546E-14,2.83573961328342561E-14,0,1,NULLSPACE_CONSISTENT,NONE
FINAL_CLIP_HIGH,D1,3.00000000000000006E-03,1.87792218166490412E-13,6.28036983473510067E-16,1.87574354919276792E-13,9.98839870739369862E-01,1.29526019539601605E-13,3.48366507145808912E-01,0.0009641436478763484,2.93789794301346490E+01,6.39206064366782994E-15,2.13770864630280196E-17,6.38464502707938709E-15,4.40879915000532592E-15,0,1,NULLSPACE_CONSISTENT,NONE
FINAL_CLIP_HIGH,D1,1.00000000000000002E-02,0.00000000000000000E+00,6.28036983473510067E-16,6.28036983473510067E-16,1.00000000000000000E+00,4.44089209850062616E-16,0.00000000000000000E+00,,2.93789794301346490E+01,0.00000000000000000E+00,2.13770864630280196E-17,2.13770864630280196E-17,1.51158828000182589E-17,0,1,NULLSPACE_CONSISTENT,NONE
FINAL_CLIP_HIGH,D2,9.99999999999999955E-08,2.93789794626741987E+01,2.93789794301346490E+01,3.43059954989432270E-08,1.16770548624838299E-09,2.34168382462485203E-08,1.00000000000000000E+00,-1.1819232271578128,2.93789794301346490E+01,1.00000000110757936E+00,1.00000000000000000E+00,1.16770548754170924E-09,7.97060983753212562E-10,0,1,CONSISTENT_NUMERICALLY,NONE
FINAL_CLIP_HIGH,D2,2.99999999999999986E-07,2.93789794230531207E+01,2.93789794301346490E+01,9.36373970717551396E-09,3.18722429737328621E-10,7.66940644325586618E-09,9.99999999999999889E-01,-1.2544311796814989,2.93789794301346490E+01,9.99999999758959368E-01,1.00000000000000000E+00,3.18722429737328621E-10,2.61050812248065749E-10,0,1,CONSISTENT_NUMERICALLY,NONE
FINAL_CLIP_HIGH,D2,9.99999999999999955E-07,2.93789794292148514E+01,2.93789794301346490E+01,2.06792094223888104E-09,7.03877732429932642E-11,1.75747061348374700E-09,1.00000000000000000E+00,-0.5100000490150743,2.93789794301346490E+01,9.99999999968691933E-01,1.00000000000000000E+00,7.03877732429932642E-11,5.98206829363538609E-11,0,1,CONSISTENT_NUMERICALLY,NONE
FINAL_CLIP_HIGH,D2,3.00000000000000008E-06,2.93789794310282204E+01,2.93789794301346490E+01,1.18086994194289198E-09,4.01943826781039078E-11,9.53322754071450618E-10,9.99999999999999889E-01,-1.9603302941488052,2.93789794301346490E+01,1.00000000003041523E+00,1.00000000000000000E+00,4.01943826793264419E-11,3.24491446797367980E-11,0,1,CONSISTENT_NUMERICALLY,NONE
FINAL_CLIP_HIGH,D2,1.00000000000000008E-05,2.93789794301405003E+01,2.93789794301346490E+01,1.11477449419379802E-10,3.79446296575614687E-12,7.54827311766348430E-11,9.99999999999999889E-01,0.28989761615634513,2.93789794301346490E+01,1.00000000000019917E+00,1.00000000000000000E+00,3.79446296575690377E-12,2.56927683128470374E-12,0,1,CONSISTENT_NUMERICALLY,NONE
FINAL_CLIP_HIGH,D2,3.00000000000000008E-05,2.93789794300017313E+01,2.93789794301346490E+01,1.53286298776747892E-10,5.21755015831213139E-12,1.18040688334985992E-10,9.99999999999999889E-01,-1.154858621643737,2.93789794301346490E+01,9.99999999995475730E-01,1.00000000000000000E+00,5.21755015831213139E-12,4.01786211177605219E-12,0,1,CONSISTENT_NUMERICALLY,NONE
FINAL_CLIP_HIGH,D2,1.00000000000000005E-04,2.93789794301712490E+01,2.93789794301346490E+01,3.81638614825478173E-11,1.29901930641453105E-12,2.55493404210937992E-11,1.00000000000000000E+00,-1.8284019053775393,2.93789794301346490E+01,1.00000000000124589E+00,1.00000000000000000E+00,1.29901930641614885E-12,8.69646969250650462E-13,0,1,CONSISTENT_NUMERICALLY,NONE
FINAL_CLIP_HIGH,D2,2.99999999999999974E-04,2.93789794301397684E+01,2.93789794301346490E+01,5.12015253949725707E-12,1.74279455543119191E-13,2.60591548340016703E-12,9.99999999999999889E-01,-0.6690609316161248,2.93789794301346490E+01,1.00000000000017431E+00,1.00000000000000000E+00,1.74279455543149559E-13,8.87000002705071350E-14,0,1,CONSISTENT_NUMERICALLY,NONE
FINAL_CLIP_HIGH,D2,1.00000000000000002E-03,2.93789794301348302E+01,2.93789794301346490E+01,2.28794278208580202E-12,7.78768638824463728E-14,1.62359015121182892E-12,9.99999999999999778E-01,-0.7321870009727789,2.93789794301346490E+01,1.00000000000000622E+00,1.00000000000000000E+00,7.78768638824468524E-14,5.52636675168667630E-14,0,1,CONSISTENT_NUMERICALLY,NONE
FINAL_CLIP_HIGH,D2,3.00000000000000006E-03,2.93789794301337004E+01,2.93789794301346490E+01,1.02353613262807107E-12,3.48390635917804712E-14,7.26529947314702440E-13,9.99999999999999889E-01,-3.6895629584047738,2.93789794301346490E+01,9.99999999999967693E-01,1.00000000000000000E+00,3.48390635917804586E-14,2.47295842608298736E-14,0,1,CONSISTENT_NUMERICALLY,NONE
FINAL_CLIP_HIGH,D2,1.00000000000000002E-02,2.93789794301346596E+01,2.93789794301346490E+01,1.20478382525939601E-14,4.10083620543885415E-16,8.88178419700125232E-15,1.00000000000000000E+00,,2.93789794301346490E+01,1.00000000000000044E+00,1.00000000000000000E+00,4.10083620543885662E-16,3.02317656000365191E-16,0,1,CONSISTENT_NUMERICALLY,NONE
FINAL_CLIP_HIGH,D3,9.99999999999999955E-08,1.51747437983531395E+01,1.51747437923395303E+01,5.27296124437384572E-08,3.47482719605855885E-09,3.81056137754853808E-08,1.00000000000000000E+00,-1.0597216710227426,2.93789794301346490E+01,5.16517050377457321E-01,5.16517050172766390E-01,1.79480749387953758E-09,1.29703667433728613E-09,0,1,CONSISTENT_NUMERICALLY,NONE
FINAL_CLIP_HIGH,D3,2.99999999999999986E-07,1.51747437784986499E+01,1.51747437923395303E+01,1.64603416751543213E-08,1.08471957750375890E-09,1.35757325381291594E-08,1.00000000000000000E+00,-1.200704294366091,2.93789794301346490E+01,5.16517049701651354E-01,5.16517050172766390E-01,5.60276156436890880E-10,4.62089997728247817E-10,0,1,CONSISTENT_NUMERICALLY,NONE
FINAL_CLIP_HIGH,D3,9.99999999999999955E-07,1.51747437921272095E+01,1.51747437923395303E+01,3.87807399165136664E-09,2.55561085229596096E-10,3.25984572668858205E-09,1.00000000000000000E+00,-1.4137647726848614,2.93789794301346490E+01,5.16517050165539393E-01,5.16517050172766390E-01,1.32001657881741914E-10,1.10958440011190049E-10,0,1,CONSISTENT_NUMERICALLY,NONE
FINAL_CLIP_HIGH,D3,3.00000000000000008E-06,1.51747437921905100E+01,1.51747437923395303E+01,8.20500535278768877E-10,5.40701409201367630E-11,5.98579297239609787E-10,1.00000000000000000E+00,0.011409125852804465,2.93789794301346490E+01,5.16517050167694003E-01,5.16517050172766390E-01,2.79281496904948277E-11,2.03744074454007138E-11,0,1,CONSISTENT_NUMERICALLY,NONE
FINAL_CLIP_HIGH,D3,1.00000000000000008E-05,1.51747437926306095E+01,1.51747437923395303E+01,8.31848921983378232E-10,5.48179879246035918E-11,5.70423486223603504E-10,1.00000000000000000E+00,-1.6464457410128606,2.93789794301346490E+01,5.16517050182674131E-01,5.16517050172766390E-01,2.83144254197657028E-11,1.94160415810260554E-11,0,1,CONSISTENT_NUMERICALLY,NONE
FINAL_CLIP_HIGH,D3,3.00000000000000008E-05,1.51747437923299007E+01,1.51747437923395303E+01,1.36298225079501505E-10,8.98191277195119566E-12,1.04561914682221894E-10,1.00000000000000000E+00,-1.0878351437898954,2.93789794301346490E+01,5.16517050172438652E-01,5.16517050172766390E-01,4.63931108987732574E-12,3.55907239497130034E-12,0,1,CONSISTENT_NUMERICALLY,NONE
FINAL_CLIP_HIGH,D3,1.00000000000000005E-04,1.51747437923255593E+01,1.51747437923395303E+01,3.67861489738680685E-11,2.42416936175478317E-12,2.64144262018817212E-11,1.00000000000000000E+00,-1.6301160695972532,2.93789794301346490E+01,5.16517050172290881E-01,5.16517050172766390E-01,1.25212480785277822E-12,8.99092708945086011E-13,0,1,CONSISTENT_NUMERICALLY,NONE
FINAL_CLIP_HIGH,D3,2.99999999999999974E-04,1.51747437923412907E+01,1.51747437923395303E+01,6.13650794477088294E-12,4.04389558647308712E-13,4.23838741880899761E-12,1.00000000000000000E+00,0.14274149599849056,2.93789794301346490E+01,5.16517050172826342E-01,5.16517050172766390E-01,2.08874101953199070E-13,1.44265985443374271E-13,0,1,CONSISTENT_NUMERICALLY,NONE
FINAL_CLIP_HIGH,D3,1.00000000000000002E-03,1.51747437923403599E+01,1.51747437923395303E+01,7.28715144198968163E-12,4.80215781018191757E-13,5.76427794385381276E-12,1.00000000000000000E+00,-1.7765031952614936,2.93789794301346490E+01,5.16517050172794590E-01,5.16517050172766390E-01,2.48039638657941043E-13,1.96204158744237008E-13,0,1,CONSISTENT_NUMERICALLY,NONE
FINAL_CLIP_HIGH,D3,3.00000000000000006E-03,1.51747437923385107E+01,1.51747437923395303E+01,1.03502386020280006E-12,6.82070072725246054E-14,7.65609797781507950E-13,1.00000000000000000E+00,-0.6868516297149833,2.93789794301346490E+01,5.16517050172731640E-01,5.16517050172766390E-01,3.52300821975168390E-14,2.60597819472314813E-14,0,1,CONSISTENT_NUMERICALLY,NONE
FINAL_CLIP_HIGH,D3,1.00000000000000002E-02,1.51747437923397506E+01,1.51747437923395303E+01,4.52699738133088598E-13,2.98324468820101426E-14,3.33955085807247087E-13,1.00000000000000000E+00,,2.93789794301346490E+01,5.16517050172773939E-01,5.16517050172766390E-01,1.54089674629318399E-14,1.13671438656137326E-14,0,1,CONSISTENT_NUMERICALLY,NONE
FINAL_CLIP_LOW,D1,9.99999999999999955E-08,0.00000000000000000E+00,4.56957047189287599E-27,4.56957047189287599E-27,1.00000000000000000E+00,3.23117426778526400E-27,0.00000000000000000E+00,-0.0,1.00000000000000000E+00,0.00000000000000000E+00,4.56957047189287599E-27,4.56957047189287599E-27,3.23117426778526400E-27,0,1,NULLSPACE_CONSISTENT,NONE
FINAL_CLIP_LOW,D1,2.99999999999999986E-07,0.00000000000000000E+00,4.56957047189287599E-27,4.56957047189287599E-27,1.00000000000000000E+00,3.23117426778526400E-27,0.00000000000000000E+00,-0.0,1.00000000000000000E+00,0.00000000000000000E+00,4.56957047189287599E-27,4.56957047189287599E-27,3.23117426778526400E-27,0,1,NULLSPACE_CONSISTENT,NONE
FINAL_CLIP_LOW,D1,9.99999999999999955E-07,0.00000000000000000E+00,4.56957047189287599E-27,4.56957047189287599E-27,1.00000000000000000E+00,3.23117426778526400E-27,0.00000000000000000E+00,-0.0,1.00000000000000000E+00,0.00000000000000000E+00,4.56957047189287599E-27,4.56957047189287599E-27,3.23117426778526400E-27,0,1,NULLSPACE_CONSISTENT,NONE
FINAL_CLIP_LOW,D1,3.00000000000000008E-06,0.00000000000000000E+00,4.56957047189287599E-27,4.56957047189287599E-27,1.00000000000000000E+00,3.23117426778526400E-27,0.00000000000000000E+00,-0.0,1.00000000000000000E+00,0.00000000000000000E+00,4.56957047189287599E-27,4.56957047189287599E-27,3.23117426778526400E-27,0,1,NULLSPACE_CONSISTENT,NONE
FINAL_CLIP_LOW,D1,1.00000000000000008E-05,0.00000000000000000E+00,4.56957047189287599E-27,4.56957047189287599E-27,1.00000000000000000E+00,3.23117426778526400E-27,0.00000000000000000E+00,-0.0,1.00000000000000000E+00,0.00000000000000000E+00,4.56957047189287599E-27,4.56957047189287599E-27,3.23117426778526400E-27,0,1,NULLSPACE_CONSISTENT,NONE
FINAL_CLIP_LOW,D1,3.00000000000000008E-05,0.00000000000000000E+00,4.56957047189287599E-27,4.56957047189287599E-27,1.00000000000000000E+00,3.23117426778526400E-27,0.00000000000000000E+00,-0.0,1.00000000000000000E+00,0.00000000000000000E+00,4.56957047189287599E-27,4.56957047189287599E-27,3.23117426778526400E-27,0,1,NULLSPACE_CONSISTENT,NONE
FINAL_CLIP_LOW,D1,1.00000000000000005E-04,0.00000000000000000E+00,4.56957047189287599E-27,4.56957047189287599E-27,1.00000000000000000E+00,3.23117426778526400E-27,0.00000000000000000E+00,-0.0,1.00000000000000000E+00,0.00000000000000000E+00,4.56957047189287599E-27,4.56957047189287599E-27,3.23117426778526400E-27,0,1,NULLSPACE_CONSISTENT,NONE
FINAL_CLIP_LOW,D1,2.99999999999999974E-04,0.00000000000000000E+00,4.56957047189287599E-27,4.56957047189287599E-27,1.00000000000000000E+00,3.23117426778526400E-27,0.00000000000000000E+00,-0.0,1.00000000000000000E+00,0.00000000000000000E+00,4.56957047189287599E-27,4.56957047189287599E-27,3.23117426778526400E-27,0,1,NULLSPACE_CONSISTENT,NONE
FINAL_CLIP_LOW,D1,1.00000000000000002E-03,0.00000000000000000E+00,4.56957047189287599E-27,4.56957047189287599E-27,1.00000000000000000E+00,3.23117426778526400E-27,0.00000000000000000E+00,-0.0,1.00000000000000000E+00,0.00000000000000000E+00,4.56957047189287599E-27,4.56957047189287599E-27,3.23117426778526400E-27,0,1,NULLSPACE_CONSISTENT,NONE
FINAL_CLIP_LOW,D1,3.00000000000000006E-03,0.00000000000000000E+00,4.56957047189287599E-27,4.56957047189287599E-27,1.00000000000000000E+00,3.23117426778526400E-27,0.00000000000000000E+00,-0.0,1.00000000000000000E+00,0.00000000000000000E+00,4.56957047189287599E-27,4.56957047189287599E-27,3.23117426778526400E-27,0,1,NULLSPACE_CONSISTENT,NONE
FINAL_CLIP_LOW,D1,1.00000000000000002E-02,0.00000000000000000E+00,4.56957047189287599E-27,4.56957047189287599E-27,1.00000000000000000E+00,3.23117426778526400E-27,0.00000000000000000E+00,,1.00000000000000000E+00,0.00000000000000000E+00,4.56957047189287599E-27,4.56957047189287599E-27,3.23117426778526400E-27,0,1,NULLSPACE_CONSISTENT,NONE
FINAL_CLIP_LOW,D2,9.99999999999999955E-08,6.93889390390722838E-11,2.93790381898712770E-11,6.03272115711181418E-11,8.69406744166363987E-01,5.46994199441366518E-11,5.00000000000000000E-01,-0.15601409902152044,1.00000000000000000E+00,6.93889390390722838E-11,2.93790381898712770E-11,6.03272115711181418E-11,5.46994199441366518E-11,0,1,INCONCLUSIVE,EXPLAINED_NEAR_NULL_ROUNDOFF
FINAL_CLIP_LOW,D2,2.99999999999999986E-07,3.27102595559119816E-11,2.93790381898712770E-11,2.39590366776576192E-11,7.32462444594919493E-01,1.46895190949356385E-11,7.07106781186547573E-01,-1.0877916560576193,1.00000000000000000E+00,3.27102595559119816E-11,2.93790381898712770E-11,2.39590366776576192E-11,1.46895190949356385E-11,0,1,INCONCLUSIVE,EXPLAINED_NEAR_NULL_ROUNDOFF
FINAL_CLIP_LOW,D2,9.99999999999999955E-07,3.17980065539225072E-11,2.93790381898712770E-11,6.28640157641990283E-12,1.97697977253999596E-01,6.12716261678604261E-12,9.81980506061965741E-01,-0.21909754127671255,1.00000000000000000E+00,3.17980065539225072E-11,2.93790381898712770E-11,6.28640157641990283E-12,6.12716261678604261E-12,0,1,INCONCLUSIVE,EXPLAINED_NEAR_NULL_ROUNDOFF
FINAL_CLIP_LOW,D2,3.00000000000000008E-06,2.55475294095384106E-11,2.93790381898712770E-11,4.56566146049743632E-12,1.55405409496063490E-01,3.12469592175692883E-12,9.95893206467703740E-01,-1.0499337133021536,1.00000000000000000E+00,2.55475294095384106E-11,2.93790381898712770E-11,4.56566146049743632E-12,3.12469592175692883E-12,0,1,INCONCLUSIVE,EXPLAINED_NEAR_NULL_ROUNDOFF
FINAL_CLIP_LOW,D2,1.00000000000000008E-05,2.88193908422262690E-11,2.93790381898712770E-11,1.28978013341814990E-12,4.39013736624915968E-02,8.11731287121186572E-13,9.99202580611884161E-01,-1.5762810533221647,1.00000000000000000E+00,2.88193908422262690E-11,2.93790381898712770E-11,1.28978013341814990E-12,8.11731287121186572E-13,0,1,INCONCLUSIVE,EXPLAINED_NEAR_NULL_ROUNDOFF
FINAL_CLIP_LOW,D2,3.00000000000000008E-05,2.94909793674755585E-11,2.93790381898712770E-11,2.29134302894240908E-13,7.76964033778220365E-03,1.17841896730462093E-13,9.99976932747421721E-01,-0.9283846301202314,1.00000000000000000E+00,2.94909793674755585E-11,2.93790381898712770E-11,2.29134302894240908E-13,1.17841896730462093E-13,0,1,INCONCLUSIVE,EXPLAINED_NEAR_NULL_ROUNDOFF
FINAL_CLIP_LOW,D2,1.00000000000000005E-04,2.93516032334354826E-11,2.93790381898712770E-11,7.46458896930572109E-14,2.54078738761407503E-03,4.84529576913898281E-14,9.99997205607228157E-01,-1.1426487146253226,1.00000000000000000E+00,2.93516032334354826E-11,2.93790381898712770E-11,7.46458896930572109E-14,4.84529576913898281E-14,0,1,INCONCLUSIVE,EXPLAINED_NEAR_NULL_ROUNDOFF
FINAL_CLIP_LOW,D2,2.99999999999999974E-04,2.93862225099785400E-11,2.93790381898712770E-11,2.12779654424403496E-14,7.24079640900258297E-04,2.09359813476824493E-14,9.99999767682579033E-01,-3.7296569058051907,1.00000000000000000E+00,2.93862225099785400E-11,2.93790381898712770E-11,2.12779654424403496E-14,2.09359813476824493E-14,0,1,INCONCLUSIVE,EXPLAINED_NEAR_NULL_ROUNDOFF
FINAL_CLIP_LOW,D2,1.00000000000000002E-03,2.93792767891431985E-11,2.93790381898712770E-11,2.38599271924759576E-16,8.12134599626806819E-06,1.19299635963995400E-16,9.99999999999999778E-01,2.5533594814676794,1.00000000000000000E+00,2.93792767891431985E-11,2.93790381898712770E-11,2.38599271924759576E-16,1.19299635963995400E-16,0,1,CONSISTENT_NUMERICALLY,NONE
FINAL_CLIP_LOW,D2,3.00000000000000006E-03,2.93781205572157117E-11,2.93790381898712770E-11,3.94391609165500603E-15,1.34242518974454089E-04,2.43226427060081483E-15,9.99999991476996253E-01,-1.5494227934698055,1.00000000000000000E+00,2.93781205572157117E-11,2.93790381898712770E-11,3.94391609165500603E-15,2.43226427060081483E-15,0,1,INCONCLUSIVE,EXPLAINED_NEAR_NULL_ROUNDOFF
FINAL_CLIP_LOW,D2,1.00000000000000002E-02,2.93789298505937677E-11,2.93790381898712770E-11,6.10614932112321187E-16,2.07840341186811499E-05,5.74589754429958637E-16,9.99999999790810223E-01,,1.00000000000000000E+00,2.93789298505937677E-11,2.93790381898712770E-11,6.10614932112321187E-16,5.74589754429958637E-16,0,1,INCONCLUSIVE,EXPLAINED_NEAR_NULL_ROUNDOFF
FINAL_CLIP_LOW,D3,9.99999999999999955E-08,0.00000000000000000E+00,1.51747741427453602E-11,1.51747741427453602E-11,1.00000000000000000E+00,1.09477121136593199E-11,0.00000000000000000E+00,0.11784606560721034,1.00000000000000000E+00,0.00000000000000000E+00,1.51747741427453602E-11,1.51747741427453602E-11,1.09477121136593199E-11,0,1,INCONCLUSIVE,EXPLAINED_NEAR_NULL_ROUNDOFF
FINAL_CLIP_LOW,D3,2.99999999999999986E-07,2.31296463463574290E-11,1.51747741427453602E-11,2.63266654808807690E-11,1.13822170415618196E+00,2.15697220403797916E-11,1.02797200887724399E-01,-0.043250620546880086,1.00000000000000000E+00,2.31296463463574290E-11,1.51747741427453602E-11,2.63266654808807690E-11,2.15697220403797916E-11,0,1,INCONCLUSIVE,EXPLAINED_NEAR_NULL_ROUNDOFF
FINAL_CLIP_LOW,D3,9.99999999999999955E-07,1.69967494438814794E-11,1.51747741427453602E-11,1.83644490997116610E-11,1.08046830721050191E+00,1.23178635018368194E-11,3.52646126162109774E-01,-1.5113118333291626,1.00000000000000000E+00,1.69967494438814794E-11,1.51747741427453602E-11,1.83644490997116610E-11,1.23178635018368194E-11,0,1,INCONCLUSIVE,EXPLAINED_NEAR_NULL_ROUNDOFF
FINAL_CLIP_LOW,D3,3.00000000000000008E-06,1.69967494438814794E-11,1.51747741427453602E-11,3.49059053425620020E-12,2.05368123227394506E-01,3.06600496329384509E-12,9.82815281390910678E-01,-1.5449369986148784,1.00000000000000000E+00,1.69967494438814794E-11,1.51747741427453602E-11,3.49059053425620020E-12,3.06600496329384509E-12,0,1,INCONCLUSIVE,EXPLAINED_NEAR_NULL_ROUNDOFF
FINAL_CLIP_LOW,D3,1.00000000000000008E-05,1.53442150565397002E-11,1.51747741427453602E-11,4.90527084097851948E-13,3.19682096666645404E-02,4.28234529023424696E-13,9.99544962101623691E-01,-0.5629197356171876,1.00000000000000000E+00,1.53442150565397002E-11,1.51747741427453602E-11,4.90527084097851948E-13,4.28234529023424696E-13,0,1,INCONCLUSIVE,EXPLAINED_NEAR_NULL_ROUNDOFF
FINAL_CLIP_LOW,D3,3.00000000000000008E-05,1.53477011897339600E-11,1.51747741427453602E-11,2.64350830724854921E-13,1.72241319697883193E-02,1.96938065559850602E-13,9.99914173553586694E-01,-1.566289781883001,1.00000000000000000E+00,1.53477011897339600E-11,1.51747741427453602E-11,2.64350830724854921E-13,1.96938065559850602E-13,0,1,INCONCLUSIVE,EXPLAINED_NEAR_NULL_ROUNDOFF
FINAL_CLIP_LOW,D3,1.00000000000000005E-04,1.51777895450232887E-11,1.51747741427453602E-11,3.96612351476718680E-14,2.61311009946613593E-03,3.33676471180503917E-14,9.99996604888578000E-01,-0.50509439332068,1.00000000000000000E+00,1.51777895450232887E-11,1.51747741427453602E-11,3.96612351476718680E-14,3.33676471180503917E-14,0,1,INCONCLUSIVE,EXPLAINED_NEAR_NULL_ROUNDOFF
FINAL_CLIP_LOW,D3,2.99999999999999974E-04,1.51792170053915114E-11,1.51747741427453602E-11,2.27727672553317901E-14,1.50025968053840394E-03,1.47495037284360608E-14,9.99998917128324782E-01,-0.6597321872266554,1.00000000000000000E+00,1.51792170053915114E-11,1.51747741427453602E-11,2.27727672553317901E-14,1.47495037284360608E-14,0,1,INCONCLUSIVE,EXPLAINED_NEAR_NULL_ROUNDOFF
FINAL_CLIP_LOW,D3,1.00000000000000002E-03,1.51805935844604005E-11,1.51747741427453602E-11,1.02918927761174203E-14,6.77963790997784376E-04,8.26571630539298488E-15,9.99999843600223981E-01,-0.6283406179685219,1.00000000000000000E+00,1.51805935844604005E-11,1.51747741427453602E-11,1.02918927761174203E-14,8.26571630539298488E-15,0,1,INCONCLUSIVE,EXPLAINED_NEAR_NULL_ROUNDOFF
FINAL_CLIP_LOW,D3,3.00000000000000006E-03,1.51699943005323110E-11,1.51747741427453602E-11,5.15862634003035363E-15,3.39947487290712125E-04,3.75421334865042002E-15,9.99999991823384060E-01,-1.2280598120483173,1.00000000000000000E+00,1.51699943005323110E-11,1.51747741427453602E-11,5.15862634003035363E-15,3.75421334865042002E-15,0,1,INCONCLUSIVE,EXPLAINED_NEAR_NULL_ROUNDOFF
FINAL_CLIP_LOW,D3,1.00000000000000002E-02,1.51755811262151999E-11,1.51747741427453602E-11,1.17606355684012197E-15,7.74971018940763811E-05,6.40419457156952752E-16,9.99999998410882385E-01,,1.00000000000000000E+00,1.51755811262151999E-11,1.51747741427453602E-11,1.17606355684012197E-15,6.40419457156952752E-16,0,1,INCONCLUSIVE,EXPLAINED_NEAR_NULL_ROUNDOFF
I0,D1,9.99999999999999955E-08,3.98573833038526737E-09,2.89776716758409510E-16,3.98573846530337182E-09,1.00000003385021596E+00,3.24068029355917317E-09,-4.65593295287179576E-01,-9.333256824482797e-08,2.00608540737222585E+00,1.98682384894379537E-09,1.44448843351085659E-16,1.98682391619821220E-09,1.61542488751969196E-09,0,1,INCONCLUSIVE,NONE
I0,D1,2.99999999999999986E-07,9.88952099337725938E-10,2.89776716758409510E-16,9.88952031410474392E-10,9.99999931313911405E-01,7.38522157780104546E-10,2.34412524325925686E-01,1.4033531181557593e-07,2.00608540737222585E+00,4.92976069564832642E-10,1.44448843351085659E-16,4.92976035704234592E-10,3.68140935109784663E-10,0,1,INCONCLUSIVE,NONE
I0,D1,9.99999999999999955E-07,1.18259473107172609E-10,2.89776716758409510E-16,1.18259484965500798E-10,1.00000010027381303E+00,9.05307148690859265E-11,-4.09210718937896775E-02,-6.144527557389735e-07,2.00608540737222585E+00,5.89503680514185354E-11,1.44448843351085659E-16,5.89503739625966731E-11,4.51280461621383536E-11,0,1,NULLSPACE_CONSISTENT,NONE
I0,D1,3.00000000000000008E-06,9.87990152611029765E-11,2.89776716758409510E-16,9.87989584742571187E-11,9.99999425228624950E-01,8.55072448032364183E-11,1.95969003762910488E-01,-3.7378997758819597e-07,2.00608540737222585E+00,4.92496555221544392E-11,1.44448843351085659E-16,4.92496272148622086E-11,4.26239304114387038E-11,0,1,NULLSPACE_CONSISTENT,NONE
I0,D1,1.00000000000000008E-05,1.18208793305233600E-11,2.89776716758409510E-16,1.18208672164391394E-11,9.99998975196017437E-01,9.04241265198280075E-12,4.18171271092019625E-02,3.4289972580079326e-06,2.00608540737222585E+00,5.89251050183728061E-12,1.44448843351085659E-16,5.89250446316904809E-12,4.50749136539877912E-12,0,1,NULLSPACE_CONSISTENT,NONE
I0,D1,3.00000000000000008E-05,1.08115938473067906E-11,2.89776716758409510E-16,1.08116234963490408E-11,1.00000274233777797E+00,9.23034102854695432E-12,-1.02303593878420099E-01,-3.788261500251355e-06,2.00608540737222585E+00,5.38939858072588922E-12,1.44448843351085659E-16,5.38941336027721835E-12,4.60117051578466531E-12,0,1,NULLSPACE_CONSISTENT,NONE
I0,D1,1.00000000000000005E-04,3.61519834522549214E-12,2.89776716758409510E-16,3.61519177052401209E-12,9.99998181371849593E-01,2.97163162132907388E-12,2.27289104567861000E-02,0.00015657888401472765,2.00608540737222585E+00,1.80211586801832405E-12,1.44448843351085659E-16,1.80211259063967626E-12,1.48130862744354352E-12,0,1,NULLSPACE_CONSISTENT,NONE
I0,D1,2.99999999999999974E-04,5.48543063898333431E-13,2.89776716758409510E-16,5.48636434343177108E-13,1.00017021534130790E+00,4.36738608241190310E-13,-3.21978428140813622E-01,-0.00012596760324922281,2.00608540737222585E+00,2.73439536463639809E-13,1.44448843351085659E-16,2.73486080067666068E-13,2.17706886574323284E-13,0,1,NULLSPACE_CONSISTENT,NONE
I0,D1,1.00000000000000002E-03,3.61519834522549214E-13,2.89776716758409510E-16,3.61526536904929020E-13,1.00001853945963592E+00,2.97346348931970488E-13,-2.27289104567861000E-02,-0.0006598637927771278,2.00608540737222585E+00,1.80211586801832405E-13,1.44448843351085659E-16,1.80214927827271892E-13,1.48222178297715094E-13,0,1,NULLSPACE_CONSISTENT,NONE
I0,D1,3.00000000000000006E-03,1.67479071615820397E-13,2.89776716758409510E-16,1.67360806981943813E-13,9.99293854254530656E-01,1.42301535138722507E-13,4.08844329646335602E-01,0.0005867202159979142,2.00608540737222585E+00,8.34855141263409516E-14,1.44448843351085659E-16,8.34265611857323508E-14,7.09349335854665841E-14,0,1,NULLSPACE_CONSISTENT,NONE
I0,D1,1.00000000000000002E-02,0.00000000000000000E+00,2.89776716758409510E-16,2.89776716758409510E-16,1.00000000000000000E+00,2.22044604925031308E-16,0.00000000000000000E+00,,2.00608540737222585E+00,0.00000000000000000E+00,1.44448843351085659E-16,1.44448843351085659E-16,1.10685519225169908E-16,0,1,NULLSPACE_CONSISTENT,NONE
I0,D2,9.99999999999999955E-08,2.00608540555832304E+00,2.00608540737222585E+00,4.74799446306440005E-09,2.36679577330847813E-09,3.88629772807291829E-09,1.00000000000000000E+00,-1.2447284420370288,2.00608540737222585E+00,9.99999999095799841E-01,1.00000000000000000E+00,2.36679577330847772E-09,1.93725437301474859E-09,0,1,CONSISTENT_NUMERICALLY,NONE
I0,D2,2.99999999999999986E-07,2.00608540723819218E+00,2.00608540737222585E+00,1.20954994980191300E-09,6.02940405905401741E-10,8.85718609566765736E-10,1.00000000000000000E+00,-1.4657387302201816,2.00608540737222585E+00,9.99999999933186445E-01,1.00000000000000000E+00,6.02940405905401741E-10,4.41515902718703181E-10,0,1,CONSISTENT_NUMERICALLY,NONE
I0,D2,9.99999999999999955E-07,2.00608540740666985E+00,2.00608540737222585E+00,2.07119113990623905E-10,1.03245411798480404E-10,1.57536872436025988E-10,1.00000000000000000E+00,-0.27617308652258205,2.00608540737222585E+00,1.00000000001716982E+00,1.00000000000000000E+00,1.03245411800253078E-10,7.85294942364312165E-11,0,1,CONSISTENT_NUMERICALLY,NONE
I0,D2,3.00000000000000008E-06,2.00608540744747188E+00,2.00608540737222585E+00,1.52915718638572702E-10,7.62259264091559641E-11,1.19381837748733207E-10,1.00000000000000000E+00,-1.6713698710341673,2.00608540737222585E+00,1.00000000003750888E+00,1.00000000000000000E+00,7.62259264120151397E-11,5.95098480403741422E-11,0,1,CONSISTENT_NUMERICALLY,NONE
I0,D2,1.00000000000000008E-05,2.00608540737131280E+00,2.00608540737222585E+00,2.04422337025264515E-11,1.01901113618605895E-11,1.44909639843149307E-11,9.99999999999999778E-01,-0.33923954468717177,2.00608540737222585E+00,9.99999999999544809E-01,1.00000000000000000E+00,1.01901113618605911E-11,7.22350301291342571E-12,0,1,CONSISTENT_NUMERICALLY,NONE
I0,D2,3.00000000000000008E-05,2.00608540736588603E+00,2.00608540737222585E+00,1.40821819633982604E-11,7.01973201721482324E-12,1.13493658915331301E-11,1.00000000000000000E+00,-1.1203782864280185,2.00608540737222585E+00,9.99999999996839750E-01,1.00000000000000000E+00,7.01973201721482566E-12,5.65746894415611188E-12,0,1,CONSISTENT_NUMERICALLY,NONE
I0,D2,1.00000000000000005E-04,2.00608540737282492E+00,2.00608540737222585E+00,3.65466824009616008E-12,1.82179095000861613E-12,2.75468536869993800E-12,1.00000000000000000E+00,-2.074813894888701,2.00608540737222585E+00,1.00000000000029865E+00,1.00000000000000000E+00,1.82179095000916018E-12,1.37316455150745768E-12,0,1,CONSISTENT_NUMERICALLY,NONE
I0,D2,2.99999999999999974E-04,2.00608540737216590E+00,2.00608540737222585E+00,3.74033197803697293E-13,1.86449288963047709E-13,2.62900812231237119E-13,1.00000000000000000E+00,0.00851629696632381,2.00608540737222585E+00,9.99999999999970135E-01,1.00000000000000000E+00,1.86449288963047659E-13,1.31051654762601202E-13,0,1,CONSISTENT_NUMERICALLY,NONE
I0,D2,1.00000000000000002E-03,2.00608540737211394E+00,2.00608540737222585E+00,3.77888034833105381E-13,1.88370860704331398E-13,3.01425551185730001E-13,1.00000000000000000E+00,-1.0388588252671593,2.00608540737222585E+00,9.99999999999944267E-01,1.00000000000000000E+00,1.88370860704331347E-13,1.50255592348168159E-13,0,1,CONSISTENT_NUMERICALLY,NONE
I0,D2,3.00000000000000006E-03,2.00608540737226093E+00,2.00608540737222585E+00,1.20698400477779190E-13,6.01661325256735189E-14,9.92539384014889947E-14,9.99999999999999778E-01,-4.894385272568401,2.00608540737222585E+00,1.00000000000001754E+00,1.00000000000000000E+00,6.01661325256745665E-14,4.94764270936509482E-14,0,1,CONSISTENT_NUMERICALLY,NONE
I0,D2,1.00000000000000002E-02,2.00608540737222585E+00,2.00608540737222585E+00,3.33066907387547011E-16,1.66028278837754906E-16,2.22044604925031308E-16,1.00000000000000000E+00,,2.00608540737222585E+00,1.00000000000000000E+00,1.00000000000000000E+00,1.66028278837754881E-16,1.10685519225169908E-16,0,1,CONSISTENT_NUMERICALLY,NONE
I0,D3,9.99999999999999955E-08,1.03711329727626400E+00,1.03711329684649400E+00,3.14324831774129880E-09,3.03076657680150013E-09,2.38772408789333882E-09,9.99999999999999778E-01,-0.5578914029933143,2.00608540737222585E+00,5.16983620669859811E-01,5.16983620455626625E-01,1.56685667828003612E-09,1.19024049480576295E-09,0,1,CONSISTENT_NUMERICALLY,NONE
I0,D3,2.99999999999999986E-07,1.03711329578557110E+00,1.03711329684649400E+00,1.70293019227291908E-09,1.64199051101836793E-09,1.34718014521695295E-09,9.99999999999999778E-01,-1.4768811946939744,2.00608540737222585E+00,5.16983619926774329E-01,5.16983620455626625E-01,8.48882199140060396E-10,6.71546754822181854E-10,0,1,CONSISTENT_NUMERICALLY,NONE
I0,D3,9.99999999999999955E-07,1.03711329687770704E+00,1.03711329684649400E+00,2.87718017670630686E-10,2.77421973603870881E-10,2.22773549607424596E-10,1.00000000000000000E+00,-1.186112370791878,2.00608540737222585E+00,5.16983620471185845E-01,5.16983620455626625E-01,1.43422616311990883E-10,1.11048885949096246E-10,0,1,CONSISTENT_NUMERICALLY,NONE
I0,D3,3.00000000000000008E-06,1.03711329678499697E+00,1.03711329684649400E+00,7.81713544346645350E-11,7.53739776284392733E-11,4.60629312470928198E-11,9.99999999999999778E-01,-0.8255609826166469,2.00608540737222585E+00,5.16983620424971368E-01,5.16983620455626625E-01,3.89671118424919407E-11,2.29616002777422729E-11,0,1,CONSISTENT_NUMERICALLY,NONE
I0,D3,1.00000000000000008E-05,1.03711329683812492E+00,1.03711329684649400E+00,2.89320592671335812E-11,2.78967200161313616E-11,2.08906641985251408E-11,9.99999999999999778E-01,-0.819643850014696,2.00608540737222585E+00,5.16983620451454851E-01,5.16983620455626625E-01,1.44221473127765420E-11,1.04136464587965142E-11,0,1,CONSISTENT_NUMERICALLY,NONE
I0,D3,3.00000000000000008E-05,1.03711329683678000E+00,1.03711329684649400E+00,1.17573607530851397E-11,1.13366213593396601E-11,6.81488199205659839E-12,1.00000000000000000E+00,-1.010897244478542,2.00608540737222585E+00,5.16983620450784387E-01,5.16983620455626625E-01,5.86084755408600668E-12,3.39710461329930201E-12,0,1,CONSISTENT_NUMERICALLY,NONE
I0,D3,1.00000000000000005E-04,1.03711329684792397E+00,1.03711329684649400E+00,3.48123355639942397E-12,3.35665695057604589E-12,2.74898159791092707E-12,1.00000000000000000E+00,-1.822158757526377,2.00608540737222585E+00,5.16983620456339499E-01,5.16983620455626625E-01,1.73533666293874141E-12,1.37032131723236159E-12,0,1,CONSISTENT_NUMERICALLY,NONE
I0,D3,2.99999999999999974E-04,1.03711329684668696E+00,1.03711329684649400E+00,4.70264817379948398E-13,4.53436301327709519E-13,3.81542020200242910E-13,1.00000000000000000E+00,-0.1666607078624508,2.00608540737222585E+00,5.16983620455722881E-01,5.16983620455626625E-01,2.34419140706451273E-13,1.90192311253599787E-13,0,1,CONSISTENT_NUMERICALLY,NONE
I0,D3,1.00000000000000002E-03,1.03711329684633391E+00,1.03711329684649400E+00,3.84768177839017393E-13,3.70999175315720575E-13,2.76750844463435897E-13,1.00000000000000000E+00,-0.9052812983277918,2.00608540737222585E+00,5.16983620455546911E-01,5.16983620455626625E-01,1.91800496840772989E-13,1.37955664024271140E-13,0,1,CONSISTENT_NUMERICALLY,NONE
I0,D3,3.00000000000000006E-03,1.03711329684649001E+00,1.03711329684649400E+00,1.42321396884262405E-13,1.37228398591564708E-13,7.29832860812962281E-14,1.00000000000000000E+00,-1.3576262858011263,2.00608540737222585E+00,5.16983620455624626E-01,5.16983620455626625E-01,7.09448343331949158E-14,3.63809466003230341E-14,0,1,CONSISTENT_NUMERICALLY,NONE
I0,D3,1.00000000000000002E-02,1.03711329684647091E+00,1.03711329684649400E+00,2.77585175507298700E-14,2.67651737135508794E-14,2.35367281220533187E-14,1.00000000000000000E+00,,2.00608540737222585E+00,5.16983620455615189E-01,5.16983620455626625E-01,1.38371564085553023E-14,1.17326650378680094E-14,0,1,CONSISTENT_NUMERICALLY,NONE
I1,D1,9.99999999999999955E-08,6.88009788552405163E-10,4.33555950913136699E-16,6.88009568809265891E-10,9.99999680610446307E-01,4.85722240206598599E-10,5.06839406381201396E-01,2.0257478490627113e-07,3.17390369480915302E+00,2.16770845844386985E-10,1.36600222502720412E-16,2.16770776610043272E-10,1.53036225075444540E-10,0,1,INCONCLUSIVE,NONE
I1,D1,2.99999999999999986E-07,1.29635684049440900E-09,4.33555950913136699E-16,1.29635671495722009E-09,9.99999903161548076E-01,6.99671635443858570E-10,2.89552606858193173E-01,3.485410816161702e-07,3.17390369480915302E+00,4.08442399375435033E-10,1.36600222502720412E-16,4.08442359822505606E-10,2.20445137194350146E-10,0,1,INCONCLUSIVE,NONE
I1,D1,9.99999999999999955E-07,3.88907052148322721E-10,4.33555950913136699E-16,3.88907177685800010E-10,1.00000032279557893E+00,2.09901707126647404E-10,-2.89552606858193173E-01,4.529285215757353e-06,3.17390369480915302E+00,1.22532719812630520E-10,1.36600222502720412E-16,1.22532759365650833E-10,6.61336093687835784E-11,0,1,INCONCLUSIVE,NONE
I1,D1,3.00000000000000008E-06,4.30547044058220696E-11,4.33555950913136699E-16,4.30549325414187331E-11,1.00000529873796196E+00,3.00688733171720417E-11,-5.26192796269648655E-01,-1.3815953010653715e-05,3.17390369480915302E+00,1.35652207961561825E-11,1.36600222502720412E-16,1.35652926747065744E-11,9.47378251153272161E-12,0,1,NULLSPACE_CONSISTENT,NONE
I1,D1,1.00000000000000008E-05,1.93116099312656899E-11,4.33555950913136699E-16,1.93113910294643002E-11,9.99988664756477408E-01,1.31838984174237307E-11,5.04906983862132841E-01,-3.79109562167225e-05,3.17390369480915302E+00,6.08449776306993360E-12,1.36600222502720412E-16,6.08442879380607548E-12,4.15384324325457501E-12,0,1,NULLSPACE_CONSISTENT,NONE
I1,D1,3.00000000000000008E-05,4.30547044058220712E-12,4.33555950913136699E-16,4.30524232235011728E-12,9.99947016653525367E-01,3.00652095811907795E-12,5.26192796269648655E-01,0.00013816874502084356,3.17390369480915302E+00,1.35652207961561829E-12,1.36600222502720412E-16,1.35645020653627362E-12,9.47262818035775339E-13,0,1,NULLSPACE_CONSISTENT,NONE
I1,D1,1.00000000000000005E-04,1.93116099312656915E-12,4.33555950913136699E-16,1.93137993481084488E-12,1.00011337308751402E+00,1.31872290864976094E-12,-5.04906983862132841E-01,-0.0001031907820808016,3.17390369480915302E+00,6.08449776306993400E-13,1.36600222502720412E-16,6.08518758136730017E-13,4.15489263523181935E-13,0,1,NULLSPACE_CONSISTENT,NONE
I1,D1,2.99999999999999974E-04,0.00000000000000000E+00,4.33555950913136699E-16,4.33555950913136699E-16,1.00000000000000000E+00,3.33066907387547011E-16,0.00000000000000000E+00,-0.0014649062598301027,3.17390369480915302E+00,0.00000000000000000E+00,1.36600222502720412E-16,1.36600222502720412E-16,1.04939197724326139E-16,0,1,NULLSPACE_CONSISTENT,NONE
I1,D1,1.00000000000000002E-03,1.29164113217466194E-13,4.33555950913136699E-16,1.28936506303369211E-13,9.98237847120013511E-01,8.98725538434064219E-14,5.26192796269648655E-01,0.01040408039062269,3.17390369480915302E+00,4.06956623884685428E-14,1.36600222502720412E-16,4.06239504097877728E-14,2.83160935192806684E-14,0,1,NULLSPACE_CONSISTENT,NONE
I1,D1,3.00000000000000006E-03,2.29336596184135097E-14,4.33555950913136699E-16,2.31564191452704809E-14,1.00971321326658692E+00,1.65238193498377507E-14,-5.06839406381201396E-01,-0.008028705662598954,3.17390369480915302E+00,7.22569486147956699E-15,1.36600222502720412E-16,7.29587957666840198E-15,5.20615019821240289E-15,0,1,NULLSPACE_CONSISTENT,NONE
I1,D1,1.00000000000000002E-02,0.00000000000000000E+00,4.33555950913136699E-16,4.33555950913136699E-16,1.00000000000000000E+00,3.33066907387547011E-16,0.00000000000000000E+00,,3.17390369480915302E+00,0.00000000000000000E+00,1.36600222502720412E-16,1.36600222502720412E-16,1.04939197724326139E-16,0,1,NULLSPACE_CONSISTENT,NONE
I1,D2,9.99999999999999955E-08,3.17390369833729880E+00,3.17390369480915302E+00,3.74065645387712529E-09,1.17856646244078804E-09,2.60051491451918082E-09,1.00000000000000000E+00,-1.1968198051988448,3.17390369480915302E+00,1.00000000111161080E+00,1.00000000000000000E+00,1.17856646375089551E-09,8.19342728883760241E-10,0,1,CONSISTENT_NUMERICALLY,NONE
I1,D2,2.99999999999999986E-07,3.17390369404959394E+00,3.17390369480915302E+00,1.00442995539657305E-09,3.16465164661201000E-10,8.36438696083519062E-10,1.00000000000000000E+00,-1.273344311560599,3.17390369480915302E+00,9.99999999760686209E-01,1.00000000000000000E+00,3.16465164661201052E-10,2.63536255826380437E-10,0,1,CONSISTENT_NUMERICALLY,NONE
I1,D2,9.99999999999999955E-07,3.17390369471262579E+00,3.17390369480915302E+00,2.16827808503912294E-10,6.83158121207424318E-11,1.83715931356687205E-10,1.00000000000000000E+00,-0.4716443306534194,3.17390369480915302E+00,9.99999999969587217E-01,1.00000000000000000E+00,6.83158121207424189E-11,5.78832721538307591E-11,0,1,CONSISTENT_NUMERICALLY,NONE
I1,D2,3.00000000000000008E-06,3.17390369490884083E+00,3.17390369480915302E+00,1.29146739300694395E-10,4.06901883972896290E-11,1.04938058242964897E-10,1.00000000000000000E+00,-1.9151116919705966,3.17390369480915302E+00,1.00000000003140865E+00,1.00000000000000000E+00,4.06901883985676489E-11,3.30627732702125427E-11,0,1,CONSISTENT_NUMERICALLY,NONE
I1,D2,1.00000000000000008E-05,3.17390369481098089E+00,3.17390369480915302E+00,1.28739627143914399E-11,4.05619198069528537E-12,9.41247080277207715E-12,1.00000000000000000E+00,0.23504507173063158,3.17390369480915302E+00,1.00000000000057598E+00,1.00000000000000000E+00,4.05619198069762232E-12,2.96558172768945635E-12,0,1,CONSISTENT_NUMERICALLY,NONE
I1,D2,3.00000000000000008E-05,3.17390369479469792E+00,3.17390369480915302E+00,1.66669927509435996E-11,5.25125975882698794E-12,1.27919896897310504E-11,9.99999999999999778E-01,-1.173581156536699,3.17390369480915302E+00,9.99999999995445643E-01,1.00000000000000000E+00,5.25125975882698794E-12,4.03036478726561763E-12,0,1,CONSISTENT_NUMERICALLY,NONE
I1,D2,1.00000000000000005E-04,3.17390369481302503E+00,3.17390369480915302E+00,4.05710832846863136E-12,1.27827077270775106E-12,2.73181477439266018E-12,9.99999999999999778E-01,-1.8123157242344947,3.17390369480915302E+00,1.00000000000121991E+00,1.00000000000000000E+00,1.27827077270931051E-12,8.60711299734922862E-13,0,1,CONSISTENT_NUMERICALLY,NONE
I1,D2,2.99999999999999974E-04,3.17390369480970591E+00,3.17390369480915302E+00,5.54015928909158606E-13,1.74553478045078204E-13,2.80220291415389511E-13,1.00000000000000000E+00,-0.6790398696264102,3.17390369480915302E+00,1.00000000000017431E+00,1.00000000000000000E+00,1.74553478045108622E-13,8.82888450187330434E-14,0,1,CONSISTENT_NUMERICALLY,NONE
I1,D2,1.00000000000000002E-03,3.17390369480916590E+00,3.17390369480915302E+00,2.44605792084323809E-13,7.70678053289297831E-14,1.71418435002124195E-13,1.00000000000000000E+00,-0.7195597273220534,3.17390369480915302E+00,1.00000000000000400E+00,1.00000000000000000E+00,7.70678053289301113E-14,5.40087070954531865E-14,0,1,CONSISTENT_NUMERICALLY,NONE
I1,D2,3.00000000000000006E-03,3.17390369480904999E+00,3.17390369480915302E+00,1.10955669085024304E-13,3.49587384350980026E-14,7.83817455385360518E-14,9.99999999999999667E-01,-4.0366216081631245,3.17390369480915302E+00,9.99999999999967581E-01,1.00000000000000000E+00,3.49587384350980026E-14,2.46956911977914144E-14,0,1,CONSISTENT_NUMERICALLY,NONE
I1,D2,1.00000000000000002E-02,3.17390369480915302E+00,3.17390369480915302E+00,8.59975056989851665E-16,2.70951843433788319E-16,6.66133814775093924E-16,1.00000000000000000E+00,,3.17390369480915302E+00,1.00000000000000000E+00,1.00000000000000000E+00,2.70951843433788270E-16,2.09878395448652253E-16,0,1,CONSISTENT_NUMERICALLY,NONE
I1,D3,9.99999999999999955E-08,1.63866362841417801E+00,1.63866362782009900E+00,5.63748159856702865E-09,3.44029213855360805E-09,4.05920785873092882E-09,1.00000000000000000E+00,-1.046475028079172,3.17390369480915302E+00,5.16292800910807426E-01,5.16292800723631262E-01,1.77619806416527415E-09,1.27893227049379935E-09,0,1,CONSISTENT_NUMERICALLY,NONE
I1,D3,2.99999999999999986E-07,1.63866362632688500E+00,1.63866362782009900E+00,1.78562253711354191E-09,1.08968216954259296E-09,1.48251322329429100E-09,1.00000000000000000E+00,-1.184680015618446,3.17390369480915302E+00,5.16292800253165152E-01,5.16292800723631262E-01,5.62595059211748180E-10,4.67094583152887536E-10,0,1,CONSISTENT_NUMERICALLY,NONE
I1,D3,9.99999999999999955E-07,1.63866362780341590E+00,1.63866362782009900E+00,4.28889741496406780E-10,2.61731409799432286E-10,3.62309293677753885E-10,9.99999999999999889E-01,-1.4186575157937389,3.17390369480915302E+00,5.16292800718374911E-01,5.16292800723631262E-01,1.35130042602693373E-10,1.14152579446661359E-10,0,1,CONSISTENT_NUMERICALLY,NONE
I1,D3,3.00000000000000008E-06,1.63866362780531594E+00,1.63866362782009900E+00,9.02555681987900039E-11,5.50787645899337319E-11,6.39368558097430650E-11,1.00000000000000000E+00,0.0011323780236400128,3.17390369480915302E+00,5.16292800718973544E-01,5.16292800723631262E-01,2.84367696305344486E-11,2.01445481519525416E-11,0,1,CONSISTENT_NUMERICALLY,NONE
I1,D3,1.00000000000000008E-05,1.63866362785071606E+00,1.63866362782009900E+00,9.03787022594840792E-11,5.51539075643153882E-11,6.23510132413684914E-11,1.00000000000000000E+00,-1.653561137187744,3.17390369480915302E+00,5.16292800733277768E-01,5.16292800723631262E-01,2.84755654077646965E-11,1.96448976518544496E-11,0,1,CONSISTENT_NUMERICALLY,NONE
I1,D3,3.00000000000000008E-05,1.63866362781911401E+00,1.63866362782009900E+00,1.46932184847080314E-11,8.96658608591581486E-12,1.12629489068538598E-11,1.00000000000000000E+00,-1.1011562932113843,3.17390369480915302E+00,5.16292800723320955E-01,5.16292800723631262E-01,4.62938384322701850E-12,3.54861079284609517E-12,0,1,CONSISTENT_NUMERICALLY,NONE
I1,D3,1.00000000000000005E-04,1.63866362781851893E+00,1.63866362782009900E+00,3.90252519471183878E-12,2.38152914878774517E-12,2.77111666946439113E-12,1.00000000000000000E+00,-1.6152460777225905,3.17390369480915302E+00,5.16292800723133438E-01,5.16292800723631262E-01,1.22956635423259039E-12,8.73094125066393489E-13,0,1,CONSISTENT_NUMERICALLY,NONE
I1,D3,2.99999999999999974E-04,1.63866362782031394E+00,1.63866362782009900E+00,6.61724904994580690E-13,4.03819852811880186E-13,4.67181848762265872E-13,1.00000000000000000E+00,0.15169659653459738,3.17390369480915302E+00,5.16292800723698986E-01,5.16292800723631262E-01,2.08489282796077474E-13,1.47194714674654772E-13,0,1,CONSISTENT_NUMERICALLY,NONE
I1,D3,1.00000000000000002E-03,1.63866362782018893E+00,1.63866362782009900E+00,7.94321661889920212E-13,4.84737470463389897E-13,6.22613072209787788E-13,1.00000000000000000E+00,-1.798114784175974,3.17390369480915302E+00,5.16292800723659573E-01,5.16292800723631262E-01,2.50266466241245802E-13,1.96166340279340305E-13,0,1,CONSISTENT_NUMERICALLY,NONE
I1,D3,3.00000000000000006E-03,1.63866362781998998E+00,1.63866362782009900E+00,1.10173621265528003E-13,6.72338235834837649E-14,7.90478793533111457E-14,1.00000000000000000E+00,-0.6800796950567211,3.17390369480915302E+00,5.16292800723596956E-01,5.16292800723631262E-01,3.47123390812753543E-14,2.49055695932400685E-14,0,1,CONSISTENT_NUMERICALLY,NONE
I1,D3,1.00000000000000002E-02,1.63866362782012298E+00,1.63866362782009900E+00,4.85823375029555890E-14,2.96475351488600414E-14,3.59712259978550719E-14,1.00000000000000000E+00,,3.17390369480915302E+00,5.16292800723638812E-01,5.16292800723631262E-01,1.53068089565574711E-14,1.13334333542272226E-14,0,1,CONSISTENT_NUMERICALLY,NONE
I2,D1,9.99999999999999955E-08,1.02113197430763202E-09,9.42055475210264952E-16,1.02113197430806608E-09,1.00000000000042499E+00,6.93890056524537613E-10,0.00000000000000000E+00,5.412713892704773e-09,4.26589991482395714E+00,2.39370823201737396E-10,2.20833937509089736E-16,2.39370823201839139E-10,1.62659713162345174E-10,0,1,INCONCLUSIVE,NONE
I2,D1,2.99999999999999986E-07,1.60963062711323300E-09,9.42055475210264952E-16,1.60963063668554303E-09,1.00000000594689897E+00,8.55797580949039677E-10,-1.01607968328037094E-02,-2.140199530843127e-08,4.26589991482395714E+00,3.77324986345737629E-10,2.20833937509089736E-16,3.77324988589651053E-10,2.00613609797818313E-10,0,1,INCONCLUSIVE,NONE
I2,D1,9.99999999999999955E-07,4.82889188133969858E-10,9.42055475210264952E-16,4.82889178562854482E-10,9.99999980179478887E-01,2.56738408310752675E-10,1.01607968328037094E-02,1.8129833866057526e-08,4.26589991482395714E+00,1.13197495903721278E-10,2.20833937509089736E-16,1.13197493660087920E-10,6.01838799402183354E-11,0,1,INCONCLUSIVE,NONE
I2,D1,3.00000000000000008E-06,6.75880808837835343E-11,9.42055475210264952E-16,6.75880808903488151E-11,1.00000000009713697E+00,4.62599588265296331E-11,0.00000000000000000E+00,-7.761003027900635e-07,4.26589991482395714E+00,1.58438037069073448E-11,2.20833937509089736E-16,1.58438037084463595E-11,1.08441266204527602E-11,0,1,NULLSPACE_CONSISTENT,NONE
I2,D1,1.00000000000000008E-05,3.14479339481418130E-11,9.42055475210264952E-16,3.14479045661457827E-11,9.99999065693915390E-01,2.22037943586883493E-11,3.12042052840594587E-02,8.592841959089282e-07,4.26589991482395714E+00,7.37193431070911292E-12,2.20833937509089736E-16,7.37192742306603214E-12,5.20494967111872454E-12,0,1,NULLSPACE_CONSISTENT,NONE
I2,D1,3.00000000000000008E-05,6.75880808837835440E-12,9.42055475210264952E-16,6.75880815403109235E-12,1.00000000971365610E+00,4.62659540308625960E-12,0.00000000000000000E+00,7.793041175980829e-06,4.26589991482395714E+00,1.58438037069073452E-12,2.20833937509089736E-16,1.58438038608086077E-12,1.08455319990253151E-12,0,1,NULLSPACE_CONSISTENT,NONE
I2,D1,1.00000000000000005E-04,3.14479339481418211E-12,9.42055475210264952E-16,3.14482293186915216E-12,1.00000939236740294E+00,2.22111218306508817E-12,-3.12042052840594414E-02,-8.54926109220798e-06,4.26589991482395714E+00,7.37193431070911534E-13,2.20833937509089736E-16,7.37200355062463114E-13,5.20666735604074245E-13,0,1,NULLSPACE_CONSISTENT,NONE
I2,D1,2.99999999999999974E-04,0.00000000000000000E+00,9.42055475210264952E-16,9.42055475210264952E-16,1.00000000000000000E+00,6.66133814775093924E-16,0.00000000000000000E+00,8.964351067879944e-06,4.26589991482395714E+00,0.00000000000000000E+00,2.20833937509089736E-16,2.20833937509089736E-16,1.56153174728803626E-16,0,1,NULLSPACE_CONSISTENT,NONE
I2,D1,1.00000000000000002E-03,2.02764242651350603E-13,9.42055475210264952E-16,2.02766431064153598E-13,1.00001079289313699E+00,1.39444011892919712E-13,0.00000000000000000E+00,0.0003386664706232689,4.26589991482395714E+00,4.75314111207220337E-14,2.20833937509089736E-16,4.75319241221629189E-14,3.26880645765629035E-14,0,1,NULLSPACE_CONSISTENT,NONE
I2,D1,3.00000000000000006E-03,3.40377324769210607E-14,9.42055475210264952E-16,3.40507665213107886E-14,1.00038292927998596E+00,2.37957801611325197E-14,0.00000000000000000E+00,-0.0003179938781882353,4.26589991482395714E+00,7.97902744005791134E-15,2.20833937509089736E-16,7.98208284329051713E-15,5.57813840836781824E-15,0,1,NULLSPACE_CONSISTENT,NONE
I2,D1,1.00000000000000002E-02,0.00000000000000000E+00,9.42055475210264952E-16,9.42055475210264952E-16,1.00000000000000000E+00,6.66133814775093924E-16,0.00000000000000000E+00,,4.26589991482395714E+00,0.00000000000000000E+00,2.20833937509089736E-16,2.20833937509089736E-16,1.56153174728803626E-16,0,1,NULLSPACE_CONSISTENT,NONE
I2,D2,9.99999999999999955E-08,4.26589991941932389E+00,4.26589991482395714E+00,4.86111886835089467E-09,1.13952951550082095E-09,3.31222427263355712E-09,1.00000000000000000E+00,-1.1097634649767054,4.26589991482395714E+00,1.00000000107723275E+00,1.00000000000000000E+00,1.13952951672835967E-09,7.76442096337894108E-10,0,1,CONSISTENT_NUMERICALLY,NONE
I2,D2,2.99999999999999986E-07,4.26589991355065035E+00,4.26589991482395714E+00,1.43629782769841807E-09,3.36692809577481684E-10,1.17492682250031108E-09,1.00000000000000000E+00,-1.5247810547575384,4.26589991482395714E+00,9.99999999701515097E-01,1.00000000000000000E+00,3.36692809577481736E-10,2.75422969586663961E-10,0,1,CONSISTENT_NUMERICALLY,NONE
I2,D2,9.99999999999999955E-07,4.26589991474872576E+00,4.26589991482395714E+00,2.29070360287945311E-10,5.36980156266508394E-11,1.79345649442552713E-10,1.00000000000000000E+00,-0.2722965929902589,4.26589991482395714E+00,9.99999999982364440E-01,1.00000000000000000E+00,5.36980156266508329E-11,4.20416917938764774E-11,0,1,CONSISTENT_NUMERICALLY,NONE
I2,D2,3.00000000000000008E-06,4.26589991496025878E+00,4.26589991482395714E+00,1.69844077218410992E-10,3.98143605345211900E-11,1.40678135807093011E-10,1.00000000000000000E+00,-1.6911019615483394,4.26589991482395714E+00,1.00000000003195133E+00,1.00000000000000000E+00,3.98143605357933098E-11,3.29773643582771287E-11,0,1,CONSISTENT_NUMERICALLY,NONE
I2,D2,1.00000000000000008E-05,4.26589991482841668E+00,4.26589991482395714E+00,2.21722177457129314E-11,5.19754757223476673E-12,1.67030833608805616E-11,1.00000000000000000E+00,0.06810900465149021,4.26589991482395714E+00,1.00000000000104539E+00,1.00000000000000000E+00,5.19754757224019914E-12,3.91548880526650995E-12,0,1,CONSISTENT_NUMERICALLY,NONE
I2,D2,3.00000000000000008E-05,4.26589991480238062E+00,4.26589991482395714E+00,2.38949094311736985E-11,5.60137600700361932E-12,1.86761717202443801E-11,1.00000000000000000E+00,-1.217859135155952,4.26589991482395714E+00,9.99999999994942046E-01,1.00000000000000000E+00,5.60137600700361932E-12,4.37801450881322372E-12,0,1,CONSISTENT_NUMERICALLY,NONE
I2,D2,1.00000000000000005E-04,4.26589991482899578E+00,4.26589991482395714E+00,5.51458369281633566E-12,1.29271286315150095E-12,3.73434616562917735E-12,1.00000000000000000E+00,-1.8636406908566334,4.26589991482395714E+00,1.00000000000118106E+00,1.00000000000000000E+00,1.29271286315302788E-12,8.75394697529673322E-13,0,1,CONSISTENT_NUMERICALLY,NONE
I2,D2,2.99999999999999974E-04,4.26589991482466857E+00,4.26589991482395714E+00,7.11754378485098897E-13,1.66847416183310198E-13,4.29434265925010499E-13,1.00000000000000000E+00,-0.733127457547169,4.26589991482395714E+00,1.00000000000016676E+00,1.00000000000000000E+00,1.66847416183337991E-13,1.00666746641835402E-13,0,1,CONSISTENT_NUMERICALLY,NONE
I2,D2,1.00000000000000002E-03,4.26589991482397934E+00,4.26589991482395714E+00,2.94437676781839003E-13,6.90212341266304998E-14,2.09388062444304498E-13,9.99999999999999778E-01,-0.6435461445699557,4.26589991482395714E+00,1.00000000000000511E+00,1.00000000000000000E+00,6.90212341266308658E-14,4.90841479230872689E-14,0,1,CONSISTENT_NUMERICALLY,NONE
I2,D2,3.00000000000000006E-03,4.26589991482382125E+00,4.26589991482395714E+00,1.45192384710198407E-13,3.40355816144810120E-14,9.85878045867139008E-14,1.00000000000000000E+00,-3.3895500889162236,4.26589991482395714E+00,9.99999999999968137E-01,1.00000000000000000E+00,3.40355816144810183E-14,2.31106698598629383E-14,0,1,CONSISTENT_NUMERICALLY,NONE
I2,D2,1.00000000000000002E-02,4.26589991482395980E+00,4.26589991482395714E+00,2.45256282331568695E-15,5.74922729619852548E-16,1.33226762955018805E-15,1.00000000000000000E+00,,4.26589991482395714E+00,1.00000000000000067E+00,1.00000000000000000E+00,5.74922729619852745E-16,3.12306349457607302E-16,0,1,CONSISTENT_NUMERICALLY,NONE
I2,D3,9.99999999999999955E-08,2.27264474007156192E+00,2.27264473902984987E+00,7.25647673888952213E-09,3.19296571564503588E-09,5.46174594440174133E-09,1.00000000000000000E+00,-0.9513417461141062,4.26589991482395714E+00,5.32746849539096234E-01,5.32746849294901015E-01,1.70104242569623864E-09,1.28032678999857253E-09,0,1,CONSISTENT_NUMERICALLY,NONE
I2,D3,2.99999999999999986E-07,2.27264473673369283E+00,2.27264473902984987E+00,2.55164609894908520E-09,1.12276505655623696E-09,2.15639195388917001E-09,1.00000000000000000E+00,-1.1941476788770307,4.26589991482395714E+00,5.32746848756642466E-01,5.32746849294901015E-01,5.98149546378746906E-10,5.05495205453773296E-10,0,1,CONSISTENT_NUMERICALLY,NONE
I2,D3,9.99999999999999955E-07,2.27264473910950393E+00,2.27264473902984987E+00,6.05934945232964149E-10,2.66621058190726688E-10,4.93497909204165808E-10,1.00000000000000000E+00,-1.533288851677598,4.26589991482395714E+00,5.32746849313573301E-01,5.32746849294901015E-01,1.42041528711760597E-10,1.15684361812912159E-10,0,1,CONSISTENT_NUMERICALLY,NONE
I2,D3,3.00000000000000008E-06,2.27264473900689312E+00,2.27264473902984987E+00,1.12424586499745195E-10,4.94686145040589007E-11,8.64161381342043455E-11,1.00000000000000000E+00,0.04115855541433094,4.26589991482395714E+00,5.32746849289519542E-01,5.32746849294901015E-01,2.63542485160214236E-11,2.02574227852625382E-11,0,1,CONSISTENT_NUMERICALLY,NONE
I2,D3,1.00000000000000008E-05,2.27264473904930098E+00,2.27264473902984987E+00,1.18135992068521993E-10,5.19817242170199370E-11,8.65936072846906768E-11,1.00000000000000000E+00,-1.7865818633348156,4.26589991482395714E+00,5.32746849299460701E-01,5.32746849294901015E-01,2.76930997977708447E-11,2.02990245935632031E-11,0,1,CONSISTENT_NUMERICALLY,NONE
I2,D3,3.00000000000000008E-05,2.27264473903159603E+00,2.27264473902984987E+00,1.65945718724785801E-11,7.30187679027640239E-12,1.22905574606591001E-11,1.00000000000000000E+00,-0.936481007449547,4.26589991482395714E+00,5.32746849295310354E-01,5.32746849294901015E-01,3.89005185396230643E-12,2.88111716309835180E-12,0,1,CONSISTENT_NUMERICALLY,NONE
I2,D3,1.00000000000000005E-04,2.27264473902668085E+00,2.27264473902984987E+00,5.37402940296954238E-12,2.36465880948186217E-12,4.08584277522550110E-12,1.00000000000000000E+00,-1.6306586363225934,4.26589991482395714E+00,5.32746849294158165E-01,5.32746849294901015E-01,1.25976453040889370E-12,9.57791522728238489E-13,0,1,CONSISTENT_NUMERICALLY,NONE
I2,D3,2.99999999999999974E-04,2.27264473903032815E+00,2.27264473902984987E+00,8.95938385127596016E-13,3.94227205748781995E-13,6.79012401860745740E-13,1.00000000000000000E+00,0.17714776537222932,4.26589991482395714E+00,5.32746849295013147E-01,5.32746849294901015E-01,2.10023301769040481E-13,1.59172136106893845E-13,0,1,CONSISTENT_NUMERICALLY,NONE
I2,D3,1.00000000000000002E-03,2.27264473902977704E+00,2.27264473902984987E+00,1.10893207418502392E-12,4.87947832382463084E-13,8.84403661416399700E-13,1.00000000000000000E+00,-1.786897983248403,4.26589991482395714E+00,5.32746849294883917E-01,5.32746849294901015E-01,2.59952670322033726E-13,2.07319364981608283E-13,0,1,CONSISTENT_NUMERICALLY,NONE
I2,D3,3.00000000000000006E-03,2.27264473902969621E+00,2.27264473902984987E+00,1.55717684481306510E-13,6.85182694008653208E-14,1.16795462190566493E-13,1.00000000000000000E+00,-0.7480601820362125,4.26589991482395714E+00,5.32746849294865044E-01,5.32746849294901015E-01,3.65028921424502231E-14,2.73788566357835763E-14,0,1,CONSISTENT_NUMERICALLY,NONE
I2,D3,1.00000000000000002E-02,2.27264473902987119E+00,2.27264473902984987E+00,6.32693201386737078E-14,2.78395118480689686E-14,4.39648317751561990E-14,1.00000000000000000E+00,,4.26589991482395714E+00,5.32746849294906011E-01,5.32746849294901015E-01,1.48314122229669498E-14,1.03061095321010401E-14,0,1,CONSISTENT_NUMERICALLY,NONE
LIMITER_INACT,D1,9.99999999999999955E-08,4.04603565571183607E-10,0.00000000000000000E+00,4.04603565571183607E-10,1.00000000000000000E+00,2.77555756156289083E-10,0.00000000000000000E+00,-0.0,2.08917604893736097E+00,1.93666572894601804E-10,0.00000000000000000E+00,1.93666572894601804E-10,1.32854172963291001E-10,0,1,INCONCLUSIVE,NONE
LIMITER_INACT,D1,2.99999999999999986E-07,8.45122746899736909E-10,0.00000000000000000E+00,8.45122746899736909E-10,1.00000000000000000E+00,4.62592926927148593E-10,0.00000000000000000E+00,-0.0,2.08917604893736097E+00,4.04524428340828617E-10,0.00000000000000000E+00,4.04524428340828617E-10,2.21423621605485080E-10,0,1,INCONCLUSIVE,NONE
LIMITER_INACT,D1,9.99999999999999955E-07,2.53536824069921124E-10,0.00000000000000000E+00,2.53536824069921124E-10,1.00000000000000000E+00,1.38777878078144593E-10,0.00000000000000000E+00,-0.0,2.08917604893736097E+00,1.21357328502248601E-10,0.00000000000000000E+00,1.21357328502248601E-10,6.64270864816455265E-11,0,1,INCONCLUSIVE,NONE
LIMITER_INACT,D1,3.00000000000000008E-06,2.73734747335474188E-11,0.00000000000000000E+00,2.73734747335474188E-11,1.00000000000000000E+00,1.90819582357448813E-11,0.00000000000000000E+00,-0.0,2.08917604893736097E+00,1.31025218039765824E-11,0.00000000000000000E+00,1.31025218039765824E-11,9.13372439122625973E-12,0,1,NULLSPACE_CONSISTENT,NONE
LIMITER_INACT,D1,1.00000000000000008E-05,1.23786833387202205E-11,0.00000000000000000E+00,1.23786833387202205E-11,1.00000000000000000E+00,8.67361737988403547E-12,0.00000000000000000E+00,-0.0,2.08917604893736097E+00,5.92515089621887883E-12,0.00000000000000000E+00,5.92515089621887883E-12,4.15169290510284460E-12,0,1,NULLSPACE_CONSISTENT,NONE
LIMITER_INACT,D1,3.00000000000000008E-05,2.73734747335474180E-12,0.00000000000000000E+00,2.73734747335474180E-12,1.00000000000000000E+00,1.90819582357448780E-12,0.00000000000000000E+00,-0.0,2.08917604893736097E+00,1.31025218039765807E-12,0.00000000000000000E+00,1.31025218039765807E-12,9.13372439122625811E-13,0,1,NULLSPACE_CONSISTENT,NONE
LIMITER_INACT,D1,1.00000000000000005E-04,1.23786833387202108E-12,0.00000000000000000E+00,1.23786833387202108E-12,1.00000000000000000E+00,8.67361737988403547E-13,0.00000000000000000E+00,-628.7709822868154,2.08917604893736097E+00,5.92515089621887378E-13,0.00000000000000000E+00,5.92515089621887378E-13,4.15169290510284510E-13,0,1,NULLSPACE_CONSISTENT,NONE
LIMITER_INACT,D1,2.99999999999999974E-04,0.00000000000000000E+00,0.00000000000000000E+00,0.00000000000000000E+00,0.00000000000000000E+00,0.00000000000000000E+00,1.00000000000000000E+00,573.7467868179594,2.08917604893736097E+00,0.00000000000000000E+00,0.00000000000000000E+00,0.00000000000000000E+00,0.00000000000000000E+00,0,1,NULLSPACE_CONSISTENT,NONE
LIMITER_INACT,D1,1.00000000000000002E-03,8.21204242006422596E-14,0.00000000000000000E+00,8.21204242006422596E-14,1.00000000000000000E+00,5.72458747072346341E-14,0.00000000000000000E+00,-0.0,2.08917604893736097E+00,3.93075654119297493E-14,0.00000000000000000E+00,3.93075654119297493E-14,2.74011731736787776E-14,0,1,NULLSPACE_CONSISTENT,NONE
LIMITER_INACT,D1,3.00000000000000006E-03,1.34867855190394506E-14,0.00000000000000000E+00,1.34867855190394506E-14,1.00000000000000000E+00,9.25185853854297064E-15,0.00000000000000000E+00,-573.7467868179594,2.08917604893736097E+00,6.45555242982005857E-15,0.00000000000000000E+00,6.45555242982005857E-15,4.42847243210970072E-15,0,1,NULLSPACE_CONSISTENT,NONE
LIMITER_INACT,D1,1.00000000000000002E-02,0.00000000000000000E+00,0.00000000000000000E+00,0.00000000000000000E+00,0.00000000000000000E+00,0.00000000000000000E+00,1.00000000000000000E+00,,2.08917604893736097E+00,0.00000000000000000E+00,0.00000000000000000E+00,0.00000000000000000E+00,0.00000000000000000E+00,0,1,NULLSPACE_CONSISTENT,NONE
LIMITER_INACT,D2,9.99999999999999955E-08,2.08917605126236694E+00,2.08917604893736097E+00,2.48617533946458513E-09,1.19002672750452698E-09,1.74797243346347407E-09,1.00000000000000000E+00,-1.206653113790884,2.08917604893736097E+00,1.00000000111288179E+00,1.00000000000000000E+00,1.19002672882888636E-09,8.36680295254467971E-10,0,1,CONSISTENT_NUMERICALLY,NONE
LIMITER_INACT,D2,2.99999999999999986E-07,2.08917604845066984E+00,2.08917604893736097E+00,6.60407362320506961E-10,3.16109005105824701E-10,5.53427303984221908E-10,1.00000000000000000E+00,-1.2330229635337768,2.08917604893736097E+00,9.99999999767041570E-01,1.00000000000000000E+00,3.16109005105824701E-10,2.64902186805040806E-10,0,1,CONSISTENT_NUMERICALLY,NONE
LIMITER_INACT,D2,9.99999999999999955E-07,2.08917604886671393E+00,2.08917604893736097E+00,1.49654715658876095E-10,7.16333674871471621E-11,1.25528920591477799E-10,1.00000000000000000E+00,-0.516481911883072,2.08917604893736097E+00,9.99999999966184272E-01,1.00000000000000000E+00,7.16333674871471492E-11,6.00853722477466035E-11,0,1,CONSISTENT_NUMERICALLY,NONE
LIMITER_INACT,D2,3.00000000000000008E-06,2.08917604900303511E+00,2.08917604893736097E+00,8.48527473293153479E-11,4.06154126502682820E-11,6.87601087179245951E-11,1.00000000000000000E+00,-1.9796856557259808,2.08917604893736097E+00,1.00000000003143552E+00,1.00000000000000000E+00,4.06154126515450288E-11,3.29125488265571284E-11,0,1,CONSISTENT_NUMERICALLY,NONE
LIMITER_INACT,D2,1.00000000000000008E-05,2.08917604893822784E+00,2.08917604893736097E+00,7.82582904593955762E-12,3.74589257325481994E-12,5.61617419236881688E-12,1.00000000000000000E+00,0.307896686316995,2.08917604893736097E+00,1.00000000000041500E+00,1.00000000000000000E+00,3.74589257325637494E-12,2.68822447740841611E-12,0,1,CONSISTENT_NUMERICALLY,NONE
LIMITER_INACT,D2,3.00000000000000008E-05,2.08917604892792097E+00,2.08917604893736097E+00,1.09757551437688106E-11,5.25362864912773777E-12,8.43503045189208933E-12,9.99999999999999778E-01,-1.1788818908058738,2.08917604893736097E+00,9.99999999995481503E-01,1.00000000000000000E+00,5.25362864912773696E-12,4.03749145802360027E-12,0,1,CONSISTENT_NUMERICALLY,NONE
LIMITER_INACT,D2,1.00000000000000005E-04,2.08917604893988518E+00,2.08917604893736097E+00,2.65474080943434316E-12,1.27071187264541102E-12,1.79967152291737895E-12,1.00000000000000000E+00,-1.8123536251916075,2.08917604893736097E+00,1.00000000000120814E+00,1.00000000000000000E+00,1.27071187264694663E-12,8.61426457493979142E-13,0,1,CONSISTENT_NUMERICALLY,NONE
LIMITER_INACT,D2,2.99999999999999974E-04,2.08917604893772202E+00,2.08917604893736097E+00,3.62501401790887295E-13,1.73514052094943095E-13,2.03836947321178690E-13,1.00000000000000000E+00,-0.6723773666704415,2.08917604893736097E+00,1.00000000000017275E+00,1.00000000000000000E+00,1.73514052094973085E-13,9.75681046242409146E-14,0,1,CONSISTENT_NUMERICALLY,NONE
LIMITER_INACT,D2,1.00000000000000002E-03,2.08917604893737119E+00,2.08917604893736097E+00,1.61338441152083491E-13,7.72258715267896829E-14,1.13686837721616004E-13,1.00000000000000000E+00,-0.720141404297727,2.08917604893736097E+00,1.00000000000000488E+00,1.00000000000000000E+00,7.72258715267900489E-14,5.44170692457639991E-14,0,1,CONSISTENT_NUMERICALLY,NONE
LIMITER_INACT,D2,3.00000000000000006E-03,2.08917604893729303E+00,2.08917604893736097E+00,7.31380010028338706E-14,3.50080602542015626E-14,5.17363929475322885E-14,9.99999999999999778E-01,-3.53139525535083,2.08917604893736097E+00,9.99999999999967470E-01,1.00000000000000000E+00,3.50080602542015563E-14,2.47640178403574447E-14,0,1,CONSISTENT_NUMERICALLY,NONE
LIMITER_INACT,D2,1.00000000000000002E-02,2.08917604893736009E+00,2.08917604893736097E+00,1.04148151432413399E-15,4.98513045300262482E-16,8.88178419700125232E-16,1.00000000000000000E+00,,2.08917604893736097E+00,9.99999999999999556E-01,1.00000000000000000E+00,4.98513045300262482E-16,4.25133353482531341E-16,0,1,CONSISTENT_NUMERICALLY,NONE
LIMITER_INACT,D3,9.99999999999999955E-08,1.07909505049253096E+00,1.07909505008872109E+00,3.77749649702562639E-09,3.50061516388335180E-09,2.70833233617651103E-09,1.00000000000000000E+00,-1.0633990709172514,2.08917604893736097E+00,5.16517050366053221E-01,5.16517050172766612E-01,1.80812741891570759E-09,1.29636386438284014E-09,0,1,CONSISTENT_NUMERICALLY,NONE
LIMITER_INACT,D3,2.99999999999999986E-07,1.07909504910651610E+00,1.07909505008872109E+00,1.17444794176920092E-09,1.08836375597556609E-09,9.68347513286005324E-10,1.00000000000000000E+00,-1.22215428484213,2.08917604893736097E+00,5.16517049702626685E-01,5.16517050172766612E-01,5.62158436751451558E-10,4.63506899659579122E-10,0,1,CONSISTENT_NUMERICALLY,NONE
LIMITER_INACT,D3,9.99999999999999955E-07,1.07909505008089490E+00,1.07909505008872109E+00,2.69646800879142504E-10,2.49882344337482274E-10,2.25412577492534209E-10,1.00000000000000000E+00,-1.3864867226789659,2.08917604893736097E+00,5.16517050169020497E-01,5.16517050172766612E-01,1.29068491387451878E-10,1.07895444047038599E-10,0,1,CONSISTENT_NUMERICALLY,NONE
LIMITER_INACT,D3,3.00000000000000008E-06,1.07909505007974005E+00,1.07909505008872109E+00,5.87858750687288230E-11,5.44770129970437632E-11,4.26405993847467422E-11,1.00000000000000000E+00,0.0017962602809813721,2.08917604893736097E+00,5.16517050168467717E-01,5.16517050172766612E-01,2.81383060554564957E-11,2.04102470954687928E-11,0,1,CONSISTENT_NUMERICALLY,NONE
LIMITER_INACT,D3,1.00000000000000008E-05,1.07909505010930196E+00,1.07909505008872109E+00,5.89131458273787671E-11,5.45949551167076620E-11,4.03470451493248625E-11,1.00000000000000000E+00,-1.6358989740462582,2.08917604893736097E+00,5.16517050182617732E-01,5.16517050172766612E-01,2.81992251717342647E-11,1.93124199226039350E-11,0,1,CONSISTENT_NUMERICALLY,NONE
LIMITER_INACT,D3,3.00000000000000008E-05,1.07909505008794904E+00,1.07909505008872109E+00,9.76540012340821899E-12,9.04961997796703057E-12,7.43509420697563428E-12,9.99999999999999778E-01,-1.0878773909382187,2.08917604893736097E+00,5.16517050172397019E-01,5.16517050172766612E-01,4.67428301620406498E-12,3.55886437179739956E-12,0,1,CONSISTENT_NUMERICALLY,NONE
LIMITER_INACT,D3,1.00000000000000005E-04,1.07909505008772011E+00,1.07909505008872109E+00,2.63549427650352290E-12,2.44231893778665709E-12,1.90558679946661909E-12,9.99999999999999778E-01,-1.6406455570303426,2.08917604893736097E+00,5.16517050172287440E-01,5.16517050172766612E-01,1.26149937332664782E-12,9.12123609896771150E-13,0,1,CONSISTENT_NUMERICALLY,NONE
LIMITER_INACT,D3,2.99999999999999974E-04,1.07909505008884210E+00,1.07909505008872109E+00,4.34585478724891115E-13,4.02731417115768892E-13,3.04756220259605521E-13,1.00000000000000000E+00,0.14537469567422948,2.08917604893736097E+00,5.16517050172824455E-01,5.16517050172766612E-01,2.08017643580558367E-13,1.45873881913693577E-13,0,1,CONSISTENT_NUMERICALLY,NONE
LIMITER_INACT,D3,1.00000000000000002E-03,1.07909505008878503E+00,1.07909505008872109E+00,5.17712378571868051E-13,4.79765316808071745E-13,4.06785716222657407E-13,9.99999999999999778E-01,-1.7937918147652554,2.08917604893736097E+00,5.16517050172797143E-01,5.16517050172766612E-01,2.47806966212922757E-13,1.94711075894999376E-13,0,1,CONSISTENT_NUMERICALLY,NONE
LIMITER_INACT,D3,3.00000000000000006E-03,1.07909505008865003E+00,1.07909505008872109E+00,7.21493375284850194E-14,6.68609660683301927E-14,5.19584375524573324E-14,9.99999999999999778E-01,-0.6698208201098815,2.08917604893736097E+00,5.16517050172732528E-01,5.16517050172766612E-01,3.45348289653153327E-14,2.48703011787280865E-14,0,1,CONSISTENT_NUMERICALLY,NONE
LIMITER_INACT,D3,1.00000000000000002E-02,1.07909505008873596E+00,1.07909505008872109E+00,3.22104860134850313E-14,2.98495355074015903E-14,2.37587727269783500E-14,9.99999999999999667E-01,,2.08917604893736097E+00,5.16517050172773717E-01,5.16517050172766612E-01,1.54177940293105420E-14,1.13723172056577127E-14,0,1,CONSISTENT_NUMERICALLY,NONE
LIMITER_OFF,D1,9.99999999999999955E-08,6.67417808631145873E-10,5.14789238764451703E-16,6.67418232099412034E-10,1.00000063448751408E+00,4.85722850829262143E-10,-8.22605000289052368E-01,-3.66017199016191e-07,3.26433757646462919E+00,2.04457349461380898E-10,1.57700981196308475E-16,2.04457479187016266E-10,1.48796758745556545E-10,0,1,INCONCLUSIVE,NONE
LIMITER_OFF,D1,2.99999999999999986E-07,1.32345241256048609E-09,5.14789238764451703E-16,1.32345272009952196E-09,1.00000023237634705E+00,7.17019258781685260E-10,-5.97407539226679551E-01,-8.363675128444776e-07,3.26433757646462919E+00,4.05427558136871006E-10,1.57700981196308475E-16,4.05427652348645595E-10,2.19652300653977570E-10,0,1,INCONCLUSIVE,NONE
LIMITER_OFF,D1,9.99999999999999955E-07,3.97035723768145714E-10,5.14789238764451703E-16,3.97035416229387882E-10,9.99999225412880222E-01,2.15105877554577799E-10,5.97407539226679662E-01,-8.417363029087026e-06,3.26433757646462919E+00,1.21628267441061271E-10,1.57700981196308475E-16,1.21628173229371881E-10,6.58957208057947216E-11,0,1,INCONCLUSIVE,NONE
LIMITER_OFF,D1,3.00000000000000008E-06,4.27272874533016271E-11,5.14789238764451703E-16,4.27268592423212423E-11,9.99989978044338423E-01,3.00682626945084979E-11,8.31819905216899969E-01,2.63489981667915e-05,3.26433757646462919E+00,1.30891142390905841E-11,1.57700981196308475E-16,1.30889830605680348E-11,9.21113763211747367E-12,0,1,NULLSPACE_CONSISTENT,NONE
LIMITER_OFF,D1,1.00000000000000008E-05,1.97606248945854989E-11,5.14789238764451703E-16,1.97610537338733714E-11,1.00002170170681093E+00,1.38781208747218395E-11,-8.33034576867604848E-01,7.146790874532275e-05,3.26433757646462919E+00,6.05348694236054452E-12,1.57700981196308475E-16,6.05361831335935467E-12,4.25143556683014366E-12,0,1,NULLSPACE_CONSISTENT,NONE
LIMITER_OFF,D1,3.00000000000000008E-05,4.27272874533016336E-12,5.14789238764451703E-16,4.27315696681890769E-12,1.00010022201601600E+00,3.00713158078262219E-12,-8.31819905216899746E-01,-0.0002634994611329404,3.26433757646462919E+00,1.30891142390905857E-12,1.57700981196308475E-16,1.30904260565074858E-12,9.21207292549513668E-13,0,1,NULLSPACE_CONSISTENT,NONE
LIMITER_OFF,D1,1.00000000000000005E-04,1.97606248945854981E-12,5.14789238764451703E-16,1.97563367274958591E-12,9.99782994358097921E-01,1.38744571387405793E-12,8.33034576867604959E-01,0.0001975484830016106,3.26433757646462919E+00,6.05348694236054432E-13,1.57700981196308475E-16,6.05217330154087061E-13,4.25031321477695078E-13,0,1,NULLSPACE_CONSISTENT,NONE
LIMITER_OFF,D1,2.99999999999999974E-04,0.00000000000000000E+00,5.14789238764451703E-16,5.14789238764451703E-16,1.00000000000000000E+00,3.33066907387547011E-16,0.00000000000000000E+00,0.0027721221493666177,3.26433757646462919E+00,0.00000000000000000E+00,1.57700981196308475E-16,1.57700981196308475E-16,1.02032004835807452E-16,0,1,NULLSPACE_CONSISTENT,NONE
LIMITER_OFF,D1,1.00000000000000002E-03,1.28181862359904897E-13,5.14789238764451703E-16,1.28610391698509504E-13,1.00334313553193200E+00,9.04831765069502580E-14,-8.31819905216899858E-01,-0.020449189289139427,3.26433757646462919E+00,3.92673427172717576E-14,1.57700981196308475E-16,3.93986187659544206E-14,2.77186946470610205E-14,0,1,NULLSPACE_CONSISTENT,NONE
LIMITER_OFF,D1,3.00000000000000006E-03,2.22472602877048590E-14,5.14789238764451703E-16,2.18257550532999685E-14,9.81053611592891728E-01,1.59131966862939115E-14,8.22605000289052479E-01,0.01588754405374729,3.26433757646462919E+00,6.81524498204602886E-15,1.57700981196308475E-16,6.68612070352658980E-15,4.87486245326635515E-15,0,1,NULLSPACE_CONSISTENT,NONE
LIMITER_OFF,D1,1.00000000000000002E-02,0.00000000000000000E+00,5.14789238764451703E-16,5.14789238764451703E-16,1.00000000000000000E+00,3.33066907387547011E-16,0.00000000000000000E+00,,3.26433757646462919E+00,0.00000000000000000E+00,1.57700981196308475E-16,1.57700981196308475E-16,1.02032004835807452E-16,0,1,NULLSPACE_CONSISTENT,NONE
LIMITER_OFF,D2,9.99999999999999955E-08,3.26433758009256980E+00,3.26433757646462919E+00,3.85209422455995086E-09,1.18005387924698398E-09,2.65314348268930189E-09,1.00000000000000000E+00,-1.2075470526429086,3.26433757646462919E+00,1.00000000111138654E+00,1.00000000000000000E+00,1.18005388055848029E-09,8.12766272035728614E-10,0,1,CONSISTENT_NUMERICALLY,NONE
LIMITER_OFF,D2,2.99999999999999986E-07,3.26433757568926408E+00,3.26433757646462919E+00,1.02223450514716702E-09,3.13152203533519305E-10,8.50997938783848440E-10,1.00000000000000000E+00,-1.2335286389122644,3.26433757646462919E+00,9.99999999762474001E-01,1.00000000000000000E+00,3.13152203533519408E-10,2.60695445507662057E-10,0,1,CONSISTENT_NUMERICALLY,NONE
LIMITER_OFF,D2,9.99999999999999955E-07,3.26433757635814503E+00,3.26433757646462919E+00,2.31507267686112394E-10,7.09201368618380974E-11,1.96139993136057507E-10,9.99999999999999778E-01,-0.5337515456247311,3.26433757646462919E+00,9.99999999967379538E-01,1.00000000000000000E+00,7.09201368618380974E-11,6.00856953490952139E-11,0,1,CONSISTENT_NUMERICALLY,NONE
LIMITER_OFF,D2,3.00000000000000008E-06,3.26433757656298607E+00,3.26433757646462919E+00,1.28795420747709290E-10,3.94553007239275080E-11,1.04255493127425299E-10,1.00000000000000000E+00,-1.9753117440031545,3.26433757646462919E+00,1.00000000003013079E+00,1.00000000000000000E+00,3.94553007251163087E-11,3.19377180470216468E-11,0,1,CONSISTENT_NUMERICALLY,NONE
LIMITER_OFF,D2,1.00000000000000008E-05,3.26433757646561018E+00,3.26433757646462919E+00,1.19413078836762693E-11,3.65811059792579937E-12,8.03601629684180807E-12,1.00000000000000000E+00,0.32822973392402643,3.26433757646462919E+00,1.00000000000030043E+00,1.00000000000000000E+00,3.65811059792689878E-12,2.46176019134180472E-12,0,1,CONSISTENT_NUMERICALLY,NONE
LIMITER_OFF,D2,3.00000000000000008E-05,3.26433757644965095E+00,3.26433757646462919E+00,1.71260527918813702E-11,5.24640984295177330E-12,1.30109256701871297E-11,9.99999999999999778E-01,-1.1694959117147534,3.26433757646462919E+00,9.99999999995411559E-01,1.00000000000000000E+00,5.24640984295177411E-12,3.98577823690598032E-12,0,1,CONSISTENT_NUMERICALLY,NONE
LIMITER_OFF,D2,1.00000000000000005E-04,3.26433757646864597E+00,3.26433757646462919E+00,4.18940863475449671E-12,1.28338706908082395E-12,2.83284506963354902E-12,1.00000000000000000E+00,-1.8528441192023908,3.26433757646462919E+00,1.00000000000123057E+00,1.00000000000000000E+00,1.28338706908240359E-12,8.67816211796820715E-13,0,1,CONSISTENT_NUMERICALLY,NONE
LIMITER_OFF,D2,2.99999999999999974E-04,3.26433757646517586E+00,3.26433757646462919E+00,5.47168909533965248E-13,1.67620197579710206E-13,2.85771406538515294E-13,1.00000000000000000E+00,-0.6216975165740191,3.26433757646462919E+00,1.00000000000016742E+00,1.00000000000000000E+00,1.67620197579738302E-13,8.75434601491227760E-14,0,1,CONSISTENT_NUMERICALLY,NONE
LIMITER_OFF,D2,1.00000000000000002E-03,3.26433757646464207E+00,3.26433757646462919E+00,2.58850492204226309E-13,7.92964839391910444E-14,1.82298620643450704E-13,9.99999999999999778E-01,-0.7385361333147873,3.26433757646462919E+00,1.00000000000000400E+00,1.00000000000000000E+00,7.92964839391913599E-14,5.58455173134652680E-14,0,1,CONSISTENT_NUMERICALLY,NONE
LIMITER_OFF,D2,3.00000000000000006E-03,3.26433757646452305E+00,3.26433757646462919E+00,1.14994669275723304E-13,3.52275665681200116E-14,8.14903700074864901E-14,9.99999999999999667E-01,-4.125747750109222,3.26433757646462919E+00,9.99999999999967470E-01,1.00000000000000000E+00,3.52275665681200179E-14,2.49638305164942200E-14,0,1,CONSISTENT_NUMERICALLY,NONE
LIMITER_OFF,D2,1.00000000000000002E-02,3.26433757646462919E+00,3.26433757646462919E+00,8.00593208497344194E-16,2.45254416782595580E-16,4.44089209850062616E-16,9.99999999999999778E-01,,3.26433757646462919E+00,1.00000000000000000E+00,1.00000000000000000E+00,2.45254416782595580E-16,1.36042673114409912E-16,0,1,CONSISTENT_NUMERICALLY,NONE
LIMITER_OFF,D3,9.99999999999999955E-08,1.68608601639917799E+00,1.68608601576362704E+00,5.97362299703666518E-09,3.54289338677631209E-09,4.21442203357713734E-09,1.00000000000000000E+00,-1.080482604881851,3.26433757646462919E+00,5.16517050367461428E-01,5.16517050172766279E-01,1.82996484190408685E-09,1.29104969533864111E-09,0,1,CONSISTENT_NUMERICALLY,NONE
LIMITER_OFF,D3,2.99999999999999986E-07,1.68608601424359406E+00,1.68608601576362704E+00,1.82270587724983793E-09,1.08102781246562699E-09,1.51015289162614904E-09,1.00000000000000000E+00,-1.1993135948499831,3.26433757646462919E+00,5.16517049707117981E-01,5.16517050172766279E-01,5.58369296849463838E-10,4.62621544571284135E-10,0,1,CONSISTENT_NUMERICALLY,NONE
LIMITER_OFF,D3,9.99999999999999955E-07,1.68608601574394901E+00,1.68608601576362704E+00,4.30151068741336977E-10,2.55118104722861387E-10,3.64783758755038382E-10,9.99999999999999889E-01,-1.3657723375908695,3.26433757646462919E+00,5.16517050166738101E-01,5.16517050172766279E-01,1.31772850897119178E-10,1.11748172549638569E-10,0,1,CONSISTENT_NUMERICALLY,NONE
LIMITER_OFF,D3,3.00000000000000008E-06,1.68608601574677697E+00,1.68608601576362704E+00,9.59360857248114951E-11,5.68986901189392325E-11,6.87242762698048182E-11,9.99999999999999889E-01,-0.03423597740474999,3.26433757646462919E+00,5.16517050167604408E-01,5.16517050172766279E-01,2.93891435789288128E-11,2.10530543058096254E-11,0,1,CONSISTENT_NUMERICALLY,NONE
LIMITER_OFF,D3,1.00000000000000008E-05,1.68608601579612505E+00,1.68608601576362704E+00,9.20620687907381704E-11,5.46010511493797617E-11,6.26520779700712183E-11,1.00000000000000000E+00,-1.630805912706718,3.26433757646462919E+00,5.16517050182721760E-01,5.16517050172766279E-01,2.82023738765535467E-11,1.91928918203138813E-11,0,1,CONSISTENT_NUMERICALLY,NONE
LIMITER_OFF,D3,3.00000000000000008E-05,1.68608601576239692E+00,1.68608601576362704E+00,1.53457658284209395E-11,9.10141338279877556E-12,1.16823772877694393E-11,1.00000000000000000E+00,-1.1113416148538073,3.26433757646462919E+00,5.16517050172389358E-01,5.16517050172766279E-01,4.70103519288616069E-12,3.57878957495008451E-12,0,1,CONSISTENT_NUMERICALLY,NONE
LIMITER_OFF,D3,1.00000000000000005E-04,1.68608601576204609E+00,1.68608601576362704E+00,4.02616581973200537E-12,2.38787688296469102E-12,2.85171886105217709E-12,9.99999999999999889E-01,-1.6599933817012305,3.26433757646462919E+00,5.16517050172281889E-01,5.16517050172766279E-01,1.23337912376466214E-12,8.73598025404183252E-13,0,1,CONSISTENT_NUMERICALLY,NONE
LIMITER_OFF,D3,2.99999999999999974E-04,1.68608601576384109E+00,1.68608601576362704E+00,6.49940398664432571E-13,3.85472859977426903E-13,4.67625937972115935E-13,9.99999999999999889E-01,0.16914805387091222,3.26433757646462919E+00,5.16517050172831782E-01,5.16517050172766279E-01,1.99103304557225535E-13,1.43252934789473627E-13,0,1,CONSISTENT_NUMERICALLY,NONE
LIMITER_OFF,D3,1.00000000000000002E-03,1.68608601576372696E+00,1.68608601576362704E+00,7.96741528832361168E-13,4.72539076525980507E-13,6.18394224716212193E-13,1.00000000000000000E+00,-1.789770562567227,3.26433757646462919E+00,5.16517050172796810E-01,5.16517050172766279E-01,2.44074489898576899E-13,1.89439422311815803E-13,0,1,CONSISTENT_NUMERICALLY,NONE
LIMITER_OFF,D3,3.00000000000000006E-03,1.68608601576351691E+00,1.68608601576362704E+00,1.11526963542168604E-13,6.61454768614863255E-14,8.01581023779363022E-14,1.00000000000000000E+00,-0.654635139708352,3.26433757646462919E+00,5.16517050172732528E-01,5.16517050172766279E-01,3.41652665907658669E-14,2.45557024971509900E-14,0,1,CONSISTENT_NUMERICALLY,NONE
LIMITER_OFF,D3,1.00000000000000002E-02,1.68608601576365102E+00,1.68608601576362704E+00,5.07090036791562679E-14,3.00749802827760814E-14,3.77475828372553224E-14,9.99999999999999889E-01,,3.26433757646462919E+00,5.16517050172773606E-01,5.16517050172766279E-01,1.55342400996638235E-14,1.15636272147248432E-14,0,1,CONSISTENT_NUMERICALLY,NONE
RATIO_NEG,D1,9.99999999999999955E-08,2.35947901993095821E-10,1.11022302462515703E-16,2.35947901993121878E-10,1.00000000000011102E+00,1.73472347597680709E-10,0.00000000000000000E+00,-1.1334646070861165e-07,1.17516152752726399E+00,2.00779123946960367E-10,9.44740785516737889E-17,2.00779123946982546E-10,1.47615747736990225E-10,0,1,INCONCLUSIVE,NONE
RATIO_NEG,D1,2.99999999999999986E-07,4.97455461406853790E-10,1.11022302462515703E-16,4.97455399461861252E-10,9.99999875476304201E-01,2.77555645133986724E-10,5.57950967854154656E-01,4.481852493753084e-07,1.17516152752726399E+00,4.23308157861143665E-10,9.44740785516737889E-17,4.23308105149247417E-10,2.36185101905105857E-10,0,1,INCONCLUSIVE,NONE
RATIO_NEG,D1,9.99999999999999955E-07,1.49236638422056090E-10,1.11022302462515703E-16,1.49236700367085696E-10,1.00000041507923410E+00,8.32668378691892030E-11,-5.57950967854154656E-01,5.478056783295673e-07,1.17516152752726399E+00,1.26992447358343058E-10,9.44740785516737889E-17,1.26992500070270868E-10,7.08556533878338595E-11,0,1,INCONCLUSIVE,NONE
RATIO_NEG,D1,3.00000000000000008E-06,1.58911149096798486E-11,1.11022302462515703E-16,1.58911310694454214E-11,1.00000101690571497E+00,1.09865820145197793E-11,-1.45550809227792594E-01,-3.3519540192445384e-06,1.17516152752726399E+00,1.35224941741561320E-11,9.44740785516737889E-17,1.35225079252577426E-11,9.34899735667604864E-12,0,1,NULLSPACE_CONSISTENT,NONE
RATIO_NEG,D1,1.00000000000000008E-05,7.14402852221782139E-12,1.11022302462515703E-16,7.14400695616938789E-12,9.99996981248273742E-01,4.85722573273505986E-12,1.94257172471452799E-01,-6.506139521280503e-06,1.17516152752726399E+00,6.07918856674116063E-12,9.44740785516737889E-17,6.07917021518018106E-12,4.13324093663572632E-12,0,1,NULLSPACE_CONSISTENT,NONE
RATIO_NEG,D1,3.00000000000000008E-05,1.58911149096798494E-12,1.11022302462515703E-16,1.58909533537814996E-12,9.99989833570566033E-01,1.09865820145197810E-12,1.45550809227792594E-01,3.3527604307715304e-05,1.17516152752726399E+00,1.35224941741561337E-12,9.44740785516737889E-17,1.35223566986733463E-12,9.34899735667605147E-13,0,1,NULLSPACE_CONSISTENT,NONE
RATIO_NEG,D1,1.00000000000000005E-04,7.14402852221782179E-13,1.11022302462515703E-16,7.14424427401302823E-13,1.00003020029868805E+00,4.85722573273505986E-13,-1.94257172471452799E-01,-2.7489081434568518e-05,1.17516152752726399E+00,6.07918856674116104E-13,9.44740785516737889E-17,6.07937216005165768E-13,4.13324093663572642E-13,0,1,NULLSPACE_CONSISTENT,NONE
RATIO_NEG,D1,2.99999999999999974E-04,0.00000000000000000E+00,1.11022302462515703E-16,1.11022302462515703E-16,1.00000000000000000E+00,1.11022302462515703E-16,0.00000000000000000E+00,-0.0002793767741623495,1.17516152752726399E+00,0.00000000000000000E+00,9.44740785516737889E-17,9.44740785516737889E-17,9.44740785516737889E-17,0,1,NULLSPACE_CONSISTENT,NONE
RATIO_NEG,D1,1.00000000000000002E-03,4.76733447290395485E-14,1.11022302462515703E-16,4.76573119222011682E-14,9.99663694525116497E-01,3.29597460435593285E-14,1.45550809227792594E-01,0.0003968502354088172,1.17516152752726399E+00,4.05674825224683992E-14,9.44740785516737889E-17,4.05538394559938563E-14,2.80469920700281385E-14,0,1,NULLSPACE_CONSISTENT,NONE
RATIO_NEG,D1,3.00000000000000006E-03,7.86493006643652574E-15,1.11022302462515703E-16,7.86571362951775267E-15,1.00009962746961589E+00,5.78241158658935724E-15,0.00000000000000000E+00,-8.27448151413306e-05,1.17516152752726399E+00,6.69263746489867741E-15,9.44740785516737889E-17,6.69330423543436352E-15,4.92052492456634150E-15,0,1,NULLSPACE_CONSISTENT,NONE
RATIO_NEG,D1,1.00000000000000002E-02,0.00000000000000000E+00,1.11022302462515703E-16,1.11022302462515703E-16,1.00000000000000000E+00,1.11022302462515703E-16,0.00000000000000000E+00,,1.17516152752726399E+00,0.00000000000000000E+00,9.44740785516737889E-17,9.44740785516737889E-17,9.44740785516737889E-17,0,1,NULLSPACE_CONSISTENT,NONE
RATIO_NEG,D2,9.99999999999999955E-08,1.17516152885188707E+00,1.17516152752726399E+00,1.39456462571586301E-09,1.18670037392930110E-09,9.39866962035296183E-10,1.00000000000000000E+00,-1.1807109031140963,1.17516152752726399E+00,1.00000000112718390E+00,1.00000000000000000E+00,1.18670037526693011E-09,7.99776830690614175E-10,0,1,CONSISTENT_NUMERICALLY,NONE
RATIO_NEG,D2,2.99999999999999986E-07,1.17516152723425704E+00,1.17516152752726399E+00,3.81150397232918098E-10,3.24338729872243316E-10,3.14916204224857717E-10,9.99999999999999889E-01,-1.2346476976827452,1.17516152752726399E+00,9.99999999750666668E-01,1.00000000000000000E+00,3.24338729872243316E-10,2.67976951974843822E-10,0,1,CONSISTENT_NUMERICALLY,NONE
RATIO_NEG,D2,9.99999999999999955E-07,1.17516152748666003E+00,1.17516152752726399E+00,8.62035870312904393E-11,7.33546708363378429E-11,7.32114369128566977E-11,1.00000000000000000E+00,-0.5324739357138895,1.17516152752726399E+00,9.99999999965448194E-01,1.00000000000000000E+00,7.33546708363378558E-11,6.22990416193302254E-11,0,1,CONSISTENT_NUMERICALLY,NONE
RATIO_NEG,D2,3.00000000000000008E-06,1.17516152756443293E+00,1.17516152752726399E+00,4.80253684445122395E-11,4.08670359929555021E-11,3.86781717764961286E-11,1.00000000000000000E+00,-2.012870848329599,1.17516152752726399E+00,1.00000000003162870E+00,1.00000000000000000E+00,4.08670359942480688E-11,3.29130684339892067E-11,0,1,CONSISTENT_NUMERICALLY,NONE
RATIO_NEG,D2,1.00000000000000008E-05,1.17516152752772896E+00,1.17516152752726399E+00,4.25582069201472828E-12,3.62147721170552699E-12,3.28981286656926386E-12,1.00000000000000000E+00,0.3407283052321324,1.17516152752726399E+00,1.00000000000039568E+00,1.00000000000000000E+00,3.62147721170696042E-12,2.79945589564319642E-12,0,1,CONSISTENT_NUMERICALLY,NONE
RATIO_NEG,D2,3.00000000000000008E-05,1.17516152752190295E+00,1.17516152752726399E+00,6.18802469654323040E-12,5.26568012276905098E-12,4.74764672020455691E-12,1.00000000000000000E+00,-1.1987686841143028,1.17516152752726399E+00,9.99999999995437983E-01,1.00000000000000000E+00,5.26568012276905260E-12,4.03999502110522423E-12,0,1,CONSISTENT_NUMERICALLY,NONE
RATIO_NEG,D2,1.00000000000000005E-04,1.17516152752865310E+00,1.17516152752726399E+00,1.46130669115074191E-12,1.24349432560462405E-12,9.99866855977415980E-13,1.00000000000000000E+00,-1.7947223382303328,1.17516152752726399E+00,1.00000000000118217E+00,1.00000000000000000E+00,1.24349432560609363E-12,8.50833551436373840E-13,0,1,CONSISTENT_NUMERICALLY,NONE
RATIO_NEG,D2,2.99999999999999974E-04,1.17516152752746805E+00,1.17516152752726399E+00,2.03442272789670198E-13,1.73118561171511007E-13,1.09467990228040397E-13,9.99999999999999889E-01,-0.6735590686312926,1.17516152752726399E+00,1.00000000000017364E+00,1.00000000000000000E+00,1.73118561171540996E-13,9.31514414519502884E-14,0,1,CONSISTENT_NUMERICALLY,NONE
RATIO_NEG,D2,1.00000000000000002E-03,1.17516152752726910E+00,1.17516152752726399E+00,9.04172883664849260E-14,7.69403067140375430E-14,6.31716901011714072E-14,9.99999999999999889E-01,-0.7023621013506754,1.17516152752726399E+00,1.00000000000000444E+00,1.00000000000000000E+00,7.69403067140378460E-14,5.37557506959023671E-14,0,1,CONSISTENT_NUMERICALLY,NONE
RATIO_NEG,D2,3.00000000000000006E-03,1.17516152752722491E+00,1.17516152752726399E+00,4.17964687571040482E-14,3.55665734267618398E-14,2.93098878501041327E-14,1.00000000000000000E+00,-3.969810171428496,1.17516152752726399E+00,9.99999999999966693E-01,1.00000000000000000E+00,3.55665734267618461E-14,2.49411567376418697E-14,0,1,CONSISTENT_NUMERICALLY,NONE
RATIO_NEG,D2,1.00000000000000002E-02,1.17516152752726399E+00,1.17516152752726399E+00,3.51083346857670122E-16,2.98753268068950423E-16,3.33066907387547011E-16,1.00000000000000000E+00,,1.17516152752726399E+00,1.00000000000000000E+00,1.00000000000000000E+00,2.98753268068950571E-16,2.83422235655021305E-16,0,1,CONSISTENT_NUMERICALLY,NONE
RATIO_NEG,D3,9.99999999999999955E-08,6.06990965878704269E-01,6.06990965674904626E-01,2.12968885763543784E-09,3.50860058444595699E-09,1.54078419467573703E-09,1.00000000000000000E+00,-1.090044105409031,1.17516152752726399E+00,5.16517050346189110E-01,5.16517050172766390E-01,1.81225202472094095E-09,1.31112545687043044E-09,0,1,CONSISTENT_NUMERICALLY,NONE
RATIO_NEG,D3,2.99999999999999986E-07,6.06990965141976035E-01,6.06990965674904626E-01,6.43032535234112506E-10,1.05937743985881897E-09,5.38912581227179999E-10,1.00000000000000000E+00,-1.176101763907933,1.17516152752726399E+00,5.16517049719272481E-01,5.16517050172766390E-01,5.47186510255454273E-10,4.58585963379129696E-10,0,1,CONSISTENT_NUMERICALLY,NONE
RATIO_NEG,D3,9.99999999999999955E-07,6.06990965669542359E-01,6.06990965674904626E-01,1.56053794323190296E-10,2.57094097190847493E-10,1.30697619393771395E-10,1.00000000000000000E+00,-1.4146718376851701,1.17516152752726399E+00,5.16517050168203373E-01,5.16517050172766390E-01,1.32793484697847055E-10,1.11216727515562052E-10,0,1,CONSISTENT_NUMERICALLY,NONE
RATIO_NEG,D3,3.00000000000000008E-06,6.06990965670064830E-01,6.06990965674904626E-01,3.29840766052414491E-11,5.43403089510021314E-11,2.34793920417253300E-11,1.00000000000000000E+00,0.01138524355608998,1.17516152752726399E+00,5.16517050168648018E-01,5.16517050172766390E-01,2.80676960848483980E-11,1.99797146960128038E-11,0,1,CONSISTENT_NUMERICALLY,NONE
RATIO_NEG,D3,1.00000000000000008E-05,6.06990965686500128E-01,6.06990965674904626E-01,3.34393196137311379E-11,5.50903085944807126E-11,2.29121374650809205E-11,9.99999999999999889E-01,-1.6440504253371762,1.17516152752726399E+00,5.16517050182633608E-01,5.16517050172766390E-01,2.84550836888721558E-11,1.94970112009128494E-11,0,1,CONSISTENT_NUMERICALLY,NONE
RATIO_NEG,D3,3.00000000000000008E-05,6.06990965674320426E-01,6.06990965674904626E-01,5.49346080888904721E-12,9.05031725271387880E-12,4.04488248451073673E-12,1.00000000000000000E+00,-1.0982491802852827,1.17516152752726399E+00,5.16517050172269232E-01,5.16517050172766390E-01,4.67464317049946799E-12,3.44198000850303930E-12,0,1,CONSISTENT_NUMERICALLY,NONE
RATIO_NEG,D3,1.00000000000000005E-04,6.06990965674309990E-01,6.06990965674904626E-01,1.46418137165607402E-12,2.41219631667511099E-12,1.03728137190728396E-12,9.99999999999999889E-01,-1.6906427451112926,1.17516152752726399E+00,5.16517050172260350E-01,5.16517050172766390E-01,1.24594052592664094E-12,8.82671315908288020E-13,0,1,CONSISTENT_NUMERICALLY,NONE
RATIO_NEG,D3,2.99999999999999974E-04,6.06990965674988447E-01,6.06990965674904626E-01,2.28535298831029122E-13,3.76505272326240176E-13,1.67199587508548600E-13,1.00000000000000000E+00,0.1833125336630754,1.17516152752726399E+00,5.16517050172837777E-01,5.16517050172766390E-01,1.94471392636470604E-13,1.42277962298820689E-13,0,1,CONSISTENT_NUMERICALLY,NONE
RATIO_NEG,D3,1.00000000000000002E-03,6.06990965674936600E-01,6.06990965674904626E-01,2.84972870436462877E-13,4.69484533628256873E-13,2.26298146888126389E-13,1.00000000000000000E+00,-1.7588550720813123,1.17516152752726399E+00,5.16517050172793590E-01,5.16517050172766390E-01,2.42496766411416954E-13,1.92567695237858449E-13,0,1,CONSISTENT_NUMERICALLY,NONE
RATIO_NEG,D3,3.00000000000000006E-03,6.06990965674863769E-01,6.06990965674904626E-01,4.12682809070200487E-14,6.79882951159486124E-14,2.97539770599542016E-14,1.00000000000000000E+00,-0.7021563394388374,1.17516152752726399E+00,5.16517050172731640E-01,5.16517050172766390E-01,3.51171136395652762E-14,2.53190530518485706E-14,0,1,CONSISTENT_NUMERICALLY,NONE
RATIO_NEG,D3,1.00000000000000002E-02,6.06990965674913063E-01,6.06990965674904626E-01,1.77204094406669011E-14,2.91938602759327521E-14,1.28230759344205596E-14,1.00000000000000000E+00,,1.17516152752726399E+00,5.16517050172773606E-01,5.16517050172766390E-01,1.50791265928808963E-14,1.09117560727183204E-14,0,1,CONSISTENT_NUMERICALLY,NONE
RATIO_POS,D1,9.99999999999999955E-08,6.89593493776624536E-10,5.14789238764451703E-16,6.89593923177092974E-10,1.00000062268636891E+00,4.85722906340413374E-10,-8.34128566894603796E-01,-3.5635872346633703e-07,3.26433757646462919E+00,2.11250668052375259E-10,1.57700981196308475E-16,2.11250799595286625E-10,1.48796775750890674E-10,0,1,INCONCLUSIVE,NONE
RATIO_POS,D1,2.99999999999999986E-07,1.36426011379984303E-09,5.14789238764451703E-16,1.36426042919785696E-09,1.00000023118612891E+00,7.40148905128042653E-10,-6.12673945175502666E-01,-8.32083733839074e-07,3.26433757646462919E+00,4.17928624672873331E-10,1.57700981196308475E-16,4.17928721292174051E-10,2.26737856545353082E-10,0,1,INCONCLUSIVE,NONE
RATIO_POS,D1,9.99999999999999955E-07,4.09278034139952804E-10,5.14789238764451703E-16,4.09277718742201190E-10,9.99999229380212684E-01,2.22044382880426409E-10,6.12673945175502666E-01,-8.420974253496041e-06,3.26433757646462919E+00,1.25378587401861974E-10,1.57700981196308475E-16,1.25378490782641620E-10,6.80212685358684062E-11,0,1,INCONCLUSIVE,NONE
RATIO_POS,D1,3.00000000000000008E-06,4.27272874533016271E-11,5.14789238764451703E-16,4.27268592423212423E-11,9.99989978044338423E-01,3.00682626945084979E-11,8.31819905216899969E-01,2.6157802956203786e-05,3.26433757646462919E+00,1.30891142390905841E-11,1.57700981196308475E-16,1.30889830605680348E-11,9.21113763211747367E-12,0,1,NULLSPACE_CONSISTENT,NONE
RATIO_POS,D1,1.00000000000000008E-05,2.01409165059688095E-11,5.14789238764451703E-16,2.01413489618188594E-11,1.00002147150800802E+00,1.38781208747218395E-11,-8.40060128267636874E-01,7.167744020259574e-05,3.26433757646462919E+00,6.16998580391369889E-12,1.57700981196308475E-16,6.17011828281329783E-12,4.25143556683014366E-12,0,1,NULLSPACE_CONSISTENT,NONE
RATIO_POS,D1,3.00000000000000008E-05,4.27272874533016336E-12,5.14789238764451703E-16,4.27315696681890769E-12,1.00010022201601600E+00,3.00713158078262219E-12,-8.31819905216899746E-01,-0.0002615877609843422,3.26433757646462919E+00,1.30891142390905857E-12,1.57700981196308475E-16,1.30904260565074858E-12,9.21207292549513668E-13,0,1,NULLSPACE_CONSISTENT,NONE
RATIO_POS,D1,1.00000000000000005E-04,2.01409165059688119E-12,5.14789238764451703E-16,2.01365921604856694E-12,9.99785295496267379E-01,1.38744571387405793E-12,8.40060128267636985E-01,0.00019545344454920284,3.26433757646462919E+00,6.16998580391369949E-13,1.57700981196308475E-16,6.16866108017363013E-13,4.25031321477695078E-13,0,1,NULLSPACE_CONSISTENT,NONE
RATIO_POS,D1,2.99999999999999974E-04,0.00000000000000000E+00,5.14789238764451703E-16,5.14789238764451703E-16,1.00000000000000000E+00,3.33066907387547011E-16,0.00000000000000000E+00,0.0027721221493666177,3.26433757646462919E+00,0.00000000000000000E+00,1.57700981196308475E-16,1.57700981196308475E-16,1.02032004835807452E-16,0,1,NULLSPACE_CONSISTENT,NONE
RATIO_POS,D1,1.00000000000000002E-03,1.28181862359904897E-13,5.14789238764451703E-16,1.28610391698509504E-13,1.00334313553193200E+00,9.04831765069502580E-14,-8.31819905216899858E-01,-0.02013050019319876,3.26433757646462919E+00,3.92673427172717576E-14,1.57700981196308475E-16,3.93986187659544206E-14,2.77186946470610205E-14,0,1,NULLSPACE_CONSISTENT,NONE
RATIO_POS,D1,3.00000000000000006E-03,2.29864497925541504E-14,5.14789238764451703E-16,2.25588364082900211E-14,9.81397154057141674E-01,1.58576855350626505E-14,8.34128566894603796E-01,0.015596743667054914,3.26433757646462919E+00,7.04168893507917525E-15,1.57700981196308475E-16,6.91069348064236830E-15,4.85785711912705297E-15,0,1,NULLSPACE_CONSISTENT,NONE
RATIO_POS,D1,1.00000000000000002E-02,0.00000000000000000E+00,5.14789238764451703E-16,5.14789238764451703E-16,1.00000000000000000E+00,3.33066907387547011E-16,0.00000000000000000E+00,,3.26433757646462919E+00,0.00000000000000000E+00,1.57700981196308475E-16,1.57700981196308475E-16,1.02032004835807452E-16,0,1,NULLSPACE_CONSISTENT,NONE
RATIO_POS,D2,9.99999999999999955E-08,3.26433758016195918E+00,3.26433757646462919E+00,3.91713076675148763E-09,1.19997722985413196E-09,2.72253242172837417E-09,1.00000000000000000E+00,-1.2285871820069652,3.26433757646462919E+00,1.00000000113264331E+00,1.00000000000000000E+00,1.19997723121327801E-09,8.34022939709855178E-10,0,1,CONSISTENT_NUMERICALLY,NONE
RATIO_POS,D2,2.99999999999999986E-07,3.26433757570227501E+00,3.26433757646462919E+00,1.01574106719817699E-09,3.11162998129088592E-10,8.50997938783848440E-10,9.99999999999999778E-01,-1.233491956130302,3.26433757646462919E+00,9.99999999766459813E-01,1.00000000000000000E+00,3.11162998129088592E-10,2.60695445507662057E-10,0,1,CONSISTENT_NUMERICALLY,NONE
RATIO_POS,D2,9.99999999999999955E-07,3.26433757635814503E+00,3.26433757646462919E+00,2.30046847048390110E-10,7.04727503389944875E-11,1.96139993136057507E-10,9.99999999999999778E-01,-0.514805039567822,3.26433757646462919E+00,9.99999999967379538E-01,1.00000000000000000E+00,7.04727503389944746E-11,6.00856953490952139E-11,0,1,CONSISTENT_NUMERICALLY,NONE
RATIO_POS,D2,3.00000000000000008E-06,3.26433757656414203E+00,3.26433757646462919E+00,1.30674804470591303E-10,4.00310327610578083E-11,1.06568531776929402E-10,1.00000000000000000E+00,-1.9179847683755586,3.26433757646462919E+00,1.00000000003048495E+00,1.00000000000000000E+00,4.00310327622781711E-11,3.26462963099380672E-11,0,1,CONSISTENT_NUMERICALLY,NONE
RATIO_POS,D2,1.00000000000000008E-05,3.26433757646526290E+00,3.26433757646462919E+00,1.29813060711587706E-11,3.97670454328910834E-12,8.72990568723253091E-12,9.99999999999999778E-01,0.25221867075968335,3.26433757646462919E+00,1.00000000000019407E+00,1.00000000000000000E+00,3.97670454328988140E-12,2.67432686808306986E-12,0,1,CONSISTENT_NUMERICALLY,NONE
RATIO_POS,D2,3.00000000000000008E-05,3.26433757644965095E+00,3.26433757646462919E+00,1.71260527918813702E-11,5.24640984295177330E-12,1.30109256701871297E-11,9.99999999999999778E-01,-1.175000738750196,3.26433757646462919E+00,9.99999999995411559E-01,1.00000000000000000E+00,5.24640984295177411E-12,3.98577823690598032E-12,0,1,CONSISTENT_NUMERICALLY,NONE
RATIO_POS,D2,1.00000000000000005E-04,3.26433757646862910E+00,3.26433757646462919E+00,4.16173445900561269E-12,1.27490933811685993E-12,2.76356715289694006E-12,1.00000000000000000E+00,-1.7722624387218424,3.26433757646462919E+00,1.00000000000122524E+00,1.00000000000000000E+00,1.27490933811842160E-12,8.46593554790973017E-13,0,1,CONSISTENT_NUMERICALLY,NONE
RATIO_POS,D2,2.99999999999999974E-04,3.26433757646522205E+00,3.26433757646462919E+00,5.93868497216730216E-13,1.81926189710991510E-13,3.11972669919668988E-13,1.00000000000000000E+00,-0.7039572713391009,3.26433757646462919E+00,1.00000000000018163E+00,1.00000000000000000E+00,1.81926189711024554E-13,9.55699778628729598E-14,0,1,CONSISTENT_NUMERICALLY,NONE
RATIO_POS,D2,1.00000000000000002E-03,3.26433757646464517E+00,3.26433757646462919E+00,2.54452072901023316E-13,7.79490683609386141E-14,1.82298620643450704E-13,9.99999999999999778E-01,-0.7222360496876712,3.26433757646462919E+00,1.00000000000000488E+00,1.00000000000000000E+00,7.79490683609389928E-14,5.58455173134652680E-14,0,1,CONSISTENT_NUMERICALLY,NONE
RATIO_POS,D2,3.00000000000000006E-03,3.26433757646452083E+00,3.26433757646462919E+00,1.15083171810430196E-13,3.52546785112428723E-14,8.14903700074864901E-14,1.00000000000000000E+00,-3.6701420956978605,3.26433757646462919E+00,9.99999999999966804E-01,1.00000000000000000E+00,3.52546785112428723E-14,2.49638305164942200E-14,0,1,CONSISTENT_NUMERICALLY,NONE
RATIO_POS,D2,1.00000000000000002E-02,3.26433757646463008E+00,3.26433757646462919E+00,1.38666811331198405E-15,4.24793110648128690E-16,1.11022302462515693E-15,9.99999999999999778E-01,,3.26433757646462919E+00,1.00000000000000022E+00,1.00000000000000000E+00,4.24793110648128887E-16,3.40106682786024915E-16,0,1,CONSISTENT_NUMERICALLY,NONE
RATIO_POS,D3,9.99999999999999955E-08,1.68608601641289590E+00,1.68608601576362704E+00,5.88747210842296592E-09,3.49179819482069516E-09,4.22309565095702138E-09,9.99999999999999889E-01,-1.0722662135175074,3.26433757646462919E+00,5.16517050371663844E-01,5.16517050172766279E-01,1.80357330408188551E-09,1.29370677879790681E-09,0,1,CONSISTENT_NUMERICALLY,NONE
RATIO_POS,D3,2.99999999999999986E-07,1.68608601425404103E+00,1.68608601576362704E+00,1.81270804141370109E-09,1.07509820048695894E-09,1.49858792042323309E-09,1.00000000000000000E+00,-1.2050611897006276,3.26433757646462919E+00,5.16517049710318310E-01,5.16517050172766279E-01,5.55306551161573085E-10,4.59078721278038472E-10,0,1,CONSISTENT_NUMERICALLY,NONE
RATIO_POS,D3,9.99999999999999955E-07,1.68608601575450900E+00,1.68608601576362704E+00,4.24841543960589099E-10,2.51969081048441496E-10,3.57844864851131206E-10,1.00000000000000000E+00,-1.3529965771839885,3.26433757646462919E+00,5.16517050169973069E-01,5.16517050172766279E-01,1.30146326477883640E-10,1.09622505782225928E-10,0,1,CONSISTENT_NUMERICALLY,NONE
RATIO_POS,D3,3.00000000000000008E-06,1.68608601574754702E+00,1.68608601576362704E+00,9.60911860609837622E-11,5.69906785078602022E-11,6.87242762698048182E-11,1.00000000000000000E+00,-0.02304592697872594,3.26433757646462919E+00,5.16517050167840330E-01,5.16517050172766279E-01,2.94366571502244130E-11,2.10530543058096254E-11,0,1,CONSISTENT_NUMERICALLY,NONE
RATIO_POS,D3,1.00000000000000008E-05,1.68608601579676898E+00,1.68608601576362704E+00,9.34616251767653633E-11,5.54311134195603779E-11,6.40398567508526639E-11,1.00000000000000000E+00,-1.6525838020406693,3.26433757646462919E+00,5.16517050182918935E-01,5.16517050172766279E-01,2.86311151918261370E-11,1.96180251737964108E-11,0,1,CONSISTENT_NUMERICALLY,NONE
RATIO_POS,D3,3.00000000000000008E-05,1.68608601576246109E+00,1.68608601576362704E+00,1.52107445000114303E-11,9.02133364359972957E-12,1.16823772877694393E-11,9.99999999999999889E-01,-1.098900972539747,3.26433757646462919E+00,5.16517050172409120E-01,5.16517050172766279E-01,4.65967264221646469E-12,3.57878957495008451E-12,0,1,CONSISTENT_NUMERICALLY,NONE
RATIO_POS,D3,1.00000000000000005E-04,1.68608601576202211E+00,1.68608601576362704E+00,4.05096517503462173E-12,2.40258512149508810E-12,2.88635781942048197E-12,9.99999999999999889E-01,-1.6589344871254048,3.26433757646462919E+00,5.16517050172274561E-01,5.16517050172766279E-01,1.24097617974361974E-12,8.84209353907107202E-13,0,1,CONSISTENT_NUMERICALLY,NONE
RATIO_POS,D3,2.99999999999999974E-04,1.68608601576383799E+00,1.68608601576362704E+00,6.54704921682056932E-13,3.88298648800227179E-13,4.67625937972115935E-13,9.99999999999999889E-01,0.17257377235591662,3.26433757646462919E+00,5.16517050172830894E-01,5.16517050172766279E-01,2.00562872664389402E-13,1.43252934789473627E-13,0,1,CONSISTENT_NUMERICALLY,NONE
RATIO_POS,D3,1.00000000000000002E-03,1.68608601576372097E+00,1.68608601576362704E+00,8.05899271632932049E-13,4.77970438102409712E-13,6.32272012524026650E-13,1.00000000000000000E+00,-1.781164915182745,3.26433757646462919E+00,5.16517050172795034E-01,5.16517050172766279E-01,2.46879880758455127E-13,1.93690755846641119E-13,0,1,CONSISTENT_NUMERICALLY,NONE
RATIO_POS,D3,3.00000000000000006E-03,1.68608601576351402E+00,1.68608601576362704E+00,1.13880436749148802E-13,6.75412972318452310E-14,8.23785484271866153E-14,1.00000000000000000E+00,-0.6481625908521713,3.26433757646462919E+00,5.16517050172731640E-01,5.16517050172766279E-01,3.48862316110347191E-14,2.52359158627230390E-14,0,1,CONSISTENT_NUMERICALLY,NONE
RATIO_POS,D3,1.00000000000000002E-02,1.68608601576365191E+00,1.68608601576362704E+00,5.21841581653074126E-14,3.09498789963408021E-14,3.93018950717305415E-14,1.00000000000000000E+00,,3.26433757646462919E+00,5.16517050172773828E-01,5.16517050172766279E-01,1.59861402023942471E-14,1.20397765706252772E-14,0,1,CONSISTENT_NUMERICALLY,NONE
SE_CLIP_HIGH,D1,9.99999999999999955E-08,0.00000000000000000E+00,4.56957047189287599E-27,4.56957047189287599E-27,1.00000000000000000E+00,3.23117426778526400E-27,0.00000000000000000E+00,-0.0,1.00000000000000000E+00,0.00000000000000000E+00,4.56957047189287599E-27,4.56957047189287599E-27,3.23117426778526400E-27,0,1,NULLSPACE_CONSISTENT,NONE
SE_CLIP_HIGH,D1,2.99999999999999986E-07,0.00000000000000000E+00,4.56957047189287599E-27,4.56957047189287599E-27,1.00000000000000000E+00,3.23117426778526400E-27,0.00000000000000000E+00,-0.0,1.00000000000000000E+00,0.00000000000000000E+00,4.56957047189287599E-27,4.56957047189287599E-27,3.23117426778526400E-27,0,1,NULLSPACE_CONSISTENT,NONE
SE_CLIP_HIGH,D1,9.99999999999999955E-07,0.00000000000000000E+00,4.56957047189287599E-27,4.56957047189287599E-27,1.00000000000000000E+00,3.23117426778526400E-27,0.00000000000000000E+00,-0.0,1.00000000000000000E+00,0.00000000000000000E+00,4.56957047189287599E-27,4.56957047189287599E-27,3.23117426778526400E-27,0,1,NULLSPACE_CONSISTENT,NONE
SE_CLIP_HIGH,D1,3.00000000000000008E-06,0.00000000000000000E+00,4.56957047189287599E-27,4.56957047189287599E-27,1.00000000000000000E+00,3.23117426778526400E-27,0.00000000000000000E+00,-0.0,1.00000000000000000E+00,0.00000000000000000E+00,4.56957047189287599E-27,4.56957047189287599E-27,3.23117426778526400E-27,0,1,NULLSPACE_CONSISTENT,NONE
SE_CLIP_HIGH,D1,1.00000000000000008E-05,0.00000000000000000E+00,4.56957047189287599E-27,4.56957047189287599E-27,1.00000000000000000E+00,3.23117426778526400E-27,0.00000000000000000E+00,-0.0,1.00000000000000000E+00,0.00000000000000000E+00,4.56957047189287599E-27,4.56957047189287599E-27,3.23117426778526400E-27,0,1,NULLSPACE_CONSISTENT,NONE
SE_CLIP_HIGH,D1,3.00000000000000008E-05,0.00000000000000000E+00,4.56957047189287599E-27,4.56957047189287599E-27,1.00000000000000000E+00,3.23117426778526400E-27,0.00000000000000000E+00,-0.0,1.00000000000000000E+00,0.00000000000000000E+00,4.56957047189287599E-27,4.56957047189287599E-27,3.23117426778526400E-27,0,1,NULLSPACE_CONSISTENT,NONE
SE_CLIP_HIGH,D1,1.00000000000000005E-04,0.00000000000000000E+00,4.56957047189287599E-27,4.56957047189287599E-27,1.00000000000000000E+00,3.23117426778526400E-27,0.00000000000000000E+00,-0.0,1.00000000000000000E+00,0.00000000000000000E+00,4.56957047189287599E-27,4.56957047189287599E-27,3.23117426778526400E-27,0,1,NULLSPACE_CONSISTENT,NONE
SE_CLIP_HIGH,D1,2.99999999999999974E-04,0.00000000000000000E+00,4.56957047189287599E-27,4.56957047189287599E-27,1.00000000000000000E+00,3.23117426778526400E-27,0.00000000000000000E+00,-0.0,1.00000000000000000E+00,0.00000000000000000E+00,4.56957047189287599E-27,4.56957047189287599E-27,3.23117426778526400E-27,0,1,NULLSPACE_CONSISTENT,NONE
SE_CLIP_HIGH,D1,1.00000000000000002E-03,0.00000000000000000E+00,4.56957047189287599E-27,4.56957047189287599E-27,1.00000000000000000E+00,3.23117426778526400E-27,0.00000000000000000E+00,-0.0,1.00000000000000000E+00,0.00000000000000000E+00,4.56957047189287599E-27,4.56957047189287599E-27,3.23117426778526400E-27,0,1,NULLSPACE_CONSISTENT,NONE
SE_CLIP_HIGH,D1,3.00000000000000006E-03,0.00000000000000000E+00,4.56957047189287599E-27,4.56957047189287599E-27,1.00000000000000000E+00,3.23117426778526400E-27,0.00000000000000000E+00,-0.0,1.00000000000000000E+00,0.00000000000000000E+00,4.56957047189287599E-27,4.56957047189287599E-27,3.23117426778526400E-27,0,1,NULLSPACE_CONSISTENT,NONE
SE_CLIP_HIGH,D1,1.00000000000000002E-02,0.00000000000000000E+00,4.56957047189287599E-27,4.56957047189287599E-27,1.00000000000000000E+00,3.23117426778526400E-27,0.00000000000000000E+00,,1.00000000000000000E+00,0.00000000000000000E+00,4.56957047189287599E-27,4.56957047189287599E-27,3.23117426778526400E-27,0,1,NULLSPACE_CONSISTENT,NONE
SE_CLIP_HIGH,D2,9.99999999999999955E-08,3.27421875865056704E-11,2.93790381898712770E-11,4.89997051544789567E-12,1.49653119618292307E-01,2.65771566483243206E-12,9.93399267798782737E-01,-0.37146017105941265,1.00000000000000000E+00,3.27421875865056704E-11,2.93790381898712770E-11,4.89997051544789567E-12,2.65771566483243206E-12,0,1,INCONCLUSIVE,EXPLAINED_NEAR_NULL_ROUNDOFF
SE_CLIP_HIGH,D2,2.99999999999999986E-07,3.18689052072777776E-11,2.93790381898712770E-11,3.17118352051401601E-12,9.95071371259350634E-02,2.65771566483242883E-12,9.97940265578331598E-01,-0.9361774251390912,1.00000000000000000E+00,3.18689052072777776E-11,2.93790381898712770E-11,3.17118352051401601E-12,2.65771566483242883E-12,0,1,INCONCLUSIVE,EXPLAINED_NEAR_NULL_ROUNDOFF
SE_CLIP_HIGH,D2,9.99999999999999955E-07,3.03576608295941177E-11,2.93790381898712770E-11,9.78622639722843961E-13,3.22364310351881608E-02,4.89311319861423596E-13,9.99999999999999778E-01,-1.6874301228951603,1.00000000000000000E+00,3.03576608295941177E-11,2.93790381898712770E-11,9.78622639722843961E-13,4.89311319861423596E-13,0,1,INCONCLUSIVE,EXPLAINED_NEAR_NULL_ROUNDOFF
SE_CLIP_HIGH,D2,3.00000000000000008E-06,2.93460948596076772E-11,2.93790381898712770E-11,1.48345969222235099E-13,5.04938140804687442E-03,8.89298387975164104E-14,9.99987866948961801E-01,-0.7594472942383356,1.00000000000000000E+00,2.93460948596076772E-11,2.93790381898712770E-11,1.48345969222235099E-13,8.89298387975164104E-14,0,1,INCONCLUSIVE,EXPLAINED_NEAR_NULL_ROUNDOFF
SE_CLIP_HIGH,D2,1.00000000000000008E-05,2.94252709303442314E-11,2.93790381898712770E-11,5.95469879500780756E-14,2.02366829828137286E-03,5.56304508672218224E-14,9.99999185425082371E-01,-2.3725134635237457,1.00000000000000000E+00,2.94252709303442314E-11,2.93790381898712770E-11,5.95469879500780756E-14,5.56304508672218224E-14,0,1,INCONCLUSIVE,EXPLAINED_NEAR_NULL_ROUNDOFF
SE_CLIP_HIGH,D2,3.00000000000000008E-05,2.93746508598739313E-11,2.93790381898712770E-11,4.38732999734888013E-15,1.49335385624075890E-04,2.19366499867605604E-15,9.99999999999999778E-01,-0.11601348299594963,1.00000000000000000E+00,2.93746508598739313E-11,2.93790381898712770E-11,4.38732999734888013E-15,2.19366499867605604E-15,0,1,INCONCLUSIVE,EXPLAINED_NEAR_NULL_ROUNDOFF
SE_CLIP_HIGH,D2,1.00000000000000005E-04,2.93797107100746824E-11,2.93790381898712770E-11,3.81548067715294035E-15,1.29867877693042196E-04,3.58874658791437839E-15,9.99999991828970369E-01,-0.8828473799554897,1.00000000000000000E+00,2.93797107100746824E-11,2.93790381898712770E-11,3.81548067715294035E-15,3.58874658791437839E-15,0,1,INCONCLUSIVE,EXPLAINED_NEAR_NULL_ROUNDOFF
SE_CLIP_HIGH,D2,2.99999999999999974E-04,2.93789877041295571E-11,2.93790381898712770E-11,1.44648544316908499E-15,4.92352892501353304E-05,7.48062102027639346E-16,9.99999998789417366E-01,-1.4968068361447315,1.00000000000000000E+00,2.93789877041295571E-11,2.93790381898712770E-11,1.44648544316908499E-15,7.48062102027639346E-16,0,1,INCONCLUSIVE,EXPLAINED_NEAR_NULL_ROUNDOFF
SE_CLIP_HIGH,D2,1.00000000000000002E-03,2.93792767891431985E-11,2.93790381898712770E-11,2.38599271924759576E-16,8.12134599626806819E-06,1.19299635963995400E-16,9.99999999999999778E-01,0.25055346809705437,1.00000000000000000E+00,2.93792767891431985E-11,2.93790381898712770E-11,2.38599271924759576E-16,1.19299635963995400E-16,0,1,CONSISTENT_NUMERICALLY,NONE
SE_CLIP_HIGH,D2,3.00000000000000006E-03,2.93792767898545092E-11,2.93790381898712770E-11,3.14205294765408880E-16,1.06947933746930394E-05,2.63859925626575183E-16,9.99999999975788922E-01,-1.4132315405356017,1.00000000000000000E+00,2.93792767898545092E-11,2.93790381898712770E-11,3.14205294765408880E-16,2.63859925626575183E-16,0,1,INCONCLUSIVE,EXPLAINED_NEAR_NULL_ROUNDOFF
SE_CLIP_HIGH,D2,1.00000000000000002E-02,2.93789948966023728E-11,2.93790381898712770E-11,5.73140683674693988E-17,1.95084903723053095E-06,5.41727116336853283E-17,9.99999999999182654E-01,,1.00000000000000000E+00,2.93789948966023728E-11,2.93790381898712770E-11,5.73140683674693988E-17,5.41727116336853283E-17,0,1,CONSISTENT_NUMERICALLY,NONE
SE_CLIP_HIGH,D3,9.99999999999999955E-08,1.67963878318330394E-11,1.51747741427453602E-11,7.64466818618899077E-12,4.55137632134248293E-01,5.89673299591965836E-12,8.90515113060110330E-01,-1.3839482267157777,1.00000000000000000E+00,1.67963878318330394E-11,1.51747741427453602E-11,7.64466818618899077E-12,5.89673299591965836E-12,0,1,INCONCLUSIVE,EXPLAINED_NEAR_NULL_ROUNDOFF
SE_CLIP_HIGH,D3,2.99999999999999986E-07,1.57032669437232391E-11,1.51747741427453602E-11,1.56250582399793691E-12,9.95019590253152647E-02,1.33128148731703800E-12,9.95463326644172031E-01,-1.5548130224067849,1.00000000000000000E+00,1.57032669437232391E-11,1.51747741427453602E-11,1.56250582399793691E-12,1.33128148731703800E-12,0,1,INCONCLUSIVE,EXPLAINED_NEAR_NULL_ROUNDOFF
SE_CLIP_HIGH,D3,9.99999999999999955E-07,1.51540283877470088E-11,1.51747741427453602E-11,2.32260408170739175E-13,1.53056912732883396E-02,1.74799169999166491E-13,9.99883643343823514E-01,-0.2564718609178994,1.00000000000000000E+00,1.51540283877470088E-11,1.51747741427453602E-11,2.32260408170739175E-13,1.74799169999166491E-13,0,1,INCONCLUSIVE,EXPLAINED_NEAR_NULL_ROUNDOFF
SE_CLIP_HIGH,D3,3.00000000000000008E-06,1.51326385134534803E-11,1.51747741427453602E-11,1.75229414098605688E-13,1.15474149697561094E-02,1.14321409330301493E-13,9.99937008697555529E-01,-0.7142521112254204,1.00000000000000000E+00,1.51326385134534803E-11,1.51747741427453602E-11,1.75229414098605688E-13,1.14321409330301493E-13,0,1,INCONCLUSIVE,EXPLAINED_NEAR_NULL_ROUNDOFF
SE_CLIP_HIGH,D3,1.00000000000000008E-05,1.52053856275851393E-11,1.51747741427453602E-11,7.43044739906986092E-14,4.88672078502880823E-03,6.10087964211482241E-14,9.99990066469249150E-01,-1.1640973705979283,1.00000000000000000E+00,1.52053856275851393E-11,1.51747741427453602E-11,7.43044739906986092E-14,6.10087964211482241E-14,0,1,INCONCLUSIVE,EXPLAINED_NEAR_NULL_ROUNDOFF
SE_CLIP_HIGH,D3,3.00000000000000008E-05,1.51651323093047113E-11,1.51747741427453602E-11,2.06406877072567001E-14,1.36019735866213499E-03,1.57828513679590112E-14,9.99999276329212594E-01,-1.4504864421256713,1.00000000000000000E+00,1.51651323093047113E-11,1.51747741427453602E-11,2.06406877072567001E-14,1.57828513679590112E-14,0,1,INCONCLUSIVE,EXPLAINED_NEAR_NULL_ROUNDOFF
SE_CLIP_HIGH,D3,1.00000000000000005E-04,1.51734357052078390E-11,1.51747741427453602E-11,3.59994306423072032E-15,2.37232068851038106E-04,3.00998628845626084E-15,9.99999975748084302E-01,-0.8537865953964225,1.00000000000000000E+00,1.51734357052078390E-11,1.51747741427453602E-11,3.59994306423072032E-15,3.00998628845626084E-15,0,1,INCONCLUSIVE,EXPLAINED_NEAR_NULL_ROUNDOFF
SE_CLIP_HIGH,D3,2.99999999999999974E-04,1.51750155400650499E-11,1.51747741427453602E-11,1.40910322571625806E-15,9.28567896353019222E-05,1.32682240148595805E-15,9.99999995815266773E-01,-1.0144951216637406,1.00000000000000000E+00,1.51750155400650499E-11,1.51747741427453602E-11,1.40910322571625806E-15,1.32682240148595805E-15,0,1,INCONCLUSIVE,EXPLAINED_NEAR_NULL_ROUNDOFF
SE_CLIP_HIGH,D3,1.00000000000000002E-03,1.51744451624265791E-11,1.51747741427453602E-11,4.15410973010101819E-16,2.73751008813991693E-05,3.05937638679680376E-16,9.99999999860297417E-01,-0.7577434794070247,1.00000000000000000E+00,1.51744451624265791E-11,1.51747741427453602E-11,4.15410973010101819E-16,3.05937638679680376E-16,0,1,INCONCLUSIVE,EXPLAINED_NEAR_NULL_ROUNDOFF
SE_CLIP_HIGH,D3,3.00000000000000006E-03,1.51748600304115491E-11,1.51747741427453602E-11,1.80694487066089809E-16,1.19074895388797393E-05,1.48914472297395889E-16,9.99999999945122564E-01,-1.0809024465453783,1.00000000000000000E+00,1.51748600304115491E-11,1.51747741427453602E-11,1.80694487066089809E-16,1.48914472297395889E-16,0,1,INCONCLUSIVE,EXPLAINED_NEAR_NULL_ROUNDOFF
SE_CLIP_HIGH,D3,1.00000000000000002E-02,1.51747961714126515E-11,1.51747741427453602E-11,4.91770145493940474E-17,3.24070346605624704E-06,4.10070565156810372E-17,9.99999999995802247E-01,,1.00000000000000000E+00,1.51747961714126515E-11,1.51747741427453602E-11,4.91770145493940474E-17,4.10070565156810372E-17,0,1,CONSISTENT_NUMERICALLY,NONE
SE_CLIP_LOW,D1,9.99999999999999955E-08,5.58570184480636416E-09,6.28036983473510067E-16,5.58570208754306664E-09,1.00000004345679505E+00,3.88578103027725774E-09,-3.86500602909468582E-01,-4.220597339738075e-08,2.93789794301346490E+01,1.90125795829278888E-10,2.13770864630280196E-17,1.90125804091536687E-10,1.32263989616042567E-10,0,1,INCONCLUSIVE,NONE
SE_CLIP_LOW,D1,2.99999999999999986E-07,1.18799051479671605E-08,6.28036983473510067E-16,1.18799051133823007E-08,9.99999997088793169E-01,6.47630053289087024E-09,5.50682167045908194E-02,1.0478018819818866e-08,2.93789794301346490E+01,4.04367523256498388E-10,2.13770864630280196E-17,4.04367522079300952E-10,2.20439942384383511E-10,0,1,INCONCLUSIVE,NONE
SE_CLIP_LOW,D1,9.99999999999999955E-07,3.56397154439014807E-09,6.28036983473510067E-16,3.56397157897507985E-09,1.00000000970404290E+00,1.94289073718323380E-09,-5.50682167045908125E-02,-5.709447662956702e-07,2.93789794301346490E+01,1.21310256976949506E-10,2.13770864630280196E-17,1.21310258154149423E-10,6.61320023659626951E-11,0,1,INCONCLUSIVE,NONE
SE_CLIP_LOW,D1,3.00000000000000008E-06,3.82584207428155500E-10,6.28036983473510067E-16,3.82583971166069882E-10,9.99999382457297026E-01,2.68303453528536297E-10,3.76192062431223107E-01,1.631384744727079e-06,2.93789794301346490E+01,1.30223790903958587E-11,2.13770864630280196E-17,1.30223710485206741E-11,9.13249740912823111E-12,0,1,NULLSPACE_CONSISTENT,NONE
SE_CLIP_LOW,D1,1.00000000000000008E-05,1.73799554797385487E-10,6.28036983473510067E-16,1.73799788836018692E-10,1.00000134660087903E+00,1.22124976797977095E-10,-3.72649481157819373E-01,4.395486263798954e-06,2.93789794301346490E+01,5.91577917846647685E-12,2.13770864630280196E-17,5.91578714465991679E-12,4.15688288588782257E-12,0,1,NULLSPACE_CONSISTENT,NONE
SE_CLIP_LOW,D1,3.00000000000000008E-05,3.82584207428155487E-11,6.28036983473510067E-16,3.82586570097689182E-11,1.00000617555426508E+00,2.68308338509844686E-11,-3.76192062431223218E-01,-1.631350484968185e-05,2.93789794301346490E+01,1.30223790903958575E-12,2.13770864630280196E-17,1.30224595108045834E-12,9.13266368383903239E-13,0,1,NULLSPACE_CONSISTENT,NONE
SE_CLIP_LOW,D1,1.00000000000000005E-04,1.73799554797385494E-11,6.28036983473510067E-16,1.73797214518541494E-11,9.99986534609673239E-01,1.22120091816668703E-11,3.72649481157819484E-01,1.2256808998803472e-05,2.93789794301346490E+01,5.91577917846647786E-13,2.13770864630280196E-17,5.91569952019075117E-13,4.15671661117702068E-13,0,1,NULLSPACE_CONSISTENT,NONE
SE_CLIP_LOW,D1,2.99999999999999974E-04,0.00000000000000000E+00,6.28036983473510067E-16,6.28036983473510067E-16,1.00000000000000000E+00,4.44089209850062616E-16,0.00000000000000000E+00,0.000171063031236258,2.93789794301346490E+01,0.00000000000000000E+00,2.13770864630280196E-17,2.13770864630280196E-17,1.51158828000182589E-17,0,1,NULLSPACE_CONSISTENT,NONE
SE_CLIP_LOW,D1,1.00000000000000002E-03,1.14775262228446695E-12,6.28036983473510067E-16,1.14798903229240901E-12,1.00020597644767006E+00,8.05355782063088554E-13,-3.76192062431223218E-01,-0.0013705088063021285,2.93789794301346490E+01,3.90671372711875927E-14,2.13770864630280196E-17,3.90751841813433497E-14,2.74126534578331147E-14,0,1,NULLSPACE_CONSISTENT,NONE
SE_CLIP_LOW,D1,3.00000000000000006E-03,1.86190061493545507E-13,6.28036983473510067E-16,1.85948226980969901E-13,9.98701141668702830E-01,1.29526019539601605E-13,3.86500602909468527E-01,0.0010795115755335416,2.93789794301346490E+01,6.33752652764263048E-15,2.13770864630280196E-17,6.32929497851238566E-15,4.40879915000532592E-15,0,1,NULLSPACE_CONSISTENT,NONE
SE_CLIP_LOW,D1,1.00000000000000002E-02,0.00000000000000000E+00,6.28036983473510067E-16,6.28036983473510067E-16,1.00000000000000000E+00,4.44089209850062616E-16,0.00000000000000000E+00,,2.93789794301346490E+01,0.00000000000000000E+00,2.13770864630280196E-17,2.13770864630280196E-17,1.51158828000182589E-17,0,1,NULLSPACE_CONSISTENT,NONE
SE_CLIP_LOW,D2,9.99999999999999955E-08,2.93789794632293209E+01,2.93789794301346490E+01,3.48351792246872101E-08,1.18571781120875394E-09,2.39719497585610985E-08,9.99999999999999889E-01,-1.182570708833026,2.93789794301346490E+01,1.00000000112647447E+00,1.00000000000000000E+00,1.18571781254443515E-09,8.15955837253235438E-10,0,1,CONSISTENT_NUMERICALLY,NONE
SE_CLIP_LOW,D2,2.99999999999999986E-07,2.93789794229837291E+01,2.93789794301346490E+01,9.50141808298406211E-09,3.23408718317772878E-10,7.76192443652234942E-09,1.00000000000000000E+00,-1.2661654467729537,2.93789794301346490E+01,9.99999999756597369E-01,1.00000000000000000E+00,3.23408718317772930E-10,2.64199934343559183E-10,0,1,CONSISTENT_NUMERICALLY,NONE
SE_CLIP_LOW,D2,9.99999999999999955E-07,2.93789794291940396E+01,2.93789794301346490E+01,2.06889013261232306E-09,7.04207624887819558E-11,1.77134751311314197E-09,9.99999999999999889E-01,-0.5100741482602008,2.93789794301346490E+01,9.99999999967983610E-01,1.00000000000000000E+00,7.04207624887819687E-11,6.02930240420888432E-11,0,1,CONSISTENT_NUMERICALLY,NONE
SE_CLIP_LOW,D2,3.00000000000000008E-06,2.93789794310490393E+01,2.93789794301346490E+01,1.18132721902015795E-09,4.02099474487421520E-11,9.53322754071450618E-10,9.99999999999999889E-01,-1.8774899917351617,2.93789794301346490E+01,1.00000000003112399E+00,1.00000000000000000E+00,4.02099474499936246E-11,3.24491446797367980E-11,0,1,CONSISTENT_NUMERICALLY,NONE
SE_CLIP_LOW,D2,1.00000000000000008E-05,2.93789794301488314E+01,2.93789794301346490E+01,1.23216991153449413E-10,4.19405280725999691E-12,9.10489461602992378E-11,1.00000000000000000E+00,0.19873292469542894,2.93789794301346490E+01,1.00000000000048272E+00,1.00000000000000000E+00,4.19405280726202124E-12,3.09911875519094398E-12,0,1,CONSISTENT_NUMERICALLY,NONE
SE_CLIP_LOW,D2,3.00000000000000008E-05,2.93789794300008005E+01,2.93789794301346490E+01,1.53281697709080395E-10,5.21739354743739232E-12,1.17115206421658487E-10,9.99999999999999889E-01,-1.160330096319166,2.93789794301346490E+01,9.99999999995444089E-01,1.00000000000000000E+00,5.21739354743739232E-12,3.98636061202081478E-12,0,1,CONSISTENT_NUMERICALLY,NONE
SE_CLIP_LOW,D2,1.00000000000000005E-04,2.93789794301709009E+01,2.93789794301346490E+01,3.79121450271819228E-11,1.29045139628805004E-12,2.55493404210937992E-11,1.00000000000000000E+00,-1.8065346026987883,2.93789794301346490E+01,1.00000000000123390E+00,1.00000000000000000E+00,1.29045139628964180E-12,8.69646969250650462E-13,0,1,CONSISTENT_NUMERICALLY,NONE
SE_CLIP_LOW,D2,2.99999999999999974E-04,2.93789794301398608E+01,2.93789794301346490E+01,5.21005491278343498E-12,1.77339547317237489E-13,2.60591548340016703E-12,9.99999999999999889E-01,-0.7009423302300839,2.93789794301346490E+01,1.00000000000017741E+00,1.00000000000000000E+00,1.77339547317268968E-13,8.87000002705071350E-14,0,1,CONSISTENT_NUMERICALLY,NONE
SE_CLIP_LOW,D2,1.00000000000000002E-03,2.93789794301347911E+01,2.93789794301346490E+01,2.24044586423510811E-12,7.62601665440094769E-14,1.56852308919042096E-12,9.99999999999999889E-01,-0.6867553691391157,2.93789794301346490E+01,1.00000000000000488E+00,1.00000000000000000E+00,7.62601665440098556E-14,5.33892980496644868E-14,0,1,CONSISTENT_NUMERICALLY,NONE
SE_CLIP_LOW,D2,3.00000000000000006E-03,2.93789794301336684E+01,2.93789794301346490E+01,1.05358328297894593E-12,3.58618067548753271E-14,7.63833440942107700E-13,1.00000000000000000E+00,-3.732055162004751,2.93789794301346490E+01,9.99999999999966582E-01,1.00000000000000000E+00,3.58618067548753208E-14,2.59993184160314073E-14,0,1,CONSISTENT_NUMERICALLY,NONE
SE_CLIP_LOW,D2,1.00000000000000002E-02,2.93789794301346596E+01,2.93789794301346490E+01,1.17830182601444695E-14,4.01069692981178807E-16,8.88178419700125232E-15,9.99999999999999889E-01,,2.93789794301346490E+01,1.00000000000000044E+00,1.00000000000000000E+00,4.01069692981178758E-16,3.02317656000365191E-16,0,1,CONSISTENT_NUMERICALLY,NONE
SE_CLIP_LOW,D3,9.99999999999999955E-08,1.51747437984677909E+01,1.51747437923395303E+01,5.33289137147146510E-08,3.51432053304908783E-09,3.83831695316416699E-08,9.99999999999999889E-01,-1.0740447149870467,2.93789794301346490E+01,5.16517050381359755E-01,5.16517050172766390E-01,1.81520647582516239E-09,1.30648410108729757E-09,0,1,CONSISTENT_NUMERICALLY,NONE
SE_CLIP_LOW,D3,2.99999999999999986E-07,1.51747437786131201E+01,1.51747437923395303E+01,1.63875177530048612E-08,1.07992055597522301E-09,1.35757325381291594E-08,1.00000000000000000E+00,-1.2000756626377285,2.93789794301346490E+01,5.16517049705547682E-01,5.16517050172766390E-01,5.57797379993255779E-10,4.62089997728247817E-10,0,1,CONSISTENT_NUMERICALLY,NONE
SE_CLIP_LOW,D3,9.99999999999999955E-07,1.51747437921109096E+01,1.51747437923395303E+01,3.86383986028561219E-09,2.54623070620549523E-10,3.20433457545732381E-09,9.99999999999999889E-01,-1.39308947315509,2.93789794301346490E+01,5.16517050164984615E-01,5.16517050172766390E-01,1.31517157342858178E-10,1.09068954661187754E-10,0,1,CONSISTENT_NUMERICALLY,NONE
SE_CLIP_LOW,D3,3.00000000000000008E-06,1.51747437921914692E+01,1.51747437923395303E+01,8.36270007172128487E-10,5.51093328899755115E-11,6.03205263516315426E-10,9.99999999999999889E-01,-0.005105868303426871,2.93789794301346490E+01,5.16517050167726643E-01,5.16517050172766390E-01,2.84649100613191623E-11,2.05318658175578038E-11,0,1,CONSISTENT_NUMERICALLY,NONE
SE_CLIP_LOW,D3,1.00000000000000008E-05,1.51747437926324995E+01,1.51747437923395303E+01,8.31144951181192214E-10,5.47715969731707584E-11,5.70423486223603504E-10,9.99999999999999889E-01,-1.64009973330364,2.93789794301346490E+01,5.16517050182738413E-01,5.16517050172766390E-01,2.82904637023799758E-11,1.94160415810260554E-11,0,1,CONSISTENT_NUMERICALLY,NONE
SE_CLIP_LOW,D3,3.00000000000000008E-05,1.51747437923301796E+01,1.51747437923395303E+01,1.37135637089359894E-10,9.03709736164299204E-12,1.05949693463003301E-10,1.00000000000000000E+00,-1.0820800635664043,2.93789794301346490E+01,5.16517050172448089E-01,5.16517050172766390E-01,4.66781487135992675E-12,3.60630952872135627E-12,0,1,CONSISTENT_NUMERICALLY,NONE
SE_CLIP_LOW,D3,1.00000000000000005E-04,1.51747437923251205E+01,1.51747437923395303E+01,3.72695082505237828E-11,2.45602224067453900E-12,2.69695377141942994E-11,1.00000000000000000E+00,-1.646015737996043,2.93789794301346490E+01,5.16517050172275893E-01,5.16517050172766390E-01,1.26857736291192092E-12,9.17987562445108827E-13,0,1,CONSISTENT_NUMERICALLY,NONE
SE_CLIP_LOW,D3,2.99999999999999974E-04,1.51747437923413209E+01,1.51747437923395303E+01,6.10948451416108663E-12,4.02608742379198520E-13,4.23838741880899761E-12,1.00000000000000000E+00,0.14917155588303946,2.93789794301346490E+01,5.16517050172827341E-01,5.16517050172766390E-01,2.07954279987495330E-13,1.44265985443374271E-13,0,1,CONSISTENT_NUMERICALLY,NONE
SE_CLIP_LOW,D3,1.00000000000000002E-03,1.51747437923404007E+01,1.51747437923395303E+01,7.31144477973135004E-12,4.81816686975754564E-13,5.76427794385381276E-12,1.00000000000000000E+00,-1.7983154227278295,2.93789794301346490E+01,5.16517050172796033E-01,5.16517050172766390E-01,2.48866533880746202E-13,1.96204158744237008E-13,0,1,CONSISTENT_NUMERICALLY,NONE
SE_CLIP_LOW,D3,3.00000000000000006E-03,1.51747437923385302E+01,1.51747437923395303E+01,1.01388498955692694E-12,6.68139774503971472E-14,7.28306304154102691E-13,1.00000000000000000E+00,-0.6551766957836667,2.93789794301346490E+01,5.16517050172732306E-01,5.16517050172766390E-01,3.45105585429888487E-14,2.47900477920299475E-14,0,1,CONSISTENT_NUMERICALLY,NONE
SE_CLIP_LOW,D3,1.00000000000000002E-02,1.51747437923397506E+01,1.51747437923395303E+01,4.60692057368783291E-13,3.03591324949645473E-14,3.33955085807247087E-13,1.00000000000000000E+00,,2.93789794301346490E+01,5.16517050172773939E-01,5.16517050172766390E-01,1.56810095621034949E-14,1.13671438656137326E-14,0,1,CONSISTENT_NUMERICALLY,NONE
