run_id,state_id,block_id,direction_id,h,sigma,branch_id_plus,branch_id_minus,norm_fd,norm_kv,absolute_error_l2,relative_error_l2,absolute_error_inf,relative_error_inf,cosine_similarity,rhs_finite,amatrx_finite,candidate_svars_finite,replay_exact,branch_crossed,observed_slope,row_classification,series_classification
run1,BHIGH,KPS,D1,.1000000000000000E-01,-1,BRANCH_8,BRANCH_8,.2436157445678591E-04,.2436157445678995E-04,.1335001415926619E-16,.5479947194277229E-12,.1101312238020041E-16,.6543888738235218E-12,1.000000000000000,1,1,1,1,0,,ACTIVE_BOUND,CONSISTENT_NUMERICALLY
run1,BHIGH,KPS,D1,.3000000000000000E-02,-1,BRANCH_8,BRANCH_8,.2436157445676314E-04,.2436157445678995E-04,.5407401241181269E-16,.2219643582877765E-11,.4798949865963964E-16,.2851488696763389E-11,1.000000000000000,1,1,1,1,0,-1.16185038223200299e+00,ACTIVE_BOUND,CONSISTENT_NUMERICALLY
run1,BHIGH,KPS,D1,.1000000000000000E-02,-1,BRANCH_8,BRANCH_8,.2436157445683646E-04,.2436157445678995E-04,.1624866551160873E-15,.6669792849554087E-11,.1411173830784609E-15,.8385055772683459E-11,1.000000000000000,1,1,1,1,0,-1.00148357979954983e+00,ACTIVE_BOUND,CONSISTENT_NUMERICALLY
run1,BHIGH,KPS,D1,.3000000000000000E-03,-1,BRANCH_8,BRANCH_8,.2436157445695316E-04,.2436157445678995E-04,.3166019066841930E-15,.1299595423291002E-10,.2772711530860117E-15,.1647517855043269E-10,1.000000000000000,1,1,1,1,0,-5.54040167163954766e-01,ACTIVE_BOUND,CONSISTENT_NUMERICALLY
run1,BHIGH,KPS,D1,.1000000000000000E-03,-1,BRANCH_8,BRANCH_8,.2436157445577560E-04,.2436157445678995E-04,.1125935986373923E-14,.4621770191294461E-10,.8069310193994927E-15,.4794704560692388E-10,.9999999999999998,1,1,1,1,0,-1.15484306874983034e+00,ACTIVE_BOUND,CONSISTENT_NUMERICALLY
run1,BHIGH,KPS,D1,.3000000000000000E-04,-1,BRANCH_8,BRANCH_8,.2436157445498068E-04,.2436157445678995E-04,.3076990171179351E-14,.1263050619588237E-09,.2309521728049470E-14,.1372295040874459E-09,1.000000000000000,1,1,1,1,0,-8.35016555856976317e-01,ACTIVE_BOUND,CONSISTENT_NUMERICALLY
run1,BHIGH,KPS,D1,.1000000000000000E-04,-1,BRANCH_8,BRANCH_8,.2436157445634329E-04,.2436157445678995E-04,.1989440671695971E-13,.8166305815843865E-09,.1937452172166062E-13,.1151214979059935E-08,1.000000000000000,1,1,1,1,0,-1.69894942913697533e+00,ACTIVE_BOUND,CONSISTENT_NUMERICALLY
run1,BHIGH,KPS,D1,.3000000000000000E-05,-1,BRANCH_8,BRANCH_8,.2436157445262687E-04,.2436157445678995E-04,.2518436776131059E-13,.1033774225306333E-08,.1625029659988765E-13,.9655766025461370E-09,1.000000000000000,1,1,1,1,0,-1.95839018566046102e-01,ACTIVE_BOUND,CONSISTENT_NUMERICALLY
run1,BHIGH,KPS,D1,.1000000000000000E-05,-1,BRANCH_8,BRANCH_8,.2436157455064689E-04,.2436157445678995E-04,.1777132368466298E-12,.7294817355798165E-08,.1585707883359697E-12,.9422119905526326E-08,1.000000000000000,1,1,1,1,0,-1.77855988622148242e+00,ACTIVE_BOUND,CONSISTENT_NUMERICALLY
run1,BHIGH,KPS,D1,.3000000000000000E-06,-1,BRANCH_8,BRANCH_8,.2436157439091383E-04,.2436157445678995E-04,.2441384224224366E-12,.1002145501127048E-07,.1797395791027661E-12,.1067994858225058E-07,.9999999999999998,1,1,1,1,0,-2.63763555179596265e-01,ACTIVE_BOUND,CONSISTENT_NUMERICALLY
run1,BHIGH,KPS,D1,.1000000000000000E-06,-1,BRANCH_8,BRANCH_8,.2436157395355998E-04,.2436157445678995E-04,.1119593218832238E-11,.4595734240486208E-07,.9889334986898585E-12,.5876145348729328E-07,.9999999999999991,1,1,1,1,0,-1.38628099021683782e+00,ACTIVE_BOUND,CONSISTENT_NUMERICALLY
run1,BHIGH,KPS,D2,.1000000000000000E-01,-1,BRANCH_8,BRANCH_8,.2370370370363521E-06,.2370370370370385E-06,.1879082997682219E-16,.7927381396471812E-10,.1660565741444693E-16,.1401102344283922E-09,1.000000000000000,1,1,1,1,0,,ACTIVE_BOUND,CONSISTENT_NUMERICALLY
run1,BHIGH,KPS,D2,.3000000000000000E-02,-1,BRANCH_8,BRANCH_8,.2370370370345451E-06,.2370370370370385E-06,.5929948549890499E-16,.2501697044485039E-09,.4844647293468334E-16,.4087671152192995E-09,1.000000000000000,1,1,1,1,0,-9.54532894719256508e-01,ACTIVE_BOUND,CONSISTENT_NUMERICALLY
run1,BHIGH,KPS,D2,.1000000000000000E-02,-1,BRANCH_8,BRANCH_8,.2370370369441949E-06,.2370370370370385E-06,.1040379664588304E-15,.4389101709981880E-09,.5997427370945914E-16,.5060329344235554E-09,1.000000000000000,1,1,1,1,0,-5.11695773568215051e-01,ACTIVE_BOUND,CONSISTENT_NUMERICALLY
run1,BHIGH,KPS,D2,.3000000000000000E-03,-1,BRANCH_8,BRANCH_8,.2370370371339303E-06,.2370370370370385E-06,.4531049542969691E-15,.1911536525158963E-08,.4098467779916745E-15,.3458082177346404E-08,1.000000000000000,1,1,1,1,0,-1.22209395920258723e+00,ACTIVE_BOUND,CONSISTENT_NUMERICALLY
run1,BHIGH,KPS,D2,.1000000000000000E-03,-1,BRANCH_8,BRANCH_8,.2370370357786776E-06,.2370370370370385E-06,.1546487554665706E-14,.6524244371245909E-08,.1035756123067295E-14,.8739192284807992E-08,1.000000000000000,1,1,1,1,0,-1.11742583939601592e+00,ACTIVE_BOUND,CONSISTENT_NUMERICALLY
run1,BHIGH,KPS,D2,.3000000000000000E-04,-1,BRANCH_8,BRANCH_8,.2370370393023347E-06,.2370370370370385E-06,.6146884845112779E-14,.2593217019249293E-07,.4746655878215276E-14,.4004990736844619E-07,.9999999999999998,1,1,1,1,0,-1.14617136997600588e+00,ACTIVE_BOUND,CONSISTENT_NUMERICALLY
run1,BHIGH,KPS,D2,.1000000000000000E-04,-1,BRANCH_8,BRANCH_8,.2370370284603132E-06,.2370370370370385E-06,.1382424108947943E-13,.5832101709624100E-07,.9709373516186220E-14,.8192283825990726E-07,.9999999999999989,1,1,1,1,0,-7.37729075081473784e-01,ACTIVE_BOUND,CONSISTENT_NUMERICALLY
run1,BHIGH,KPS,D2,.3000000000000000E-05,-1,BRANCH_8,BRANCH_8,.2370370609863809E-06,.2370370370370385E-06,.4335522750871811E-13,.1829048475723765E-06,.3004470657395534E-13,.2535021474543928E-06,.9999999999999885,1,1,1,1,0,-9.49360009174977204e-01,ACTIVE_BOUND,CONSISTENT_NUMERICALLY
run1,BHIGH,KPS,D2,.1000000000000000E-05,-1,BRANCH_8,BRANCH_8,.2370371694065954E-06,.2370370370370385E-06,.1323695568773702E-12,.5584337562279678E-06,.6618477899455045E-13,.5584337609180792E-06,1.000000000000000,1,1,1,1,0,-1.01598208142594215e+00,ACTIVE_BOUND,CONSISTENT_NUMERICALLY
run1,BHIGH,KPS,D2,.3000000000000000E-06,-1,BRANCH_8,BRANCH_8,.2370371332667296E-06,.2370370370370385E-06,.3274415621951284E-12,.1381393529707727E-05,.3191652859122465E-12,.2692949847886163E-05,.9999999999991283,1,1,1,1,0,-7.52269416501871624e-01,ACTIVE_BOUND,CONSISTENT_NUMERICALLY
run1,BHIGH,KPS,D2,.1000000000000000E-06,-1,BRANCH_8,BRANCH_8,.2370366815210418E-06,.2370370370370385E-06,.1642494862711595E-11,.6929275202064498E-05,.1126437611268900E-11,.9504233787713546E-05,.9999999999771173,1,1,1,1,0,-1.46790822945883703e+00,ACTIVE_BOUND,CONSISTENT_NUMERICALLY
run1,BHIGH,KPS,D3,.1000000000000000E-01,-1,BRANCH_8,BRANCH_8,.1509441145222341E-04,.1509441145222262E-04,.1340818013609812E-16,.8882877069130838E-12,.1049050305174451E-16,.9593252332557575E-12,.9999999999999999,1,1,1,1,0,,ACTIVE_BOUND,CONSISTENT_NUMERICALLY
run1,BHIGH,KPS,D3,.3000000000000000E-02,-1,BRANCH_8,BRANCH_8,.1509441145224332E-04,.1509441145222262E-04,.2198794544495748E-16,.1456694453740337E-11,.1741160926375940E-16,.1592239765423815E-11,1.000000000000000,1,1,1,1,0,-4.10831032452815659e-01,ACTIVE_BOUND,CONSISTENT_NUMERICALLY
run1,BHIGH,KPS,D3,.1000000000000000E-02,-1,BRANCH_8,BRANCH_8,.1509441145217787E-04,.1509441145222262E-04,.6476443695390205E-16,.4290623530363990E-11,.3759555736388212E-16,.3438001653456342E-11,1.000000000000000,1,1,1,1,0,-9.83297094471869082e-01,ACTIVE_BOUND,CONSISTENT_NUMERICALLY
run1,BHIGH,KPS,D3,.3000000000000000E-03,-1,BRANCH_8,BRANCH_8,.1509441145236378E-04,.1509441145222262E-04,.3194309394845431E-15,.2116219903589021E-10,.2523226446575835E-15,.2307415371239109E-10,1.000000000000000,1,1,1,1,0,-1.32543231259529692e+00,ACTIVE_BOUND,CONSISTENT_NUMERICALLY
run1,BHIGH,KPS,D3,.1000000000000000E-03,-1,BRANCH_8,BRANCH_8,.1509441145191664E-04,.1509441145222262E-04,.5165275372979841E-15,.3421978650395983E-10,.4704793683547176E-15,.4302393579818417E-10,.9999999999999999,1,1,1,1,0,-4.37449597719615335e-01,ACTIVE_BOUND,CONSISTENT_NUMERICALLY
run1,BHIGH,KPS,D3,.3000000000000000E-04,-1,BRANCH_8,BRANCH_8,.1509441145272419E-04,.1509441145222262E-04,.1347012409776641E-14,.8923914748153606E-10,.1274698188257102E-14,.1165673496057059E-09,1.000000000000000,1,1,1,1,0,-7.96127440330168024e-01,ACTIVE_BOUND,CONSISTENT_NUMERICALLY
run1,BHIGH,KPS,D3,.1000000000000000E-04,-1,BRANCH_8,BRANCH_8,.1509441145625275E-04,.1509441145222262E-04,.1501867190045075E-13,.9949822783073383E-09,.9567323960114416E-14,.8749032571973535E-09,1.000000000000000,1,1,1,1,0,-2.19495552247105641e+00,ACTIVE_BOUND,CONSISTENT_NUMERICALLY
run1,BHIGH,KPS,D3,.3000000000000000E-05,-1,BRANCH_8,BRANCH_8,.1509441145984060E-04,.1509441145222262E-04,.2847506575505704E-13,.1886464128185210E-08,.2322145187117343E-13,.2123532553488583E-08,1.000000000000000,1,1,1,1,0,-5.31353030483679767e-01,ACTIVE_BOUND,CONSISTENT_NUMERICALLY
run1,BHIGH,KPS,D3,.1000000000000000E-05,-1,BRANCH_8,BRANCH_8,.1509441147557092E-04,.1509441145222262E-04,.1260879282979088E-12,.8353285485954312E-08,.1071455190602933E-12,.9798138321417129E-08,.9999999999999999,1,1,1,1,0,-1.35439108410004350e+00,ACTIVE_BOUND,CONSISTENT_NUMERICALLY
run1,BHIGH,KPS,D3,.3000000000000000E-06,-1,BRANCH_8,BRANCH_8,.1509441178501258E-04,.1509441145222262E-04,.4370952974717904E-12,.2895742501909134E-07,.4123311562250365E-12,.3770645484432433E-07,.9999999999999997,1,1,1,1,0,-1.03255798774387952e+00,ACTIVE_BOUND,CONSISTENT_NUMERICALLY
run1,BHIGH,KPS,D3,.1000000000000000E-06,-1,BRANCH_8,BRANCH_8,.1509441186744054E-04,.1509441145222262E-04,.5580231091106708E-12,.3696885403758967E-07,.4445945124369449E-12,.4065684123091661E-07,.9999999999999997,1,1,1,1,0,-2.22325141344940413e-01,ACTIVE_BOUND,CONSISTENT_NUMERICALLY
run1,BHIGH,KPU,D1,.1000000000000000E-01,-1,BRANCH_8,BRANCH_8,.000000000000000,.1849632079338486E-23,.1849632079338486E-23,1.000000000000000,.1654361225106055E-23,1.000000000000000,.000000000000000,1,1,1,1,0,,NULLSPACE,NULLSPACE_CONSISTENT
run1,BHIGH,KPU,D1,.3000000000000000E-02,-1,BRANCH_8,BRANCH_8,.000000000000000,.1849632079338486E-23,.1849632079338486E-23,1.000000000000000,.1654361225106055E-23,1.000000000000000,.000000000000000,1,1,1,1,0,-0.00000000000000000e+00,NULLSPACE,NULLSPACE_CONSISTENT
run1,BHIGH,KPU,D1,.1000000000000000E-02,-1,BRANCH_8,BRANCH_8,.000000000000000,.1849632079338486E-23,.1849632079338486E-23,1.000000000000000,.1654361225106055E-23,1.000000000000000,.000000000000000,1,1,1,1,0,-0.00000000000000000e+00,NULLSPACE,NULLSPACE_CONSISTENT
run1,BHIGH,KPU,D1,.3000000000000000E-03,-1,BRANCH_8,BRANCH_8,.000000000000000,.1849632079338486E-23,.1849632079338486E-23,1.000000000000000,.1654361225106055E-23,1.000000000000000,.000000000000000,1,1,1,1,0,-0.00000000000000000e+00,NULLSPACE,NULLSPACE_CONSISTENT
run1,BHIGH,KPU,D1,.1000000000000000E-03,-1,BRANCH_8,BRANCH_8,.000000000000000,.1849632079338486E-23,.1849632079338486E-23,1.000000000000000,.1654361225106055E-23,1.000000000000000,.000000000000000,1,1,1,1,0,-0.00000000000000000e+00,NULLSPACE,NULLSPACE_CONSISTENT
run1,BHIGH,KPU,D1,.3000000000000000E-04,-1,BRANCH_8,BRANCH_8,.000000000000000,.1849632079338486E-23,.1849632079338486E-23,1.000000000000000,.1654361225106055E-23,1.000000000000000,.000000000000000,1,1,1,1,0,-0.00000000000000000e+00,NULLSPACE,NULLSPACE_CONSISTENT
run1,BHIGH,KPU,D1,.1000000000000000E-04,-1,BRANCH_8,BRANCH_8,.000000000000000,.1849632079338486E-23,.1849632079338486E-23,1.000000000000000,.1654361225106055E-23,1.000000000000000,.000000000000000,1,1,1,1,0,-0.00000000000000000e+00,NULLSPACE,NULLSPACE_CONSISTENT
run1,BHIGH,KPU,D1,.3000000000000000E-05,-1,BRANCH_8,BRANCH_8,.000000000000000,.1849632079338486E-23,.1849632079338486E-23,1.000000000000000,.1654361225106055E-23,1.000000000000000,.000000000000000,1,1,1,1,0,-0.00000000000000000e+00,NULLSPACE,NULLSPACE_CONSISTENT
run1,BHIGH,KPU,D1,.1000000000000000E-05,-1,BRANCH_8,BRANCH_8,.000000000000000,.1849632079338486E-23,.1849632079338486E-23,1.000000000000000,.1654361225106055E-23,1.000000000000000,.000000000000000,1,1,1,1,0,-0.00000000000000000e+00,NULLSPACE,NULLSPACE_CONSISTENT
run1,BHIGH,KPU,D1,.3000000000000000E-06,-1,BRANCH_8,BRANCH_8,.000000000000000,.1849632079338486E-23,.1849632079338486E-23,1.000000000000000,.1654361225106055E-23,1.000000000000000,.000000000000000,1,1,1,1,0,-0.00000000000000000e+00,NULLSPACE,NULLSPACE_CONSISTENT
run1,BHIGH,KPU,D1,.1000000000000000E-06,-1,BRANCH_8,BRANCH_8,.000000000000000,.1849632079338486E-23,.1849632079338486E-23,1.000000000000000,.1654361225106055E-23,1.000000000000000,.000000000000000,1,1,1,1,0,-0.00000000000000000e+00,NULLSPACE,NULLSPACE_CONSISTENT
run1,BHIGH,KPU,D2,.1000000000000000E-01,-1,BRANCH_8,BRANCH_8,.000000000000000,.4454503923864526E-23,.4454503923864526E-23,1.000000000000000,.3308722450212111E-23,1.000000000000000,.000000000000000,1,1,1,1,0,,NULLSPACE,NULLSPACE_CONSISTENT
run1,BHIGH,KPU,D2,.3000000000000000E-02,-1,BRANCH_8,BRANCH_8,.000000000000000,.4454503923864526E-23,.4454503923864526E-23,1.000000000000000,.3308722450212111E-23,1.000000000000000,.000000000000000,1,1,1,1,0,-0.00000000000000000e+00,NULLSPACE,NULLSPACE_CONSISTENT
run1,BHIGH,KPU,D2,.1000000000000000E-02,-1,BRANCH_8,BRANCH_8,.000000000000000,.4454503923864526E-23,.4454503923864526E-23,1.000000000000000,.3308722450212111E-23,1.000000000000000,.000000000000000,1,1,1,1,0,-0.00000000000000000e+00,NULLSPACE,NULLSPACE_CONSISTENT
run1,BHIGH,KPU,D2,.3000000000000000E-03,-1,BRANCH_8,BRANCH_8,.000000000000000,.4454503923864526E-23,.4454503923864526E-23,1.000000000000000,.3308722450212111E-23,1.000000000000000,.000000000000000,1,1,1,1,0,-0.00000000000000000e+00,NULLSPACE,NULLSPACE_CONSISTENT
run1,BHIGH,KPU,D2,.1000000000000000E-03,-1,BRANCH_8,BRANCH_8,.000000000000000,.4454503923864526E-23,.4454503923864526E-23,1.000000000000000,.3308722450212111E-23,1.000000000000000,.000000000000000,1,1,1,1,0,-0.00000000000000000e+00,NULLSPACE,NULLSPACE_CONSISTENT
run1,BHIGH,KPU,D2,.3000000000000000E-04,-1,BRANCH_8,BRANCH_8,.000000000000000,.4454503923864526E-23,.4454503923864526E-23,1.000000000000000,.3308722450212111E-23,1.000000000000000,.000000000000000,1,1,1,1,0,-0.00000000000000000e+00,NULLSPACE,NULLSPACE_CONSISTENT
run1,BHIGH,KPU,D2,.1000000000000000E-04,-1,BRANCH_8,BRANCH_8,.000000000000000,.4454503923864526E-23,.4454503923864526E-23,1.000000000000000,.3308722450212111E-23,1.000000000000000,.000000000000000,1,1,1,1,0,-0.00000000000000000e+00,NULLSPACE,NULLSPACE_CONSISTENT
run1,BHIGH,KPU,D2,.3000000000000000E-05,-1,BRANCH_8,BRANCH_8,.000000000000000,.4454503923864526E-23,.4454503923864526E-23,1.000000000000000,.3308722450212111E-23,1.000000000000000,.000000000000000,1,1,1,1,0,-0.00000000000000000e+00,NULLSPACE,NULLSPACE_CONSISTENT
run1,BHIGH,KPU,D2,.1000000000000000E-05,-1,BRANCH_8,BRANCH_8,.000000000000000,.4454503923864526E-23,.4454503923864526E-23,1.000000000000000,.3308722450212111E-23,1.000000000000000,.000000000000000,1,1,1,1,0,-0.00000000000000000e+00,NULLSPACE,NULLSPACE_CONSISTENT
run1,BHIGH,KPU,D2,.3000000000000000E-06,-1,BRANCH_8,BRANCH_8,.000000000000000,.4454503923864526E-23,.4454503923864526E-23,1.000000000000000,.3308722450212111E-23,1.000000000000000,.000000000000000,1,1,1,1,0,-0.00000000000000000e+00,NULLSPACE,NULLSPACE_CONSISTENT
run1,BHIGH,KPU,D2,.1000000000000000E-06,-1,BRANCH_8,BRANCH_8,.000000000000000,.4454503923864526E-23,.4454503923864526E-23,1.000000000000000,.3308722450212111E-23,1.000000000000000,.000000000000000,1,1,1,1,0,-0.00000000000000000e+00,NULLSPACE,NULLSPACE_CONSISTENT
run1,BHIGH,KPU,D3,.1000000000000000E-01,-1,BRANCH_8,BRANCH_8,.5988071690217206E-07,.5988071690736757E-07,.9352205543149719E-17,.1561805874438194E-09,.8755911924665711E-17,.2195345760242142E-09,.9999999999999998,1,1,1,1,0,,ACTIVE_BOUND,CONSISTENT_NUMERICALLY
run1,BHIGH,KPU,D3,.3000000000000000E-02,-1,BRANCH_8,BRANCH_8,.5988071692033217E-07,.5988071690736757E-07,.4512075700191928E-16,.7535106345161137E-09,.4184019166380613E-16,.1049047639665040E-08,1.000000000000000,1,1,1,1,0,-1.30711439367056492e+00,ACTIVE_BOUND,CONSISTENT_NUMERICALLY
run1,BHIGH,KPU,D3,.1000000000000000E-02,-1,BRANCH_8,BRANCH_8,.5988071704053516E-07,.5988071690736757E-07,.1560646767987486E-15,.2606259318723647E-08,.1279703266237758E-15,.3208564858875313E-08,.9999999999999998,1,1,1,1,0,-1.12954146282412604e+00,ACTIVE_BOUND,CONSISTENT_NUMERICALLY
run1,BHIGH,KPU,D3,.3000000000000000E-03,-1,BRANCH_8,BRANCH_8,.5988071706640246E-07,.5988071690736757E-07,.1966667382309736E-15,.3284308336068980E-08,.1502604089123566E-15,.3767437974669605E-08,1.000000000000000,1,1,1,1,0,-1.92064218638852258e-01,ACTIVE_BOUND,CONSISTENT_NUMERICALLY
run1,BHIGH,KPU,D3,.1000000000000000E-03,-1,BRANCH_8,BRANCH_8,.5988071736823485E-07,.5988071690736757E-07,.1767884336659624E-14,.2952343282375972E-07,.1595863303353881E-14,.4001264251042270E-07,.9999999999999996,1,1,1,1,0,-1.99891101815420602e+00,ACTIVE_BOUND,CONSISTENT_NUMERICALLY
run1,BHIGH,KPU,D3,.3000000000000000E-04,-1,BRANCH_8,BRANCH_8,.5988071390464160E-07,.5988071690736757E-07,.4128684174263508E-14,.6894847602860820E-07,.3102346108544157E-14,.7778427232702147E-07,.9999999999999989,1,1,1,1,0,-7.04480375016570237e-01,ACTIVE_BOUND,CONSISTENT_NUMERICALLY
run1,BHIGH,KPU,D3,.1000000000000000E-04,-1,BRANCH_8,BRANCH_8,.5988072356348858E-07,.5988071690736757E-07,.9899146297533658E-14,.1653144068481083E-06,.8441575188834280E-14,.2116532719186537E-06,.9999999999999926,1,1,1,1,0,-7.95994888765337860e-01,ACTIVE_BOUND,CONSISTENT_NUMERICALLY
run1,BHIGH,KPU,D3,.3000000000000000E-05,-1,BRANCH_8,BRANCH_8,.5988072636057464E-07,.5988071690736757E-07,.3291576766929565E-13,.5496888509850698E-06,.2647408311802153E-13,.6637769777829609E-06,.9999999999998614,1,1,1,1,0,-9.97948855871674367e-01,ACTIVE_BOUND,CONSISTENT_NUMERICALLY
run1,BHIGH,KPU,D3,.1000000000000000E-05,-1,BRANCH_8,BRANCH_8,.5988068314891668E-07,.5988071690736757E-07,.7791945227870269E-13,.1301244479073958E-05,.5369844749340685E-13,.1346365539078747E-05,.9999999999993123,1,1,1,1,0,-7.84374829494418058e-01,ACTIVE_BOUND,CONSISTENT_NUMERICALLY
run1,BHIGH,KPU,D3,.3000000000000000E-06,-1,BRANCH_8,BRANCH_8,.5988106733317392E-07,.5988071690736757E-07,.5066653382614118E-12,.8461194177491236E-05,.4522625663353677E-12,.1133939626944674E-04,.9999999999813270,1,1,1,1,0,-1.55499780938351195e+00,ACTIVE_BOUND,CONSISTENT_NUMERICALLY
run1,BHIGH,KPU,D3,.1000000000000000E-06,-1,BRANCH_8,BRANCH_8,.5988019427628929E-07,.5988071690736757E-07,.6247759897187188E-12,.1043367584735526E-04,.5156270031247307E-12,.1292817430001110E-04,.9999999999836569,1,1,1,1,0,-1.90733771945662323e-01,ACTIVE_BOUND,CONSISTENT_NUMERICALLY
run1,BHIGH,KSU,D1,.1000000000000000E-01,-1,BRANCH_8,BRANCH_8,.000000000000000,.7018860244827456E-23,.7018860244827456E-23,1.000000000000000,.6617444900424221E-23,1.000000000000000,.000000000000000,1,1,1,1,0,,NULLSPACE,NULLSPACE_CONSISTENT
run1,BHIGH,KSU,D1,.3000000000000000E-02,-1,BRANCH_8,BRANCH_8,.000000000000000,.7018860244827456E-23,.7018860244827456E-23,1.000000000000000,.6617444900424221E-23,1.000000000000000,.000000000000000,1,1,1,1,0,-0.00000000000000000e+00,NULLSPACE,NULLSPACE_CONSISTENT
run1,BHIGH,KSU,D1,.1000000000000000E-02,-1,BRANCH_8,BRANCH_8,.000000000000000,.7018860244827456E-23,.7018860244827456E-23,1.000000000000000,.6617444900424221E-23,1.000000000000000,.000000000000000,1,1,1,1,0,-0.00000000000000000e+00,NULLSPACE,NULLSPACE_CONSISTENT
run1,BHIGH,KSU,D1,.3000000000000000E-03,-1,BRANCH_8,BRANCH_8,.000000000000000,.7018860244827456E-23,.7018860244827456E-23,1.000000000000000,.6617444900424221E-23,1.000000000000000,.000000000000000,1,1,1,1,0,-0.00000000000000000e+00,NULLSPACE,NULLSPACE_CONSISTENT
run1,BHIGH,KSU,D1,.1000000000000000E-03,-1,BRANCH_8,BRANCH_8,.000000000000000,.7018860244827456E-23,.7018860244827456E-23,1.000000000000000,.6617444900424221E-23,1.000000000000000,.000000000000000,1,1,1,1,0,-0.00000000000000000e+00,NULLSPACE,NULLSPACE_CONSISTENT
run1,BHIGH,KSU,D1,.3000000000000000E-04,-1,BRANCH_8,BRANCH_8,.000000000000000,.7018860244827456E-23,.7018860244827456E-23,1.000000000000000,.6617444900424221E-23,1.000000000000000,.000000000000000,1,1,1,1,0,-0.00000000000000000e+00,NULLSPACE,NULLSPACE_CONSISTENT
run1,BHIGH,KSU,D1,.1000000000000000E-04,-1,BRANCH_8,BRANCH_8,.000000000000000,.7018860244827456E-23,.7018860244827456E-23,1.000000000000000,.6617444900424221E-23,1.000000000000000,.000000000000000,1,1,1,1,0,-0.00000000000000000e+00,NULLSPACE,NULLSPACE_CONSISTENT
run1,BHIGH,KSU,D1,.3000000000000000E-05,-1,BRANCH_8,BRANCH_8,.000000000000000,.7018860244827456E-23,.7018860244827456E-23,1.000000000000000,.6617444900424221E-23,1.000000000000000,.000000000000000,1,1,1,1,0,-0.00000000000000000e+00,NULLSPACE,NULLSPACE_CONSISTENT
run1,BHIGH,KSU,D1,.1000000000000000E-05,-1,BRANCH_8,BRANCH_8,.000000000000000,.7018860244827456E-23,.7018860244827456E-23,1.000000000000000,.6617444900424221E-23,1.000000000000000,.000000000000000,1,1,1,1,0,-0.00000000000000000e+00,NULLSPACE,NULLSPACE_CONSISTENT
run1,BHIGH,KSU,D1,.3000000000000000E-06,-1,BRANCH_8,BRANCH_8,.000000000000000,.7018860244827456E-23,.7018860244827456E-23,1.000000000000000,.6617444900424221E-23,1.000000000000000,.000000000000000,1,1,1,1,0,-0.00000000000000000e+00,NULLSPACE,NULLSPACE_CONSISTENT
run1,BHIGH,KSU,D1,.1000000000000000E-06,-1,BRANCH_8,BRANCH_8,.000000000000000,.7018860244827456E-23,.7018860244827456E-23,1.000000000000000,.6617444900424221E-23,1.000000000000000,.000000000000000,1,1,1,1,0,-0.00000000000000000e+00,NULLSPACE,NULLSPACE_CONSISTENT
run1,BHIGH,KSU,D2,.1000000000000000E-01,-1,BRANCH_8,BRANCH_8,.000000000000000,.1072148612141270E-22,.1072148612141270E-22,1.000000000000000,.8271806125530277E-23,1.000000000000000,.000000000000000,1,1,1,1,0,,NULLSPACE,NULLSPACE_CONSISTENT
run1,BHIGH,KSU,D2,.3000000000000000E-02,-1,BRANCH_8,BRANCH_8,.000000000000000,.1072148612141270E-22,.1072148612141270E-22,1.000000000000000,.8271806125530277E-23,1.000000000000000,.000000000000000,1,1,1,1,0,-0.00000000000000000e+00,NULLSPACE,NULLSPACE_CONSISTENT
run1,BHIGH,KSU,D2,.1000000000000000E-02,-1,BRANCH_8,BRANCH_8,.000000000000000,.1072148612141270E-22,.1072148612141270E-22,1.000000000000000,.8271806125530277E-23,1.000000000000000,.000000000000000,1,1,1,1,0,-0.00000000000000000e+00,NULLSPACE,NULLSPACE_CONSISTENT
run1,BHIGH,KSU,D2,.3000000000000000E-03,-1,BRANCH_8,BRANCH_8,.000000000000000,.1072148612141270E-22,.1072148612141270E-22,1.000000000000000,.8271806125530277E-23,1.000000000000000,.000000000000000,1,1,1,1,0,-0.00000000000000000e+00,NULLSPACE,NULLSPACE_CONSISTENT
run1,BHIGH,KSU,D2,.1000000000000000E-03,-1,BRANCH_8,BRANCH_8,.000000000000000,.1072148612141270E-22,.1072148612141270E-22,1.000000000000000,.8271806125530277E-23,1.000000000000000,.000000000000000,1,1,1,1,0,-0.00000000000000000e+00,NULLSPACE,NULLSPACE_CONSISTENT
run1,BHIGH,KSU,D2,.3000000000000000E-04,-1,BRANCH_8,BRANCH_8,.000000000000000,.1072148612141270E-22,.1072148612141270E-22,1.000000000000000,.8271806125530277E-23,1.000000000000000,.000000000000000,1,1,1,1,0,-0.00000000000000000e+00,NULLSPACE,NULLSPACE_CONSISTENT
run1,BHIGH,KSU,D2,.1000000000000000E-04,-1,BRANCH_8,BRANCH_8,.000000000000000,.1072148612141270E-22,.1072148612141270E-22,1.000000000000000,.8271806125530277E-23,1.000000000000000,.000000000000000,1,1,1,1,0,-0.00000000000000000e+00,NULLSPACE,NULLSPACE_CONSISTENT
run1,BHIGH,KSU,D2,.3000000000000000E-05,-1,BRANCH_8,BRANCH_8,.000000000000000,.1072148612141270E-22,.1072148612141270E-22,1.000000000000000,.8271806125530277E-23,1.000000000000000,.000000000000000,1,1,1,1,0,-0.00000000000000000e+00,NULLSPACE,NULLSPACE_CONSISTENT
run1,BHIGH,KSU,D2,.1000000000000000E-05,-1,BRANCH_8,BRANCH_8,.000000000000000,.1072148612141270E-22,.1072148612141270E-22,1.000000000000000,.8271806125530277E-23,1.000000000000000,.000000000000000,1,1,1,1,0,-0.00000000000000000e+00,NULLSPACE,NULLSPACE_CONSISTENT
run1,BHIGH,KSU,D2,.3000000000000000E-06,-1,BRANCH_8,BRANCH_8,.000000000000000,.1072148612141270E-22,.1072148612141270E-22,1.000000000000000,.8271806125530277E-23,1.000000000000000,.000000000000000,1,1,1,1,0,-0.00000000000000000e+00,NULLSPACE,NULLSPACE_CONSISTENT
run1,BHIGH,KSU,D2,.1000000000000000E-06,-1,BRANCH_8,BRANCH_8,.000000000000000,.1072148612141270E-22,.1072148612141270E-22,1.000000000000000,.8271806125530277E-23,1.000000000000000,.000000000000000,1,1,1,1,0,-0.00000000000000000e+00,NULLSPACE,NULLSPACE_CONSISTENT
run1,BHIGH,KSU,D3,.1000000000000000E-01,-1,BRANCH_8,BRANCH_8,.1483851695551901E-06,.1483851699957261E-06,.5213522139674959E-15,.3513506194604976E-08,.3479431088121578E-15,.3405297003845859E-08,1.000000000000000,1,1,1,1,0,,ACTIVE_BOUND,CONSISTENT_NUMERICALLY
run1,BHIGH,KSU,D3,.3000000000000000E-02,-1,BRANCH_8,BRANCH_8,.1483851692630525E-06,.1483851699957261E-06,.1111713203085753E-14,.7492077564879114E-08,.1094462242870926E-14,.1071143213381715E-07,1.000000000000000,1,1,1,1,0,-6.28944175565568142e-01,ACTIVE_BOUND,CONSISTENT_NUMERICALLY
run1,BHIGH,KSU,D3,.1000000000000000E-02,-1,BRANCH_8,BRANCH_8,.1483851757375829E-06,.1483851699957261E-06,.9516796292923635E-14,.6413576184829914E-07,.9390320133636285E-14,.9190246285967286E-07,.9999999999999987,1,1,1,1,0,-1.95442563203747444e+00,ACTIVE_BOUND,CONSISTENT_NUMERICALLY
run1,BHIGH,KSU,D3,.3000000000000000E-03,-1,BRANCH_8,BRANCH_8,.1483851540661774E-06,.1483851699957261E-06,.1955038630203628E-13,.1317543141447315E-06,.1836525546875774E-13,.1797395833937530E-06,.9999999999999972,1,1,1,1,0,-5.97967640988632865e-01,ACTIVE_BOUND,CONSISTENT_NUMERICALLY
run1,BHIGH,KSU,D3,.1000000000000000E-03,-1,BRANCH_8,BRANCH_8,.1483852481165274E-06,.1483851699957261E-06,.8439213972358248E-13,.5687367227860081E-06,.6366854753134150E-13,.6231196237485526E-06,.9999999999999769,1,1,1,1,0,-1.33120595425859434e+00,ACTIVE_BOUND,CONSISTENT_NUMERICALLY
run1,BHIGH,KSU,D3,.3000000000000000E-04,-1,BRANCH_8,BRANCH_8,.1483851720306818E-06,.1483851699957261E-06,.6912584168520711E-13,.4658541061698124E-06,.4149490183276169E-13,.4061077953416323E-06,.9999999999998916,1,1,1,1,0,1.65739316755783322e-01,ACTIVE_BOUND,CONSISTENT_NUMERICALLY
run1,BHIGH,KSU,D3,.1000000000000000E-04,-1,BRANCH_8,BRANCH_8,.1483843242122204E-06,.1483851699957261E-06,.1913584610370345E-11,.1289606374023403E-04,.1891866609550179E-11,.1851552852911356E-04,.9999999999330900,1,1,1,1,0,-3.02272687069986112e+00,ACTIVE_BOUND,CONSISTENT_NUMERICALLY
run1,BHIGH,KSU,D3,.3000000000000000E-05,-1,BRANCH_8,BRANCH_8,.1483861469596898E-06,.1483851699957261E-06,.1467415379769717E-11,.9889166946078541E-05,.1346283878948684E-11,.1317592953763463E-04,.9999999999727762,1,1,1,1,0,2.20499693464352026e-01,ACTIVE_BOUND,CONSISTENT_NUMERICALLY
run1,BHIGH,KSU,D3,.1000000000000000E-05,-1,BRANCH_8,BRANCH_8,.1483797251513603E-06,.1483851699957261E-06,.1097880159628649E-10,.7398853670216985E-04,.1021853929422562E-10,.1000081920320297E-03,.9999999979359971,1,1,1,1,0,-1.83182338158562685e+00,ACTIVE_BOUND,CONSISTENT_NUMERICALLY
run1,BHIGH,KSU,D3,.3000000000000000E-06,-1,BRANCH_8,BRANCH_8,.1483882557115694E-06,.1483851699957261E-06,.1498543215866064E-10,.1009879931993315E-03,.9754990366663927E-11,.9546235432570851E-04,.9999999951168245,1,1,1,1,0,-2.58404718747145268e-01,ACTIVE_BOUND,CONSISTENT_NUMERICALLY
run1,BHIGH,KSU,D3,.1000000000000000E-06,-1,BRANCH_8,BRANCH_8,.1484263315487918E-06,.1483851699957261E-06,.4345679259960495E-10,.2927835792082452E-03,.3288463671301253E-10,.3217362935982346E-03,.9999999955907871,1,1,1,1,0,-9.69121356197863104e-01,ACTIVE_BOUND,CONSISTENT_NUMERICALLY
run1,BLOW,KPS,D1,.1000000000000000E-01,-1,BRANCH_4,BRANCH_4,.2436157445678591E-04,.2436157445678995E-04,.1335001415926619E-16,.5479947194277229E-12,.1101312238020041E-16,.6543888738235218E-12,1.000000000000000,1,1,1,1,0,,ACTIVE_BOUND,CONSISTENT_NUMERICALLY
run1,BLOW,KPS,D1,.3000000000000000E-02,-1,BRANCH_4,BRANCH_4,.2436157445676314E-04,.2436157445678995E-04,.5407401241181269E-16,.2219643582877765E-11,.4798949865963964E-16,.2851488696763389E-11,1.000000000000000,1,1,1,1,0,-1.16185038223200299e+00,ACTIVE_BOUND,CONSISTENT_NUMERICALLY
run1,BLOW,KPS,D1,.1000000000000000E-02,-1,BRANCH_4,BRANCH_4,.2436157445683646E-04,.2436157445678995E-04,.1624866551160873E-15,.6669792849554087E-11,.1411173830784609E-15,.8385055772683459E-11,1.000000000000000,1,1,1,1,0,-1.00148357979954983e+00,ACTIVE_BOUND,CONSISTENT_NUMERICALLY
run1,BLOW,KPS,D1,.3000000000000000E-03,-1,BRANCH_4,BRANCH_4,.2436157445695316E-04,.2436157445678995E-04,.3166019066841930E-15,.1299595423291002E-10,.2772711530860117E-15,.1647517855043269E-10,1.000000000000000,1,1,1,1,0,-5.54040167163954766e-01,ACTIVE_BOUND,CONSISTENT_NUMERICALLY
run1,BLOW,KPS,D1,.1000000000000000E-03,-1,BRANCH_4,BRANCH_4,.2436157445577560E-04,.2436157445678995E-04,.1125935986373923E-14,.4621770191294461E-10,.8069310193994927E-15,.4794704560692388E-10,.9999999999999998,1,1,1,1,0,-1.15484306874983034e+00,ACTIVE_BOUND,CONSISTENT_NUMERICALLY
run1,BLOW,KPS,D1,.3000000000000000E-04,-1,BRANCH_4,BRANCH_4,.2436157445498068E-04,.2436157445678995E-04,.3076990171179351E-14,.1263050619588237E-09,.2309521728049470E-14,.1372295040874459E-09,1.000000000000000,1,1,1,1,0,-8.35016555856976317e-01,ACTIVE_BOUND,CONSISTENT_NUMERICALLY
run1,BLOW,KPS,D1,.1000000000000000E-04,-1,BRANCH_4,BRANCH_4,.2436157445634329E-04,.2436157445678995E-04,.1989440671695971E-13,.8166305815843865E-09,.1937452172166062E-13,.1151214979059935E-08,1.000000000000000,1,1,1,1,0,-1.69894942913697533e+00,ACTIVE_BOUND,CONSISTENT_NUMERICALLY
run1,BLOW,KPS,D1,.3000000000000000E-05,-1,BRANCH_4,BRANCH_4,.2436157445262687E-04,.2436157445678995E-04,.2518436776131059E-13,.1033774225306333E-08,.1625029659988765E-13,.9655766025461370E-09,1.000000000000000,1,1,1,1,0,-1.95839018566046102e-01,ACTIVE_BOUND,CONSISTENT_NUMERICALLY
run1,BLOW,KPS,D1,.1000000000000000E-05,-1,BRANCH_4,BRANCH_4,.2436157455064689E-04,.2436157445678995E-04,.1777132368466298E-12,.7294817355798165E-08,.1585707883359697E-12,.9422119905526326E-08,1.000000000000000,1,1,1,1,0,-1.77855988622148242e+00,ACTIVE_BOUND,CONSISTENT_NUMERICALLY
run1,BLOW,KPS,D1,.3000000000000000E-06,-1,BRANCH_4,BRANCH_4,.2436157439091383E-04,.2436157445678995E-04,.2441384224224366E-12,.1002145501127048E-07,.1797395791027661E-12,.1067994858225058E-07,.9999999999999998,1,1,1,1,0,-2.63763555179596265e-01,ACTIVE_BOUND,CONSISTENT_NUMERICALLY
run1,BLOW,KPS,D1,.1000000000000000E-06,-1,BRANCH_4,BRANCH_4,.2436157395355998E-04,.2436157445678995E-04,.1119593218832238E-11,.4595734240486208E-07,.9889334986898585E-12,.5876145348729328E-07,.9999999999999991,1,1,1,1,0,-1.38628099021683782e+00,ACTIVE_BOUND,CONSISTENT_NUMERICALLY
run1,BLOW,KPS,D2,.1000000000000000E-01,-1,BRANCH_4,BRANCH_4,.2370370370363521E-06,.2370370370370385E-06,.1879082997682219E-16,.7927381396471812E-10,.1660565741444693E-16,.1401102344283922E-09,1.000000000000000,1,1,1,1,0,,ACTIVE_BOUND,CONSISTENT_NUMERICALLY
run1,BLOW,KPS,D2,.3000000000000000E-02,-1,BRANCH_4,BRANCH_4,.2370370370345451E-06,.2370370370370385E-06,.5929948549890499E-16,.2501697044485039E-09,.4844647293468334E-16,.4087671152192995E-09,1.000000000000000,1,1,1,1,0,-9.54532894719256508e-01,ACTIVE_BOUND,CONSISTENT_NUMERICALLY
run1,BLOW,KPS,D2,.1000000000000000E-02,-1,BRANCH_4,BRANCH_4,.2370370369441949E-06,.2370370370370385E-06,.1040379664588304E-15,.4389101709981880E-09,.5997427370945914E-16,.5060329344235554E-09,1.000000000000000,1,1,1,1,0,-5.11695773568215051e-01,ACTIVE_BOUND,CONSISTENT_NUMERICALLY
run1,BLOW,KPS,D2,.3000000000000000E-03,-1,BRANCH_4,BRANCH_4,.2370370371339303E-06,.2370370370370385E-06,.4531049542969691E-15,.1911536525158963E-08,.4098467779916745E-15,.3458082177346404E-08,1.000000000000000,1,1,1,1,0,-1.22209395920258723e+00,ACTIVE_BOUND,CONSISTENT_NUMERICALLY
run1,BLOW,KPS,D2,.1000000000000000E-03,-1,BRANCH_4,BRANCH_4,.2370370357786776E-06,.2370370370370385E-06,.1546487554665706E-14,.6524244371245909E-08,.1035756123067295E-14,.8739192284807992E-08,1.000000000000000,1,1,1,1,0,-1.11742583939601592e+00,ACTIVE_BOUND,CONSISTENT_NUMERICALLY
run1,BLOW,KPS,D2,.3000000000000000E-04,-1,BRANCH_4,BRANCH_4,.2370370393023347E-06,.2370370370370385E-06,.6146884845112779E-14,.2593217019249293E-07,.4746655878215276E-14,.4004990736844619E-07,.9999999999999998,1,1,1,1,0,-1.14617136997600588e+00,ACTIVE_BOUND,CONSISTENT_NUMERICALLY
run1,BLOW,KPS,D2,.1000000000000000E-04,-1,BRANCH_4,BRANCH_4,.2370370284603132E-06,.2370370370370385E-06,.1382424108947943E-13,.5832101709624100E-07,.9709373516186220E-14,.8192283825990726E-07,.9999999999999989,1,1,1,1,0,-7.37729075081473784e-01,ACTIVE_BOUND,CONSISTENT_NUMERICALLY
run1,BLOW,KPS,D2,.3000000000000000E-05,-1,BRANCH_4,BRANCH_4,.2370370609863809E-06,.2370370370370385E-06,.4335522750871811E-13,.1829048475723765E-06,.3004470657395534E-13,.2535021474543928E-06,.9999999999999885,1,1,1,1,0,-9.49360009174977204e-01,ACTIVE_BOUND,CONSISTENT_NUMERICALLY
run1,BLOW,KPS,D2,.1000000000000000E-05,-1,BRANCH_4,BRANCH_4,.2370371694065954E-06,.2370370370370385E-06,.1323695568773702E-12,.5584337562279678E-06,.6618477899455045E-13,.5584337609180792E-06,1.000000000000000,1,1,1,1,0,-1.01598208142594215e+00,ACTIVE_BOUND,CONSISTENT_NUMERICALLY
run1,BLOW,KPS,D2,.3000000000000000E-06,-1,BRANCH_4,BRANCH_4,.2370371332667296E-06,.2370370370370385E-06,.3274415621951284E-12,.1381393529707727E-05,.3191652859122465E-12,.2692949847886163E-05,.9999999999991283,1,1,1,1,0,-7.52269416501871624e-01,ACTIVE_BOUND,CONSISTENT_NUMERICALLY
run1,BLOW,KPS,D2,.1000000000000000E-06,-1,BRANCH_4,BRANCH_4,.2370366815210418E-06,.2370370370370385E-06,.1642494862711595E-11,.6929275202064498E-05,.1126437611268900E-11,.9504233787713546E-05,.9999999999771173,1,1,1,1,0,-1.46790822945883703e+00,ACTIVE_BOUND,CONSISTENT_NUMERICALLY
run1,BLOW,KPS,D3,.1000000000000000E-01,-1,BRANCH_4,BRANCH_4,.1509441145222341E-04,.1509441145222262E-04,.1340818013609812E-16,.8882877069130838E-12,.1049050305174451E-16,.9593252332557575E-12,.9999999999999999,1,1,1,1,0,,ACTIVE_BOUND,CONSISTENT_NUMERICALLY
run1,BLOW,KPS,D3,.3000000000000000E-02,-1,BRANCH_4,BRANCH_4,.1509441145224332E-04,.1509441145222262E-04,.2198794544495748E-16,.1456694453740337E-11,.1741160926375940E-16,.1592239765423815E-11,1.000000000000000,1,1,1,1,0,-4.10831032452815659e-01,ACTIVE_BOUND,CONSISTENT_NUMERICALLY
run1,BLOW,KPS,D3,.1000000000000000E-02,-1,BRANCH_4,BRANCH_4,.1509441145217787E-04,.1509441145222262E-04,.6476443695390205E-16,.4290623530363990E-11,.3759555736388212E-16,.3438001653456342E-11,1.000000000000000,1,1,1,1,0,-9.83297094471869082e-01,ACTIVE_BOUND,CONSISTENT_NUMERICALLY
run1,BLOW,KPS,D3,.3000000000000000E-03,-1,BRANCH_4,BRANCH_4,.1509441145236378E-04,.1509441145222262E-04,.3194309394845431E-15,.2116219903589021E-10,.2523226446575835E-15,.2307415371239109E-10,1.000000000000000,1,1,1,1,0,-1.32543231259529692e+00,ACTIVE_BOUND,CONSISTENT_NUMERICALLY
run1,BLOW,KPS,D3,.1000000000000000E-03,-1,BRANCH_4,BRANCH_4,.1509441145191664E-04,.1509441145222262E-04,.5165275372979841E-15,.3421978650395983E-10,.4704793683547176E-15,.4302393579818417E-10,.9999999999999999,1,1,1,1,0,-4.37449597719615335e-01,ACTIVE_BOUND,CONSISTENT_NUMERICALLY
run1,BLOW,KPS,D3,.3000000000000000E-04,-1,BRANCH_4,BRANCH_4,.1509441145272419E-04,.1509441145222262E-04,.1347012409776641E-14,.8923914748153606E-10,.1274698188257102E-14,.1165673496057059E-09,1.000000000000000,1,1,1,1,0,-7.96127440330168024e-01,ACTIVE_BOUND,CONSISTENT_NUMERICALLY
run1,BLOW,KPS,D3,.1000000000000000E-04,-1,BRANCH_4,BRANCH_4,.1509441145625275E-04,.1509441145222262E-04,.1501867190045075E-13,.9949822783073383E-09,.9567323960114416E-14,.8749032571973535E-09,1.000000000000000,1,1,1,1,0,-2.19495552247105641e+00,ACTIVE_BOUND,CONSISTENT_NUMERICALLY
run1,BLOW,KPS,D3,.3000000000000000E-05,-1,BRANCH_4,BRANCH_4,.1509441145984060E-04,.1509441145222262E-04,.2847506575505704E-13,.1886464128185210E-08,.2322145187117343E-13,.2123532553488583E-08,1.000000000000000,1,1,1,1,0,-5.31353030483679767e-01,ACTIVE_BOUND,CONSISTENT_NUMERICALLY
run1,BLOW,KPS,D3,.1000000000000000E-05,-1,BRANCH_4,BRANCH_4,.1509441147557092E-04,.1509441145222262E-04,.1260879282979088E-12,.8353285485954312E-08,.1071455190602933E-12,.9798138321417129E-08,.9999999999999999,1,1,1,1,0,-1.35439108410004350e+00,ACTIVE_BOUND,CONSISTENT_NUMERICALLY
run1,BLOW,KPS,D3,.3000000000000000E-06,-1,BRANCH_4,BRANCH_4,.1509441178501258E-04,.1509441145222262E-04,.4370952974717904E-12,.2895742501909134E-07,.4123311562250365E-12,.3770645484432433E-07,.9999999999999997,1,1,1,1,0,-1.03255798774387952e+00,ACTIVE_BOUND,CONSISTENT_NUMERICALLY
run1,BLOW,KPS,D3,.1000000000000000E-06,-1,BRANCH_4,BRANCH_4,.1509441186744054E-04,.1509441145222262E-04,.5580231091106708E-12,.3696885403758967E-07,.4445945124369449E-12,.4065684123091661E-07,.9999999999999997,1,1,1,1,0,-2.22325141344940413e-01,ACTIVE_BOUND,CONSISTENT_NUMERICALLY
run1,BLOW,KPU,D1,.1000000000000000E-01,-1,BRANCH_4,BRANCH_4,.000000000000000,.1849632079338486E-23,.1849632079338486E-23,1.000000000000000,.1654361225106055E-23,1.000000000000000,.000000000000000,1,1,1,1,0,,NULLSPACE,NULLSPACE_CONSISTENT
run1,BLOW,KPU,D1,.3000000000000000E-02,-1,BRANCH_4,BRANCH_4,.000000000000000,.1849632079338486E-23,.1849632079338486E-23,1.000000000000000,.1654361225106055E-23,1.000000000000000,.000000000000000,1,1,1,1,0,-0.00000000000000000e+00,NULLSPACE,NULLSPACE_CONSISTENT
run1,BLOW,KPU,D1,.1000000000000000E-02,-1,BRANCH_4,BRANCH_4,.000000000000000,.1849632079338486E-23,.1849632079338486E-23,1.000000000000000,.1654361225106055E-23,1.000000000000000,.000000000000000,1,1,1,1,0,-0.00000000000000000e+00,NULLSPACE,NULLSPACE_CONSISTENT
run1,BLOW,KPU,D1,.3000000000000000E-03,-1,BRANCH_4,BRANCH_4,.000000000000000,.1849632079338486E-23,.1849632079338486E-23,1.000000000000000,.1654361225106055E-23,1.000000000000000,.000000000000000,1,1,1,1,0,-0.00000000000000000e+00,NULLSPACE,NULLSPACE_CONSISTENT
run1,BLOW,KPU,D1,.1000000000000000E-03,-1,BRANCH_4,BRANCH_4,.000000000000000,.1849632079338486E-23,.1849632079338486E-23,1.000000000000000,.1654361225106055E-23,1.000000000000000,.000000000000000,1,1,1,1,0,-0.00000000000000000e+00,NULLSPACE,NULLSPACE_CONSISTENT
run1,BLOW,KPU,D1,.3000000000000000E-04,-1,BRANCH_4,BRANCH_4,.000000000000000,.1849632079338486E-23,.1849632079338486E-23,1.000000000000000,.1654361225106055E-23,1.000000000000000,.000000000000000,1,1,1,1,0,-0.00000000000000000e+00,NULLSPACE,NULLSPACE_CONSISTENT
run1,BLOW,KPU,D1,.1000000000000000E-04,-1,BRANCH_4,BRANCH_4,.000000000000000,.1849632079338486E-23,.1849632079338486E-23,1.000000000000000,.1654361225106055E-23,1.000000000000000,.000000000000000,1,1,1,1,0,-0.00000000000000000e+00,NULLSPACE,NULLSPACE_CONSISTENT
run1,BLOW,KPU,D1,.3000000000000000E-05,-1,BRANCH_4,BRANCH_4,.000000000000000,.1849632079338486E-23,.1849632079338486E-23,1.000000000000000,.1654361225106055E-23,1.000000000000000,.000000000000000,1,1,1,1,0,-0.00000000000000000e+00,NULLSPACE,NULLSPACE_CONSISTENT
run1,BLOW,KPU,D1,.1000000000000000E-05,-1,BRANCH_4,BRANCH_4,.000000000000000,.1849632079338486E-23,.1849632079338486E-23,1.000000000000000,.1654361225106055E-23,1.000000000000000,.000000000000000,1,1,1,1,0,-0.00000000000000000e+00,NULLSPACE,NULLSPACE_CONSISTENT
run1,BLOW,KPU,D1,.3000000000000000E-06,-1,BRANCH_4,BRANCH_4,.000000000000000,.1849632079338486E-23,.1849632079338486E-23,1.000000000000000,.1654361225106055E-23,1.000000000000000,.000000000000000,1,1,1,1,0,-0.00000000000000000e+00,NULLSPACE,NULLSPACE_CONSISTENT
run1,BLOW,KPU,D1,.1000000000000000E-06,-1,BRANCH_4,BRANCH_4,.000000000000000,.1849632079338486E-23,.1849632079338486E-23,1.000000000000000,.1654361225106055E-23,1.000000000000000,.000000000000000,1,1,1,1,0,-0.00000000000000000e+00,NULLSPACE,NULLSPACE_CONSISTENT
run1,BLOW,KPU,D2,.1000000000000000E-01,-1,BRANCH_4,BRANCH_4,.000000000000000,.4454503923864526E-23,.4454503923864526E-23,1.000000000000000,.3308722450212111E-23,1.000000000000000,.000000000000000,1,1,1,1,0,,NULLSPACE,NULLSPACE_CONSISTENT
run1,BLOW,KPU,D2,.3000000000000000E-02,-1,BRANCH_4,BRANCH_4,.000000000000000,.4454503923864526E-23,.4454503923864526E-23,1.000000000000000,.3308722450212111E-23,1.000000000000000,.000000000000000,1,1,1,1,0,-0.00000000000000000e+00,NULLSPACE,NULLSPACE_CONSISTENT
run1,BLOW,KPU,D2,.1000000000000000E-02,-1,BRANCH_4,BRANCH_4,.000000000000000,.4454503923864526E-23,.4454503923864526E-23,1.000000000000000,.3308722450212111E-23,1.000000000000000,.000000000000000,1,1,1,1,0,-0.00000000000000000e+00,NULLSPACE,NULLSPACE_CONSISTENT
run1,BLOW,KPU,D2,.3000000000000000E-03,-1,BRANCH_4,BRANCH_4,.000000000000000,.4454503923864526E-23,.4454503923864526E-23,1.000000000000000,.3308722450212111E-23,1.000000000000000,.000000000000000,1,1,1,1,0,-0.00000000000000000e+00,NULLSPACE,NULLSPACE_CONSISTENT
run1,BLOW,KPU,D2,.1000000000000000E-03,-1,BRANCH_4,BRANCH_4,.000000000000000,.4454503923864526E-23,.4454503923864526E-23,1.000000000000000,.3308722450212111E-23,1.000000000000000,.000000000000000,1,1,1,1,0,-0.00000000000000000e+00,NULLSPACE,NULLSPACE_CONSISTENT
run1,BLOW,KPU,D2,.3000000000000000E-04,-1,BRANCH_4,BRANCH_4,.000000000000000,.4454503923864526E-23,.4454503923864526E-23,1.000000000000000,.3308722450212111E-23,1.000000000000000,.000000000000000,1,1,1,1,0,-0.00000000000000000e+00,NULLSPACE,NULLSPACE_CONSISTENT
run1,BLOW,KPU,D2,.1000000000000000E-04,-1,BRANCH_4,BRANCH_4,.000000000000000,.4454503923864526E-23,.4454503923864526E-23,1.000000000000000,.3308722450212111E-23,1.000000000000000,.000000000000000,1,1,1,1,0,-0.00000000000000000e+00,NULLSPACE,NULLSPACE_CONSISTENT
run1,BLOW,KPU,D2,.3000000000000000E-05,-1,BRANCH_4,BRANCH_4,.000000000000000,.4454503923864526E-23,.4454503923864526E-23,1.000000000000000,.3308722450212111E-23,1.000000000000000,.000000000000000,1,1,1,1,0,-0.00000000000000000e+00,NULLSPACE,NULLSPACE_CONSISTENT
run1,BLOW,KPU,D2,.1000000000000000E-05,-1,BRANCH_4,BRANCH_4,.000000000000000,.4454503923864526E-23,.4454503923864526E-23,1.000000000000000,.3308722450212111E-23,1.000000000000000,.000000000000000,1,1,1,1,0,-0.00000000000000000e+00,NULLSPACE,NULLSPACE_CONSISTENT
run1,BLOW,KPU,D2,.3000000000000000E-06,-1,BRANCH_4,BRANCH_4,.000000000000000,.4454503923864526E-23,.4454503923864526E-23,1.000000000000000,.3308722450212111E-23,1.000000000000000,.000000000000000,1,1,1,1,0,-0.00000000000000000e+00,NULLSPACE,NULLSPACE_CONSISTENT
run1,BLOW,KPU,D2,.1000000000000000E-06,-1,BRANCH_4,BRANCH_4,.000000000000000,.4454503923864526E-23,.4454503923864526E-23,1.000000000000000,.3308722450212111E-23,1.000000000000000,.000000000000000,1,1,1,1,0,-0.00000000000000000e+00,NULLSPACE,NULLSPACE_CONSISTENT
run1,BLOW,KPU,D3,.1000000000000000E-01,-1,BRANCH_4,BRANCH_4,.5988071690217206E-07,.5988071690736757E-07,.9352205543149719E-17,.1561805874438194E-09,.8755911924665711E-17,.2195345760242142E-09,.9999999999999998,1,1,1,1,0,,ACTIVE_BOUND,CONSISTENT_NUMERICALLY
run1,BLOW,KPU,D3,.3000000000000000E-02,-1,BRANCH_4,BRANCH_4,.5988071692033217E-07,.5988071690736757E-07,.4512075700191928E-16,.7535106345161137E-09,.4184019166380613E-16,.1049047639665040E-08,1.000000000000000,1,1,1,1,0,-1.30711439367056492e+00,ACTIVE_BOUND,CONSISTENT_NUMERICALLY
run1,BLOW,KPU,D3,.1000000000000000E-02,-1,BRANCH_4,BRANCH_4,.5988071704053516E-07,.5988071690736757E-07,.1560646767987486E-15,.2606259318723647E-08,.1279703266237758E-15,.3208564858875313E-08,.9999999999999998,1,1,1,1,0,-1.12954146282412604e+00,ACTIVE_BOUND,CONSISTENT_NUMERICALLY
run1,BLOW,KPU,D3,.3000000000000000E-03,-1,BRANCH_4,BRANCH_4,.5988071706640246E-07,.5988071690736757E-07,.1966667382309736E-15,.3284308336068980E-08,.1502604089123566E-15,.3767437974669605E-08,1.000000000000000,1,1,1,1,0,-1.92064218638852258e-01,ACTIVE_BOUND,CONSISTENT_NUMERICALLY
run1,BLOW,KPU,D3,.1000000000000000E-03,-1,BRANCH_4,BRANCH_4,.5988071736823485E-07,.5988071690736757E-07,.1767884336659624E-14,.2952343282375972E-07,.1595863303353881E-14,.4001264251042270E-07,.9999999999999996,1,1,1,1,0,-1.99891101815420602e+00,ACTIVE_BOUND,CONSISTENT_NUMERICALLY
run1,BLOW,KPU,D3,.3000000000000000E-04,-1,BRANCH_4,BRANCH_4,.5988071390464160E-07,.5988071690736757E-07,.4128684174263508E-14,.6894847602860820E-07,.3102346108544157E-14,.7778427232702147E-07,.9999999999999989,1,1,1,1,0,-7.04480375016570237e-01,ACTIVE_BOUND,CONSISTENT_NUMERICALLY
run1,BLOW,KPU,D3,.1000000000000000E-04,-1,BRANCH_4,BRANCH_4,.5988072356348858E-07,.5988071690736757E-07,.9899146297533658E-14,.1653144068481083E-06,.8441575188834280E-14,.2116532719186537E-06,.9999999999999926,1,1,1,1,0,-7.95994888765337860e-01,ACTIVE_BOUND,CONSISTENT_NUMERICALLY
run1,BLOW,KPU,D3,.3000000000000000E-05,-1,BRANCH_4,BRANCH_4,.5988072636057464E-07,.5988071690736757E-07,.3291576766929565E-13,.5496888509850698E-06,.2647408311802153E-13,.6637769777829609E-06,.9999999999998614,1,1,1,1,0,-9.97948855871674367e-01,ACTIVE_BOUND,CONSISTENT_NUMERICALLY
run1,BLOW,KPU,D3,.1000000000000000E-05,-1,BRANCH_4,BRANCH_4,.5988068314891668E-07,.5988071690736757E-07,.7791945227870269E-13,.1301244479073958E-05,.5369844749340685E-13,.1346365539078747E-05,.9999999999993123,1,1,1,1,0,-7.84374829494418058e-01,ACTIVE_BOUND,CONSISTENT_NUMERICALLY
run1,BLOW,KPU,D3,.3000000000000000E-06,-1,BRANCH_4,BRANCH_4,.5988106733317392E-07,.5988071690736757E-07,.5066653382614118E-12,.8461194177491236E-05,.4522625663353677E-12,.1133939626944674E-04,.9999999999813270,1,1,1,1,0,-1.55499780938351195e+00,ACTIVE_BOUND,CONSISTENT_NUMERICALLY
run1,BLOW,KPU,D3,.1000000000000000E-06,-1,BRANCH_4,BRANCH_4,.5988019427628929E-07,.5988071690736757E-07,.6247759897187188E-12,.1043367584735526E-04,.5156270031247307E-12,.1292817430001110E-04,.9999999999836569,1,1,1,1,0,-1.90733771945662323e-01,ACTIVE_BOUND,CONSISTENT_NUMERICALLY
run1,BLOW,KSU,D1,.1000000000000000E-01,-1,BRANCH_4,BRANCH_4,.000000000000000,.7018860244827456E-23,.7018860244827456E-23,1.000000000000000,.6617444900424221E-23,1.000000000000000,.000000000000000,1,1,1,1,0,,NULLSPACE,NULLSPACE_CONSISTENT
run1,BLOW,KSU,D1,.3000000000000000E-02,-1,BRANCH_4,BRANCH_4,.000000000000000,.7018860244827456E-23,.7018860244827456E-23,1.000000000000000,.6617444900424221E-23,1.000000000000000,.000000000000000,1,1,1,1,0,-0.00000000000000000e+00,NULLSPACE,NULLSPACE_CONSISTENT
run1,BLOW,KSU,D1,.1000000000000000E-02,-1,BRANCH_4,BRANCH_4,.000000000000000,.7018860244827456E-23,.7018860244827456E-23,1.000000000000000,.6617444900424221E-23,1.000000000000000,.000000000000000,1,1,1,1,0,-0.00000000000000000e+00,NULLSPACE,NULLSPACE_CONSISTENT
run1,BLOW,KSU,D1,.3000000000000000E-03,-1,BRANCH_4,BRANCH_4,.000000000000000,.7018860244827456E-23,.7018860244827456E-23,1.000000000000000,.6617444900424221E-23,1.000000000000000,.000000000000000,1,1,1,1,0,-0.00000000000000000e+00,NULLSPACE,NULLSPACE_CONSISTENT
run1,BLOW,KSU,D1,.1000000000000000E-03,-1,BRANCH_4,BRANCH_4,.000000000000000,.7018860244827456E-23,.7018860244827456E-23,1.000000000000000,.6617444900424221E-23,1.000000000000000,.000000000000000,1,1,1,1,0,-0.00000000000000000e+00,NULLSPACE,NULLSPACE_CONSISTENT
run1,BLOW,KSU,D1,.3000000000000000E-04,-1,BRANCH_4,BRANCH_4,.000000000000000,.7018860244827456E-23,.7018860244827456E-23,1.000000000000000,.6617444900424221E-23,1.000000000000000,.000000000000000,1,1,1,1,0,-0.00000000000000000e+00,NULLSPACE,NULLSPACE_CONSISTENT
run1,BLOW,KSU,D1,.1000000000000000E-04,-1,BRANCH_4,BRANCH_4,.000000000000000,.7018860244827456E-23,.7018860244827456E-23,1.000000000000000,.6617444900424221E-23,1.000000000000000,.000000000000000,1,1,1,1,0,-0.00000000000000000e+00,NULLSPACE,NULLSPACE_CONSISTENT
run1,BLOW,KSU,D1,.3000000000000000E-05,-1,BRANCH_4,BRANCH_4,.000000000000000,.7018860244827456E-23,.7018860244827456E-23,1.000000000000000,.6617444900424221E-23,1.000000000000000,.000000000000000,1,1,1,1,0,-0.00000000000000000e+00,NULLSPACE,NULLSPACE_CONSISTENT
run1,BLOW,KSU,D1,.1000000000000000E-05,-1,BRANCH_4,BRANCH_4,.000000000000000,.7018860244827456E-23,.7018860244827456E-23,1.000000000000000,.6617444900424221E-23,1.000000000000000,.000000000000000,1,1,1,1,0,-0.00000000000000000e+00,NULLSPACE,NULLSPACE_CONSISTENT
run1,BLOW,KSU,D1,.3000000000000000E-06,-1,BRANCH_4,BRANCH_4,.000000000000000,.7018860244827456E-23,.7018860244827456E-23,1.000000000000000,.6617444900424221E-23,1.000000000000000,.000000000000000,1,1,1,1,0,-0.00000000000000000e+00,NULLSPACE,NULLSPACE_CONSISTENT
run1,BLOW,KSU,D1,.1000000000000000E-06,-1,BRANCH_4,BRANCH_4,.000000000000000,.7018860244827456E-23,.7018860244827456E-23,1.000000000000000,.6617444900424221E-23,1.000000000000000,.000000000000000,1,1,1,1,0,-0.00000000000000000e+00,NULLSPACE,NULLSPACE_CONSISTENT
run1,BLOW,KSU,D2,.1000000000000000E-01,-1,BRANCH_4,BRANCH_4,.000000000000000,.1072148612141270E-22,.1072148612141270E-22,1.000000000000000,.8271806125530277E-23,1.000000000000000,.000000000000000,1,1,1,1,0,,NULLSPACE,NULLSPACE_CONSISTENT
run1,BLOW,KSU,D2,.3000000000000000E-02,-1,BRANCH_4,BRANCH_4,.000000000000000,.1072148612141270E-22,.1072148612141270E-22,1.000000000000000,.8271806125530277E-23,1.000000000000000,.000000000000000,1,1,1,1,0,-0.00000000000000000e+00,NULLSPACE,NULLSPACE_CONSISTENT
run1,BLOW,KSU,D2,.1000000000000000E-02,-1,BRANCH_4,BRANCH_4,.000000000000000,.1072148612141270E-22,.1072148612141270E-22,1.000000000000000,.8271806125530277E-23,1.000000000000000,.000000000000000,1,1,1,1,0,-0.00000000000000000e+00,NULLSPACE,NULLSPACE_CONSISTENT
run1,BLOW,KSU,D2,.3000000000000000E-03,-1,BRANCH_4,BRANCH_4,.000000000000000,.1072148612141270E-22,.1072148612141270E-22,1.000000000000000,.8271806125530277E-23,1.000000000000000,.000000000000000,1,1,1,1,0,-0.00000000000000000e+00,NULLSPACE,NULLSPACE_CONSISTENT
run1,BLOW,KSU,D2,.1000000000000000E-03,-1,BRANCH_4,BRANCH_4,.000000000000000,.1072148612141270E-22,.1072148612141270E-22,1.000000000000000,.8271806125530277E-23,1.000000000000000,.000000000000000,1,1,1,1,0,-0.00000000000000000e+00,NULLSPACE,NULLSPACE_CONSISTENT
run1,BLOW,KSU,D2,.3000000000000000E-04,-1,BRANCH_4,BRANCH_4,.000000000000000,.1072148612141270E-22,.1072148612141270E-22,1.000000000000000,.8271806125530277E-23,1.000000000000000,.000000000000000,1,1,1,1,0,-0.00000000000000000e+00,NULLSPACE,NULLSPACE_CONSISTENT
run1,BLOW,KSU,D2,.1000000000000000E-04,-1,BRANCH_4,BRANCH_4,.000000000000000,.1072148612141270E-22,.1072148612141270E-22,1.000000000000000,.8271806125530277E-23,1.000000000000000,.000000000000000,1,1,1,1,0,-0.00000000000000000e+00,NULLSPACE,NULLSPACE_CONSISTENT
run1,BLOW,KSU,D2,.3000000000000000E-05,-1,BRANCH_4,BRANCH_4,.000000000000000,.1072148612141270E-22,.1072148612141270E-22,1.000000000000000,.8271806125530277E-23,1.000000000000000,.000000000000000,1,1,1,1,0,-0.00000000000000000e+00,NULLSPACE,NULLSPACE_CONSISTENT
run1,BLOW,KSU,D2,.1000000000000000E-05,-1,BRANCH_4,BRANCH_4,.000000000000000,.1072148612141270E-22,.1072148612141270E-22,1.000000000000000,.8271806125530277E-23,1.000000000000000,.000000000000000,1,1,1,1,0,-0.00000000000000000e+00,NULLSPACE,NULLSPACE_CONSISTENT
run1,BLOW,KSU,D2,.3000000000000000E-06,-1,BRANCH_4,BRANCH_4,.000000000000000,.1072148612141270E-22,.1072148612141270E-22,1.000000000000000,.8271806125530277E-23,1.000000000000000,.000000000000000,1,1,1,1,0,-0.00000000000000000e+00,NULLSPACE,NULLSPACE_CONSISTENT
run1,BLOW,KSU,D2,.1000000000000000E-06,-1,BRANCH_4,BRANCH_4,.000000000000000,.1072148612141270E-22,.1072148612141270E-22,1.000000000000000,.8271806125530277E-23,1.000000000000000,.000000000000000,1,1,1,1,0,-0.00000000000000000e+00,NULLSPACE,NULLSPACE_CONSISTENT
run1,BLOW,KSU,D3,.1000000000000000E-01,-1,BRANCH_4,BRANCH_4,.1483851695551901E-06,.1483851699957261E-06,.5213522139674959E-15,.3513506194604976E-08,.3479431088121578E-15,.3405297003845859E-08,1.000000000000000,1,1,1,1,0,,ACTIVE_BOUND,CONSISTENT_NUMERICALLY
run1,BLOW,KSU,D3,.3000000000000000E-02,-1,BRANCH_4,BRANCH_4,.1483851692630525E-06,.1483851699957261E-06,.1111713203085753E-14,.7492077564879114E-08,.1094462242870926E-14,.1071143213381715E-07,1.000000000000000,1,1,1,1,0,-6.28944175565568142e-01,ACTIVE_BOUND,CONSISTENT_NUMERICALLY
run1,BLOW,KSU,D3,.1000000000000000E-02,-1,BRANCH_4,BRANCH_4,.1483851757375829E-06,.1483851699957261E-06,.9516796292923635E-14,.6413576184829914E-07,.9390320133636285E-14,.9190246285967286E-07,.9999999999999987,1,1,1,1,0,-1.95442563203747444e+00,ACTIVE_BOUND,CONSISTENT_NUMERICALLY
run1,BLOW,KSU,D3,.3000000000000000E-03,-1,BRANCH_4,BRANCH_4,.1483851540661774E-06,.1483851699957261E-06,.1955038630203628E-13,.1317543141447315E-06,.1836525546875774E-13,.1797395833937530E-06,.9999999999999972,1,1,1,1,0,-5.97967640988632865e-01,ACTIVE_BOUND,CONSISTENT_NUMERICALLY
run1,BLOW,KSU,D3,.1000000000000000E-03,-1,BRANCH_4,BRANCH_4,.1483852481165274E-06,.1483851699957261E-06,.8439213972358248E-13,.5687367227860081E-06,.6366854753134150E-13,.6231196237485526E-06,.9999999999999769,1,1,1,1,0,-1.33120595425859434e+00,ACTIVE_BOUND,CONSISTENT_NUMERICALLY
run1,BLOW,KSU,D3,.3000000000000000E-04,-1,BRANCH_4,BRANCH_4,.1483851720306818E-06,.1483851699957261E-06,.6912584168520711E-13,.4658541061698124E-06,.4149490183276169E-13,.4061077953416323E-06,.9999999999998916,1,1,1,1,0,1.65739316755783322e-01,ACTIVE_BOUND,CONSISTENT_NUMERICALLY
run1,BLOW,KSU,D3,.1000000000000000E-04,-1,BRANCH_4,BRANCH_4,.1483843242122204E-06,.1483851699957261E-06,.1913584610370345E-11,.1289606374023403E-04,.1891866609550179E-11,.1851552852911356E-04,.9999999999330900,1,1,1,1,0,-3.02272687069986112e+00,ACTIVE_BOUND,CONSISTENT_NUMERICALLY
run1,BLOW,KSU,D3,.3000000000000000E-05,-1,BRANCH_4,BRANCH_4,.1483861469596898E-06,.1483851699957261E-06,.1467415379769717E-11,.9889166946078541E-05,.1346283878948684E-11,.1317592953763463E-04,.9999999999727762,1,1,1,1,0,2.20499693464352026e-01,ACTIVE_BOUND,CONSISTENT_NUMERICALLY
run1,BLOW,KSU,D3,.1000000000000000E-05,-1,BRANCH_4,BRANCH_4,.1483797251513603E-06,.1483851699957261E-06,.1097880159628649E-10,.7398853670216985E-04,.1021853929422562E-10,.1000081920320297E-03,.9999999979359971,1,1,1,1,0,-1.83182338158562685e+00,ACTIVE_BOUND,CONSISTENT_NUMERICALLY
run1,BLOW,KSU,D3,.3000000000000000E-06,-1,BRANCH_4,BRANCH_4,.1483882557115694E-06,.1483851699957261E-06,.1498543215866064E-10,.1009879931993315E-03,.9754990366663927E-11,.9546235432570851E-04,.9999999951168245,1,1,1,1,0,-2.58404718747145268e-01,ACTIVE_BOUND,CONSISTENT_NUMERICALLY
run1,BLOW,KSU,D3,.1000000000000000E-06,-1,BRANCH_4,BRANCH_4,.1484263315487918E-06,.1483851699957261E-06,.4345679259960495E-10,.2927835792082452E-03,.3288463671301253E-10,.3217362935982346E-03,.9999999955907871,1,1,1,1,0,-9.69121356197863104e-01,ACTIVE_BOUND,CONSISTENT_NUMERICALLY
run1,I0,KPS,D1,.1000000000000000E-01,-1,SMOOTH,SMOOTH,.6550188703341724E-06,.6550188703342731E-06,.1687223036594060E-18,.2575838823899876E-12,.1541070568410793E-18,.3506506324440552E-12,1.000000000000000,1,1,1,1,0,,SMOOTH_INTERIOR,CONSISTENT_NUMERICALLY
run1,I0,KPS,D1,.3000000000000000E-02,-1,SMOOTH,SMOOTH,.6550188703340809E-06,.6550188703342731E-06,.4185844827319604E-18,.6390418683943349E-12,.2976526716210815E-18,.6772700724550672E-12,.9999999999999999,1,1,1,1,0,-7.54688599941252369e-01,SMOOTH_INTERIOR,CONSISTENT_NUMERICALLY
run1,I0,KPS,D1,.1000000000000000E-02,-1,SMOOTH,SMOOTH,.6550188703338599E-06,.6550188703342731E-06,.1020748070068035E-17,.1558349104579415E-11,.8317334146445195E-18,.1892501575515827E-11,1.000000000000000,1,1,1,1,0,-8.11398442206511250e-01,SMOOTH_INTERIOR,CONSISTENT_NUMERICALLY
run1,I0,KPS,D1,.3000000000000000E-03,-1,SMOOTH,SMOOTH,.6550188703322813E-06,.6550188703342731E-06,.5236747189767100E-17,.7994803549849872E-11,.4784545011904721E-17,.1088661200057042E-10,1.000000000000000,1,1,1,1,0,-1.35814095955964920e+00,SMOOTH_INTERIOR,CONSISTENT_NUMERICALLY
run1,I0,KPS,D1,.1000000000000000E-03,-1,SMOOTH,SMOOTH,.6550188703291242E-06,.6550188703342731E-06,.9068994263551825E-17,.1384539388754355E-10,.7607996992678922E-17,.1731101100624102E-10,1.000000000000000,1,1,1,1,0,-4.99867730708279223e-01,SMOOTH_INTERIOR,CONSISTENT_NUMERICALLY
run1,I0,KPS,D1,.3000000000000000E-04,-1,SMOOTH,SMOOTH,.6550188703363916E-06,.6550188703342731E-06,.3900264381977974E-16,.5954430564687324E-10,.3474365037003609E-16,.7905467293578721E-10,1.000000000000000,1,1,1,1,0,-1.21162874851475078e+00,SMOOTH_INTERIOR,CONSISTENT_NUMERICALLY
run1,I0,KPS,D1,.1000000000000000E-04,-1,SMOOTH,SMOOTH,.6550188704531879E-06,.6550188703342731E-06,.1668526683517732E-15,.2547295595260223E-09,.1194469450954661E-15,.2717860408045554E-09,1.000000000000000,1,1,1,1,0,-1.32301611632956617e+00,SMOOTH_INTERIOR,CONSISTENT_NUMERICALLY
run1,I0,KPS,D1,.3000000000000000E-05,-1,SMOOTH,SMOOTH,.6550188700270384E-06,.6550188703342731E-06,.3461264178773988E-15,.5284220555367534E-09,.2814811715316616E-15,.6404739201557480E-09,1.000000000000000,1,1,1,1,0,-6.06070899362653126e-01,SMOOTH_INTERIOR,CONSISTENT_NUMERICALLY
run1,I0,KPS,D1,.1000000000000000E-05,-1,SMOOTH,SMOOTH,.6550188703109695E-06,.6550188703342731E-06,.7916422728968829E-15,.1208579338321791E-08,.7275860021588342E-15,.1655527638020721E-08,.9999999999999999,1,1,1,1,0,-7.53045951480861064e-01,SMOOTH_INTERIOR,CONSISTENT_NUMERICALLY
run1,I0,KPS,D1,.3000000000000000E-06,-1,SMOOTH,SMOOTH,.6550188733097055E-06,.6550188703342731E-06,.3411950854781641E-14,.5208935183106404E-08,.2824306319380626E-14,.6426342917072951E-08,.9999999999999999,1,1,1,1,0,-1.21342432775559050e+00,SMOOTH_INTERIOR,CONSISTENT_NUMERICALLY
run1,I0,KPS,D1,.1000000000000000E-06,-1,SMOOTH,SMOOTH,.6550188774147634E-06,.6550188703342731E-06,.9583299106263689E-14,.1463056934189007E-07,.7742743470384169E-14,.1761760896773649E-07,.9999999999999999,1,1,1,1,0,-9.40038348209724428e-01,SMOOTH_INTERIOR,CONSISTENT_NUMERICALLY
run1,I0,KPS,D2,.1000000000000000E-01,-1,SMOOTH,SMOOTH,.7407407399847411E-10,.7407407407406022E-10,.1031389315831713E-18,.1392375576373073E-08,.6956588951570963E-19,.1878279016156379E-08,1.000000000000000,1,1,1,1,0,,NULLSPACE,NULLSPACE_CONSISTENT
run1,I0,KPS,D2,.3000000000000000E-02,-1,SMOOTH,SMOOTH,.7407407372318840E-10,.7407407407406022E-10,.5454019776466899E-18,.7362926698231691E-08,.4930261148612062E-18,.1331170507551535E-07,.9999999999999999,1,1,1,1,0,-1.38329218135059784e+00,NULLSPACE,NULLSPACE_CONSISTENT
run1,I0,KPS,D2,.1000000000000000E-02,-1,SMOOTH,SMOOTH,.7407407435846312E-10,.7407407407406022E-10,.1433198375311521E-17,.1934817799242300E-07,.1201039779647394E-17,.3242807299894705E-07,.9999999999999999,1,1,1,1,0,-8.79419213978834158e-01,NULLSPACE,NULLSPACE_CONSISTENT
run1,I0,KPS,D2,.3000000000000000E-03,-1,SMOOTH,SMOOTH,.7407407308791386E-10,.7407407407406022E-10,.4988795595847892E-17,.6734874054395915E-07,.4728247092952013E-17,.1276626683432466E-06,.9999999999999978,1,1,1,1,0,-1.03597518129353072e+00,NULLSPACE,NULLSPACE_CONSISTENT
run1,I0,KPS,D2,.1000000000000000E-03,-1,SMOOTH,SMOOTH,.7407407097033166E-10,.7407407407406022E-10,.7678529345877063E-17,.1036601461693597E-06,.4728296730251115E-17,.1276639988180842E-06,.9999999999999956,1,1,1,1,0,-3.92525666038454735e-01,NULLSPACE,NULLSPACE_CONSISTENT
run1,I0,KPS,D2,.3000000000000000E-04,-1,SMOOTH,SMOOTH,.7407408296998458E-10,.7407407407406022E-10,.5494316785439963E-16,.7417326769561636E-06,.4327028657617521E-16,.1168296372638653E-05,.9999999999997321,1,1,1,1,0,-1.63448152216436537e+00,NULLSPACE,NULLSPACE_CONSISTENT
run1,I0,KPS,D2,.1000000000000000E-04,-1,SMOOTH,SMOOTH,.7407400532533845E-10,.7407407407406022E-10,.1170244141547778E-15,.1579829591089796E-05,.9790187129738740E-16,.2643348444362748E-05,.9999999999991825,1,1,1,1,0,-6.88216625244695179e-01,NULLSPACE,NULLSPACE_CONSISTENT
run1,I0,KPS,D2,.3000000000000000E-05,-1,SMOOTH,SMOOTH,.7407394885678470E-10,.7407407407406022E-10,.2654916578558513E-15,.3584137381054663E-05,.2390740291709500E-15,.6454991246263603E-05,.9999999999950058,1,1,1,1,0,-6.80414736712064649e-01,NULLSPACE,NULLSPACE_CONSISTENT
run1,I0,KPS,D2,.1000000000000000E-05,-1,SMOOTH,SMOOTH,.7407345478655196E-10,.7407407407406022E-10,.2286141956797488E-14,.3086291641677186E-04,.2215484239433138E-14,.5981754857307437E-04,.9999999995586843,1,1,1,1,0,-1.95977920808665163e+00,NULLSPACE,NULLSPACE_CONSISTENT
run1,I0,KPS,D2,.3000000000000000E-06,-1,SMOOTH,SMOOTH,.7407656065904057E-10,.7407407407406022E-10,.4860133799808455E-14,.6560960385537697E-04,.3713746447595246E-14,.1002611007889321E-03,.9999999984110344,1,1,1,1,0,-6.26426364339073616e-01,NULLSPACE,NULLSPACE_CONSISTENT
run1,I0,KPS,D2,.1000000000000000E-06,-1,SMOOTH,SMOOTH,.7407514915270039E-10,.7407407407406022E-10,.7104983068486664E-14,.9591587934356058E-04,.4756583051417537E-14,.1284148660816373E-03,.9999999955053254,1,1,1,1,0,-3.45645514857999325e-01,NULLSPACE,NULLSPACE_CONSISTENT
run1,I0,KPS,D3,.1000000000000000E-01,-1,SMOOTH,SMOOTH,.4030708113787089E-06,.4030708113788013E-06,.1546226919078330E-18,.3836117315935347E-12,.1413486230730614E-18,.4398102213468383E-12,1.000000000000000,1,1,1,1,0,,SMOOTH_INTERIOR,CONSISTENT_NUMERICALLY
run1,I0,KPS,D3,.3000000000000000E-02,-1,SMOOTH,SMOOTH,.4030708113788623E-06,.4030708113788013E-06,.1657838368493070E-18,.4113020148548544E-12,.1298111078891717E-18,.4039109179329398E-12,1.000000000000000,1,1,1,1,0,-5.78890555484225799e-02,SMOOTH_INTERIOR,CONSISTENT_NUMERICALLY
run1,I0,KPS,D3,.1000000000000000E-02,-1,SMOOTH,SMOOTH,.4030708113779619E-06,.4030708113788013E-06,.1311022421811489E-17,.3252585860352477E-11,.1157788159778222E-17,.3602490464739833E-11,1.000000000000000,1,1,1,1,0,-1.88226352067915381e+00,SMOOTH_INTERIOR,CONSISTENT_NUMERICALLY
run1,I0,KPS,D3,.3000000000000000E-03,-1,SMOOTH,SMOOTH,.4030708113811137E-06,.4030708113788013E-06,.3848176082242780E-17,.9547146490357576E-11,.3642082854515881E-17,.1133244337001844E-10,1.000000000000000,1,1,1,1,0,-8.94365703145299618e-01,SMOOTH_INTERIOR,CONSISTENT_NUMERICALLY
run1,I0,KPS,D3,.1000000000000000E-03,-1,SMOOTH,SMOOTH,.4030708113692472E-06,.4030708113788013E-06,.1041965935612106E-16,.2585069189326336E-10,.7343246257102750E-17,.2284871752922095E-10,.9999999999999999,1,1,1,1,0,-9.06684790930360140e-01,SMOOTH_INTERIOR,CONSISTENT_NUMERICALLY
run1,I0,KPS,D3,.3000000000000000E-04,-1,SMOOTH,SMOOTH,.4030708113971838E-06,.4030708113788013E-06,.5487025835932310E-16,.1361305676516830E-09,.4912560806992407E-16,.1528557129829864E-09,.9999999999999999,1,1,1,1,0,-1.37982943570040173e+00,SMOOTH_INTERIOR,CONSISTENT_NUMERICALLY
run1,I0,KPS,D3,.1000000000000000E-04,-1,SMOOTH,SMOOTH,.4030708114009818E-06,.4030708113788013E-06,.1296018014372390E-15,.3215360620799427E-09,.1250501209811125E-15,.3890969730898903E-09,1.000000000000000,1,1,1,1,0,-7.82346268136940304e-01,SMOOTH_INTERIOR,CONSISTENT_NUMERICALLY
run1,I0,KPS,D3,.3000000000000000E-05,-1,SMOOTH,SMOOTH,.4030708117287694E-06,.4030708113788013E-06,.5365411922123358E-15,.1331133827108722E-08,.4638632998828327E-15,.1443323720441411E-08,.9999999999999999,1,1,1,1,0,-1.17999065239535073e+00,SMOOTH_INTERIOR,CONSISTENT_NUMERICALLY
run1,I0,KPS,D3,.1000000000000000E-05,-1,SMOOTH,SMOOTH,.4030708114494032E-06,.4030708113788013E-06,.7134502293739249E-15,.1770036949111814E-08,.4638632998828327E-15,.1443323720441411E-08,1.000000000000000,1,1,1,1,0,-2.59390271866131727e-01,SMOOTH_INTERIOR,CONSISTENT_NUMERICALLY
run1,I0,KPS,D3,.3000000000000000E-06,-1,SMOOTH,SMOOTH,.4030708152507282E-06,.4030708113788013E-06,.4415313809159246E-14,.1095418879784864E-07,.3606664013007765E-14,.1122223655994991E-07,.9999999999999999,1,1,1,1,0,-1.51392249313198146e+00,SMOOTH_INTERIOR,CONSISTENT_NUMERICALLY
run1,I0,KPS,D3,.1000000000000000E-06,-1,SMOOTH,SMOOTH,.4030708071001442E-06,.4030708113788013E-06,.8362957910406223E-14,.2074811093812202E-07,.8006466172660171E-14,.2491234497405407E-07,.9999999999999999,1,1,1,1,0,-5.81400079589909469e-01,SMOOTH_INTERIOR,CONSISTENT_NUMERICALLY
run1,I0,KPU,D1,.1000000000000000E-01,-1,SMOOTH,SMOOTH,.000000000000000,.1849632079338486E-23,.1849632079338486E-23,1.000000000000000,.1654361225106055E-23,1.000000000000000,.000000000000000,1,1,1,1,0,,NULLSPACE,NULLSPACE_CONSISTENT
run1,I0,KPU,D1,.3000000000000000E-02,-1,SMOOTH,SMOOTH,.000000000000000,.1849632079338486E-23,.1849632079338486E-23,1.000000000000000,.1654361225106055E-23,1.000000000000000,.000000000000000,1,1,1,1,0,-0.00000000000000000e+00,NULLSPACE,NULLSPACE_CONSISTENT
run1,I0,KPU,D1,.1000000000000000E-02,-1,SMOOTH,SMOOTH,.000000000000000,.1849632079338486E-23,.1849632079338486E-23,1.000000000000000,.1654361225106055E-23,1.000000000000000,.000000000000000,1,1,1,1,0,-0.00000000000000000e+00,NULLSPACE,NULLSPACE_CONSISTENT
run1,I0,KPU,D1,.3000000000000000E-03,-1,SMOOTH,SMOOTH,.000000000000000,.1849632079338486E-23,.1849632079338486E-23,1.000000000000000,.1654361225106055E-23,1.000000000000000,.000000000000000,1,1,1,1,0,-0.00000000000000000e+00,NULLSPACE,NULLSPACE_CONSISTENT
run1,I0,KPU,D1,.1000000000000000E-03,-1,SMOOTH,SMOOTH,.000000000000000,.1849632079338486E-23,.1849632079338486E-23,1.000000000000000,.1654361225106055E-23,1.000000000000000,.000000000000000,1,1,1,1,0,-0.00000000000000000e+00,NULLSPACE,NULLSPACE_CONSISTENT
run1,I0,KPU,D1,.3000000000000000E-04,-1,SMOOTH,SMOOTH,.000000000000000,.1849632079338486E-23,.1849632079338486E-23,1.000000000000000,.1654361225106055E-23,1.000000000000000,.000000000000000,1,1,1,1,0,-0.00000000000000000e+00,NULLSPACE,NULLSPACE_CONSISTENT
run1,I0,KPU,D1,.1000000000000000E-04,-1,SMOOTH,SMOOTH,.000000000000000,.1849632079338486E-23,.1849632079338486E-23,1.000000000000000,.1654361225106055E-23,1.000000000000000,.000000000000000,1,1,1,1,0,-0.00000000000000000e+00,NULLSPACE,NULLSPACE_CONSISTENT
run1,I0,KPU,D1,.3000000000000000E-05,-1,SMOOTH,SMOOTH,.000000000000000,.1849632079338486E-23,.1849632079338486E-23,1.000000000000000,.1654361225106055E-23,1.000000000000000,.000000000000000,1,1,1,1,0,-0.00000000000000000e+00,NULLSPACE,NULLSPACE_CONSISTENT
run1,I0,KPU,D1,.1000000000000000E-05,-1,SMOOTH,SMOOTH,.000000000000000,.1849632079338486E-23,.1849632079338486E-23,1.000000000000000,.1654361225106055E-23,1.000000000000000,.000000000000000,1,1,1,1,0,-0.00000000000000000e+00,NULLSPACE,NULLSPACE_CONSISTENT
run1,I0,KPU,D1,.3000000000000000E-06,-1,SMOOTH,SMOOTH,.000000000000000,.1849632079338486E-23,.1849632079338486E-23,1.000000000000000,.1654361225106055E-23,1.000000000000000,.000000000000000,1,1,1,1,0,-0.00000000000000000e+00,NULLSPACE,NULLSPACE_CONSISTENT
run1,I0,KPU,D1,.1000000000000000E-06,-1,SMOOTH,SMOOTH,.000000000000000,.1849632079338486E-23,.1849632079338486E-23,1.000000000000000,.1654361225106055E-23,1.000000000000000,.000000000000000,1,1,1,1,0,-0.00000000000000000e+00,NULLSPACE,NULLSPACE_CONSISTENT
run1,I0,KPU,D2,.1000000000000000E-01,-1,SMOOTH,SMOOTH,.000000000000000,.4454503923864526E-23,.4454503923864526E-23,1.000000000000000,.3308722450212111E-23,1.000000000000000,.000000000000000,1,1,1,1,0,,NULLSPACE,NULLSPACE_CONSISTENT
run1,I0,KPU,D2,.3000000000000000E-02,-1,SMOOTH,SMOOTH,.000000000000000,.4454503923864526E-23,.4454503923864526E-23,1.000000000000000,.3308722450212111E-23,1.000000000000000,.000000000000000,1,1,1,1,0,-0.00000000000000000e+00,NULLSPACE,NULLSPACE_CONSISTENT
run1,I0,KPU,D2,.1000000000000000E-02,-1,SMOOTH,SMOOTH,.000000000000000,.4454503923864526E-23,.4454503923864526E-23,1.000000000000000,.3308722450212111E-23,1.000000000000000,.000000000000000,1,1,1,1,0,-0.00000000000000000e+00,NULLSPACE,NULLSPACE_CONSISTENT
run1,I0,KPU,D2,.3000000000000000E-03,-1,SMOOTH,SMOOTH,.000000000000000,.4454503923864526E-23,.4454503923864526E-23,1.000000000000000,.3308722450212111E-23,1.000000000000000,.000000000000000,1,1,1,1,0,-0.00000000000000000e+00,NULLSPACE,NULLSPACE_CONSISTENT
run1,I0,KPU,D2,.1000000000000000E-03,-1,SMOOTH,SMOOTH,.000000000000000,.4454503923864526E-23,.4454503923864526E-23,1.000000000000000,.3308722450212111E-23,1.000000000000000,.000000000000000,1,1,1,1,0,-0.00000000000000000e+00,NULLSPACE,NULLSPACE_CONSISTENT
run1,I0,KPU,D2,.3000000000000000E-04,-1,SMOOTH,SMOOTH,.000000000000000,.4454503923864526E-23,.4454503923864526E-23,1.000000000000000,.3308722450212111E-23,1.000000000000000,.000000000000000,1,1,1,1,0,-0.00000000000000000e+00,NULLSPACE,NULLSPACE_CONSISTENT
run1,I0,KPU,D2,.1000000000000000E-04,-1,SMOOTH,SMOOTH,.000000000000000,.4454503923864526E-23,.4454503923864526E-23,1.000000000000000,.3308722450212111E-23,1.000000000000000,.000000000000000,1,1,1,1,0,-0.00000000000000000e+00,NULLSPACE,NULLSPACE_CONSISTENT
run1,I0,KPU,D2,.3000000000000000E-05,-1,SMOOTH,SMOOTH,.000000000000000,.4454503923864526E-23,.4454503923864526E-23,1.000000000000000,.3308722450212111E-23,1.000000000000000,.000000000000000,1,1,1,1,0,-0.00000000000000000e+00,NULLSPACE,NULLSPACE_CONSISTENT
run1,I0,KPU,D2,.1000000000000000E-05,-1,SMOOTH,SMOOTH,.000000000000000,.4454503923864526E-23,.4454503923864526E-23,1.000000000000000,.3308722450212111E-23,1.000000000000000,.000000000000000,1,1,1,1,0,-0.00000000000000000e+00,NULLSPACE,NULLSPACE_CONSISTENT
run1,I0,KPU,D2,.3000000000000000E-06,-1,SMOOTH,SMOOTH,.000000000000000,.4454503923864526E-23,.4454503923864526E-23,1.000000000000000,.3308722450212111E-23,1.000000000000000,.000000000000000,1,1,1,1,0,-0.00000000000000000e+00,NULLSPACE,NULLSPACE_CONSISTENT
run1,I0,KPU,D2,.1000000000000000E-06,-1,SMOOTH,SMOOTH,.000000000000000,.4454503923864526E-23,.4454503923864526E-23,1.000000000000000,.3308722450212111E-23,1.000000000000000,.000000000000000,1,1,1,1,0,-0.00000000000000000e+00,NULLSPACE,NULLSPACE_CONSISTENT
run1,I0,KPU,D3,.1000000000000000E-01,-1,SMOOTH,SMOOTH,.5988071690734220E-07,.5988071690736757E-07,.6229162241336681E-19,.1040261800968896E-11,.4483649792282431E-19,.1124173203954835E-11,1.000000000000000,1,1,1,1,0,,SMOOTH_INTERIOR,CONSISTENT_NUMERICALLY
run1,I0,KPU,D3,.3000000000000000E-02,-1,SMOOTH,SMOOTH,.5988071690788256E-07,.5988071690736757E-07,.5273213004228314E-18,.8806195510886009E-11,.3506981099428820E-18,.8792957437276449E-11,1.000000000000000,1,1,1,1,0,-1.77411241205314130e+00,SMOOTH_INTERIOR,CONSISTENT_NUMERICALLY
run1,I0,KPU,D3,.1000000000000000E-02,-1,SMOOTH,SMOOTH,.5988071690716435E-07,.5988071690736757E-07,.9330367423183532E-18,.1558158937478510E-10,.7938022204752879E-18,.1990278516026494E-10,1.000000000000000,1,1,1,1,0,-5.19413942304610909e-01,SMOOTH_INTERIOR,CONSISTENT_NUMERICALLY
run1,I0,KPU,D3,.3000000000000000E-03,-1,SMOOTH,SMOOTH,.5988071690548622E-07,.5988071690736757E-07,.5279067977968463E-17,.8815973239156294E-10,.5028966956746790E-17,.1260899079555748E-09,1.000000000000000,1,1,1,1,0,-1.43945133533051695e+00,SMOOTH_INTERIOR,CONSISTENT_NUMERICALLY
run1,I0,KPU,D3,.1000000000000000E-03,-1,SMOOTH,SMOOTH,.5988071690145648E-07,.5988071690736757E-07,.7543678456495749E-17,.1259784258789927E-09,.5028966956746790E-17,.1260899079602539E-09,.9999999999999998,1,1,1,1,0,-3.24919321289568463e-01,SMOOTH_INTERIOR,CONSISTENT_NUMERICALLY
run1,I0,KPU,D3,.3000000000000000E-04,-1,SMOOTH,SMOOTH,.5988071691876337E-07,.5988071690736757E-07,.3316703403211316E-16,.5538850524636990E-09,.3167579629675453E-16,.7941985449451482E-09,1.000000000000000,1,1,1,1,0,-1.22996674381048354e+00,SMOOTH_INTERIOR,CONSISTENT_NUMERICALLY
run1,I0,KPU,D3,.1000000000000000E-04,-1,SMOOTH,SMOOTH,.5988071698568799E-07,.5988071690736757E-07,.1047953790556291E-15,.1750068875773083E-08,.8814465724122625E-16,.2210026791053526E-08,.9999999999999998,1,1,1,1,0,-1.04718767304951865e+00,SMOOTH_INTERIOR,CONSISTENT_NUMERICALLY
run1,I0,KPU,D3,.3000000000000000E-05,-1,SMOOTH,SMOOTH,.5988071691357206E-07,.5988071690736757E-07,.3022612273278022E-15,.5047722253627432E-08,.2293168129111280E-15,.5749597498331457E-08,1.000000000000000,1,1,1,1,0,-8.79822162840426469e-01,SMOOTH_INTERIOR,CONSISTENT_NUMERICALLY
run1,I0,KPU,D3,.1000000000000000E-05,-1,SMOOTH,SMOOTH,.5988071697206305E-07,.5988071690736757E-07,.9664068506613104E-15,.1613886572387203E-07,.8182786635455770E-15,.2051647618701221E-07,.9999999999999998,1,1,1,1,0,-1.05796493754297471e+00,SMOOTH_INTERIOR,CONSISTENT_NUMERICALLY
run1,I0,KPU,D3,.3000000000000000E-06,-1,SMOOTH,SMOOTH,.5988071418530480E-07,.5988071690736757E-07,.3854637251693556E-14,.6437192890753936E-07,.2311782022234328E-14,.5796267601572410E-07,.9999999999999987,1,1,1,1,0,-1.14906853582006074e+00,SMOOTH_INTERIOR,CONSISTENT_NUMERICALLY
run1,I0,KPU,D3,.1000000000000000E-06,-1,SMOOTH,SMOOTH,.5988072274632732E-07,.5988071690736757E-07,.1110056750206692E-13,.1853779813094816E-06,.8981990603411380E-14,.2252029786708303E-06,.9999999999999877,1,1,1,1,0,-9.62777623898795065e-01,SMOOTH_INTERIOR,CONSISTENT_NUMERICALLY
run1,I0,KSU,D1,.1000000000000000E-01,-1,SMOOTH,SMOOTH,.000000000000000,.7759641962678239E-23,.7759641962678239E-23,1.000000000000000,.6617444900424221E-23,1.000000000000000,.000000000000000,1,1,1,1,0,,NULLSPACE,NULLSPACE_CONSISTENT
run1,I0,KSU,D1,.3000000000000000E-02,-1,SMOOTH,SMOOTH,.000000000000000,.7759641962678239E-23,.7759641962678239E-23,1.000000000000000,.6617444900424221E-23,1.000000000000000,.000000000000000,1,1,1,1,0,-0.00000000000000000e+00,NULLSPACE,NULLSPACE_CONSISTENT
run1,I0,KSU,D1,.1000000000000000E-02,-1,SMOOTH,SMOOTH,.000000000000000,.7759641962678239E-23,.7759641962678239E-23,1.000000000000000,.6617444900424221E-23,1.000000000000000,.000000000000000,1,1,1,1,0,-0.00000000000000000e+00,NULLSPACE,NULLSPACE_CONSISTENT
run1,I0,KSU,D1,.3000000000000000E-03,-1,SMOOTH,SMOOTH,.000000000000000,.7759641962678239E-23,.7759641962678239E-23,1.000000000000000,.6617444900424221E-23,1.000000000000000,.000000000000000,1,1,1,1,0,-0.00000000000000000e+00,NULLSPACE,NULLSPACE_CONSISTENT
run1,I0,KSU,D1,.1000000000000000E-03,-1,SMOOTH,SMOOTH,.000000000000000,.7759641962678239E-23,.7759641962678239E-23,1.000000000000000,.6617444900424221E-23,1.000000000000000,.000000000000000,1,1,1,1,0,-0.00000000000000000e+00,NULLSPACE,NULLSPACE_CONSISTENT
run1,I0,KSU,D1,.3000000000000000E-04,-1,SMOOTH,SMOOTH,.000000000000000,.7759641962678239E-23,.7759641962678239E-23,1.000000000000000,.6617444900424221E-23,1.000000000000000,.000000000000000,1,1,1,1,0,-0.00000000000000000e+00,NULLSPACE,NULLSPACE_CONSISTENT
run1,I0,KSU,D1,.1000000000000000E-04,-1,SMOOTH,SMOOTH,.000000000000000,.7759641962678239E-23,.7759641962678239E-23,1.000000000000000,.6617444900424221E-23,1.000000000000000,.000000000000000,1,1,1,1,0,-0.00000000000000000e+00,NULLSPACE,NULLSPACE_CONSISTENT
run1,I0,KSU,D1,.3000000000000000E-05,-1,SMOOTH,SMOOTH,.000000000000000,.7759641962678239E-23,.7759641962678239E-23,1.000000000000000,.6617444900424221E-23,1.000000000000000,.000000000000000,1,1,1,1,0,-0.00000000000000000e+00,NULLSPACE,NULLSPACE_CONSISTENT
run1,I0,KSU,D1,.1000000000000000E-05,-1,SMOOTH,SMOOTH,.000000000000000,.7759641962678239E-23,.7759641962678239E-23,1.000000000000000,.6617444900424221E-23,1.000000000000000,.000000000000000,1,1,1,1,0,-0.00000000000000000e+00,NULLSPACE,NULLSPACE_CONSISTENT
run1,I0,KSU,D1,.3000000000000000E-06,-1,SMOOTH,SMOOTH,.000000000000000,.7759641962678239E-23,.7759641962678239E-23,1.000000000000000,.6617444900424221E-23,1.000000000000000,.000000000000000,1,1,1,1,0,-0.00000000000000000e+00,NULLSPACE,NULLSPACE_CONSISTENT
run1,I0,KSU,D1,.1000000000000000E-06,-1,SMOOTH,SMOOTH,.000000000000000,.7759641962678239E-23,.7759641962678239E-23,1.000000000000000,.6617444900424221E-23,1.000000000000000,.000000000000000,1,1,1,1,0,-0.00000000000000000e+00,NULLSPACE,NULLSPACE_CONSISTENT
run1,I0,KSU,D2,.1000000000000000E-01,-1,SMOOTH,SMOOTH,.000000000000000,.5231549544001671E-23,.5231549544001671E-23,1.000000000000000,.3308722450212111E-23,1.000000000000000,.000000000000000,1,1,1,1,0,,NULLSPACE,NULLSPACE_CONSISTENT
run1,I0,KSU,D2,.3000000000000000E-02,-1,SMOOTH,SMOOTH,.000000000000000,.5231549544001671E-23,.5231549544001671E-23,1.000000000000000,.3308722450212111E-23,1.000000000000000,.000000000000000,1,1,1,1,0,-0.00000000000000000e+00,NULLSPACE,NULLSPACE_CONSISTENT
run1,I0,KSU,D2,.1000000000000000E-02,-1,SMOOTH,SMOOTH,.000000000000000,.5231549544001671E-23,.5231549544001671E-23,1.000000000000000,.3308722450212111E-23,1.000000000000000,.000000000000000,1,1,1,1,0,-0.00000000000000000e+00,NULLSPACE,NULLSPACE_CONSISTENT
run1,I0,KSU,D2,.3000000000000000E-03,-1,SMOOTH,SMOOTH,.000000000000000,.5231549544001671E-23,.5231549544001671E-23,1.000000000000000,.3308722450212111E-23,1.000000000000000,.000000000000000,1,1,1,1,0,-0.00000000000000000e+00,NULLSPACE,NULLSPACE_CONSISTENT
run1,I0,KSU,D2,.1000000000000000E-03,-1,SMOOTH,SMOOTH,.000000000000000,.5231549544001671E-23,.5231549544001671E-23,1.000000000000000,.3308722450212111E-23,1.000000000000000,.000000000000000,1,1,1,1,0,-0.00000000000000000e+00,NULLSPACE,NULLSPACE_CONSISTENT
run1,I0,KSU,D2,.3000000000000000E-04,-1,SMOOTH,SMOOTH,.000000000000000,.5231549544001671E-23,.5231549544001671E-23,1.000000000000000,.3308722450212111E-23,1.000000000000000,.000000000000000,1,1,1,1,0,-0.00000000000000000e+00,NULLSPACE,NULLSPACE_CONSISTENT
run1,I0,KSU,D2,.1000000000000000E-04,-1,SMOOTH,SMOOTH,.000000000000000,.5231549544001671E-23,.5231549544001671E-23,1.000000000000000,.3308722450212111E-23,1.000000000000000,.000000000000000,1,1,1,1,0,-0.00000000000000000e+00,NULLSPACE,NULLSPACE_CONSISTENT
run1,I0,KSU,D2,.3000000000000000E-05,-1,SMOOTH,SMOOTH,.000000000000000,.5231549544001671E-23,.5231549544001671E-23,1.000000000000000,.3308722450212111E-23,1.000000000000000,.000000000000000,1,1,1,1,0,-0.00000000000000000e+00,NULLSPACE,NULLSPACE_CONSISTENT
run1,I0,KSU,D2,.1000000000000000E-05,-1,SMOOTH,SMOOTH,.000000000000000,.5231549544001671E-23,.5231549544001671E-23,1.000000000000000,.3308722450212111E-23,1.000000000000000,.000000000000000,1,1,1,1,0,-0.00000000000000000e+00,NULLSPACE,NULLSPACE_CONSISTENT
run1,I0,KSU,D2,.3000000000000000E-06,-1,SMOOTH,SMOOTH,.000000000000000,.5231549544001671E-23,.5231549544001671E-23,1.000000000000000,.3308722450212111E-23,1.000000000000000,.000000000000000,1,1,1,1,0,-0.00000000000000000e+00,NULLSPACE,NULLSPACE_CONSISTENT
run1,I0,KSU,D2,.1000000000000000E-06,-1,SMOOTH,SMOOTH,.000000000000000,.5231549544001671E-23,.5231549544001671E-23,1.000000000000000,.3308722450212111E-23,1.000000000000000,.000000000000000,1,1,1,1,0,-0.00000000000000000e+00,NULLSPACE,NULLSPACE_CONSISTENT
run1,I0,KSU,D3,.1000000000000000E-01,-1,SMOOTH,SMOOTH,.1051928953667399E-06,.1051928953626398E-06,.1266337997858880E-16,.1203824643711893E-09,.1129454907692565E-16,.1611228934279478E-09,.9999999999999999,1,1,1,1,0,,SMOOTH_INTERIOR,CONSISTENT_NUMERICALLY
run1,I0,KSU,D3,.3000000000000000E-02,-1,SMOOTH,SMOOTH,.1051928953722225E-06,.1051928953626398E-06,.3594424338280060E-16,.3416983937519048E-09,.3307183232528272E-16,.4717876986031361E-09,.9999999999999999,1,1,1,1,0,-8.66510088225078134e-01,SMOOTH_INTERIOR,CONSISTENT_NUMERICALLY
run1,I0,KSU,D3,.1000000000000000E-02,-1,SMOOTH,SMOOTH,.1051928952939692E-06,.1051928953626398E-06,.1591179912991328E-15,.1512630589267390E-08,.1404937550710450E-15,.2004219927247697E-08,1.000000000000000,1,1,1,1,0,-1.35414202361327285e+00,SMOOTH_INTERIOR,CONSISTENT_NUMERICALLY
run1,I0,KSU,D3,.3000000000000000E-03,-1,SMOOTH,SMOOTH,.1051928951384841E-06,.1051928953626398E-06,.2902236646571277E-15,.2758966407917727E-08,.1763822498786341E-15,.2516188850107811E-08,1.000000000000000,1,1,1,1,0,-4.99185588194858698e-01,SMOOTH_INTERIOR,CONSISTENT_NUMERICALLY
run1,I0,KSU,D3,.1000000000000000E-03,-1,SMOOTH,SMOOTH,.1051928947895835E-06,.1051928953626398E-06,.1389251980043670E-14,.1320670921029782E-07,.1224695927556549E-14,.1747095436083059E-07,1.000000000000000,1,1,1,1,0,-1.42531525490721056e+00,SMOOTH_INTERIOR,CONSISTENT_NUMERICALLY
run1,I0,KSU,D3,.3000000000000000E-04,-1,SMOOTH,SMOOTH,.1051928931809025E-06,.1051928953626398E-06,.3310714579912129E-14,.3147279641366311E-07,.2670298828615519E-14,.3809326700187543E-07,.9999999999999999,1,1,1,1,0,-7.21277581770116138e-01,SMOOTH_INTERIOR,CONSISTENT_NUMERICALLY
run1,I0,KSU,D3,.1000000000000000E-04,-1,SMOOTH,SMOOTH,.1051928897530594E-06,.1051928953626398E-06,.1142010698444530E-13,.1085634818309341E-06,.9898313307440585E-14,.1412048298294938E-06,.9999999999999954,1,1,1,1,0,-1.12706869735751236e+00,SMOOTH_INTERIOR,CONSISTENT_NUMERICALLY
run1,I0,KSU,D3,.3000000000000000E-05,-1,SMOOTH,SMOOTH,.1051929305084904E-06,.1051928953626398E-06,.5285596202800226E-13,.5024668651448600E-06,.4792580256286461E-13,.6836872059293465E-06,.9999999999999297,1,1,1,1,0,-1.27261590832311255e+00,SMOOTH_INTERIOR,CONSISTENT_NUMERICALLY
run1,I0,KSU,D3,.1000000000000000E-05,-1,SMOOTH,SMOOTH,.1051928034600264E-06,.1051928953626398E-06,.1158437626795223E-12,.1101250823833348E-05,.9663448710628094E-13,.1378543584516125E-05,.9999999999997754,1,1,1,1,0,-7.14239137478882347e-01,SMOOTH_INTERIOR,CONSISTENT_NUMERICALLY
run1,I0,KSU,D3,.3000000000000000E-06,-1,SMOOTH,SMOOTH,.1051931607454073E-06,.1051928953626398E-06,.4537289106018739E-12,.4313292873668914E-05,.4364425162961547E-12,.6226079499652754E-05,.9999999999938801,1,1,1,1,0,-1.13396041154453497e+00,SMOOTH_INTERIOR,CONSISTENT_NUMERICALLY
run1,I0,KSU,D3,.1000000000000000E-06,-1,SMOOTH,SMOOTH,.1051936882634672E-06,.1051928953626398E-06,.1341744963904492E-11,.1275499496266324E-04,.1204408119876324E-11,.1718124253561638E-04,.9999999999470619,1,1,1,1,0,-9.86905355391017092e-01,SMOOTH_INTERIOR,CONSISTENT_NUMERICALLY
run1,I1,KPS,D1,.1000000000000000E-01,-1,SMOOTH,SMOOTH,.1186607072993971E-03,.1186607072993845E-03,.1669286011176324E-16,.1406772342056321E-12,.1513817283332886E-16,.1900719245255999E-12,1.000000000000000,1,1,1,1,0,,SMOOTH_INTERIOR,CONSISTENT_NUMERICALLY
run1,I1,KPS,D1,.3000000000000000E-02,-1,SMOOTH,SMOOTH,.1186607072993908E-03,.1186607072993845E-03,.1333599058257165E-16,.1123875871473094E-12,.1151964808265848E-16,.1446384385378429E-12,1.000000000000000,1,1,1,1,0,1.86478174336973584e-01,SMOOTH_INTERIOR,CONSISTENT_NUMERICALLY
run1,I1,KPS,D1,.1000000000000000E-02,-1,SMOOTH,SMOOTH,.1186607072993898E-03,.1186607072993845E-03,.6382437950617566E-16,.5378729063626935E-12,.4766423800789399E-16,.5984628098089336E-12,1.000000000000000,1,1,1,1,0,-1.42513315948523700e+00,SMOOTH_INTERIOR,CONSISTENT_NUMERICALLY
run1,I1,KPS,D1,.3000000000000000E-03,-1,SMOOTH,SMOOTH,.1186607072991089E-03,.1186607072993845E-03,.3471748937497223E-15,.2925778057885579E-11,.2486109462827152E-15,.3121510207232735E-11,1.000000000000000,1,1,1,1,0,-1.40675389192862776e+00,SMOOTH_INTERIOR,CONSISTENT_NUMERICALLY
run1,I1,KPS,D1,.1000000000000000E-03,-1,SMOOTH,SMOOTH,.1186607072982503E-03,.1186607072993845E-03,.1160935970515460E-14,.9783659620251417E-11,.8196974999805096E-15,.1029196079774630E-10,1.000000000000000,1,1,1,1,0,-1.09879815909342660e+00,SMOOTH_INTERIOR,CONSISTENT_NUMERICALLY
run1,I1,KPS,D1,.3000000000000000E-04,-1,SMOOTH,SMOOTH,.1186607073001081E-03,.1186607072993845E-03,.1573466905343004E-14,.1326021849308133E-10,.1348706844990499E-14,.1693409822114178E-10,1.000000000000000,1,1,1,1,0,-2.52542958437503129e-01,SMOOTH_INTERIOR,CONSISTENT_NUMERICALLY
run1,I1,KPS,D1,.1000000000000000E-04,-1,SMOOTH,SMOOTH,.1186607072890991E-03,.1186607072993845E-03,.1127386633918192E-13,.9500926292928306E-10,.9493314879864545E-14,.1191961968732986E-09,1.000000000000000,1,1,1,1,0,-1.79244848200031948e+00,SMOOTH_INTERIOR,CONSISTENT_NUMERICALLY
run1,I1,KPS,D1,.3000000000000000E-05,-1,SMOOTH,SMOOTH,.1186607072525565E-03,.1186607072993845E-03,.5978478919579783E-13,.5038297053544358E-09,.5286140177928472E-13,.6637173772510602E-09,1.000000000000000,1,1,1,1,0,-1.38563257194285150e+00,SMOOTH_INTERIOR,CONSISTENT_NUMERICALLY
run1,I1,KPS,D1,.1000000000000000E-05,-1,SMOOTH,SMOOTH,.1186607072454770E-03,.1186607072993845E-03,.6327216665104550E-13,.5332191935398460E-09,.5286140177928472E-13,.6637173772510602E-09,1.000000000000000,1,1,1,1,0,-5.16053391669217057e-02,SMOOTH_INTERIOR,CONSISTENT_NUMERICALLY
run1,I1,KPS,D1,.3000000000000000E-06,-1,SMOOTH,SMOOTH,.1186607075101791E-03,.1186607072993845E-03,.2758875768286734E-12,.2325012066905187E-08,.2136174809090619E-12,.2682139122523689E-08,1.000000000000000,1,1,1,1,0,-1.22307407610631214e+00,SMOOTH_INTERIOR,CONSISTENT_NUMERICALLY
run1,I1,KPS,D1,.1000000000000000E-06,-1,SMOOTH,SMOOTH,.1186607086816094E-03,.1186607072993845E-03,.1570194217370544E-11,.1323263812273101E-07,.1465021639700421E-11,.1839452382403262E-07,1.000000000000000,1,1,1,1,0,-1.58287064650125497e+00,SMOOTH_INTERIOR,CONSISTENT_NUMERICALLY
run1,I1,KPS,D2,.1000000000000000E-01,-1,SMOOTH,SMOOTH,.5925925926925243E-07,.5925925925926582E-07,.1307400750992979E-16,.2206238766928603E-09,.1210918301394748E-16,.4086849265536698E-09,1.000000000000000,1,1,1,1,0,,SMOOTH_INTERIOR,CONSISTENT_NUMERICALLY
run1,I1,KPS,D2,.3000000000000000E-02,-1,SMOOTH,SMOOTH,.5925925924734251E-07,.5925925925926582E-07,.2820188912354959E-16,.4759068789598466E-09,.2403258457103800E-16,.8110997289409803E-09,1.000000000000000,1,1,1,1,0,-6.38521786810627101e-01,SMOOTH_INTERIOR,CONSISTENT_NUMERICALLY
run1,I1,KPS,D2,.1000000000000000E-02,-1,SMOOTH,SMOOTH,.5925925925637753E-07,.5925925925926582E-07,.1242468123111026E-15,.2096664957749624E-08,.9631272830049747E-16,.3250554572865879E-08,.9999999999999998,1,1,1,1,0,-1.34977649403906153e+00,SMOOTH_INTERIOR,CONSISTENT_NUMERICALLY
run1,I1,KPS,D2,.3000000000000000E-03,-1,SMOOTH,SMOOTH,.5925925910278222E-07,.5925925925926582E-07,.5924611419267765E-15,.9997781770013246E-08,.4396417210854386E-15,.1483790794483175E-07,1.000000000000000,1,1,1,1,0,-1.29738418741393002e+00,SMOOTH_INTERIOR,CONSISTENT_NUMERICALLY
run1,I1,KPS,D2,.1000000000000000E-03,-1,SMOOTH,SMOOTH,.5925925867361886E-07,.5925925925926582E-07,.1079307296041735E-14,.1821331062070226E-07,.8010424463501808E-15,.2703518218229249E-07,.9999999999999999,1,1,1,1,0,-5.45951870699171393e-01,SMOOTH_INTERIOR,CONSISTENT_NUMERICALLY
run1,I1,KPS,D2,.3000000000000000E-04,-1,SMOOTH,SMOOTH,.5925926231021373E-07,.5925925925926582E-07,.4525659812020130E-14,.7637050539591517E-07,.3897166965547857E-14,.1315293677872523E-06,.9999999999999984,1,1,1,1,0,-1.19059494814218736e+00,SMOOTH_INTERIOR,CONSISTENT_NUMERICALLY
run1,I1,KPS,D2,.1000000000000000E-04,-1,SMOOTH,SMOOTH,.5925925101644167E-07,.5925925925926582E-07,.1210220975190343E-13,.2042247895633477E-06,.1055886200202844E-13,.3563615728629110E-06,.9999999999999889,1,1,1,1,0,-8.95333766849317869e-01,SMOOTH_INTERIOR,CONSISTENT_NUMERICALLY
run1,I1,KPS,D2,.3000000000000000E-05,-1,SMOOTH,SMOOTH,.5925923814154022E-07,.5925925925926582E-07,.2111772560713327E-13,.3563616196203345E-06,.1055886538685151E-13,.3563617068061679E-06,1.000000000000000,1,1,1,1,0,-4.62406378225037440e-01,SMOOTH_INTERIOR,CONSISTENT_NUMERICALLY
run1,I1,KPS,D2,.1000000000000000E-05,-1,SMOOTH,SMOOTH,.5925923814158981E-07,.5925925925926582E-07,.7951999919894744E-13,.1341899986482090E-05,.6476897401112673E-13,.2185949652469670E-05,.9999999999991632,1,1,1,1,0,-1.20688235692244694e+00,SMOOTH_INTERIOR,CONSISTENT_NUMERICALLY
run1,I1,KPS,D2,.3000000000000000E-06,-1,SMOOTH,SMOOTH,.5925937366700119E-07,.5925925925926582E-07,.1885146259142255E-12,.3181178170622492E-05,.1701415000844035E-12,.5742242654308095E-05,.9999999999968037,1,1,1,1,0,-7.16932342291130564e-01,SMOOTH_INTERIOR,CONSISTENT_NUMERICALLY
run1,I1,KPS,D2,.1000000000000000E-06,-1,SMOOTH,SMOOTH,.5925835723514004E-07,.5925925925926582E-07,.1321284224890779E-11,.2229667129502943E-04,.1094761036178290E-11,.3694786014041988E-04,.9999999998672768,1,1,1,1,0,-1.77240311747511936e+00,SMOOTH_INTERIOR,CONSISTENT_NUMERICALLY
run1,I1,KPS,D3,.1000000000000000E-01,-1,SMOOTH,SMOOTH,.6918925253171016E-04,.6918925253170722E-04,.7815637952112133E-17,.1129602888617729E-12,.7413232354369637E-17,.1551057242936729E-12,1.000000000000000,1,1,1,1,0,,SMOOTH_INTERIOR,CONSISTENT_NUMERICALLY
run1,I1,KPS,D3,.3000000000000000E-02,-1,SMOOTH,SMOOTH,.6918925253171976E-04,.6918925253170722E-04,.2242291580443423E-16,.3240809082906982E-12,.1539567084929416E-16,.3221208460650679E-12,1.000000000000000,1,1,1,1,0,-8.75399233963023771e-01,SMOOTH_INTERIOR,CONSISTENT_NUMERICALLY
run1,I1,KPS,D3,.1000000000000000E-02,-1,SMOOTH,SMOOTH,.6918925253160617E-04,.6918925253170722E-04,.1442906793709892E-15,.2085449316060546E-11,.1335330500687459E-15,.2793887936865738E-11,1.000000000000000,1,1,1,1,0,-1.69463461128576998e+00,SMOOTH_INTERIOR,CONSISTENT_NUMERICALLY
run1,I1,KPS,D3,.3000000000000000E-03,-1,SMOOTH,SMOOTH,.6918925253165249E-04,.6918925253170722E-04,.2006340443983570E-15,.2899786268198415E-11,.1418881830604624E-15,.2968700878413653E-11,1.000000000000000,1,1,1,1,0,-2.73804110131865508e-01,SMOOTH_INTERIOR,CONSISTENT_NUMERICALLY
run1,I1,KPS,D3,.1000000000000000E-03,-1,SMOOTH,SMOOTH,.6918925253251644E-04,.6918925253170722E-04,.1210392108907232E-14,.1749393243319678E-10,.9506691224167585E-15,.1989067868726405E-10,1.000000000000000,1,1,1,1,0,-1.63589747502385308e+00,SMOOTH_INTERIOR,CONSISTENT_NUMERICALLY
run1,I1,KPS,D3,.3000000000000000E-04,-1,SMOOTH,SMOOTH,.6918925253328328E-04,.6918925253170722E-04,.2231974503833291E-14,.3225897696697339E-10,.1312067587824067E-14,.2745215363542214E-10,1.000000000000000,1,1,1,1,0,-5.08269169519161790e-01,SMOOTH_INTERIOR,CONSISTENT_NUMERICALLY
run1,I1,KPS,D3,.1000000000000000E-04,-1,SMOOTH,SMOOTH,.6918925251757539E-04,.6918925253170722E-04,.1589689824440189E-13,.2297596470942774E-09,.1314396589615838E-13,.2750088292070451E-09,1.000000000000000,1,1,1,1,0,-1.78701568336489358e+00,SMOOTH_INTERIOR,CONSISTENT_NUMERICALLY
run1,I1,KPS,D3,.3000000000000000E-05,-1,SMOOTH,SMOOTH,.6918925255789499E-04,.6918925253170722E-04,.4720668702145565E-13,.6822835234699906E-09,.3745213774525302E-13,.7836043271866163E-09,1.000000000000000,1,1,1,1,0,-9.04016719980683781e-01,SMOOTH_INTERIOR,CONSISTENT_NUMERICALLY
run1,I1,KPS,D3,.1000000000000000E-05,-1,SMOOTH,SMOOTH,.6918925247333205E-04,.6918925253170722E-04,.9176213526334975E-13,.1326248397051234E-08,.6211739835611935E-13,.1299671128962443E-08,1.000000000000000,1,1,1,1,0,-6.05003414539384221e-01,SMOOTH_INTERIOR,CONSISTENT_NUMERICALLY
run1,I1,KPS,D3,.3000000000000000E-06,-1,SMOOTH,SMOOTH,.6918925246416645E-04,.6918925253170722E-04,.2062089598499151E-12,.2980361144318131E-08,.1793882899755843E-12,.3753308852407406E-08,1.000000000000000,1,1,1,1,0,-6.72515423372376242e-01,SMOOTH_INTERIOR,CONSISTENT_NUMERICALLY
run1,I1,KPS,D3,.1000000000000000E-06,-1,SMOOTH,SMOOTH,.6918925368972594E-04,.6918925253170722E-04,.1410321461169781E-11,.2038353336624011E-07,.1266214604413000E-11,.2649277980446579E-07,1.000000000000000,1,1,1,1,0,-1.75010141520819418e+00,SMOOTH_INTERIOR,CONSISTENT_NUMERICALLY
run1,I1,KPU,D1,.1000000000000000E-01,-1,SMOOTH,SMOOTH,.000000000000000,.1849632079338486E-23,.1849632079338486E-23,1.000000000000000,.1654361225106055E-23,1.000000000000000,.000000000000000,1,1,1,1,0,,NULLSPACE,NULLSPACE_CONSISTENT
run1,I1,KPU,D1,.3000000000000000E-02,-1,SMOOTH,SMOOTH,.000000000000000,.1849632079338486E-23,.1849632079338486E-23,1.000000000000000,.1654361225106055E-23,1.000000000000000,.000000000000000,1,1,1,1,0,-0.00000000000000000e+00,NULLSPACE,NULLSPACE_CONSISTENT
run1,I1,KPU,D1,.1000000000000000E-02,-1,SMOOTH,SMOOTH,.000000000000000,.1849632079338486E-23,.1849632079338486E-23,1.000000000000000,.1654361225106055E-23,1.000000000000000,.000000000000000,1,1,1,1,0,-0.00000000000000000e+00,NULLSPACE,NULLSPACE_CONSISTENT
run1,I1,KPU,D1,.3000000000000000E-03,-1,SMOOTH,SMOOTH,.000000000000000,.1849632079338486E-23,.1849632079338486E-23,1.000000000000000,.1654361225106055E-23,1.000000000000000,.000000000000000,1,1,1,1,0,-0.00000000000000000e+00,NULLSPACE,NULLSPACE_CONSISTENT
run1,I1,KPU,D1,.1000000000000000E-03,-1,SMOOTH,SMOOTH,.000000000000000,.1849632079338486E-23,.1849632079338486E-23,1.000000000000000,.1654361225106055E-23,1.000000000000000,.000000000000000,1,1,1,1,0,-0.00000000000000000e+00,NULLSPACE,NULLSPACE_CONSISTENT
run1,I1,KPU,D1,.3000000000000000E-04,-1,SMOOTH,SMOOTH,.000000000000000,.1849632079338486E-23,.1849632079338486E-23,1.000000000000000,.1654361225106055E-23,1.000000000000000,.000000000000000,1,1,1,1,0,-0.00000000000000000e+00,NULLSPACE,NULLSPACE_CONSISTENT
run1,I1,KPU,D1,.1000000000000000E-04,-1,SMOOTH,SMOOTH,.000000000000000,.1849632079338486E-23,.1849632079338486E-23,1.000000000000000,.1654361225106055E-23,1.000000000000000,.000000000000000,1,1,1,1,0,-0.00000000000000000e+00,NULLSPACE,NULLSPACE_CONSISTENT
run1,I1,KPU,D1,.3000000000000000E-05,-1,SMOOTH,SMOOTH,.000000000000000,.1849632079338486E-23,.1849632079338486E-23,1.000000000000000,.1654361225106055E-23,1.000000000000000,.000000000000000,1,1,1,1,0,-0.00000000000000000e+00,NULLSPACE,NULLSPACE_CONSISTENT
run1,I1,KPU,D1,.1000000000000000E-05,-1,SMOOTH,SMOOTH,.000000000000000,.1849632079338486E-23,.1849632079338486E-23,1.000000000000000,.1654361225106055E-23,1.000000000000000,.000000000000000,1,1,1,1,0,-0.00000000000000000e+00,NULLSPACE,NULLSPACE_CONSISTENT
run1,I1,KPU,D1,.3000000000000000E-06,-1,SMOOTH,SMOOTH,.000000000000000,.1849632079338486E-23,.1849632079338486E-23,1.000000000000000,.1654361225106055E-23,1.000000000000000,.000000000000000,1,1,1,1,0,-0.00000000000000000e+00,NULLSPACE,NULLSPACE_CONSISTENT
run1,I1,KPU,D1,.1000000000000000E-06,-1,SMOOTH,SMOOTH,.000000000000000,.1849632079338486E-23,.1849632079338486E-23,1.000000000000000,.1654361225106055E-23,1.000000000000000,.000000000000000,1,1,1,1,0,-0.00000000000000000e+00,NULLSPACE,NULLSPACE_CONSISTENT
run1,I1,KPU,D2,.1000000000000000E-01,-1,SMOOTH,SMOOTH,.000000000000000,.4454503923864526E-23,.4454503923864526E-23,1.000000000000000,.3308722450212111E-23,1.000000000000000,.000000000000000,1,1,1,1,0,,NULLSPACE,NULLSPACE_CONSISTENT
run1,I1,KPU,D2,.3000000000000000E-02,-1,SMOOTH,SMOOTH,.000000000000000,.4454503923864526E-23,.4454503923864526E-23,1.000000000000000,.3308722450212111E-23,1.000000000000000,.000000000000000,1,1,1,1,0,-0.00000000000000000e+00,NULLSPACE,NULLSPACE_CONSISTENT
run1,I1,KPU,D2,.1000000000000000E-02,-1,SMOOTH,SMOOTH,.000000000000000,.4454503923864526E-23,.4454503923864526E-23,1.000000000000000,.3308722450212111E-23,1.000000000000000,.000000000000000,1,1,1,1,0,-0.00000000000000000e+00,NULLSPACE,NULLSPACE_CONSISTENT
run1,I1,KPU,D2,.3000000000000000E-03,-1,SMOOTH,SMOOTH,.000000000000000,.4454503923864526E-23,.4454503923864526E-23,1.000000000000000,.3308722450212111E-23,1.000000000000000,.000000000000000,1,1,1,1,0,-0.00000000000000000e+00,NULLSPACE,NULLSPACE_CONSISTENT
run1,I1,KPU,D2,.1000000000000000E-03,-1,SMOOTH,SMOOTH,.000000000000000,.4454503923864526E-23,.4454503923864526E-23,1.000000000000000,.3308722450212111E-23,1.000000000000000,.000000000000000,1,1,1,1,0,-0.00000000000000000e+00,NULLSPACE,NULLSPACE_CONSISTENT
run1,I1,KPU,D2,.3000000000000000E-04,-1,SMOOTH,SMOOTH,.000000000000000,.4454503923864526E-23,.4454503923864526E-23,1.000000000000000,.3308722450212111E-23,1.000000000000000,.000000000000000,1,1,1,1,0,-0.00000000000000000e+00,NULLSPACE,NULLSPACE_CONSISTENT
run1,I1,KPU,D2,.1000000000000000E-04,-1,SMOOTH,SMOOTH,.000000000000000,.4454503923864526E-23,.4454503923864526E-23,1.000000000000000,.3308722450212111E-23,1.000000000000000,.000000000000000,1,1,1,1,0,-0.00000000000000000e+00,NULLSPACE,NULLSPACE_CONSISTENT
run1,I1,KPU,D2,.3000000000000000E-05,-1,SMOOTH,SMOOTH,.000000000000000,.4454503923864526E-23,.4454503923864526E-23,1.000000000000000,.3308722450212111E-23,1.000000000000000,.000000000000000,1,1,1,1,0,-0.00000000000000000e+00,NULLSPACE,NULLSPACE_CONSISTENT
run1,I1,KPU,D2,.1000000000000000E-05,-1,SMOOTH,SMOOTH,.000000000000000,.4454503923864526E-23,.4454503923864526E-23,1.000000000000000,.3308722450212111E-23,1.000000000000000,.000000000000000,1,1,1,1,0,-0.00000000000000000e+00,NULLSPACE,NULLSPACE_CONSISTENT
run1,I1,KPU,D2,.3000000000000000E-06,-1,SMOOTH,SMOOTH,.000000000000000,.4454503923864526E-23,.4454503923864526E-23,1.000000000000000,.3308722450212111E-23,1.000000000000000,.000000000000000,1,1,1,1,0,-0.00000000000000000e+00,NULLSPACE,NULLSPACE_CONSISTENT
run1,I1,KPU,D2,.1000000000000000E-06,-1,SMOOTH,SMOOTH,.000000000000000,.4454503923864526E-23,.4454503923864526E-23,1.000000000000000,.3308722450212111E-23,1.000000000000000,.000000000000000,1,1,1,1,0,-0.00000000000000000e+00,NULLSPACE,NULLSPACE_CONSISTENT
run1,I1,KPU,D3,.1000000000000000E-01,-1,SMOOTH,SMOOTH,.5988071690237293E-07,.5988071690736757E-07,.1173286401596049E-16,.1959372669854743E-09,.8755911924665711E-17,.2195345760061211E-09,1.000000000000000,1,1,1,1,0,,SMOOTH_INTERIOR,CONSISTENT_NUMERICALLY
run1,I1,KPU,D3,.3000000000000000E-02,-1,SMOOTH,SMOOTH,.5988071691274791E-07,.5988071690736757E-07,.1451959737040047E-16,.2424753429648639E-09,.1190329775948303E-16,.2984481170327533E-09,.9999999999999998,1,1,1,1,0,-1.77001909377836886e-01,SMOOTH_INTERIOR,CONSISTENT_NUMERICALLY
run1,I1,KPU,D3,.1000000000000000E-02,-1,SMOOTH,SMOOTH,.5988071690430413E-07,.5988071690736757E-07,.3853484719551595E-16,.6435268177421355E-09,.3043995537437580E-16,.7632126443858759E-09,1.000000000000000,1,1,1,1,0,-8.88451443922687711e-01,SMOOTH_INTERIOR,CONSISTENT_NUMERICALLY
run1,I1,KPU,D3,.3000000000000000E-03,-1,SMOOTH,SMOOTH,.5988071719535453E-07,.5988071690736757E-07,.3146998786814521E-15,.5255446050433513E-08,.2725306207001397E-15,.6833085391329192E-08,1.000000000000000,1,1,1,1,0,-1.74427234331204728e+00,SMOOTH_INTERIOR,CONSISTENT_NUMERICALLY
run1,I1,KPU,D3,.1000000000000000E-03,-1,SMOOTH,SMOOTH,.5988071652747679E-07,.5988071690736757E-07,.5810335601456937E-15,.9703183097231837E-08,.5725410416171280E-15,.1435516436315421E-07,1.000000000000000,1,1,1,1,0,-5.58148771566591040e-01,SMOOTH_INTERIOR,CONSISTENT_NUMERICALLY
run1,I1,KPU,D3,.3000000000000000E-04,-1,SMOOTH,SMOOTH,.5988071458480204E-07,.5988071690736757E-07,.3221782325938457E-14,.5380333590398376E-07,.3102346108544157E-14,.7778427232702147E-07,.9999999999999991,1,1,1,1,0,-1.42269117600412698e+00,SMOOTH_INTERIOR,CONSISTENT_NUMERICALLY
run1,I1,KPU,D3,.1000000000000000E-04,-1,SMOOTH,SMOOTH,.5988072268678894E-07,.5988071690736757E-07,.1140585613030103E-13,.1904762604479626E-06,.1135368285572342E-13,.2846677734415188E-06,.9999999999999863,1,1,1,1,0,-1.15071732620323131e+00,SMOOTH_INTERIOR,CONSISTENT_NUMERICALLY
run1,I1,KPU,D3,.3000000000000000E-05,-1,SMOOTH,SMOOTH,.5988072276867712E-07,.5988071690736757E-07,.2264917159715667E-13,.3782381132013354E-06,.1858169734116593E-13,.4658937964087476E-06,.9999999999999332,1,1,1,1,0,-5.69777286973554120e-01,SMOOTH_INTERIOR,CONSISTENT_NUMERICALLY
run1,I1,KPU,D3,.1000000000000000E-05,-1,SMOOTH,SMOOTH,.5988063225570988E-07,.5988071690736757E-07,.1706791485639429E-12,.2850319057268049E-05,.1621186647419573E-12,.4064754078352665E-05,.9999999999969369,1,1,1,1,0,-1.83837575226763872e+00,SMOOTH_INTERIOR,CONSISTENT_NUMERICALLY
run1,I1,KPU,D3,.3000000000000000E-06,-1,SMOOTH,SMOOTH,.5988075116062402E-07,.5988071690736757E-07,.1513117835405881E-12,.2526885194454385E-05,.1180486782667050E-12,.2959800138944431E-05,.9999999999969708,1,1,1,1,0,1.00037949079285579e-01,SMOOTH_INTERIOR,CONSISTENT_NUMERICALLY
run1,I1,KPU,D3,.1000000000000000E-06,-1,SMOOTH,SMOOTH,.5988147807826307E-07,.5988071690736757E-07,.1015360239297436E-11,.1695616527652163E-04,.8136632904949967E-12,.2040046549315464E-04,.9999999999370318,1,1,1,1,0,-1.73278258762076742e+00,SMOOTH_INTERIOR,CONSISTENT_NUMERICALLY
run1,I1,KSU,D1,.1000000000000000E-01,-1,SMOOTH,SMOOTH,.000000000000000,.2339620081609153E-23,.2339620081609153E-23,1.000000000000000,.1654361225106055E-23,1.000000000000000,.000000000000000,1,1,1,1,0,,NULLSPACE,NULLSPACE_CONSISTENT
run1,I1,KSU,D1,.3000000000000000E-02,-1,SMOOTH,SMOOTH,.000000000000000,.2339620081609153E-23,.2339620081609153E-23,1.000000000000000,.1654361225106055E-23,1.000000000000000,.000000000000000,1,1,1,1,0,-0.00000000000000000e+00,NULLSPACE,NULLSPACE_CONSISTENT
run1,I1,KSU,D1,.1000000000000000E-02,-1,SMOOTH,SMOOTH,.000000000000000,.2339620081609153E-23,.2339620081609153E-23,1.000000000000000,.1654361225106055E-23,1.000000000000000,.000000000000000,1,1,1,1,0,-0.00000000000000000e+00,NULLSPACE,NULLSPACE_CONSISTENT
run1,I1,KSU,D1,.3000000000000000E-03,-1,SMOOTH,SMOOTH,.000000000000000,.2339620081609153E-23,.2339620081609153E-23,1.000000000000000,.1654361225106055E-23,1.000000000000000,.000000000000000,1,1,1,1,0,-0.00000000000000000e+00,NULLSPACE,NULLSPACE_CONSISTENT
run1,I1,KSU,D1,.1000000000000000E-03,-1,SMOOTH,SMOOTH,.000000000000000,.2339620081609153E-23,.2339620081609153E-23,1.000000000000000,.1654361225106055E-23,1.000000000000000,.000000000000000,1,1,1,1,0,-0.00000000000000000e+00,NULLSPACE,NULLSPACE_CONSISTENT
run1,I1,KSU,D1,.3000000000000000E-04,-1,SMOOTH,SMOOTH,.000000000000000,.2339620081609153E-23,.2339620081609153E-23,1.000000000000000,.1654361225106055E-23,1.000000000000000,.000000000000000,1,1,1,1,0,-0.00000000000000000e+00,NULLSPACE,NULLSPACE_CONSISTENT
run1,I1,KSU,D1,.1000000000000000E-04,-1,SMOOTH,SMOOTH,.000000000000000,.2339620081609153E-23,.2339620081609153E-23,1.000000000000000,.1654361225106055E-23,1.000000000000000,.000000000000000,1,1,1,1,0,-0.00000000000000000e+00,NULLSPACE,NULLSPACE_CONSISTENT
run1,I1,KSU,D1,.3000000000000000E-05,-1,SMOOTH,SMOOTH,.000000000000000,.2339620081609153E-23,.2339620081609153E-23,1.000000000000000,.1654361225106055E-23,1.000000000000000,.000000000000000,1,1,1,1,0,-0.00000000000000000e+00,NULLSPACE,NULLSPACE_CONSISTENT
run1,I1,KSU,D1,.1000000000000000E-05,-1,SMOOTH,SMOOTH,.000000000000000,.2339620081609153E-23,.2339620081609153E-23,1.000000000000000,.1654361225106055E-23,1.000000000000000,.000000000000000,1,1,1,1,0,-0.00000000000000000e+00,NULLSPACE,NULLSPACE_CONSISTENT
run1,I1,KSU,D1,.3000000000000000E-06,-1,SMOOTH,SMOOTH,.000000000000000,.2339620081609153E-23,.2339620081609153E-23,1.000000000000000,.1654361225106055E-23,1.000000000000000,.000000000000000,1,1,1,1,0,-0.00000000000000000e+00,NULLSPACE,NULLSPACE_CONSISTENT
run1,I1,KSU,D1,.1000000000000000E-06,-1,SMOOTH,SMOOTH,.000000000000000,.2339620081609153E-23,.2339620081609153E-23,1.000000000000000,.1654361225106055E-23,1.000000000000000,.000000000000000,1,1,1,1,0,-0.00000000000000000e+00,NULLSPACE,NULLSPACE_CONSISTENT
run1,I1,KSU,D2,.1000000000000000E-01,-1,SMOOTH,SMOOTH,.000000000000000,.5231549544001671E-23,.5231549544001671E-23,1.000000000000000,.4963083675318166E-23,1.000000000000000,.000000000000000,1,1,1,1,0,,NULLSPACE,NULLSPACE_CONSISTENT
run1,I1,KSU,D2,.3000000000000000E-02,-1,SMOOTH,SMOOTH,.000000000000000,.5231549544001671E-23,.5231549544001671E-23,1.000000000000000,.4963083675318166E-23,1.000000000000000,.000000000000000,1,1,1,1,0,-0.00000000000000000e+00,NULLSPACE,NULLSPACE_CONSISTENT
run1,I1,KSU,D2,.1000000000000000E-02,-1,SMOOTH,SMOOTH,.000000000000000,.5231549544001671E-23,.5231549544001671E-23,1.000000000000000,.4963083675318166E-23,1.000000000000000,.000000000000000,1,1,1,1,0,-0.00000000000000000e+00,NULLSPACE,NULLSPACE_CONSISTENT
run1,I1,KSU,D2,.3000000000000000E-03,-1,SMOOTH,SMOOTH,.000000000000000,.5231549544001671E-23,.5231549544001671E-23,1.000000000000000,.4963083675318166E-23,1.000000000000000,.000000000000000,1,1,1,1,0,-0.00000000000000000e+00,NULLSPACE,NULLSPACE_CONSISTENT
run1,I1,KSU,D2,.1000000000000000E-03,-1,SMOOTH,SMOOTH,.000000000000000,.5231549544001671E-23,.5231549544001671E-23,1.000000000000000,.4963083675318166E-23,1.000000000000000,.000000000000000,1,1,1,1,0,-0.00000000000000000e+00,NULLSPACE,NULLSPACE_CONSISTENT
run1,I1,KSU,D2,.3000000000000000E-04,-1,SMOOTH,SMOOTH,.000000000000000,.5231549544001671E-23,.5231549544001671E-23,1.000000000000000,.4963083675318166E-23,1.000000000000000,.000000000000000,1,1,1,1,0,-0.00000000000000000e+00,NULLSPACE,NULLSPACE_CONSISTENT
run1,I1,KSU,D2,.1000000000000000E-04,-1,SMOOTH,SMOOTH,.000000000000000,.5231549544001671E-23,.5231549544001671E-23,1.000000000000000,.4963083675318166E-23,1.000000000000000,.000000000000000,1,1,1,1,0,-0.00000000000000000e+00,NULLSPACE,NULLSPACE_CONSISTENT
run1,I1,KSU,D2,.3000000000000000E-05,-1,SMOOTH,SMOOTH,.000000000000000,.5231549544001671E-23,.5231549544001671E-23,1.000000000000000,.4963083675318166E-23,1.000000000000000,.000000000000000,1,1,1,1,0,-0.00000000000000000e+00,NULLSPACE,NULLSPACE_CONSISTENT
run1,I1,KSU,D2,.1000000000000000E-05,-1,SMOOTH,SMOOTH,.000000000000000,.5231549544001671E-23,.5231549544001671E-23,1.000000000000000,.4963083675318166E-23,1.000000000000000,.000000000000000,1,1,1,1,0,-0.00000000000000000e+00,NULLSPACE,NULLSPACE_CONSISTENT
run1,I1,KSU,D2,.3000000000000000E-06,-1,SMOOTH,SMOOTH,.000000000000000,.5231549544001671E-23,.5231549544001671E-23,1.000000000000000,.4963083675318166E-23,1.000000000000000,.000000000000000,1,1,1,1,0,-0.00000000000000000e+00,NULLSPACE,NULLSPACE_CONSISTENT
run1,I1,KSU,D2,.1000000000000000E-06,-1,SMOOTH,SMOOTH,.000000000000000,.5231549544001671E-23,.5231549544001671E-23,1.000000000000000,.4963083675318166E-23,1.000000000000000,.000000000000000,1,1,1,1,0,-0.00000000000000000e+00,NULLSPACE,NULLSPACE_CONSISTENT
run1,I1,KSU,D3,.1000000000000000E-01,-1,SMOOTH,SMOOTH,.1271675614429551E-06,.1271675615815425E-06,.5657993186738316E-15,.4449242492638576E-08,.4578367001677877E-15,.5400053141227529E-08,1.000000000000000,1,1,1,1,0,,SMOOTH_INTERIOR,CONSISTENT_NUMERICALLY
run1,I1,KSU,D3,.3000000000000000E-02,-1,SMOOTH,SMOOTH,.1271675611637158E-06,.1271675615815425E-06,.1621900567484372E-14,.1275404314837299E-07,.1113196494081823E-14,.1312983469797927E-07,1.000000000000000,1,1,1,1,0,-8.74699554602533902e-01,SMOOTH_INTERIOR,CONSISTENT_NUMERICALLY
run1,I1,KSU,D3,.1000000000000000E-02,-1,SMOOTH,SMOOTH,.1271675640806340E-06,.1271675615815425E-06,.4016057056798274E-14,.3158082869505770E-07,.3705499642176549E-14,.4370531027162750E-07,.9999999999999996,1,1,1,1,0,-8.25315671061485068e-01,SMOOTH_INTERIOR,CONSISTENT_NUMERICALLY
run1,I1,KSU,D3,.3000000000000000E-03,-1,SMOOTH,SMOOTH,.1271675775474481E-06,.1271675615815425E-06,.3164149379152862E-13,.2488173039210620E-06,.3126830839302439E-13,.3688007566215161E-06,.9999999999999770,1,1,1,1,0,-1.71446460985777827e+00,SMOOTH_INTERIOR,CONSISTENT_NUMERICALLY
run1,I1,KSU,D3,.1000000000000000E-03,-1,SMOOTH,SMOOTH,.1271675416870021E-06,.1271675615815425E-06,.6144162637581761E-13,.4831548675754073E-06,.6125027699681695E-13,.7224295032456224E-06,.9999999999998956,1,1,1,1,0,-6.04051322188955742e-01,SMOOTH_INTERIOR,CONSISTENT_NUMERICALLY
run1,I1,KSU,D3,.3000000000000000E-04,-1,SMOOTH,SMOOTH,.1271674919588201E-06,.1271675615815425E-06,.2087456321741713E-12,.1641500627817883E-05,.1813316711242712E-12,.2138753752180434E-05,.9999999999988027,1,1,1,1,0,-1.01582766317600393e+00,SMOOTH_INTERIOR,CONSISTENT_NUMERICALLY
run1,I1,KSU,D3,.1000000000000000E-04,-1,SMOOTH,SMOOTH,.1271673646431187E-06,.1271675615815425E-06,.8415431625491651E-12,.6617592977982441E-05,.7551396673941572E-12,.8906656766667358E-05,.9999999999793027,1,1,1,1,0,-1.26898349790318044e+00,SMOOTH_INTERIOR,CONSISTENT_NUMERICALLY
run1,I1,KSU,D3,.3000000000000000E-05,-1,SMOOTH,SMOOTH,.1271702751502988E-06,.1271675615815425E-06,.3919981590182140E-11,.3082466862283052E-04,.3750708207752080E-11,.4423837997417999E-04,.9999999997525714,1,1,1,1,0,-1.27793993863822686e+00,SMOOTH_INTERIOR,CONSISTENT_NUMERICALLY
run1,I1,KSU,D3,.1000000000000000E-05,-1,SMOOTH,SMOOTH,.1271614191284348E-06,.1271675615815425E-06,.1102748855529634E-10,.8671620669729746E-04,.1046959113285766E-10,.1234858380960067E-03,.9999999974065683,1,1,1,1,0,-9.41464216651069163e-01,SMOOTH_INTERIOR,CONSISTENT_NUMERICALLY
run1,I1,KSU,D3,.3000000000000000E-06,-1,SMOOTH,SMOOTH,.1271522882727590E-06,.1271675615815425E-06,.2548788389250938E-10,.2004275585339900E-03,.2434737894067212E-10,.2871703828523172E-03,.9999999871253132,1,1,1,1,0,-6.95872929691588427e-01,SMOOTH_INTERIOR,CONSISTENT_NUMERICALLY
run1,I1,KSU,D3,.1000000000000000E-06,-1,SMOOTH,SMOOTH,.1271747928472597E-06,.1271675615815425E-06,.3155515334353354E-10,.2481242755506754E-03,.2434737894067212E-10,.2871380601627737E-03,.9999999708320911,1,1,1,1,0,-1.94366765247381973e-01,SMOOTH_INTERIOR,CONSISTENT_NUMERICALLY
run1,I2,KPS,D1,.1000000000000000E-01,-1,SMOOTH,SMOOTH,.1533684913479155E-03,.1533684913479134E-03,.5410166464257003E-17,.3527560593905873E-13,.4546872860861084E-17,.4291483621317694E-13,1.000000000000000,1,1,1,1,0,,SMOOTH_INTERIOR,CONSISTENT_NUMERICALLY
run1,I2,KPS,D1,.3000000000000000E-02,-1,SMOOTH,SMOOTH,.1533684913479053E-03,.1533684913479134E-03,.1670404535048190E-16,.1089144530514361E-12,.1259029772798792E-16,.1188312454308218E-12,1.000000000000000,1,1,1,1,0,-9.36375855397222012e-01,SMOOTH_INTERIOR,CONSISTENT_NUMERICALLY
run1,I2,KPS,D1,.1000000000000000E-02,-1,SMOOTH,SMOOTH,.1533684913477665E-03,.1533684913479134E-03,.2053149093194197E-15,.1338703325011308E-11,.1932861422998533E-15,.1824296256549452E-11,.9999999999999999,1,1,1,1,0,-2.28369374959098437e+00,SMOOTH_INTERIOR,CONSISTENT_NUMERICALLY
run1,I2,KPS,D1,.3000000000000000E-03,-1,SMOOTH,SMOOTH,.1533684913476385E-03,.1533684913479134E-03,.2827948560915152E-15,.1843891490397468E-11,.1932725897726972E-15,.1824168343475791E-11,1.000000000000000,1,1,1,1,0,-2.65933582550836989e-01,SMOOTH_INTERIOR,CONSISTENT_NUMERICALLY
run1,I2,KPS,D1,.1000000000000000E-03,-1,SMOOTH,SMOOTH,.1533684913466840E-03,.1533684913479134E-03,.1423456795886525E-14,.9281285767214347E-11,.1277488314785358E-14,.1205734214940853E-10,1.000000000000000,1,1,1,1,0,-1.47105746736665854e+00,SMOOTH_INTERIOR,CONSISTENT_NUMERICALLY
run1,I2,KPS,D1,.3000000000000000E-04,-1,SMOOTH,SMOOTH,.1533684913468133E-03,.1533684913479134E-03,.5830719538513835E-14,.3801771463792367E-10,.4447807275482010E-14,.4197982362298617E-10,1.000000000000000,1,1,1,1,0,-1.17116610193718196e+00,SMOOTH_INTERIOR,CONSISTENT_NUMERICALLY
run1,I2,KPS,D1,.1000000000000000E-04,-1,SMOOTH,SMOOTH,.1533684913486593E-03,.1533684913479134E-03,.1234049147863025E-13,.8046301668688955E-10,.1167582401747323E-13,.1102001508916750E-09,1.000000000000000,1,1,1,1,0,-6.82447703139239303e-01,SMOOTH_INTERIOR,CONSISTENT_NUMERICALLY
run1,I2,KPS,D1,.3000000000000000E-05,-1,SMOOTH,SMOOTH,.1533684913300927E-03,.1533684913479134E-03,.2848394151550284E-13,.1857222514557282E-09,.2251784235419649E-13,.2125305778445480E-09,1.000000000000000,1,1,1,1,0,-6.94745449480199340e-01,SMOOTH_INTERIOR,CONSISTENT_NUMERICALLY
run1,I2,KPS,D1,.1000000000000000E-05,-1,SMOOTH,SMOOTH,.1533684911907768E-03,.1533684913479134E-03,.2110852279411176E-12,.1376327210928058E-08,.1617394098426400E-12,.1526548134292552E-08,1.000000000000000,1,1,1,1,0,-1.82313771982569861e+00,SMOOTH_INTERIOR,CONSISTENT_NUMERICALLY
run1,I2,KPS,D1,.3000000000000000E-06,-1,SMOOTH,SMOOTH,.1533684917836660E-03,.1533684913479134E-03,.4539182376039142E-12,.2959657699732672E-08,.3403619888101700E-12,.3212444993082755E-08,1.000000000000000,1,1,1,1,0,-6.35940537756148450e-01,SMOOTH_INTERIOR,CONSISTENT_NUMERICALLY
run1,I2,KPS,D1,.1000000000000000E-06,-1,SMOOTH,SMOOTH,.1533684926412312E-03,.1533684913479134E-03,.1597694366921833E-11,.1041735717295765E-07,.1356143631637066E-11,.1279971606367676E-07,1.000000000000000,1,1,1,1,0,-1.14544482418967863e+00,SMOOTH_INTERIOR,CONSISTENT_NUMERICALLY
run1,I2,KPS,D2,.1000000000000000E-01,-1,SMOOTH,SMOOTH,.1492268606384170E-05,.1492268606383834E-05,.1328988172774115E-16,.8905824106253291E-11,.1067939139898222E-16,.1431296129023480E-10,1.000000000000000,1,1,1,1,0,,SMOOTH_INTERIOR,CONSISTENT_NUMERICALLY
run1,I2,KPS,D2,.3000000000000000E-02,-1,SMOOTH,SMOOTH,.1492268606382363E-05,.1492268606383834E-05,.6941590454640521E-16,.4651703068029993E-10,.5042842415213999E-16,.6758625616556173E-10,1.000000000000000,1,1,1,1,0,-1.37304848922852796e+00,SMOOTH_INTERIOR,CONSISTENT_NUMERICALLY
run1,I2,KPS,D2,.1000000000000000E-02,-1,SMOOTH,SMOOTH,.1492268606427538E-05,.1492268606383834E-05,.1397878735800366E-15,.9367473990804242E-10,.1302668910241334E-15,.1745890658613542E-09,1.000000000000000,1,1,1,1,0,-6.37176626059252849e-01,SMOOTH_INTERIOR,CONSISTENT_NUMERICALLY
run1,I2,KPS,D2,.3000000000000000E-03,-1,SMOOTH,SMOOTH,.1492268606093243E-05,.1492268606383834E-05,.5038200053659633E-15,.3376201866142946E-09,.4841142694649069E-15,.6488299323007514E-09,1.000000000000000,1,1,1,1,0,-1.06488533846565114e+00,SMOOTH_INTERIOR,CONSISTENT_NUMERICALLY
run1,I2,KPS,D2,.1000000000000000E-03,-1,SMOOTH,SMOOTH,.1492268605912542E-05,.1492268606383834E-05,.1076487683931014E-14,.7213766203523049E-09,.8455048998174536E-15,.1133180576110700E-08,1.000000000000000,1,1,1,1,0,-6.91089851853881609e-01,SMOOTH_INTERIOR,CONSISTENT_NUMERICALLY
run1,I2,KPS,D2,.3000000000000000E-04,-1,SMOOTH,SMOOTH,.1492268607493670E-05,.1492268606383834E-05,.4802931156668191E-14,.3218543318910207E-08,.3491293625729197E-14,.4679175846033689E-08,.9999999999999998,1,1,1,1,0,-1.24215662255128367e+00,SMOOTH_INTERIOR,CONSISTENT_NUMERICALLY
run1,I2,KPS,D2,.1000000000000000E-04,-1,SMOOTH,SMOOTH,.1492268594392894E-05,.1492268606383834E-05,.1683367376725432E-13,.1128059231108990E-07,.1277172890303712E-13,.1711719832292818E-07,1.000000000000000,1,1,1,1,0,-1.14158096988784585e+00,SMOOTH_INTERIOR,CONSISTENT_NUMERICALLY
run1,I2,KPS,D2,.3000000000000000E-05,-1,SMOOTH,SMOOTH,.1492268607041921E-05,.1492268606383834E-05,.5907775596491477E-13,.3958922387439540E-07,.4324537321294495E-13,.5795923136287259E-07,.9999999999999989,1,1,1,1,0,-1.04277538349223908e+00,SMOOTH_INTERIOR,CONSISTENT_NUMERICALLY
run1,I2,KPS,D2,.1000000000000000E-05,-1,SMOOTH,SMOOTH,.1492268656734521E-05,.1492268606383834E-05,.9172056857331547E-13,.6146384443537424E-07,.7938544569971451E-13,.1063956407229135E-06,.9999999999999988,1,1,1,1,0,-4.00407120480948231e-01,SMOOTH_INTERIOR,CONSISTENT_NUMERICALLY
run1,I2,KPS,D2,.3000000000000000E-06,-1,SMOOTH,SMOOTH,.1492268223053770E-05,.1492268606383834E-05,.7114217205445605E-12,.4767383817505387E-06,.4627156405430377E-12,.6201503901794229E-06,.9999999999999195,1,1,1,1,0,-1.70146595240205145e+00,SMOOTH_INTERIOR,CONSISTENT_NUMERICALLY
run1,I2,KPS,D2,.1000000000000000E-06,-1,SMOOTH,SMOOTH,.1492269036205550E-05,.1492268606383834E-05,.9964430945972601E-12,.6677368962442284E-06,.6214865421068621E-12,.8329412302670201E-06,.9999999999998185,1,1,1,1,0,-3.06683845671510247e-01,SMOOTH_INTERIOR,CONSISTENT_NUMERICALLY
run1,I2,KPS,D3,.1000000000000000E-01,-1,SMOOTH,SMOOTH,.9502699081778445E-04,.9502699081778029E-04,.1369747651337541E-16,.1441430102700032E-12,.9032759349519859E-17,.1312076631459923E-12,.9999999999999998,1,1,1,1,0,,SMOOTH_INTERIOR,CONSISTENT_NUMERICALLY
run1,I2,KPS,D3,.3000000000000000E-02,-1,SMOOTH,SMOOTH,.9502699081776152E-04,.9502699081778029E-04,.3423722747108032E-16,.3602895048705917E-12,.3072019093101896E-16,.4462340141578559E-12,1.000000000000000,1,1,1,1,0,-7.60899209307854152e-01,SMOOTH_INTERIOR,CONSISTENT_NUMERICALLY
run1,I2,KPS,D3,.1000000000000000E-02,-1,SMOOTH,SMOOTH,.9502699081766843E-04,.9502699081778029E-04,.1571393784270578E-15,.1653628901375837E-11,.1468009741545373E-15,.2132395209598719E-11,1.000000000000000,1,1,1,1,0,-1.38704037203831732e+00,SMOOTH_INTERIOR,CONSISTENT_NUMERICALLY
run1,I2,KPS,D3,.3000000000000000E-03,-1,SMOOTH,SMOOTH,.9502699081722779E-04,.9502699081778029E-04,.6167024262019800E-15,.6489760655312576E-11,.5081926632982681E-15,.7381882899698371E-11,.9999999999999998,1,1,1,1,0,-1.13561821250635564e+00,SMOOTH_INTERIOR,CONSISTENT_NUMERICALLY
run1,I2,KPS,D3,.1000000000000000E-03,-1,SMOOTH,SMOOTH,.9502699081803147E-04,.9502699081778029E-04,.1117551801409611E-14,.1176036189075615E-10,.9374011983309671E-15,.1361646158212003E-10,1.000000000000000,1,1,1,1,0,-5.41145470623164093e-01,SMOOTH_INTERIOR,CONSISTENT_NUMERICALLY
run1,I2,KPS,D3,.3000000000000000E-04,-1,SMOOTH,SMOOTH,.9502699082255385E-04,.9502699081778029E-04,.6964214333126548E-14,.7328669752503255E-10,.6719817302429376E-14,.9761043009046845E-10,.9999999999999998,1,1,1,1,0,-1.51967252997698066e+00,SMOOTH_INTERIOR,CONSISTENT_NUMERICALLY
run1,I2,KPS,D3,.1000000000000000E-04,-1,SMOOTH,SMOOTH,.9502699081377453E-04,.9502699081778029E-04,.1267554521428287E-13,.1333888940941944E-09,.9690958159645074E-14,.1407684988131944E-09,1.000000000000000,1,1,1,1,0,-5.45132956302604943e-01,SMOOTH_INTERIOR,CONSISTENT_NUMERICALLY
run1,I2,KPS,D3,.3000000000000000E-05,-1,SMOOTH,SMOOTH,.9502699083198339E-04,.9502699081778029E-04,.3693855967156544E-13,.3887165041022531E-09,.2776099323835955E-13,.4032494289367811E-09,.9999999999999998,1,1,1,1,0,-8.88376727163566970e-01,SMOOTH_INTERIOR,CONSISTENT_NUMERICALLY
run1,I2,KPS,D3,.1000000000000000E-05,-1,SMOOTH,SMOOTH,.9502699085331720E-04,.9502699081778029E-04,.9204982779675908E-13,.9686703427118550E-09,.6390106678392030E-13,.9282113376825510E-09,.9999999999999998,1,1,1,1,0,-8.31115820704993791e-01,SMOOTH_INTERIOR,CONSISTENT_NUMERICALLY
run1,I2,KPS,D3,.3000000000000000E-06,-1,SMOOTH,SMOOTH,.9502699144845207E-04,.9502699081778029E-04,.8033168230404847E-12,.8453564727199097E-08,.7403632828334450E-12,.1075433677252930E-07,.9999999999999998,1,1,1,1,0,-1.79939209645756004e+00,SMOOTH_INTERIOR,CONSISTENT_NUMERICALLY
run1,I2,KPS,D3,.1000000000000000E-06,-1,SMOOTH,SMOOTH,.9502698980122046E-04,.9502699081778029E-04,.1655886544741399E-11,.1742543387401014E-07,.1428041062137564E-11,.2074337674938793E-07,.9999999999999998,1,1,1,1,0,-6.58414841210171797e-01,SMOOTH_INTERIOR,CONSISTENT_NUMERICALLY
run1,I2,KPU,D1,.1000000000000000E-01,-1,SMOOTH,SMOOTH,.000000000000000,.5546429513626830E-22,.5546429513626830E-22,1.000000000000000,.5293955920339377E-22,1.000000000000000,.000000000000000,1,1,1,1,0,,NULLSPACE,NULLSPACE_CONSISTENT
run1,I2,KPU,D1,.3000000000000000E-02,-1,SMOOTH,SMOOTH,.000000000000000,.5546429513626830E-22,.5546429513626830E-22,1.000000000000000,.5293955920339377E-22,1.000000000000000,.000000000000000,1,1,1,1,0,-0.00000000000000000e+00,NULLSPACE,NULLSPACE_CONSISTENT
run1,I2,KPU,D1,.1000000000000000E-02,-1,SMOOTH,SMOOTH,.000000000000000,.5546429513626830E-22,.5546429513626830E-22,1.000000000000000,.5293955920339377E-22,1.000000000000000,.000000000000000,1,1,1,1,0,-0.00000000000000000e+00,NULLSPACE,NULLSPACE_CONSISTENT
run1,I2,KPU,D1,.3000000000000000E-03,-1,SMOOTH,SMOOTH,.000000000000000,.5546429513626830E-22,.5546429513626830E-22,1.000000000000000,.5293955920339377E-22,1.000000000000000,.000000000000000,1,1,1,1,0,-0.00000000000000000e+00,NULLSPACE,NULLSPACE_CONSISTENT
run1,I2,KPU,D1,.1000000000000000E-03,-1,SMOOTH,SMOOTH,.000000000000000,.5546429513626830E-22,.5546429513626830E-22,1.000000000000000,.5293955920339377E-22,1.000000000000000,.000000000000000,1,1,1,1,0,-0.00000000000000000e+00,NULLSPACE,NULLSPACE_CONSISTENT
run1,I2,KPU,D1,.3000000000000000E-04,-1,SMOOTH,SMOOTH,.000000000000000,.5546429513626830E-22,.5546429513626830E-22,1.000000000000000,.5293955920339377E-22,1.000000000000000,.000000000000000,1,1,1,1,0,-0.00000000000000000e+00,NULLSPACE,NULLSPACE_CONSISTENT
run1,I2,KPU,D1,.1000000000000000E-04,-1,SMOOTH,SMOOTH,.000000000000000,.5546429513626830E-22,.5546429513626830E-22,1.000000000000000,.5293955920339377E-22,1.000000000000000,.000000000000000,1,1,1,1,0,-0.00000000000000000e+00,NULLSPACE,NULLSPACE_CONSISTENT
run1,I2,KPU,D1,.3000000000000000E-05,-1,SMOOTH,SMOOTH,.000000000000000,.5546429513626830E-22,.5546429513626830E-22,1.000000000000000,.5293955920339377E-22,1.000000000000000,.000000000000000,1,1,1,1,0,-0.00000000000000000e+00,NULLSPACE,NULLSPACE_CONSISTENT
run1,I2,KPU,D1,.1000000000000000E-05,-1,SMOOTH,SMOOTH,.000000000000000,.5546429513626830E-22,.5546429513626830E-22,1.000000000000000,.5293955920339377E-22,1.000000000000000,.000000000000000,1,1,1,1,0,-0.00000000000000000e+00,NULLSPACE,NULLSPACE_CONSISTENT
run1,I2,KPU,D1,.3000000000000000E-06,-1,SMOOTH,SMOOTH,.000000000000000,.5546429513626830E-22,.5546429513626830E-22,1.000000000000000,.5293955920339377E-22,1.000000000000000,.000000000000000,1,1,1,1,0,-0.00000000000000000e+00,NULLSPACE,NULLSPACE_CONSISTENT
run1,I2,KPU,D1,.1000000000000000E-06,-1,SMOOTH,SMOOTH,.000000000000000,.5546429513626830E-22,.5546429513626830E-22,1.000000000000000,.5293955920339377E-22,1.000000000000000,.000000000000000,1,1,1,1,0,-0.00000000000000000e+00,NULLSPACE,NULLSPACE_CONSISTENT
run1,I2,KPU,D2,.1000000000000000E-01,-1,SMOOTH,SMOOTH,.000000000000000,.2667577321119195E-22,.2667577321119195E-22,1.000000000000000,.2646977960169689E-22,1.000000000000000,.000000000000000,1,1,1,1,0,,NULLSPACE,NULLSPACE_CONSISTENT
run1,I2,KPU,D2,.3000000000000000E-02,-1,SMOOTH,SMOOTH,.000000000000000,.2667577321119195E-22,.2667577321119195E-22,1.000000000000000,.2646977960169689E-22,1.000000000000000,.000000000000000,1,1,1,1,0,-0.00000000000000000e+00,NULLSPACE,NULLSPACE_CONSISTENT
run1,I2,KPU,D2,.1000000000000000E-02,-1,SMOOTH,SMOOTH,.000000000000000,.2667577321119195E-22,.2667577321119195E-22,1.000000000000000,.2646977960169689E-22,1.000000000000000,.000000000000000,1,1,1,1,0,-0.00000000000000000e+00,NULLSPACE,NULLSPACE_CONSISTENT
run1,I2,KPU,D2,.3000000000000000E-03,-1,SMOOTH,SMOOTH,.000000000000000,.2667577321119195E-22,.2667577321119195E-22,1.000000000000000,.2646977960169689E-22,1.000000000000000,.000000000000000,1,1,1,1,0,-0.00000000000000000e+00,NULLSPACE,NULLSPACE_CONSISTENT
run1,I2,KPU,D2,.1000000000000000E-03,-1,SMOOTH,SMOOTH,.000000000000000,.2667577321119195E-22,.2667577321119195E-22,1.000000000000000,.2646977960169689E-22,1.000000000000000,.000000000000000,1,1,1,1,0,-0.00000000000000000e+00,NULLSPACE,NULLSPACE_CONSISTENT
run1,I2,KPU,D2,.3000000000000000E-04,-1,SMOOTH,SMOOTH,.000000000000000,.2667577321119195E-22,.2667577321119195E-22,1.000000000000000,.2646977960169689E-22,1.000000000000000,.000000000000000,1,1,1,1,0,-0.00000000000000000e+00,NULLSPACE,NULLSPACE_CONSISTENT
run1,I2,KPU,D2,.1000000000000000E-04,-1,SMOOTH,SMOOTH,.000000000000000,.2667577321119195E-22,.2667577321119195E-22,1.000000000000000,.2646977960169689E-22,1.000000000000000,.000000000000000,1,1,1,1,0,-0.00000000000000000e+00,NULLSPACE,NULLSPACE_CONSISTENT
run1,I2,KPU,D2,.3000000000000000E-05,-1,SMOOTH,SMOOTH,.000000000000000,.2667577321119195E-22,.2667577321119195E-22,1.000000000000000,.2646977960169689E-22,1.000000000000000,.000000000000000,1,1,1,1,0,-0.00000000000000000e+00,NULLSPACE,NULLSPACE_CONSISTENT
run1,I2,KPU,D2,.1000000000000000E-05,-1,SMOOTH,SMOOTH,.000000000000000,.2667577321119195E-22,.2667577321119195E-22,1.000000000000000,.2646977960169689E-22,1.000000000000000,.000000000000000,1,1,1,1,0,-0.00000000000000000e+00,NULLSPACE,NULLSPACE_CONSISTENT
run1,I2,KPU,D2,.3000000000000000E-06,-1,SMOOTH,SMOOTH,.000000000000000,.2667577321119195E-22,.2667577321119195E-22,1.000000000000000,.2646977960169689E-22,1.000000000000000,.000000000000000,1,1,1,1,0,-0.00000000000000000e+00,NULLSPACE,NULLSPACE_CONSISTENT
run1,I2,KPU,D2,.1000000000000000E-06,-1,SMOOTH,SMOOTH,.000000000000000,.2667577321119195E-22,.2667577321119195E-22,1.000000000000000,.2646977960169689E-22,1.000000000000000,.000000000000000,1,1,1,1,0,-0.00000000000000000e+00,NULLSPACE,NULLSPACE_CONSISTENT
run1,I2,KPU,D3,.1000000000000000E-01,-1,SMOOTH,SMOOTH,.1112251897521516E-05,.1112251897438571E-05,.8447566814807789E-16,.7595012275215626E-10,.5821445688241993E-16,.7174683239972665E-10,1.000000000000000,1,1,1,1,0,,SMOOTH_INTERIOR,CONSISTENT_NUMERICALLY
run1,I2,KPU,D3,.3000000000000000E-02,-1,SMOOTH,SMOOTH,.1112251897489848E-05,.1112251897438571E-05,.1001107288889709E-15,.9000724486503711E-10,.8113347436922679E-16,.9999354282607598E-10,1.000000000000000,1,1,1,1,0,-1.41044149575883598e-01,SMOOTH_INTERIOR,CONSISTENT_NUMERICALLY
run1,I2,KPU,D3,.1000000000000000E-02,-1,SMOOTH,SMOOTH,.1112251897486944E-05,.1112251897438571E-05,.1442731200835121E-15,.1297126311130484E-09,.1256252563522982E-15,.1548277643707549E-09,1.000000000000000,1,1,1,1,0,-3.32629911301813908e-01,SMOOTH_INTERIOR,CONSISTENT_NUMERICALLY
run1,I2,KPU,D3,.3000000000000000E-03,-1,SMOOTH,SMOOTH,.1112251897345386E-05,.1112251897438571E-05,.2383303079202449E-15,.2142772769991230E-09,.1450733445794937E-15,.1787967026971593E-09,1.000000000000000,1,1,1,1,0,-4.16910903369647923e-01,SMOOTH_INTERIOR,CONSISTENT_NUMERICALLY
run1,I2,KPU,D3,.1000000000000000E-03,-1,SMOOTH,SMOOTH,.1112251897564630E-05,.1112251897438571E-05,.1328401565351465E-14,.1194335175565996E-08,.9585769161332062E-15,.1181405117830131E-08,1.000000000000000,1,1,1,1,0,-1.56385844732719015e+00,SMOOTH_INTERIOR,CONSISTENT_NUMERICALLY
run1,I2,KPU,D3,.3000000000000000E-04,-1,SMOOTH,SMOOTH,.1112251899096674E-05,.1112251897438571E-05,.2746331529812239E-14,.2469163264223418E-08,.2294029601323307E-14,.2827293527140825E-08,1.000000000000000,1,1,1,1,0,-6.03244226498087066e-01,SMOOTH_INTERIOR,CONSISTENT_NUMERICALLY
run1,I2,KPU,D3,.1000000000000000E-04,-1,SMOOTH,SMOOTH,.1112251890074959E-05,.1112251897438571E-05,.1166579646963583E-13,.1048844825214616E-07,.8547992150001517E-14,.1053503533355159E-07,1.000000000000000,1,1,1,1,0,-1.31656560251330901e+00,SMOOTH_INTERIOR,CONSISTENT_NUMERICALLY
run1,I2,KPU,D3,.3000000000000000E-05,-1,SMOOTH,SMOOTH,.1112251892681835E-05,.1112251897438571E-05,.3188952412832529E-13,.2867113484073559E-07,.2661802834044674E-13,.3280558336451377E-07,.9999999999999997,1,1,1,1,0,-8.35248415321075632e-01,SMOOTH_INTERIOR,CONSISTENT_NUMERICALLY
run1,I2,KPU,D3,.1000000000000000E-05,-1,SMOOTH,SMOOTH,.1112251708559390E-05,.1112251897438571E-05,.2881070834228860E-12,.2590304265484950E-06,.2628017533162425E-12,.3238919395714972E-06,.9999999999999809,1,1,1,1,0,-2.00348630044229115e+00,SMOOTH_INTERIOR,CONSISTENT_NUMERICALLY
run1,I2,KPU,D3,.3000000000000000E-06,-1,SMOOTH,SMOOTH,.1112252014425053E-05,.1112251897438571E-05,.4743045968547647E-12,.4264362668742326E-06,.4432029130875850E-12,.5462285753209331E-06,.9999999999999147,1,1,1,1,0,-4.14060429311659373e-01,SMOOTH_INTERIOR,CONSISTENT_NUMERICALLY
run1,I2,KPU,D3,.1000000000000000E-06,-1,SMOOTH,SMOOTH,.1112251296937280E-05,.1112251897438571E-05,.6763045258737236E-12,.6080497838944576E-06,.5880624050618938E-12,.7247618045202909E-06,.9999999999999608,1,1,1,1,0,-3.22947172191135112e-01,SMOOTH_INTERIOR,CONSISTENT_NUMERICALLY
run1,I2,KSU,D1,.1000000000000000E-01,-1,SMOOTH,SMOOTH,.000000000000000,.7237052673748088E-20,.7237052673748088E-20,1.000000000000000,.6776263578034403E-20,1.000000000000000,.000000000000000,1,1,1,1,0,,NULLSPACE,NULLSPACE_CONSISTENT
run1,I2,KSU,D1,.3000000000000000E-02,-1,SMOOTH,SMOOTH,.000000000000000,.7237052673748088E-20,.7237052673748088E-20,1.000000000000000,.6776263578034403E-20,1.000000000000000,.000000000000000,1,1,1,1,0,-0.00000000000000000e+00,NULLSPACE,NULLSPACE_CONSISTENT
run1,I2,KSU,D1,.1000000000000000E-02,-1,SMOOTH,SMOOTH,.000000000000000,.7237052673748088E-20,.7237052673748088E-20,1.000000000000000,.6776263578034403E-20,1.000000000000000,.000000000000000,1,1,1,1,0,-0.00000000000000000e+00,NULLSPACE,NULLSPACE_CONSISTENT
run1,I2,KSU,D1,.3000000000000000E-03,-1,SMOOTH,SMOOTH,.000000000000000,.7237052673748088E-20,.7237052673748088E-20,1.000000000000000,.6776263578034403E-20,1.000000000000000,.000000000000000,1,1,1,1,0,-0.00000000000000000e+00,NULLSPACE,NULLSPACE_CONSISTENT
run1,I2,KSU,D1,.1000000000000000E-03,-1,SMOOTH,SMOOTH,.000000000000000,.7237052673748088E-20,.7237052673748088E-20,1.000000000000000,.6776263578034403E-20,1.000000000000000,.000000000000000,1,1,1,1,0,-0.00000000000000000e+00,NULLSPACE,NULLSPACE_CONSISTENT
run1,I2,KSU,D1,.3000000000000000E-04,-1,SMOOTH,SMOOTH,.000000000000000,.7237052673748088E-20,.7237052673748088E-20,1.000000000000000,.6776263578034403E-20,1.000000000000000,.000000000000000,1,1,1,1,0,-0.00000000000000000e+00,NULLSPACE,NULLSPACE_CONSISTENT
run1,I2,KSU,D1,.1000000000000000E-04,-1,SMOOTH,SMOOTH,.000000000000000,.7237052673748088E-20,.7237052673748088E-20,1.000000000000000,.6776263578034403E-20,1.000000000000000,.000000000000000,1,1,1,1,0,-0.00000000000000000e+00,NULLSPACE,NULLSPACE_CONSISTENT
run1,I2,KSU,D1,.3000000000000000E-05,-1,SMOOTH,SMOOTH,.000000000000000,.7237052673748088E-20,.7237052673748088E-20,1.000000000000000,.6776263578034403E-20,1.000000000000000,.000000000000000,1,1,1,1,0,-0.00000000000000000e+00,NULLSPACE,NULLSPACE_CONSISTENT
run1,I2,KSU,D1,.1000000000000000E-05,-1,SMOOTH,SMOOTH,.000000000000000,.7237052673748088E-20,.7237052673748088E-20,1.000000000000000,.6776263578034403E-20,1.000000000000000,.000000000000000,1,1,1,1,0,-0.00000000000000000e+00,NULLSPACE,NULLSPACE_CONSISTENT
run1,I2,KSU,D1,.3000000000000000E-06,-1,SMOOTH,SMOOTH,.000000000000000,.7237052673748088E-20,.7237052673748088E-20,1.000000000000000,.6776263578034403E-20,1.000000000000000,.000000000000000,1,1,1,1,0,-0.00000000000000000e+00,NULLSPACE,NULLSPACE_CONSISTENT
run1,I2,KSU,D1,.1000000000000000E-06,-1,SMOOTH,SMOOTH,.000000000000000,.7237052673748088E-20,.7237052673748088E-20,1.000000000000000,.6776263578034403E-20,1.000000000000000,.000000000000000,1,1,1,1,0,-0.00000000000000000e+00,NULLSPACE,NULLSPACE_CONSISTENT
run1,I2,KSU,D2,.1000000000000000E-01,-1,SMOOTH,SMOOTH,.000000000000000,.1554945794002033E-19,.1554945794002033E-19,1.000000000000000,.1355252715606881E-19,1.000000000000000,.000000000000000,1,1,1,1,0,,NULLSPACE,NULLSPACE_CONSISTENT
run1,I2,KSU,D2,.3000000000000000E-02,-1,SMOOTH,SMOOTH,.000000000000000,.1554945794002033E-19,.1554945794002033E-19,1.000000000000000,.1355252715606881E-19,1.000000000000000,.000000000000000,1,1,1,1,0,-0.00000000000000000e+00,NULLSPACE,NULLSPACE_CONSISTENT
run1,I2,KSU,D2,.1000000000000000E-02,-1,SMOOTH,SMOOTH,.000000000000000,.1554945794002033E-19,.1554945794002033E-19,1.000000000000000,.1355252715606881E-19,1.000000000000000,.000000000000000,1,1,1,1,0,-0.00000000000000000e+00,NULLSPACE,NULLSPACE_CONSISTENT
run1,I2,KSU,D2,.3000000000000000E-03,-1,SMOOTH,SMOOTH,.000000000000000,.1554945794002033E-19,.1554945794002033E-19,1.000000000000000,.1355252715606881E-19,1.000000000000000,.000000000000000,1,1,1,1,0,-0.00000000000000000e+00,NULLSPACE,NULLSPACE_CONSISTENT
run1,I2,KSU,D2,.1000000000000000E-03,-1,SMOOTH,SMOOTH,.000000000000000,.1554945794002033E-19,.1554945794002033E-19,1.000000000000000,.1355252715606881E-19,1.000000000000000,.000000000000000,1,1,1,1,0,-0.00000000000000000e+00,NULLSPACE,NULLSPACE_CONSISTENT
run1,I2,KSU,D2,.3000000000000000E-04,-1,SMOOTH,SMOOTH,.000000000000000,.1554945794002033E-19,.1554945794002033E-19,1.000000000000000,.1355252715606881E-19,1.000000000000000,.000000000000000,1,1,1,1,0,-0.00000000000000000e+00,NULLSPACE,NULLSPACE_CONSISTENT
run1,I2,KSU,D2,.1000000000000000E-04,-1,SMOOTH,SMOOTH,.000000000000000,.1554945794002033E-19,.1554945794002033E-19,1.000000000000000,.1355252715606881E-19,1.000000000000000,.000000000000000,1,1,1,1,0,-0.00000000000000000e+00,NULLSPACE,NULLSPACE_CONSISTENT
run1,I2,KSU,D2,.3000000000000000E-05,-1,SMOOTH,SMOOTH,.000000000000000,.1554945794002033E-19,.1554945794002033E-19,1.000000000000000,.1355252715606881E-19,1.000000000000000,.000000000000000,1,1,1,1,0,-0.00000000000000000e+00,NULLSPACE,NULLSPACE_CONSISTENT
run1,I2,KSU,D2,.1000000000000000E-05,-1,SMOOTH,SMOOTH,.000000000000000,.1554945794002033E-19,.1554945794002033E-19,1.000000000000000,.1355252715606881E-19,1.000000000000000,.000000000000000,1,1,1,1,0,-0.00000000000000000e+00,NULLSPACE,NULLSPACE_CONSISTENT
run1,I2,KSU,D2,.3000000000000000E-06,-1,SMOOTH,SMOOTH,.000000000000000,.1554945794002033E-19,.1554945794002033E-19,1.000000000000000,.1355252715606881E-19,1.000000000000000,.000000000000000,1,1,1,1,0,-0.00000000000000000e+00,NULLSPACE,NULLSPACE_CONSISTENT
run1,I2,KSU,D2,.1000000000000000E-06,-1,SMOOTH,SMOOTH,.000000000000000,.1554945794002033E-19,.1554945794002033E-19,1.000000000000000,.1355252715606881E-19,1.000000000000000,.000000000000000,1,1,1,1,0,-0.00000000000000000e+00,NULLSPACE,NULLSPACE_CONSISTENT
run1,I2,KSU,D3,.1000000000000000E-01,-1,SMOOTH,SMOOTH,.3442372844536300E-03,.3442372844196956E-03,.3395955048461732E-13,.9865157557966906E-10,.2505347275125192E-13,.1008320199697801E-09,1.000000000000000,1,1,1,1,0,,SMOOTH_INTERIOR,CONSISTENT_NUMERICALLY
run1,I2,KSU,D3,.3000000000000000E-02,-1,SMOOTH,SMOOTH,.3442372844274738E-03,.3442372844196956E-03,.8165744093063564E-14,.2372126571543408E-10,.7012348601093121E-14,.2822240578190858E-10,.9999999999999999,1,1,1,1,0,1.18376616591056383e+00,SMOOTH_INTERIOR,CONSISTENT_NUMERICALLY
run1,I2,KSU,D3,.1000000000000000E-02,-1,SMOOTH,SMOOTH,.3442372844231338E-03,.3442372844196956E-03,.1794241149063357E-13,.5212222005731052E-10,.1289672036698664E-13,.5190507434362798E-10,.9999999999999999,1,1,1,1,0,-7.16557989729361577e-01,SMOOTH_INTERIOR,CONSISTENT_NUMERICALLY
run1,I2,KSU,D3,.3000000000000000E-03,-1,SMOOTH,SMOOTH,.3442372843886940E-03,.3442372844196956E-03,.5511009570112496E-13,.1600933373444071E-09,.5312471382939998E-13,.2138095688154595E-09,1.000000000000000,1,1,1,1,0,-9.32052329624154519e-01,SMOOTH_INTERIOR,CONSISTENT_NUMERICALLY
run1,I2,KSU,D3,.1000000000000000E-03,-1,SMOOTH,SMOOTH,.3442372844420671E-03,.3442372844196956E-03,.8784639957085845E-13,.2551914145884521E-09,.6058384859324722E-13,.2438301425302864E-09,.9999999999999999,1,1,1,1,0,-4.24405325095352615e-01,SMOOTH_INTERIOR,CONSISTENT_NUMERICALLY
run1,I2,KSU,D3,.3000000000000000E-04,-1,SMOOTH,SMOOTH,.3442372850857339E-03,.3442372844196956E-03,.7444695214993591E-12,.2162663818691068E-08,.6407646765613229E-12,.2578867893658677E-08,.9999999999999998,1,1,1,1,0,-1.77502521271748481e+00,SMOOTH_INTERIOR,CONSISTENT_NUMERICALLY
run1,I2,KSU,D3,.1000000000000000E-04,-1,SMOOTH,SMOOTH,.3442372846252122E-03,.3442372844196956E-03,.1455752267648632E-11,.4228920958499831E-08,.1103357585418435E-11,.4440652787280328E-08,.9999999999999998,1,1,1,1,0,-6.10412028228650039e-01,SMOOTH_INTERIOR,CONSISTENT_NUMERICALLY
run1,I2,KSU,D3,.3000000000000000E-05,-1,SMOOTH,SMOOTH,.3442372889408398E-03,.3442372844196956E-03,.7808469169638179E-11,.2268339142939315E-07,.7579658580468551E-11,.3050564166096200E-07,.9999999999999998,1,1,1,1,0,-1.39511967391837710e+00,SMOOTH_INTERIOR,CONSISTENT_NUMERICALLY
run1,I2,KSU,D3,.1000000000000000E-05,-1,SMOOTH,SMOOTH,.3442373186912561E-03,.3442372844196956E-03,.4111653867586682E-10,.1194424208048864E-06,.3996116344729891E-10,.1608305652115079E-06,.9999999999999979,1,1,1,1,0,-1.51209077391366153e+00,SMOOTH_INTERIOR,CONSISTENT_NUMERICALLY
run1,I2,KSU,D3,.3000000000000000E-06,-1,SMOOTH,SMOOTH,.3442373040633234E-03,.3442372844196956E-03,.7607173357982952E-10,.2209863157824287E-06,.5623875402372726E-10,.2263425603975178E-06,.9999999999999771,1,1,1,1,0,-5.11030078400698695e-01,SMOOTH_INTERIOR,CONSISTENT_NUMERICALLY
run1,I2,KSU,D3,.1000000000000000E-06,-1,SMOOTH,SMOOTH,.3442372693705134E-03,.3442372844196956E-03,.9288304960639589E-10,.2698227467224395E-06,.7106113901521674E-10,.2859978039819687E-06,.9999999999999644,1,1,1,1,0,-1.81742380567398887e-01,SMOOTH_INTERIOR,CONSISTENT_NUMERICALLY
