run_id,state_id,block_id,direction_id,h,sigma,branch_id_plus,branch_id_minus,norm_fd,norm_kv,absolute_error_l2,relative_error_l2,absolute_error_inf,relative_error_inf,cosine_similarity,rhs_finite,amatrx_finite,candidate_svars_finite,replay_exact,branch_crossed,observed_slope,residual_characteristic_scale,scaled_norm_fd,scaled_norm_kv,scaled_absolute_error_l2,scaled_absolute_error_inf,row_classification,series_classification
run1,BHIGH,KPS,D1,.1000000000000000E-01,-1,BRANCH_8,BRANCH_8,.2436157445678591E-04,.2436157445678995E-04,.1335001415926619E-16,.5479947194277229E-12,.1101312238020041E-16,.6543888738235218E-12,1.000000000000000,1,1,1,1,0,,1.00000000000000000e+00,2.43615744567859114e-05,2.43615744567899500e-05,1.33500141592661896e-17,1.10131223802004099e-17,SMOOTH_INTERIOR,CONSISTENT_NUMERICALLY
run1,BHIGH,KPS,D1,.3000000000000000E-02,-1,BRANCH_8,BRANCH_8,.2436157445676314E-04,.2436157445678995E-04,.5407401241181269E-16,.2219643582877765E-11,.4798949865963964E-16,.2851488696763389E-11,1.000000000000000,1,1,1,1,0,-1.16185038223200299e+00,1.00000000000000000e+00,2.43615744567631398e-05,2.43615744567899500e-05,5.40740124118126923e-17,4.79894986596396400e-17,SMOOTH_INTERIOR,CONSISTENT_NUMERICALLY
run1,BHIGH,KPS,D1,.1000000000000000E-02,-1,BRANCH_8,BRANCH_8,.2436157445683646E-04,.2436157445678995E-04,.1624866551160873E-15,.6669792849554087E-11,.1411173830784609E-15,.8385055772683459E-11,1.000000000000000,1,1,1,1,0,-1.00148357979954983e+00,1.00000000000000000e+00,2.43615744568364589e-05,2.43615744567899500e-05,1.62486655116087306e-16,1.41117383078460896e-16,SMOOTH_INTERIOR,CONSISTENT_NUMERICALLY
run1,BHIGH,KPS,D1,.3000000000000000E-03,-1,BRANCH_8,BRANCH_8,.2436157445695316E-04,.2436157445678995E-04,.3166019066841930E-15,.1299595423291002E-10,.2772711530860117E-15,.1647517855043269E-10,1.000000000000000,1,1,1,1,0,-5.54040167163954766e-01,1.00000000000000000e+00,2.43615744569531597e-05,2.43615744567899500e-05,3.16601906684192996e-16,2.77271153086011690e-16,SMOOTH_INTERIOR,CONSISTENT_NUMERICALLY
run1,BHIGH,KPS,D1,.1000000000000000E-03,-1,BRANCH_8,BRANCH_8,.2436157445577560E-04,.2436157445678995E-04,.1125935986373923E-14,.4621770191294461E-10,.8069310193994927E-15,.4794704560692388E-10,.9999999999999998,1,1,1,1,0,-1.15484306874983034e+00,1.00000000000000000e+00,2.43615744557756010e-05,2.43615744567899500e-05,1.12593598637392299e-15,8.06931019399492744e-16,SMOOTH_INTERIOR,CONSISTENT_NUMERICALLY
run1,BHIGH,KPS,D1,.3000000000000000E-04,-1,BRANCH_8,BRANCH_8,.2436157445498068E-04,.2436157445678995E-04,.3076990171179351E-14,.1263050619588237E-09,.2309521728049470E-14,.1372295040874459E-09,1.000000000000000,1,1,1,1,0,-8.35016555856976317e-01,1.00000000000000000e+00,2.43615744549806809e-05,2.43615744567899500e-05,3.07699017117935090e-15,2.30952172804946981e-15,SMOOTH_INTERIOR,CONSISTENT_NUMERICALLY
run1,BHIGH,KPS,D1,.1000000000000000E-04,-1,BRANCH_8,BRANCH_8,.2436157445634329E-04,.2436157445678995E-04,.1989440671695971E-13,.8166305815843865E-09,.1937452172166062E-13,.1151214979059935E-08,1.000000000000000,1,1,1,1,0,-1.69894942913697533e+00,1.00000000000000000e+00,2.43615744563432892e-05,2.43615744567899500e-05,1.98944067169597107e-14,1.93745217216606189e-14,SMOOTH_INTERIOR,CONSISTENT_NUMERICALLY
run1,BHIGH,KPS,D1,.3000000000000000E-05,-1,BRANCH_8,BRANCH_8,.2436157445262687E-04,.2436157445678995E-04,.2518436776131059E-13,.1033774225306333E-08,.1625029659988765E-13,.9655766025461370E-09,1.000000000000000,1,1,1,1,0,-1.95839018566046102e-01,1.00000000000000000e+00,2.43615744526268712e-05,2.43615744567899500e-05,2.51843677613105905e-14,1.62502965998876509e-14,SMOOTH_INTERIOR,CONSISTENT_NUMERICALLY
run1,BHIGH,KPS,D1,.1000000000000000E-05,-1,BRANCH_8,BRANCH_8,.2436157455064689E-04,.2436157445678995E-04,.1777132368466298E-12,.7294817355798165E-08,.1585707883359697E-12,.9422119905526326E-08,1.000000000000000,1,1,1,1,0,-1.77855988622148242e+00,1.00000000000000000e+00,2.43615745506468893e-05,2.43615744567899500e-05,1.77713236846629788e-13,1.58570788335969710e-13,SMOOTH_INTERIOR,CONSISTENT_NUMERICALLY
run1,BHIGH,KPS,D1,.3000000000000000E-06,-1,BRANCH_8,BRANCH_8,.2436157439091383E-04,.2436157445678995E-04,.2441384224224366E-12,.1002145501127048E-07,.1797395791027661E-12,.1067994858225058E-07,.9999999999999998,1,1,1,1,0,-2.63763555179596265e-01,1.00000000000000000e+00,2.43615743909138294e-05,2.43615744567899500e-05,2.44138422422436607e-13,1.79739579102766090e-13,SMOOTH_INTERIOR,CONSISTENT_NUMERICALLY
run1,BHIGH,KPS,D1,.1000000000000000E-06,-1,BRANCH_8,BRANCH_8,.2436157395355998E-04,.2436157445678995E-04,.1119593218832238E-11,.4595734240486208E-07,.9889334986898585E-12,.5876145348729328E-07,.9999999999999991,1,1,1,1,0,-1.38628099021683782e+00,1.00000000000000000e+00,2.43615739535599816e-05,2.43615744567899500e-05,1.11959321883223795e-12,9.88933498689858505e-13,SMOOTH_INTERIOR,CONSISTENT_NUMERICALLY
run1,BHIGH,KPS,D2,.1000000000000000E-01,-1,BRANCH_8,BRANCH_8,.2370370370363521E-06,.2370370370370385E-06,.1879082997682219E-16,.7927381396471812E-10,.1660565741444693E-16,.1401102344283922E-09,1.000000000000000,1,1,1,1,0,,1.00000000000000000e+00,2.37037037036352095e-07,2.37037037037038510e-07,1.87908299768221890e-17,1.66056574144469310e-17,SMOOTH_INTERIOR,CONSISTENT_NUMERICALLY
run1,BHIGH,KPS,D2,.3000000000000000E-02,-1,BRANCH_8,BRANCH_8,.2370370370345451E-06,.2370370370370385E-06,.5929948549890499E-16,.2501697044485039E-09,.4844647293468334E-16,.4087671152192995E-09,1.000000000000000,1,1,1,1,0,-9.54532894719256508e-01,1.00000000000000000e+00,2.37037037034545109e-07,2.37037037037038510e-07,5.92994854989049882e-17,4.84464729346833412e-17,SMOOTH_INTERIOR,CONSISTENT_NUMERICALLY
run1,BHIGH,KPS,D2,.1000000000000000E-02,-1,BRANCH_8,BRANCH_8,.2370370369441949E-06,.2370370370370385E-06,.1040379664588304E-15,.4389101709981880E-09,.5997427370945914E-16,.5060329344235554E-09,1.000000000000000,1,1,1,1,0,-5.11695773568215051e-01,1.00000000000000000e+00,2.37037036944194911e-07,2.37037037037038510e-07,1.04037966458830396e-16,5.99742737094591423e-17,SMOOTH_INTERIOR,CONSISTENT_NUMERICALLY
run1,BHIGH,KPS,D2,.3000000000000000E-03,-1,BRANCH_8,BRANCH_8,.2370370371339303E-06,.2370370370370385E-06,.4531049542969691E-15,.1911536525158963E-08,.4098467779916745E-15,.3458082177346404E-08,1.000000000000000,1,1,1,1,0,-1.22209395920258723e+00,1.00000000000000000e+00,2.37037037133930291e-07,2.37037037037038510e-07,4.53104954296969135e-16,4.09846777991674502e-16,SMOOTH_INTERIOR,CONSISTENT_NUMERICALLY
run1,BHIGH,KPS,D2,.1000000000000000E-03,-1,BRANCH_8,BRANCH_8,.2370370357786776E-06,.2370370370370385E-06,.1546487554665706E-14,.6524244371245909E-08,.1035756123067295E-14,.8739192284807992E-08,1.000000000000000,1,1,1,1,0,-1.11742583939601592e+00,1.00000000000000000e+00,2.37037035778677602e-07,2.37037037037038510e-07,1.54648755466570605e-15,1.03575612306729492e-15,SMOOTH_INTERIOR,CONSISTENT_NUMERICALLY
run1,BHIGH,KPS,D2,.3000000000000000E-04,-1,BRANCH_8,BRANCH_8,.2370370393023347E-06,.2370370370370385E-06,.6146884845112779E-14,.2593217019249293E-07,.4746655878215276E-14,.4004990736844619E-07,.9999999999999998,1,1,1,1,0,-1.14617136997600588e+00,1.00000000000000000e+00,2.37037039302334689e-07,2.37037037037038510e-07,6.14688484511277883e-15,4.74665587821527602e-15,SMOOTH_INTERIOR,CONSISTENT_NUMERICALLY
run1,BHIGH,KPS,D2,.1000000000000000E-04,-1,BRANCH_8,BRANCH_8,.2370370284603132E-06,.2370370370370385E-06,.1382424108947943E-13,.5832101709624100E-07,.9709373516186220E-14,.8192283825990726E-07,.9999999999999989,1,1,1,1,0,-7.37729075081473784e-01,1.00000000000000000e+00,2.37037028460313202e-07,2.37037037037038510e-07,1.38242410894794305e-14,9.70937351618622000e-15,SMOOTH_INTERIOR,CONSISTENT_NUMERICALLY
run1,BHIGH,KPS,D2,.3000000000000000E-05,-1,BRANCH_8,BRANCH_8,.2370370609863809E-06,.2370370370370385E-06,.4335522750871811E-13,.1829048475723765E-06,.3004470657395534E-13,.2535021474543928E-06,.9999999999999885,1,1,1,1,0,-9.49360009174977204e-01,1.00000000000000000e+00,2.37037060986380891e-07,2.37037037037038510e-07,4.33552275087181076e-14,3.00447065739553427e-14,SMOOTH_INTERIOR,CONSISTENT_NUMERICALLY
run1,BHIGH,KPS,D2,.1000000000000000E-05,-1,BRANCH_8,BRANCH_8,.2370371694065954E-06,.2370370370370385E-06,.1323695568773702E-12,.5584337562279678E-06,.6618477899455045E-13,.5584337609180792E-06,1.000000000000000,1,1,1,1,0,-1.01598208142594215e+00,1.00000000000000000e+00,2.37037169406595387e-07,2.37037037037038510e-07,1.32369556877370190e-13,6.61847789945504538e-14,SMOOTH_INTERIOR,CONSISTENT_NUMERICALLY
run1,BHIGH,KPS,D2,.3000000000000000E-06,-1,BRANCH_8,BRANCH_8,.2370371332667296E-06,.2370370370370385E-06,.3274415621951284E-12,.1381393529707727E-05,.3191652859122465E-12,.2692949847886163E-05,.9999999999991283,1,1,1,1,0,-7.52269416501871624e-01,1.00000000000000000e+00,2.37037133266729603e-07,2.37037037037038510e-07,3.27441562195128418e-13,3.19165285912246502e-13,SMOOTH_INTERIOR,CONSISTENT_NUMERICALLY
run1,BHIGH,KPS,D2,.1000000000000000E-06,-1,BRANCH_8,BRANCH_8,.2370366815210418E-06,.2370370370370385E-06,.1642494862711595E-11,.6929275202064498E-05,.1126437611268900E-11,.9504233787713546E-05,.9999999999771173,1,1,1,1,0,-1.46790822945883703e+00,1.00000000000000000e+00,2.37036681521041797e-07,2.37037037037038510e-07,1.64249486271159504e-12,1.12643761126890002e-12,SMOOTH_INTERIOR,CONSISTENT_NUMERICALLY
run1,BHIGH,KPS,D3,.1000000000000000E-01,-1,BRANCH_8,BRANCH_8,.1509441145222341E-04,.1509441145222262E-04,.1340818013609812E-16,.8882877069130838E-12,.1049050305174451E-16,.9593252332557575E-12,.9999999999999999,1,1,1,1,0,,1.00000000000000000e+00,1.50944114522234103e-05,1.50944114522226192e-05,1.34081801360981196e-17,1.04905030517445097e-17,SMOOTH_INTERIOR,CONSISTENT_NUMERICALLY
run1,BHIGH,KPS,D3,.3000000000000000E-02,-1,BRANCH_8,BRANCH_8,.1509441145224332E-04,.1509441145222262E-04,.2198794544495748E-16,.1456694453740337E-11,.1741160926375940E-16,.1592239765423815E-11,1.000000000000000,1,1,1,1,0,-4.10831032452815659e-01,1.00000000000000000e+00,1.50944114522433207e-05,1.50944114522226192e-05,2.19879454449574815e-17,1.74116092637594009e-17,SMOOTH_INTERIOR,CONSISTENT_NUMERICALLY
run1,BHIGH,KPS,D3,.1000000000000000E-02,-1,BRANCH_8,BRANCH_8,.1509441145217787E-04,.1509441145222262E-04,.6476443695390205E-16,.4290623530363990E-11,.3759555736388212E-16,.3438001653456342E-11,1.000000000000000,1,1,1,1,0,-9.83297094471869082e-01,1.00000000000000000e+00,1.50944114521778705e-05,1.50944114522226192e-05,6.47644369539020463e-17,3.75955573638821205e-17,SMOOTH_INTERIOR,CONSISTENT_NUMERICALLY
run1,BHIGH,KPS,D3,.3000000000000000E-03,-1,BRANCH_8,BRANCH_8,.1509441145236378E-04,.1509441145222262E-04,.3194309394845431E-15,.2116219903589021E-10,.2523226446575835E-15,.2307415371239109E-10,1.000000000000000,1,1,1,1,0,-1.32543231259529692e+00,1.00000000000000000e+00,1.50944114523637806e-05,1.50944114522226192e-05,3.19430939484543123e-16,2.52322644657583479e-16,SMOOTH_INTERIOR,CONSISTENT_NUMERICALLY
run1,BHIGH,KPS,D3,.1000000000000000E-03,-1,BRANCH_8,BRANCH_8,.1509441145191664E-04,.1509441145222262E-04,.5165275372979841E-15,.3421978650395983E-10,.4704793683547176E-15,.4302393579818417E-10,.9999999999999999,1,1,1,1,0,-4.37449597719615335e-01,1.00000000000000000e+00,1.50944114519166404e-05,1.50944114522226192e-05,5.16527537297984144e-16,4.70479368354717598e-16,SMOOTH_INTERIOR,CONSISTENT_NUMERICALLY
run1,BHIGH,KPS,D3,.3000000000000000E-04,-1,BRANCH_8,BRANCH_8,.1509441145272419E-04,.1509441145222262E-04,.1347012409776641E-14,.8923914748153606E-10,.1274698188257102E-14,.1165673496057059E-09,1.000000000000000,1,1,1,1,0,-7.96127440330168024e-01,1.00000000000000000e+00,1.50944114527241898e-05,1.50944114522226192e-05,1.34701240977664107e-15,1.27469818825710207e-15,SMOOTH_INTERIOR,CONSISTENT_NUMERICALLY
run1,BHIGH,KPS,D3,.1000000000000000E-04,-1,BRANCH_8,BRANCH_8,.1509441145625275E-04,.1509441145222262E-04,.1501867190045075E-13,.9949822783073383E-09,.9567323960114416E-14,.8749032571973535E-09,1.000000000000000,1,1,1,1,0,-2.19495552247105641e+00,1.00000000000000000e+00,1.50944114562527495e-05,1.50944114522226192e-05,1.50186719004507500e-14,9.56732396011441590e-15,SMOOTH_INTERIOR,CONSISTENT_NUMERICALLY
run1,BHIGH,KPS,D3,.3000000000000000E-05,-1,BRANCH_8,BRANCH_8,.1509441145984060E-04,.1509441145222262E-04,.2847506575505704E-13,.1886464128185210E-08,.2322145187117343E-13,.2123532553488583E-08,1.000000000000000,1,1,1,1,0,-5.31353030483679767e-01,1.00000000000000000e+00,1.50944114598405997e-05,1.50944114522226192e-05,2.84750657550570424e-14,2.32214518711734305e-14,SMOOTH_INTERIOR,CONSISTENT_NUMERICALLY
run1,BHIGH,KPS,D3,.1000000000000000E-05,-1,BRANCH_8,BRANCH_8,.1509441147557092E-04,.1509441145222262E-04,.1260879282979088E-12,.8353285485954312E-08,.1071455190602933E-12,.9798138321417129E-08,.9999999999999999,1,1,1,1,0,-1.35439108410004350e+00,1.00000000000000000e+00,1.50944114755709198e-05,1.50944114522226192e-05,1.26087928297908805e-13,1.07145519060293303e-13,SMOOTH_INTERIOR,CONSISTENT_NUMERICALLY
run1,BHIGH,KPS,D3,.3000000000000000E-06,-1,BRANCH_8,BRANCH_8,.1509441178501258E-04,.1509441145222262E-04,.4370952974717904E-12,.2895742501909134E-07,.4123311562250365E-12,.3770645484432433E-07,.9999999999999997,1,1,1,1,0,-1.03255798774387952e+00,1.00000000000000000e+00,1.50944117850125807e-05,1.50944114522226192e-05,4.37095297471790402e-13,4.12331156225036485e-13,SMOOTH_INTERIOR,CONSISTENT_NUMERICALLY
run1,BHIGH,KPS,D3,.1000000000000000E-06,-1,BRANCH_8,BRANCH_8,.1509441186744054E-04,.1509441145222262E-04,.5580231091106708E-12,.3696885403758967E-07,.4445945124369449E-12,.4065684123091661E-07,.9999999999999997,1,1,1,1,0,-2.22325141344940413e-01,1.00000000000000000e+00,1.50944118674405399e-05,1.50944114522226192e-05,5.58023109110670817e-13,4.44594512436944903e-13,SMOOTH_INTERIOR,CONSISTENT_NUMERICALLY
run1,BHIGH,KPU,D1,.1000000000000000E-01,-1,BRANCH_8,BRANCH_8,.000000000000000,.1849632079338486E-23,.1849632079338486E-23,1.000000000000000,.1654361225106055E-23,1.000000000000000,.000000000000000,1,1,1,1,0,,1.00000000000000000e+00,0.00000000000000000e+00,1.84963207933848584e-24,1.84963207933848584e-24,1.65436122510605498e-24,NULLSPACE,NULLSPACE_CONSISTENT
run1,BHIGH,KPU,D1,.3000000000000000E-02,-1,BRANCH_8,BRANCH_8,.000000000000000,.1849632079338486E-23,.1849632079338486E-23,1.000000000000000,.1654361225106055E-23,1.000000000000000,.000000000000000,1,1,1,1,0,-0.00000000000000000e+00,1.00000000000000000e+00,0.00000000000000000e+00,1.84963207933848584e-24,1.84963207933848584e-24,1.65436122510605498e-24,NULLSPACE,NULLSPACE_CONSISTENT
run1,BHIGH,KPU,D1,.1000000000000000E-02,-1,BRANCH_8,BRANCH_8,.000000000000000,.1849632079338486E-23,.1849632079338486E-23,1.000000000000000,.1654361225106055E-23,1.000000000000000,.000000000000000,1,1,1,1,0,-0.00000000000000000e+00,1.00000000000000000e+00,0.00000000000000000e+00,1.84963207933848584e-24,1.84963207933848584e-24,1.65436122510605498e-24,NULLSPACE,NULLSPACE_CONSISTENT
run1,BHIGH,KPU,D1,.3000000000000000E-03,-1,BRANCH_8,BRANCH_8,.000000000000000,.1849632079338486E-23,.1849632079338486E-23,1.000000000000000,.1654361225106055E-23,1.000000000000000,.000000000000000,1,1,1,1,0,-0.00000000000000000e+00,1.00000000000000000e+00,0.00000000000000000e+00,1.84963207933848584e-24,1.84963207933848584e-24,1.65436122510605498e-24,NULLSPACE,NULLSPACE_CONSISTENT
run1,BHIGH,KPU,D1,.1000000000000000E-03,-1,BRANCH_8,BRANCH_8,.000000000000000,.1849632079338486E-23,.1849632079338486E-23,1.000000000000000,.1654361225106055E-23,1.000000000000000,.000000000000000,1,1,1,1,0,-0.00000000000000000e+00,1.00000000000000000e+00,0.00000000000000000e+00,1.84963207933848584e-24,1.84963207933848584e-24,1.65436122510605498e-24,NULLSPACE,NULLSPACE_CONSISTENT
run1,BHIGH,KPU,D1,.3000000000000000E-04,-1,BRANCH_8,BRANCH_8,.000000000000000,.1849632079338486E-23,.1849632079338486E-23,1.000000000000000,.1654361225106055E-23,1.000000000000000,.000000000000000,1,1,1,1,0,-0.00000000000000000e+00,1.00000000000000000e+00,0.00000000000000000e+00,1.84963207933848584e-24,1.84963207933848584e-24,1.65436122510605498e-24,NULLSPACE,NULLSPACE_CONSISTENT
run1,BHIGH,KPU,D1,.1000000000000000E-04,-1,BRANCH_8,BRANCH_8,.000000000000000,.1849632079338486E-23,.1849632079338486E-23,1.000000000000000,.1654361225106055E-23,1.000000000000000,.000000000000000,1,1,1,1,0,-0.00000000000000000e+00,1.00000000000000000e+00,0.00000000000000000e+00,1.84963207933848584e-24,1.84963207933848584e-24,1.65436122510605498e-24,NULLSPACE,NULLSPACE_CONSISTENT
run1,BHIGH,KPU,D1,.3000000000000000E-05,-1,BRANCH_8,BRANCH_8,.000000000000000,.1849632079338486E-23,.1849632079338486E-23,1.000000000000000,.1654361225106055E-23,1.000000000000000,.000000000000000,1,1,1,1,0,-0.00000000000000000e+00,1.00000000000000000e+00,0.00000000000000000e+00,1.84963207933848584e-24,1.84963207933848584e-24,1.65436122510605498e-24,NULLSPACE,NULLSPACE_CONSISTENT
run1,BHIGH,KPU,D1,.1000000000000000E-05,-1,BRANCH_8,BRANCH_8,.000000000000000,.1849632079338486E-23,.1849632079338486E-23,1.000000000000000,.1654361225106055E-23,1.000000000000000,.000000000000000,1,1,1,1,0,-0.00000000000000000e+00,1.00000000000000000e+00,0.00000000000000000e+00,1.84963207933848584e-24,1.84963207933848584e-24,1.65436122510605498e-24,NULLSPACE,NULLSPACE_CONSISTENT
run1,BHIGH,KPU,D1,.3000000000000000E-06,-1,BRANCH_8,BRANCH_8,.000000000000000,.1849632079338486E-23,.1849632079338486E-23,1.000000000000000,.1654361225106055E-23,1.000000000000000,.000000000000000,1,1,1,1,0,-0.00000000000000000e+00,1.00000000000000000e+00,0.00000000000000000e+00,1.84963207933848584e-24,1.84963207933848584e-24,1.65436122510605498e-24,NULLSPACE,NULLSPACE_CONSISTENT
run1,BHIGH,KPU,D1,.1000000000000000E-06,-1,BRANCH_8,BRANCH_8,.000000000000000,.1849632079338486E-23,.1849632079338486E-23,1.000000000000000,.1654361225106055E-23,1.000000000000000,.000000000000000,1,1,1,1,0,-0.00000000000000000e+00,1.00000000000000000e+00,0.00000000000000000e+00,1.84963207933848584e-24,1.84963207933848584e-24,1.65436122510605498e-24,NULLSPACE,NULLSPACE_CONSISTENT
run1,BHIGH,KPU,D2,.1000000000000000E-01,-1,BRANCH_8,BRANCH_8,.000000000000000,.4454503923864526E-23,.4454503923864526E-23,1.000000000000000,.3308722450212111E-23,1.000000000000000,.000000000000000,1,1,1,1,0,,1.00000000000000000e+00,0.00000000000000000e+00,4.45450392386452594e-24,4.45450392386452594e-24,3.30872245021211070e-24,NULLSPACE,NULLSPACE_CONSISTENT
run1,BHIGH,KPU,D2,.3000000000000000E-02,-1,BRANCH_8,BRANCH_8,.000000000000000,.4454503923864526E-23,.4454503923864526E-23,1.000000000000000,.3308722450212111E-23,1.000000000000000,.000000000000000,1,1,1,1,0,-0.00000000000000000e+00,1.00000000000000000e+00,0.00000000000000000e+00,4.45450392386452594e-24,4.45450392386452594e-24,3.30872245021211070e-24,NULLSPACE,NULLSPACE_CONSISTENT
run1,BHIGH,KPU,D2,.1000000000000000E-02,-1,BRANCH_8,BRANCH_8,.000000000000000,.4454503923864526E-23,.4454503923864526E-23,1.000000000000000,.3308722450212111E-23,1.000000000000000,.000000000000000,1,1,1,1,0,-0.00000000000000000e+00,1.00000000000000000e+00,0.00000000000000000e+00,4.45450392386452594e-24,4.45450392386452594e-24,3.30872245021211070e-24,NULLSPACE,NULLSPACE_CONSISTENT
run1,BHIGH,KPU,D2,.3000000000000000E-03,-1,BRANCH_8,BRANCH_8,.000000000000000,.4454503923864526E-23,.4454503923864526E-23,1.000000000000000,.3308722450212111E-23,1.000000000000000,.000000000000000,1,1,1,1,0,-0.00000000000000000e+00,1.00000000000000000e+00,0.00000000000000000e+00,4.45450392386452594e-24,4.45450392386452594e-24,3.30872245021211070e-24,NULLSPACE,NULLSPACE_CONSISTENT
run1,BHIGH,KPU,D2,.1000000000000000E-03,-1,BRANCH_8,BRANCH_8,.000000000000000,.4454503923864526E-23,.4454503923864526E-23,1.000000000000000,.3308722450212111E-23,1.000000000000000,.000000000000000,1,1,1,1,0,-0.00000000000000000e+00,1.00000000000000000e+00,0.00000000000000000e+00,4.45450392386452594e-24,4.45450392386452594e-24,3.30872245021211070e-24,NULLSPACE,NULLSPACE_CONSISTENT
run1,BHIGH,KPU,D2,.3000000000000000E-04,-1,BRANCH_8,BRANCH_8,.000000000000000,.4454503923864526E-23,.4454503923864526E-23,1.000000000000000,.3308722450212111E-23,1.000000000000000,.000000000000000,1,1,1,1,0,-0.00000000000000000e+00,1.00000000000000000e+00,0.00000000000000000e+00,4.45450392386452594e-24,4.45450392386452594e-24,3.30872245021211070e-24,NULLSPACE,NULLSPACE_CONSISTENT
run1,BHIGH,KPU,D2,.1000000000000000E-04,-1,BRANCH_8,BRANCH_8,.000000000000000,.4454503923864526E-23,.4454503923864526E-23,1.000000000000000,.3308722450212111E-23,1.000000000000000,.000000000000000,1,1,1,1,0,-0.00000000000000000e+00,1.00000000000000000e+00,0.00000000000000000e+00,4.45450392386452594e-24,4.45450392386452594e-24,3.30872245021211070e-24,NULLSPACE,NULLSPACE_CONSISTENT
run1,BHIGH,KPU,D2,.3000000000000000E-05,-1,BRANCH_8,BRANCH_8,.000000000000000,.4454503923864526E-23,.4454503923864526E-23,1.000000000000000,.3308722450212111E-23,1.000000000000000,.000000000000000,1,1,1,1,0,-0.00000000000000000e+00,1.00000000000000000e+00,0.00000000000000000e+00,4.45450392386452594e-24,4.45450392386452594e-24,3.30872245021211070e-24,NULLSPACE,NULLSPACE_CONSISTENT
run1,BHIGH,KPU,D2,.1000000000000000E-05,-1,BRANCH_8,BRANCH_8,.000000000000000,.4454503923864526E-23,.4454503923864526E-23,1.000000000000000,.3308722450212111E-23,1.000000000000000,.000000000000000,1,1,1,1,0,-0.00000000000000000e+00,1.00000000000000000e+00,0.00000000000000000e+00,4.45450392386452594e-24,4.45450392386452594e-24,3.30872245021211070e-24,NULLSPACE,NULLSPACE_CONSISTENT
run1,BHIGH,KPU,D2,.3000000000000000E-06,-1,BRANCH_8,BRANCH_8,.000000000000000,.4454503923864526E-23,.4454503923864526E-23,1.000000000000000,.3308722450212111E-23,1.000000000000000,.000000000000000,1,1,1,1,0,-0.00000000000000000e+00,1.00000000000000000e+00,0.00000000000000000e+00,4.45450392386452594e-24,4.45450392386452594e-24,3.30872245021211070e-24,NULLSPACE,NULLSPACE_CONSISTENT
run1,BHIGH,KPU,D2,.1000000000000000E-06,-1,BRANCH_8,BRANCH_8,.000000000000000,.4454503923864526E-23,.4454503923864526E-23,1.000000000000000,.3308722450212111E-23,1.000000000000000,.000000000000000,1,1,1,1,0,-0.00000000000000000e+00,1.00000000000000000e+00,0.00000000000000000e+00,4.45450392386452594e-24,4.45450392386452594e-24,3.30872245021211070e-24,NULLSPACE,NULLSPACE_CONSISTENT
run1,BHIGH,KPU,D3,.1000000000000000E-01,-1,BRANCH_8,BRANCH_8,.5988071690217206E-07,.5988071690736757E-07,.9352205543149719E-17,.1561805874438194E-09,.8755911924665711E-17,.2195345760242142E-09,.9999999999999998,1,1,1,1,0,,1.00000000000000000e+00,5.98807169021720599e-08,5.98807169073675747e-08,9.35220554314971913e-18,8.75591192466571109e-18,SMOOTH_INTERIOR,CONSISTENT_NUMERICALLY
run1,BHIGH,KPU,D3,.3000000000000000E-02,-1,BRANCH_8,BRANCH_8,.5988071692033217E-07,.5988071690736757E-07,.4512075700191928E-16,.7535106345161137E-09,.4184019166380613E-16,.1049047639665040E-08,1.000000000000000,1,1,1,1,0,-1.30711439367056492e+00,1.00000000000000000e+00,5.98807169203321684e-08,5.98807169073675747e-08,4.51207570019192821e-17,4.18401916638061293e-17,SMOOTH_INTERIOR,CONSISTENT_NUMERICALLY
run1,BHIGH,KPU,D3,.1000000000000000E-02,-1,BRANCH_8,BRANCH_8,.5988071704053516E-07,.5988071690736757E-07,.1560646767987486E-15,.2606259318723647E-08,.1279703266237758E-15,.3208564858875313E-08,.9999999999999998,1,1,1,1,0,-1.12954146282412604e+00,1.00000000000000000e+00,5.98807170405351565e-08,5.98807169073675747e-08,1.56064676798748593e-16,1.27970326623775808e-16,SMOOTH_INTERIOR,CONSISTENT_NUMERICALLY
run1,BHIGH,KPU,D3,.3000000000000000E-03,-1,BRANCH_8,BRANCH_8,.5988071706640246E-07,.5988071690736757E-07,.1966667382309736E-15,.3284308336068980E-08,.1502604089123566E-15,.3767437974669605E-08,1.000000000000000,1,1,1,1,0,-1.92064218638852258e-01,1.00000000000000000e+00,5.98807170664024575e-08,5.98807169073675747e-08,1.96666738230973596e-16,1.50260408912356597e-16,SMOOTH_INTERIOR,CONSISTENT_NUMERICALLY
run1,BHIGH,KPU,D3,.1000000000000000E-03,-1,BRANCH_8,BRANCH_8,.5988071736823485E-07,.5988071690736757E-07,.1767884336659624E-14,.2952343282375972E-07,.1595863303353881E-14,.4001264251042270E-07,.9999999999999996,1,1,1,1,0,-1.99891101815420602e+00,1.00000000000000000e+00,5.98807173682348529e-08,5.98807169073675747e-08,1.76788433665962397e-15,1.59586330335388105e-15,SMOOTH_INTERIOR,CONSISTENT_NUMERICALLY
run1,BHIGH,KPU,D3,.3000000000000000E-04,-1,BRANCH_8,BRANCH_8,.5988071390464160E-07,.5988071690736757E-07,.4128684174263508E-14,.6894847602860820E-07,.3102346108544157E-14,.7778427232702147E-07,.9999999999999989,1,1,1,1,0,-7.04480375016570237e-01,1.00000000000000000e+00,5.98807139046416000e-08,5.98807169073675747e-08,4.12868417426350832e-15,3.10234610854415712e-15,SMOOTH_INTERIOR,CONSISTENT_NUMERICALLY
run1,BHIGH,KPU,D3,.1000000000000000E-04,-1,BRANCH_8,BRANCH_8,.5988072356348858E-07,.5988071690736757E-07,.9899146297533658E-14,.1653144068481083E-06,.8441575188834280E-14,.2116532719186537E-06,.9999999999999926,1,1,1,1,0,-7.95994888765337860e-01,1.00000000000000000e+00,5.98807235634885818e-08,5.98807169073675747e-08,9.89914629753365775e-15,8.44157518883428000e-15,SMOOTH_INTERIOR,CONSISTENT_NUMERICALLY
run1,BHIGH,KPU,D3,.3000000000000000E-05,-1,BRANCH_8,BRANCH_8,.5988072636057464E-07,.5988071690736757E-07,.3291576766929565E-13,.5496888509850698E-06,.2647408311802153E-13,.6637769777829609E-06,.9999999999998614,1,1,1,1,0,-9.97948855871674367e-01,1.00000000000000000e+00,5.98807263605746372e-08,5.98807169073675747e-08,3.29157676692956482e-14,2.64740831180215304e-14,SMOOTH_INTERIOR,CONSISTENT_NUMERICALLY
run1,BHIGH,KPU,D3,.1000000000000000E-05,-1,BRANCH_8,BRANCH_8,.5988068314891668E-07,.5988071690736757E-07,.7791945227870269E-13,.1301244479073958E-05,.5369844749340685E-13,.1346365539078747E-05,.9999999999993123,1,1,1,1,0,-7.84374829494418058e-01,1.00000000000000000e+00,5.98806831489166840e-08,5.98807169073675747e-08,7.79194522787026851e-14,5.36984474934068516e-14,SMOOTH_INTERIOR,CONSISTENT_NUMERICALLY
run1,BHIGH,KPU,D3,.3000000000000000E-06,-1,BRANCH_8,BRANCH_8,.5988106733317392E-07,.5988071690736757E-07,.5066653382614118E-12,.8461194177491236E-05,.4522625663353677E-12,.1133939626944674E-04,.9999999999813270,1,1,1,1,0,-1.55499780938351195e+00,1.00000000000000000e+00,5.98810673331739216e-08,5.98807169073675747e-08,5.06665338261411813e-13,4.52262566335367706e-13,SMOOTH_INTERIOR,CONSISTENT_NUMERICALLY
run1,BHIGH,KPU,D3,.1000000000000000E-06,-1,BRANCH_8,BRANCH_8,.5988019427628929E-07,.5988071690736757E-07,.6247759897187188E-12,.1043367584735526E-04,.5156270031247307E-12,.1292817430001110E-04,.9999999999836569,1,1,1,1,0,-1.90733771945662323e-01,1.00000000000000000e+00,5.98801942762892895e-08,5.98807169073675747e-08,6.24775989718718825e-13,5.15627003124730683e-13,SMOOTH_INTERIOR,CONSISTENT_NUMERICALLY
run1,BHIGH,KSU,D1,.1000000000000000E-01,-1,BRANCH_8,BRANCH_8,.000000000000000,.7018860244827456E-23,.7018860244827456E-23,1.000000000000000,.6617444900424221E-23,1.000000000000000,.000000000000000,1,1,1,1,0,,1.00000000000000000e+00,0.00000000000000000e+00,7.01886024482745642e-24,7.01886024482745642e-24,6.61744490042422066e-24,NULLSPACE,NULLSPACE_CONSISTENT
run1,BHIGH,KSU,D1,.3000000000000000E-02,-1,BRANCH_8,BRANCH_8,.000000000000000,.7018860244827456E-23,.7018860244827456E-23,1.000000000000000,.6617444900424221E-23,1.000000000000000,.000000000000000,1,1,1,1,0,-0.00000000000000000e+00,1.00000000000000000e+00,0.00000000000000000e+00,7.01886024482745642e-24,7.01886024482745642e-24,6.61744490042422066e-24,NULLSPACE,NULLSPACE_CONSISTENT
run1,BHIGH,KSU,D1,.1000000000000000E-02,-1,BRANCH_8,BRANCH_8,.000000000000000,.7018860244827456E-23,.7018860244827456E-23,1.000000000000000,.6617444900424221E-23,1.000000000000000,.000000000000000,1,1,1,1,0,-0.00000000000000000e+00,1.00000000000000000e+00,0.00000000000000000e+00,7.01886024482745642e-24,7.01886024482745642e-24,6.61744490042422066e-24,NULLSPACE,NULLSPACE_CONSISTENT
run1,BHIGH,KSU,D1,.3000000000000000E-03,-1,BRANCH_8,BRANCH_8,.000000000000000,.7018860244827456E-23,.7018860244827456E-23,1.000000000000000,.6617444900424221E-23,1.000000000000000,.000000000000000,1,1,1,1,0,-0.00000000000000000e+00,1.00000000000000000e+00,0.00000000000000000e+00,7.01886024482745642e-24,7.01886024482745642e-24,6.61744490042422066e-24,NULLSPACE,NULLSPACE_CONSISTENT
run1,BHIGH,KSU,D1,.1000000000000000E-03,-1,BRANCH_8,BRANCH_8,.000000000000000,.7018860244827456E-23,.7018860244827456E-23,1.000000000000000,.6617444900424221E-23,1.000000000000000,.000000000000000,1,1,1,1,0,-0.00000000000000000e+00,1.00000000000000000e+00,0.00000000000000000e+00,7.01886024482745642e-24,7.01886024482745642e-24,6.61744490042422066e-24,NULLSPACE,NULLSPACE_CONSISTENT
run1,BHIGH,KSU,D1,.3000000000000000E-04,-1,BRANCH_8,BRANCH_8,.000000000000000,.7018860244827456E-23,.7018860244827456E-23,1.000000000000000,.6617444900424221E-23,1.000000000000000,.000000000000000,1,1,1,1,0,-0.00000000000000000e+00,1.00000000000000000e+00,0.00000000000000000e+00,7.01886024482745642e-24,7.01886024482745642e-24,6.61744490042422066e-24,NULLSPACE,NULLSPACE_CONSISTENT
run1,BHIGH,KSU,D1,.1000000000000000E-04,-1,BRANCH_8,BRANCH_8,.000000000000000,.7018860244827456E-23,.7018860244827456E-23,1.000000000000000,.6617444900424221E-23,1.000000000000000,.000000000000000,1,1,1,1,0,-0.00000000000000000e+00,1.00000000000000000e+00,0.00000000000000000e+00,7.01886024482745642e-24,7.01886024482745642e-24,6.61744490042422066e-24,NULLSPACE,NULLSPACE_CONSISTENT
run1,BHIGH,KSU,D1,.3000000000000000E-05,-1,BRANCH_8,BRANCH_8,.000000000000000,.7018860244827456E-23,.7018860244827456E-23,1.000000000000000,.6617444900424221E-23,1.000000000000000,.000000000000000,1,1,1,1,0,-0.00000000000000000e+00,1.00000000000000000e+00,0.00000000000000000e+00,7.01886024482745642e-24,7.01886024482745642e-24,6.61744490042422066e-24,NULLSPACE,NULLSPACE_CONSISTENT
run1,BHIGH,KSU,D1,.1000000000000000E-05,-1,BRANCH_8,BRANCH_8,.000000000000000,.7018860244827456E-23,.7018860244827456E-23,1.000000000000000,.6617444900424221E-23,1.000000000000000,.000000000000000,1,1,1,1,0,-0.00000000000000000e+00,1.00000000000000000e+00,0.00000000000000000e+00,7.01886024482745642e-24,7.01886024482745642e-24,6.61744490042422066e-24,NULLSPACE,NULLSPACE_CONSISTENT
run1,BHIGH,KSU,D1,.3000000000000000E-06,-1,BRANCH_8,BRANCH_8,.000000000000000,.7018860244827456E-23,.7018860244827456E-23,1.000000000000000,.6617444900424221E-23,1.000000000000000,.000000000000000,1,1,1,1,0,-0.00000000000000000e+00,1.00000000000000000e+00,0.00000000000000000e+00,7.01886024482745642e-24,7.01886024482745642e-24,6.61744490042422066e-24,NULLSPACE,NULLSPACE_CONSISTENT
run1,BHIGH,KSU,D1,.1000000000000000E-06,-1,BRANCH_8,BRANCH_8,.000000000000000,.7018860244827456E-23,.7018860244827456E-23,1.000000000000000,.6617444900424221E-23,1.000000000000000,.000000000000000,1,1,1,1,0,-0.00000000000000000e+00,1.00000000000000000e+00,0.00000000000000000e+00,7.01886024482745642e-24,7.01886024482745642e-24,6.61744490042422066e-24,NULLSPACE,NULLSPACE_CONSISTENT
run1,BHIGH,KSU,D2,.1000000000000000E-01,-1,BRANCH_8,BRANCH_8,.000000000000000,.1072148612141270E-22,.1072148612141270E-22,1.000000000000000,.8271806125530277E-23,1.000000000000000,.000000000000000,1,1,1,1,0,,1.00000000000000000e+00,0.00000000000000000e+00,1.07214861214127007e-23,1.07214861214127007e-23,8.27180612553027675e-24,NULLSPACE,NULLSPACE_CONSISTENT
run1,BHIGH,KSU,D2,.3000000000000000E-02,-1,BRANCH_8,BRANCH_8,.000000000000000,.1072148612141270E-22,.1072148612141270E-22,1.000000000000000,.8271806125530277E-23,1.000000000000000,.000000000000000,1,1,1,1,0,-0.00000000000000000e+00,1.00000000000000000e+00,0.00000000000000000e+00,1.07214861214127007e-23,1.07214861214127007e-23,8.27180612553027675e-24,NULLSPACE,NULLSPACE_CONSISTENT
run1,BHIGH,KSU,D2,.1000000000000000E-02,-1,BRANCH_8,BRANCH_8,.000000000000000,.1072148612141270E-22,.1072148612141270E-22,1.000000000000000,.8271806125530277E-23,1.000000000000000,.000000000000000,1,1,1,1,0,-0.00000000000000000e+00,1.00000000000000000e+00,0.00000000000000000e+00,1.07214861214127007e-23,1.07214861214127007e-23,8.27180612553027675e-24,NULLSPACE,NULLSPACE_CONSISTENT
run1,BHIGH,KSU,D2,.3000000000000000E-03,-1,BRANCH_8,BRANCH_8,.000000000000000,.1072148612141270E-22,.1072148612141270E-22,1.000000000000000,.8271806125530277E-23,1.000000000000000,.000000000000000,1,1,1,1,0,-0.00000000000000000e+00,1.00000000000000000e+00,0.00000000000000000e+00,1.07214861214127007e-23,1.07214861214127007e-23,8.27180612553027675e-24,NULLSPACE,NULLSPACE_CONSISTENT
run1,BHIGH,KSU,D2,.1000000000000000E-03,-1,BRANCH_8,BRANCH_8,.000000000000000,.1072148612141270E-22,.1072148612141270E-22,1.000000000000000,.8271806125530277E-23,1.000000000000000,.000000000000000,1,1,1,1,0,-0.00000000000000000e+00,1.00000000000000000e+00,0.00000000000000000e+00,1.07214861214127007e-23,1.07214861214127007e-23,8.27180612553027675e-24,NULLSPACE,NULLSPACE_CONSISTENT
run1,BHIGH,KSU,D2,.3000000000000000E-04,-1,BRANCH_8,BRANCH_8,.000000000000000,.1072148612141270E-22,.1072148612141270E-22,1.000000000000000,.8271806125530277E-23,1.000000000000000,.000000000000000,1,1,1,1,0,-0.00000000000000000e+00,1.00000000000000000e+00,0.00000000000000000e+00,1.07214861214127007e-23,1.07214861214127007e-23,8.27180612553027675e-24,NULLSPACE,NULLSPACE_CONSISTENT
run1,BHIGH,KSU,D2,.1000000000000000E-04,-1,BRANCH_8,BRANCH_8,.000000000000000,.1072148612141270E-22,.1072148612141270E-22,1.000000000000000,.8271806125530277E-23,1.000000000000000,.000000000000000,1,1,1,1,0,-0.00000000000000000e+00,1.00000000000000000e+00,0.00000000000000000e+00,1.07214861214127007e-23,1.07214861214127007e-23,8.27180612553027675e-24,NULLSPACE,NULLSPACE_CONSISTENT
run1,BHIGH,KSU,D2,.3000000000000000E-05,-1,BRANCH_8,BRANCH_8,.000000000000000,.1072148612141270E-22,.1072148612141270E-22,1.000000000000000,.8271806125530277E-23,1.000000000000000,.000000000000000,1,1,1,1,0,-0.00000000000000000e+00,1.00000000000000000e+00,0.00000000000000000e+00,1.07214861214127007e-23,1.07214861214127007e-23,8.27180612553027675e-24,NULLSPACE,NULLSPACE_CONSISTENT
run1,BHIGH,KSU,D2,.1000000000000000E-05,-1,BRANCH_8,BRANCH_8,.000000000000000,.1072148612141270E-22,.1072148612141270E-22,1.000000000000000,.8271806125530277E-23,1.000000000000000,.000000000000000,1,1,1,1,0,-0.00000000000000000e+00,1.00000000000000000e+00,0.00000000000000000e+00,1.07214861214127007e-23,1.07214861214127007e-23,8.27180612553027675e-24,NULLSPACE,NULLSPACE_CONSISTENT
run1,BHIGH,KSU,D2,.3000000000000000E-06,-1,BRANCH_8,BRANCH_8,.000000000000000,.1072148612141270E-22,.1072148612141270E-22,1.000000000000000,.8271806125530277E-23,1.000000000000000,.000000000000000,1,1,1,1,0,-0.00000000000000000e+00,1.00000000000000000e+00,0.00000000000000000e+00,1.07214861214127007e-23,1.07214861214127007e-23,8.27180612553027675e-24,NULLSPACE,NULLSPACE_CONSISTENT
run1,BHIGH,KSU,D2,.1000000000000000E-06,-1,BRANCH_8,BRANCH_8,.000000000000000,.1072148612141270E-22,.1072148612141270E-22,1.000000000000000,.8271806125530277E-23,1.000000000000000,.000000000000000,1,1,1,1,0,-0.00000000000000000e+00,1.00000000000000000e+00,0.00000000000000000e+00,1.07214861214127007e-23,1.07214861214127007e-23,8.27180612553027675e-24,NULLSPACE,NULLSPACE_CONSISTENT
run1,BHIGH,KSU,D3,.1000000000000000E-01,-1,BRANCH_8,BRANCH_8,.1483851695551901E-06,.1483851699957261E-06,.5213522139674959E-15,.3513506194604976E-08,.3479431088121578E-15,.3405297003845859E-08,1.000000000000000,1,1,1,1,0,,1.00000000000000000e+00,1.48385169555190094e-07,1.48385169995726106e-07,5.21352213967495930e-16,3.47943108812157824e-16,SMOOTH_INTERIOR,CONSISTENT_NUMERICALLY
run1,BHIGH,KSU,D3,.3000000000000000E-02,-1,BRANCH_8,BRANCH_8,.1483851692630525E-06,.1483851699957261E-06,.1111713203085753E-14,.7492077564879114E-08,.1094462242870926E-14,.1071143213381715E-07,1.000000000000000,1,1,1,1,0,-6.28944175565568142e-01,1.00000000000000000e+00,1.48385169263052507e-07,1.48385169995726106e-07,1.11171320308575298e-15,1.09446224287092598e-15,SMOOTH_INTERIOR,CONSISTENT_NUMERICALLY
run1,BHIGH,KSU,D3,.1000000000000000E-02,-1,BRANCH_8,BRANCH_8,.1483851757375829E-06,.1483851699957261E-06,.9516796292923635E-14,.6413576184829914E-07,.9390320133636285E-14,.9190246285967286E-07,.9999999999999987,1,1,1,1,0,-1.95442563203747444e+00,1.00000000000000000e+00,1.48385175737582911e-07,1.48385169995726106e-07,9.51679629292363470e-15,9.39032013363628500e-15,SMOOTH_INTERIOR,CONSISTENT_NUMERICALLY
run1,BHIGH,KSU,D3,.3000000000000000E-03,-1,BRANCH_8,BRANCH_8,.1483851540661774E-06,.1483851699957261E-06,.1955038630203628E-13,.1317543141447315E-06,.1836525546875774E-13,.1797395833937530E-06,.9999999999999972,1,1,1,1,0,-5.97967640988632865e-01,1.00000000000000000e+00,1.48385154066177405e-07,1.48385169995726106e-07,1.95503863020362796e-14,1.83652554687577387e-14,SMOOTH_INTERIOR,CONSISTENT_NUMERICALLY
run1,BHIGH,KSU,D3,.1000000000000000E-03,-1,BRANCH_8,BRANCH_8,.1483852481165274E-06,.1483851699957261E-06,.8439213972358248E-13,.5687367227860081E-06,.6366854753134150E-13,.6231196237485526E-06,.9999999999999769,1,1,1,1,0,-1.33120595425859434e+00,1.00000000000000000e+00,1.48385248116527396e-07,1.48385169995726106e-07,8.43921397235824828e-14,6.36685475313415018e-14,SMOOTH_INTERIOR,CONSISTENT_NUMERICALLY
run1,BHIGH,KSU,D3,.3000000000000000E-04,-1,BRANCH_8,BRANCH_8,.1483851720306818E-06,.1483851699957261E-06,.6912584168520711E-13,.4658541061698124E-06,.4149490183276169E-13,.4061077953416323E-06,.9999999999998916,1,1,1,1,0,1.65739316755783322e-01,1.00000000000000000e+00,1.48385172030681813e-07,1.48385169995726106e-07,6.91258416852071087e-14,4.14949018327616927e-14,SMOOTH_INTERIOR,CONSISTENT_NUMERICALLY
run1,BHIGH,KSU,D3,.1000000000000000E-04,-1,BRANCH_8,BRANCH_8,.1483843242122204E-06,.1483851699957261E-06,.1913584610370345E-11,.1289606374023403E-04,.1891866609550179E-11,.1851552852911356E-04,.9999999999330900,1,1,1,1,0,-3.02272687069986112e+00,1.00000000000000000e+00,1.48384324212220397e-07,1.48385169995726106e-07,1.91358461037034500e-12,1.89186660955017918e-12,SMOOTH_INTERIOR,CONSISTENT_NUMERICALLY
run1,BHIGH,KSU,D3,.3000000000000000E-05,-1,BRANCH_8,BRANCH_8,.1483861469596898E-06,.1483851699957261E-06,.1467415379769717E-11,.9889166946078541E-05,.1346283878948684E-11,.1317592953763463E-04,.9999999999727762,1,1,1,1,0,2.20499693464352026e-01,1.00000000000000000e+00,1.48386146959689801e-07,1.48385169995726106e-07,1.46741537976971706e-12,1.34628387894868399e-12,SMOOTH_INTERIOR,CONSISTENT_NUMERICALLY
run1,BHIGH,KSU,D3,.1000000000000000E-05,-1,BRANCH_8,BRANCH_8,.1483797251513603E-06,.1483851699957261E-06,.1097880159628649E-10,.7398853670216985E-04,.1021853929422562E-10,.1000081920320297E-03,.9999999979359971,1,1,1,1,0,-1.83182338158562685e+00,1.00000000000000000e+00,1.48379725151360305e-07,1.48385169995726106e-07,1.09788015962864907e-11,1.02185392942256200e-11,SMOOTH_INTERIOR,CONSISTENT_NUMERICALLY
run1,BHIGH,KSU,D3,.3000000000000000E-06,-1,BRANCH_8,BRANCH_8,.1483882557115694E-06,.1483851699957261E-06,.1498543215866064E-10,.1009879931993315E-03,.9754990366663927E-11,.9546235432570851E-04,.9999999951168245,1,1,1,1,0,-2.58404718747145268e-01,1.00000000000000000e+00,1.48388255711569394e-07,1.48385169995726106e-07,1.49854321586606387e-11,9.75499036666392706e-12,SMOOTH_INTERIOR,CONSISTENT_NUMERICALLY
run1,BHIGH,KSU,D3,.1000000000000000E-06,-1,BRANCH_8,BRANCH_8,.1484263315487918E-06,.1483851699957261E-06,.4345679259960495E-10,.2927835792082452E-03,.3288463671301253E-10,.3217362935982346E-03,.9999999955907871,1,1,1,1,0,-9.69121356197863104e-01,1.00000000000000000e+00,1.48426331548791791e-07,1.48385169995726106e-07,4.34567925996049511e-11,3.28846367130125317e-11,SMOOTH_INTERIOR,CONSISTENT_NUMERICALLY
run1,BHIGH,KUP,D1,.1000000000000000E-01,-1,BRANCH_8,BRANCH_8,7071067.811865508,7071067.811865475,.6457431033607134E-07,.9132186545816081E-14,.4703179001808167E-07,.1881271600723232E-13,.9999999999999999,1,1,1,1,0,,7.00000000000000000e+06,1.01015254455221548e+00,1.01015254455221082e+00,9.22490147658161978e-15,6.71882714544023890e-15,SMOOTH_INTERIOR,CONSISTENT_NUMERICALLY
run1,BHIGH,KUP,D1,.3000000000000000E-02,-1,BRANCH_8,BRANCH_8,7071067.811865379,7071067.811865475,.2464448298072562E-06,.3485256206901509E-13,.1545995473861694E-06,.6183981895446634E-13,.9999999999999999,1,1,1,1,0,-1.11241839564108047e+00,7.00000000000000000e+06,1.01015254455219705e+00,1.01015254455221082e+00,3.52064042581794569e-14,2.20856496265956293e-14,SMOOTH_INTERIOR,CONSISTENT_NUMERICALLY
run1,BHIGH,KUP,D1,.1000000000000000E-02,-1,BRANCH_8,BRANCH_8,7071067.811865352,7071067.811865475,.2601067407925109E-06,.3678464804934321E-13,.2328306436538696E-06,.9313225746154786E-13,1.000000000000000,1,1,1,1,0,-4.91109871692932687e-02,7.00000000000000000e+06,1.01015254455219305e+00,1.01015254455221082e+00,3.71581058275015621e-14,3.32615205219813717e-14,SMOOTH_INTERIOR,CONSISTENT_NUMERICALLY
run1,BHIGH,KUP,D1,.3000000000000000E-03,-1,BRANCH_8,BRANCH_8,7071067.811864104,7071067.811865475,.2572869804517092E-05,.3638587371768285E-12,.1551583409309387E-05,.6206333637235622E-12,.9999999999999997,1,1,1,1,0,-1.90343595290292589e+00,7.00000000000000000e+06,1.01015254455201497e+00,1.01015254455221082e+00,3.67552829216727453e-13,2.21654772758483847e-13,SMOOTH_INTERIOR,CONSISTENT_NUMERICALLY
run1,BHIGH,KUP,D1,.1000000000000000E-03,-1,BRANCH_8,BRANCH_8,7071067.811869179,7071067.811865475,.9635251160537092E-05,.1362630286809552E-11,.4657078534364700E-05,.1862831413742410E-11,1.000000000000000,1,1,1,1,0,-1.20188573466640580e+00,7.00000000000000000e+06,1.01015254455273995e+00,1.01015254455221082e+00,1.37646445150529899e-12,6.65296933480671497e-13,SMOOTH_INTERIOR,CONSISTENT_NUMERICALLY
run1,BHIGH,KUP,D1,.3000000000000000E-04,-1,BRANCH_8,BRANCH_8,7071067.811851756,7071067.811865475,.2053343937596177E-04,.2903866844765088E-11,.1552188768982887E-04,.6208755075931549E-11,.9999999999999999,1,1,1,1,0,-6.28441418700202759e-01,7.00000000000000000e+06,1.01015254455025083e+00,1.01015254455221082e+00,2.93334848228025259e-12,2.21741252711840973e-12,SMOOTH_INTERIOR,CONSISTENT_NUMERICALLY
run1,BHIGH,KUP,D1,.1000000000000000E-04,-1,BRANCH_8,BRANCH_8,7071067.811937504,7071067.811865475,.9258597713960115E-04,.1309363445550555E-10,.4656659439206123E-04,.1862663775647755E-10,.9999999999999999,1,1,1,1,0,-1.37089577885692160e+00,7.00000000000000000e+06,1.01015254456250059e+00,1.01015254455221082e+00,1.32265681628001648e-11,6.65237062743731778e-12,SMOOTH_INTERIOR,CONSISTENT_NUMERICALLY
run1,BHIGH,KUP,D1,.3000000000000000E-05,-1,BRANCH_8,BRANCH_8,7071067.812084990,7071067.811865475,.2903911644426882E-03,.4106751231354163E-10,.1552207395434380E-03,.6208829581352024E-10,1.000000000000000,1,1,1,1,0,-9.49432709360668481e-01,7.00000000000000000e+06,1.01015254458356996e+00,1.01015254455221082e+00,4.14844520632411694e-11,2.21743913633482874e-11,SMOOTH_INTERIOR,CONSISTENT_NUMERICALLY
run1,BHIGH,KUP,D1,.1000000000000000E-05,-1,BRANCH_8,BRANCH_8,7071067.812133010,7071067.811865475,.3904692069262546E-03,.5522068481032829E-10,.2328306436538696E-03,.9313225745287423E-10,1.000000000000000,1,1,1,1,0,-2.69540270673643279e-01,7.00000000000000000e+06,1.01015254459043002e+00,1.01015254455221082e+00,5.57813152751792310e-11,3.32615205219813737e-11,SMOOTH_INTERIOR,CONSISTENT_NUMERICALLY
run1,BHIGH,KUP,D1,.3000000000000000E-06,-1,BRANCH_8,BRANCH_8,7071067.808709950,7071067.811865475,.4599672710279098E-02,.6504919529354112E-09,.3104407805949450E-02,.1241763122379780E-08,.9999999999999997,1,1,1,1,0,-2.04854404557709202e+00,7.00000000000000000e+06,1.01015254410142141e+00,1.01015254455221082e+00,6.57096101468442490e-10,4.43486829421350020e-10,SMOOTH_INTERIOR,CONSISTENT_NUMERICALLY
run1,BHIGH,KUP,D1,.1000000000000000E-06,-1,BRANCH_8,BRANCH_8,7071067.809601729,7071067.811865475,.8414983953196934E-02,.1190058443376307E-08,.4656613338738680E-02,.1862645332026025E-08,1.000000000000000,1,1,1,1,0,-5.49810680181198275e-01,7.00000000000000000e+06,1.01015254422881839e+00,1.01015254455221082e+00,1.20214056474241914e-09,6.65230476962668535e-10,SMOOTH_INTERIOR,CONSISTENT_NUMERICALLY
run1,BHIGH,KUP,D2,.1000000000000000E-01,-1,BRANCH_8,BRANCH_8,.9258495248264439E-07,.8231806349783991E-10,.9252641882593448E-07,.9993677843414038,.4656612873077393E-07,1.000000000000000,.7112867591590193,1,1,1,1,0,,7.00000000000000000e+06,1.32264217832349132e-14,1.17597233568342727e-17,1.32180598322763545e-14,6.65230410439627577e-15,NULLSPACE,NULLSPACE_CONSISTENT
run1,BHIGH,KUP,D2,.3000000000000000E-02,-1,BRANCH_8,BRANCH_8,.3470834309700550E-06,.8231806349783991E-10,.3470574084989404E-06,.9999250253143983,.3104408582051595E-06,1.000000000000000,.3162277660168379,1,1,1,1,0,-1.09802812090431412e+00,7.00000000000000000e+06,4.95833472814364323e-14,1.17597233568342727e-17,4.95796297855629168e-14,4.43486940293084957e-14,NULLSPACE,NULLSPACE_CONSISTENT
run1,BHIGH,KUP,D2,.1000000000000000E-02,-1,BRANCH_8,BRANCH_8,.6712834929739355E-06,.8231806349783991E-10,.6712834980211798E-06,1.000000007518797,.4657194949686527E-06,1.000125000000000,.000000000000000,1,1,1,1,0,-6.00486037432753417e-01,7.00000000000000000e+06,9.58976418534193528e-14,1.17597233568342727e-17,9.58976425744542624e-14,6.65313564240932417e-14,NULLSPACE,NULLSPACE_CONSISTENT
run1,BHIGH,KUP,D2,.3000000000000000E-03,-1,BRANCH_8,BRANCH_8,.1576270909016789E-05,.8231806349783991E-10,.1576328229066193E-05,1.000036364338817,.1552262498686711E-05,1.000037500000000,-.6963106238227913,1,1,1,1,0,-7.09037583174532471e-01,7.00000000000000000e+06,2.25181558430969849e-13,1.17597233568342727e-17,2.25189747009456132e-13,2.21751785526673014e-13,NULLSPACE,NULLSPACE_CONSISTENT
run1,BHIGH,KUP,D2,.1000000000000000E-03,-1,BRANCH_8,BRANCH_8,.6984919309616089E-05,.8231806349783991E-10,.6984958115100634E-05,1.000005555609567,.4656671080738306E-05,1.000012500000000,-.4714045207910316,1,1,1,1,0,-1.35503741830900393e+00,7.00000000000000000e+06,9.97845615659441316e-13,1.17597233568342727e-17,9.97851159300090674e-13,6.65238725819757971e-13,NULLSPACE,NULLSPACE_CONSISTENT
run1,BHIGH,KUP,D2,.3000000000000000E-04,-1,BRANCH_8,BRANCH_8,.8231806349783991E-05,.8231806349783991E-10,.8231806350195582E-05,1.000000000050000,.7761021455128988E-05,1.000000000000000,.000000000000000,1,1,1,1,0,-1.36420421916289780e-01,7.00000000000000000e+06,1.17597233568342739e-12,1.17597233568342727e-17,1.17597233574222587e-12,1.10871735073271262e-12,NULLSPACE,NULLSPACE_CONSISTENT
run1,BHIGH,KUP,D2,.1000000000000000E-04,-1,BRANCH_8,BRANCH_8,.4656612873077392E-04,.8231806349783991E-10,.4656612873084668E-04,1.000000000001563,.4656612873077392E-04,1.000000000000000,.000000000000000,1,1,1,1,0,-1.57732438388455387e+00,7.00000000000000000e+06,6.65230410439627410e-12,1.17597233568342727e-17,6.65230410440666878e-12,6.65230410439627410e-12,NULLSPACE,NULLSPACE_CONSISTENT
run1,BHIGH,KUP,D2,.3000000000000000E-05,-1,BRANCH_8,BRANCH_8,.1756975958538517E-03,.8231806349783991E-10,.1756975444301768E-03,.9999997073171401,.1552203708949188E-03,.9999996249999999,.6246950475544242,1,1,1,1,0,-1.10292407670886106e+00,7.00000000000000000e+06,2.50996565505502396e-11,1.17597233568342727e-17,2.50996492043109716e-11,2.21743386992741133e-11,NULLSPACE,NULLSPACE_CONSISTENT
run1,BHIGH,KUP,D2,.1000000000000000E-05,-1,BRANCH_8,BRANCH_8,.9054986984762390E-03,.8231806349783991E-10,.9054986386085582E-03,.9999999338842994,.4656612873077393E-03,1.000000000000000,.7272727272727272,1,1,1,1,0,-1.49253906186451313e+00,7.00000000000000000e+06,1.29356956925176991e-10,1.17597233568342727e-17,1.29356948372651175e-10,6.65230410439627603e-11,NULLSPACE,NULLSPACE_CONSISTENT
run1,BHIGH,KUP,D2,.3000000000000000E-06,-1,BRANCH_8,BRANCH_8,.4111327405634238E-02,.8231806349783991E-10,.4111327339706494E-02,.9999999839643654,.3104408523843934E-02,.9999999812500000,.8008903731191997,1,1,1,1,0,-1.25668572393200750e+00,7.00000000000000000e+06,5.87332486519176838e-10,1.17597233568342727e-17,5.87332477100927749e-10,4.43486931977704844e-10,NULLSPACE,NULLSPACE_CONSISTENT
run1,BHIGH,KUP,D2,.1000000000000000E-06,-1,BRANCH_8,BRANCH_8,.1003132663877570E-01,.8231806349783991E-10,.1003132663877570E-01,1.000000000000000,.4656612931285053E-02,1.000000012500000,.000000000000000,1,1,1,1,0,-8.11903288752880536e-01,7.00000000000000000e+06,1.43304666268224267e-09,1.17597233568342727e-17,1.43304666268224267e-09,6.65230418755007562e-10,NULLSPACE,NULLSPACE_CONSISTENT
run1,BHIGH,KUP,D3,.1000000000000000E-01,-1,BRANCH_8,BRANCH_8,6437264.263530794,6437264.263530838,.6945381419204064E-07,.1078933710792622E-13,.4936009645462036E-07,.1977970659307619E-13,1.000000000000000,1,1,1,1,0,,7.00000000000000000e+06,9.19609180504399104e-01,9.19609180504405432e-01,9.92197345600580628e-15,7.05144235066005138e-15,SMOOTH_INTERIOR,CONSISTENT_NUMERICALLY
run1,BHIGH,KUP,D3,.3000000000000000E-02,-1,BRANCH_8,BRANCH_8,6437264.263530888,6437264.263530838,.4051261897264453E-06,.6293452826251234E-13,.3350432962179184E-06,.1342594235256372E-12,.9999999999999998,1,1,1,1,0,-1.46476448981787932e+00,7.00000000000000000e+06,9.19609180504412538e-01,9.19609180504405432e-01,5.78751699609207526e-14,4.78633280311312007e-14,SMOOTH_INTERIOR,CONSISTENT_NUMERICALLY
run1,BHIGH,KUP,D3,.1000000000000000E-02,-1,BRANCH_8,BRANCH_8,6437264.263529836,6437264.263530838,.1170391545470578E-05,.1818150533451331E-12,.6454065442085266E-06,.2586289937547509E-12,1.000000000000000,1,1,1,1,0,-9.65668269735909579e-01,7.00000000000000000e+06,9.19609180504262325e-01,9.19609180504405432e-01,1.67198792210082570e-13,9.22009348869323675e-14,SMOOTH_INTERIOR,CONSISTENT_NUMERICALLY
run1,BHIGH,KUP,D3,.3000000000000000E-03,-1,BRANCH_8,BRANCH_8,6437264.263530597,6437264.263530838,.2852108338249786E-05,.4430621800642692E-12,.1880805939435959E-05,.7536814615980713E-12,1.000000000000000,1,1,1,1,0,-7.39817492820425859e-01,7.00000000000000000e+06,9.19609180504371015e-01,9.19609180504405432e-01,4.07444048321397995e-13,2.68686562776565570e-13,SMOOTH_INTERIOR,CONSISTENT_NUMERICALLY
run1,BHIGH,KUP,D3,.1000000000000000E-03,-1,BRANCH_8,BRANCH_8,6437264.263537727,6437264.263530838,.8830373900602525E-05,.1371758799870928E-11,.5873851478099823E-05,.2353785084571985E-11,1.000000000000000,1,1,1,1,0,-1.02869673053121402e+00,7.00000000000000000e+06,9.19609180505389645e-01,9.19609180504405432e-01,1.26148198580036066e-12,8.39121639728546142e-13,SMOOTH_INTERIOR,CONSISTENT_NUMERICALLY
run1,BHIGH,KUP,D3,.3000000000000000E-04,-1,BRANCH_8,BRANCH_8,6437264.263557414,6437264.263530838,.3022717355103134E-04,.4695655221450696E-11,.1831632107496262E-04,.7339763954049602E-11,1.000000000000000,1,1,1,1,0,-1.02206955488011619e+00,7.00000000000000000e+06,9.19609180508201951e-01,9.19609180504405432e-01,4.31816765014733410e-12,2.61661729642323132e-12,SMOOTH_INTERIOR,CONSISTENT_NUMERICALLY
run1,BHIGH,KUP,D3,.1000000000000000E-04,-1,BRANCH_8,BRANCH_8,6437264.263509735,6437264.263530838,.7562976310356714E-04,.1174874294535863E-10,.4778313450515270E-04,.1914778228755959E-10,.9999999999999998,1,1,1,1,0,-8.34788214861054700e-01,7.00000000000000000e+06,9.19609180501390733e-01,9.19609180504405432e-01,1.08042518719381639e-11,6.82616207216467210e-12,SMOOTH_INTERIOR,CONSISTENT_NUMERICALLY
run1,BHIGH,KUP,D3,.3000000000000000E-05,-1,BRANCH_8,BRANCH_8,6437264.263725034,6437264.263530838,.3258787611846812E-03,.5062379728933263E-10,.1642047427594662E-03,.6580055279563895E-10,1.000000000000000,1,1,1,1,0,-1.21321304865469148e+00,7.00000000000000000e+06,9.19609180532147685e-01,9.19609180504405432e-01,4.65541087406687422e-11,2.34578203942094555e-11,SMOOTH_INTERIOR,CONSISTENT_NUMERICALLY
run1,BHIGH,KUP,D3,.1000000000000000E-05,-1,BRANCH_8,BRANCH_8,6437264.263947971,6437264.263530838,.1000712900477241E-02,.1554562403289475E-09,.5110101774334908E-03,.2047733310869906E-09,1.000000000000000,1,1,1,1,0,-1.02123608396716037e+00,7.00000000000000000e+06,9.19609180563995876e-01,9.19609180504405432e-01,1.42958985782462988e-10,7.30014539190701021e-11,SMOOTH_INTERIOR,CONSISTENT_NUMERICALLY
run1,BHIGH,KUP,D3,.3000000000000000E-06,-1,BRANCH_8,BRANCH_8,6437264.264985939,6437264.263530838,.3367832254674135E-02,.5231775667487672E-09,.2748618833720684E-02,.1101433707898486E-08,1.000000000000000,1,1,1,1,0,-1.00796017873131882e+00,7.00000000000000000e+06,9.19609180712276930e-01,9.19609180504405432e-01,4.81118893524876435e-10,3.92659833388669130e-10,SMOOTH_INTERIOR,CONSISTENT_NUMERICALLY
run1,BHIGH,KUP,D3,.1000000000000000E-06,-1,BRANCH_8,BRANCH_8,6437264.269611097,6437264.263530838,.9037157241293571E-02,.1403881658852503E-08,.7405231706798077E-02,.2967443761764459E-08,1.000000000000000,1,1,1,1,0,-8.98474722294743788e-01,7.00000000000000000e+06,9.19609181373013840e-01,9.19609180504405432e-01,1.29102246304193866e-09,1.05789024382829671e-09,SMOOTH_INTERIOR,CONSISTENT_NUMERICALLY
run1,BHIGH,KUS,D1,.1000000000000000E-01,-1,BRANCH_8,BRANCH_8,617.6387777938731,617.6379821070039,.7957918358502214E-03,.1288442151726108E-05,.3195071263633054E-03,.1311247971541086E-05,.9999999999999999,1,1,1,1,0,,1.00000000000000000e+00,6.17638777793873146e+02,6.17637982107003950e+02,7.95791835850221405e-04,3.19507126363305415e-04,SMOOTH_INTERIOR,CONSISTENT_NUMERICALLY
run1,BHIGH,KUS,D1,.3000000000000000E-02,-1,BRANCH_8,BRANCH_8,617.6380535679780,617.6379821070039,.7146918664445735E-04,.1157137035705514E-06,.2859299812030258E-04,.1173449743508146E-06,1.000000000000000,1,1,1,1,0,2.00176551284490900e+00,1.00000000000000000e+00,6.17638053567977977e+02,6.17637982107003950e+02,7.14691866444573524e-05,2.85929981203025784e-05,SMOOTH_INTERIOR,CONSISTENT_NUMERICALLY
run1,BHIGH,KUS,D1,.1000000000000000E-02,-1,BRANCH_8,BRANCH_8,617.6379897679481,617.6379821070039,.7672340375722694E-05,.1242206681393620E-07,.3136847766427309E-05,.1287354888775007E-07,1.000000000000000,1,1,1,1,0,2.03133054421642534e+00,1.00000000000000000e+00,6.17637989767948056e+02,6.17637982107003950e+02,7.67234037572269426e-06,3.13684776642730909e-06,SMOOTH_INTERIOR,CONSISTENT_NUMERICALLY
run1,BHIGH,KUS,D1,.3000000000000000E-03,-1,BRANCH_8,BRANCH_8,617.6379831232033,617.6379821070039,.1710294976548544E-05,.2769089698629145E-08,.9637617779389984E-06,.3955255530051782E-08,.9999999999999999,1,1,1,1,0,1.24666922760258125e+00,1.00000000000000000e+00,6.17637983123203298e+02,6.17637982107003950e+02,1.71029497654854398e-06,9.63761777938998421e-07,SMOOTH_INTERIOR,CONSISTENT_NUMERICALLY
run1,BHIGH,KUS,D1,.1000000000000000E-03,-1,BRANCH_8,BRANCH_8,617.6379894862139,617.6379821070039,.1114758834789173E-04,.1804874139488233E-07,.9162700223441789E-05,.3760350441034554E-07,.9999999999999999,1,1,1,1,0,-1.70629561095828230e+00,1.00000000000000000e+00,6.17637989486213883e+02,6.17637982107003950e+02,1.11475883478917292e-05,9.16270022344178869e-06,SMOOTH_INTERIOR,CONSISTENT_NUMERICALLY
run1,BHIGH,KUS,D1,.3000000000000000E-04,-1,BRANCH_8,BRANCH_8,617.6379770032249,617.6379821070039,.3267318356490229E-04,.5290021745981574E-07,.2076709833431778E-04,.8522767687065908E-07,.9999999999999987,1,1,1,1,0,-8.93152636242147246e-01,1.00000000000000000e+00,6.17637977003224933e+02,6.17637982107003950e+02,3.26731835649022892e-05,2.07670983343177795e-05,SMOOTH_INTERIOR,CONSISTENT_NUMERICALLY
run1,BHIGH,KUS,D1,.1000000000000000E-04,-1,BRANCH_8,BRANCH_8,617.6379903279277,617.6379821070039,.8142016120187423E-04,.1318250536348082E-06,.5181118416430763E-04,.2126318385250862E-06,.9999999999999916,1,1,1,1,0,-8.31110543165323845e-01,1.00000000000000000e+00,6.17637990327927696e+02,6.17637982107003950e+02,8.14201612018742264e-05,5.18111841643076332e-05,SMOOTH_INTERIOR,CONSISTENT_NUMERICALLY
run1,BHIGH,KUS,D1,.3000000000000000E-05,-1,BRANCH_8,BRANCH_8,617.6380919231275,617.6379821070039,.3392717736922313E-03,.5493051321298003E-06,.2326801181311566E-03,.9549131146637688E-06,.9999999999998648,1,1,1,1,0,-1.18539102413521436e+00,1.00000000000000000e+00,6.17638091923127490e+02,6.17637982107003950e+02,3.39271773692231306e-04,2.32680118131156605e-04,SMOOTH_INTERIOR,CONSISTENT_NUMERICALLY
run1,BHIGH,KUS,D1,.1000000000000000E-05,-1,BRANCH_8,BRANCH_8,617.6377902280813,617.6379821070039,.5746764025907121E-03,.9304421347765350E-06,.4709063427128513E-03,.1932588494535873E-05,.9999999999996153,1,1,1,1,0,-4.79701193229711775e-01,1.00000000000000000e+00,6.17637790228081258e+02,6.17637982107003950e+02,5.74676402590712054e-04,4.70906342712851310e-04,SMOOTH_INTERIOR,CONSISTENT_NUMERICALLY
run1,BHIGH,KUS,D1,.3000000000000000E-06,-1,BRANCH_8,BRANCH_8,617.6370171534063,617.6379821070039,.2556042523197883E-02,.4138415378015169E-05,.2095626318407540E-02,.8600384602783712E-05,.9999999999926573,1,1,1,1,0,-1.23956981614570005e+00,1.00000000000000000e+00,6.17637017153406305e+02,6.17637982107003950e+02,2.55604252319788314e-03,2.09562631840754009e-03,SMOOTH_INTERIOR,CONSISTENT_NUMERICALLY
run1,BHIGH,KUS,D1,.1000000000000000E-06,-1,BRANCH_8,BRANCH_8,617.6416730976318,617.6379821070039,.4488631519131589E-02,.7267371543471067E-05,.2560986554669853E-02,.1051020839891713E-04,.9999999999914487,1,1,1,1,0,-5.12544510882103954e-01,1.00000000000000000e+00,6.17641673097631838e+02,6.17637982107003950e+02,4.48863151913158915e-03,2.56098655466985292e-03,SMOOTH_INTERIOR,CONSISTENT_NUMERICALLY
run1,BHIGH,KUS,D2,.1000000000000000E-01,-1,BRANCH_8,BRANCH_8,18.57971020967915,18.57970708052463,.3151515972441490E-05,.1696213739006381E-06,.1717416353130830E-05,.1790222412858249E-06,.9999999999999999,1,1,1,1,0,,1.00000000000000000e+00,1.85797102096791491e+01,1.85797070805246314e+01,3.15151597244148982e-06,1.71741635313082994e-06,SMOOTH_INTERIOR,CONSISTENT_NUMERICALLY
run1,BHIGH,KUS,D2,.3000000000000000E-02,-1,BRANCH_8,BRANCH_8,18.57970720020085,18.57970708052463,.3530417531257186E-06,.1900147022348673E-07,.2403163277264753E-06,.2505040459182638E-07,.9999999999999999,1,1,1,1,0,1.81819102435684998e+00,1.00000000000000000e+00,1.85797072002008505e+01,1.85797070805246314e+01,3.53041753125718585e-07,2.40316327726475318e-07,SMOOTH_INTERIOR,CONSISTENT_NUMERICALLY
run1,BHIGH,KUS,D2,.1000000000000000E-02,-1,BRANCH_8,BRANCH_8,18.57970712597085,18.57970708052463,.1098901193770106E-05,.5914523766814676E-07,.6492269903901615E-06,.6767496508233082E-07,.9999999999999983,1,1,1,1,0,-1.03355817675467887e+00,1.00000000000000000e+00,1.85797071259708488e+01,1.85797070805246314e+01,1.09890119377010601e-06,6.49226990390161518e-07,SMOOTH_INTERIOR,CONSISTENT_NUMERICALLY
run1,BHIGH,KUS,D2,.3000000000000000E-03,-1,BRANCH_8,BRANCH_8,18.57970730500429,18.57970708052463,.2843809088577971E-05,.1530599509397016E-06,.2299961162410824E-05,.2397463347346815E-06,.9999999999999883,1,1,1,1,0,-7.89746755644207488e-01,1.00000000000000000e+00,1.85797073050042911e+01,1.85797070805246314e+01,2.84380908857797095e-06,2.29996116241082404e-06,SMOOTH_INTERIOR,CONSISTENT_NUMERICALLY
run1,BHIGH,KUS,D2,.1000000000000000E-03,-1,BRANCH_8,BRANCH_8,18.57970860141706,18.57970708052463,.6997991780316391E-05,.3766470147859402E-06,.3908856001544336E-05,.4074563742849118E-06,.9999999999999323,1,1,1,1,0,-8.19651160609247476e-01,1.00000000000000000e+00,1.85797086014170603e+01,1.85797070805246314e+01,6.99799178031639137e-06,3.90885600154433632e-06,SMOOTH_INTERIOR,CONSISTENT_NUMERICALLY
run1,BHIGH,KUS,D2,.3000000000000000E-04,-1,BRANCH_8,BRANCH_8,18.57970466456882,18.57970708052463,.1629252110287368E-04,.8768987063284546E-06,.1161318690856561E-04,.1210550162034238E-05,.9999999999996241,1,1,1,1,0,-7.01911996740488320e-01,1.00000000000000000e+00,1.85797046645688191e+01,1.85797070805246314e+01,1.62925211028736806e-05,1.16131869085656092e-05,SMOOTH_INTERIOR,CONSISTENT_NUMERICALLY
run1,BHIGH,KUS,D2,.1000000000000000E-04,-1,BRANCH_8,BRANCH_8,18.57967844581627,18.57970708052463,.9883993169188034E-04,.5319778792179397E-05,.6760598255839412E-04,.7047200095988681E-05,.9999999999870375,1,1,1,1,0,-1.64097519583863027e+00,1.00000000000000000e+00,1.85796784458162705e+01,1.85797070805246314e+01,9.88399316918803369e-05,6.76059825583941176e-05,SMOOTH_INTERIOR,CONSISTENT_NUMERICALLY
run1,BHIGH,KUS,D2,.3000000000000000E-05,-1,BRANCH_8,BRANCH_8,18.57972636667085,18.57970708052463,.9685856304074361E-04,.5213131836779515E-05,.6599702764242821E-04,.6879476624455431E-05,.9999999999869504,1,1,1,1,0,1.68192242460526026e-02,1.00000000000000000e+00,1.85797263666708510e+01,1.85797070805246314e+01,9.68585630407436130e-05,6.59970276424282076e-05,SMOOTH_INTERIOR,CONSISTENT_NUMERICALLY
run1,BHIGH,KUS,D2,.1000000000000000E-05,-1,BRANCH_8,BRANCH_8,18.57927173756639,18.57970708052463,.8799844580249861E-03,.4736266584888151E-04,.7660979135195589E-03,.7985742504430119E-04,.9999999991528774,1,1,1,1,0,-2.00858161455314210e+00,1.00000000000000000e+00,1.85792717375663905e+01,1.85797070805246314e+01,8.79984458024986099e-04,7.66097913519558915e-04,SMOOTH_INTERIOR,CONSISTENT_NUMERICALLY
run1,BHIGH,KUS,D2,.3000000000000000E-06,-1,BRANCH_8,BRANCH_8,18.57892813209134,18.57970708052463,.1551475976249444E-02,.8350379096534364E-04,.9817854796470016E-03,.1023396940402446E-03,.9999999973922890,1,1,1,1,0,-4.70988839233619949e-01,1.00000000000000000e+00,1.85789281320913418e+01,1.85797070805246314e+01,1.55147597624944399e-03,9.81785479647001580e-04,SMOOTH_INTERIOR,CONSISTENT_NUMERICALLY
run1,BHIGH,KUS,D2,.1000000000000000E-06,-1,BRANCH_8,BRANCH_8,18.57839901198765,18.57970708052463,.6582555914254277E-02,.3542873892319946E-03,.4356176246865573E-02,.4540071467095282E-03,.9999999397142753,1,1,1,1,0,-1.31549264564189383e+00,1.00000000000000000e+00,1.85783990119876492e+01,1.85797070805246314e+01,6.58255591425427680e-03,4.35617624686557292e-03,SMOOTH_INTERIOR,CONSISTENT_NUMERICALLY
run1,BHIGH,KUS,D3,.1000000000000000E-01,-1,BRANCH_8,BRANCH_8,306.9490900037175,306.9487346606685,.3572582353832162E-03,.1163900617457082E-05,.1804134415976932E-03,.1253898491963024E-05,.9999999999999928,1,1,1,1,0,,1.00000000000000000e+00,3.06949090003717515e+02,3.06948734660668492e+02,3.57258235383216174e-04,1.80413441597693209e-04,SMOOTH_INTERIOR,CONSISTENT_NUMERICALLY
run1,BHIGH,KUS,D3,.3000000000000000E-02,-1,BRANCH_8,BRANCH_8,306.9487664175227,306.9487346606685,.3196357694000676E-04,.1041332640396696E-06,.1615918353081724E-04,.1123086994633241E-06,.9999999999999999,1,1,1,1,0,2.00491392008077352e+00,1.00000000000000000e+00,3.06948766417522677e+02,3.06948734660668492e+02,3.19635769400067609e-05,1.61591835308172415e-05,SMOOTH_INTERIOR,CONSISTENT_NUMERICALLY
run1,BHIGH,KUS,D3,.1000000000000000E-02,-1,BRANCH_8,BRANCH_8,306.9487386560666,306.9487346606685,.4026904165017020E-05,.1311914224716568E-07,.1878904043906005E-05,.1305866042851153E-07,1.000000000000000,1,1,1,1,0,1.88565080857027190e+00,1.00000000000000000e+00,3.06948738656066610e+02,3.06948734660668492e+02,4.02690416501702039e-06,1.87890404390600494e-06,SMOOTH_INTERIOR,CONSISTENT_NUMERICALLY
run1,BHIGH,KUS,D3,.3000000000000000E-03,-1,BRANCH_8,BRANCH_8,306.9487366724829,306.9487346606685,.3987684483677969E-05,.1299136959124502E-07,.2241338492581235E-05,.1557763354499802E-07,.9999999999999997,1,1,1,1,0,8.12904652209289584e-03,1.00000000000000000e+00,3.06948736672482880e+02,3.06948734660668492e+02,3.98768448367796908e-06,2.24133849258123519e-06,SMOOTH_INTERIOR,CONSISTENT_NUMERICALLY
run1,BHIGH,KUS,D3,.1000000000000000E-03,-1,BRANCH_8,BRANCH_8,306.9487428862948,306.9487346606685,.1078953742264099E-04,.3515094188425405E-07,.6069855629675658E-05,.4218639129886450E-07,.9999999999999996,1,1,1,1,0,-9.06021337232265966e-01,1.00000000000000000e+00,3.06948742886294781e+02,3.06948734660668492e+02,1.07895374226409907e-05,6.06985562967565784e-06,SMOOTH_INTERIOR,CONSISTENT_NUMERICALLY
run1,BHIGH,KUS,D3,.3000000000000000E-04,-1,BRANCH_8,BRANCH_8,306.9487491133434,306.9487346606685,.2974264071227789E-04,.9689774204388490E-07,.2397219856220545E-04,.1666103134142113E-06,.9999999999999966,1,1,1,1,0,-8.42215720581342087e-01,1.00000000000000000e+00,3.06948749113343410e+02,3.06948734660668492e+02,2.97426407122778911e-05,2.39721985622054490e-05,SMOOTH_INTERIOR,CONSISTENT_NUMERICALLY
run1,BHIGH,KUS,D3,.1000000000000000E-04,-1,BRANCH_8,BRANCH_8,306.9487334868680,306.9487346606685,.8131520464809207E-04,.2649146110277534E-06,.5263598436044958E-04,.3658277312432010E-06,.9999999999999649,1,1,1,1,0,-9.15474274326937731e-01,1.00000000000000000e+00,3.06948733486867980e+02,3.06948734660668492e+02,8.13152046480920685e-05,5.26359843604495768e-05,SMOOTH_INTERIOR,CONSISTENT_NUMERICALLY
run1,BHIGH,KUS,D3,.3000000000000000E-05,-1,BRANCH_8,BRANCH_8,306.9487619450829,306.9487346606685,.3481990268446951E-03,.1134388112980864E-05,.2578048738541838E-03,.1791781292806626E-05,.9999999999993607,1,1,1,1,0,-1.20803493997341227e+00,1.00000000000000000e+00,3.06948761945082879e+02,3.06948734660668492e+02,3.48199026844695078e-04,2.57804873854183825e-04,SMOOTH_INTERIOR,CONSISTENT_NUMERICALLY
run1,BHIGH,KUS,D3,.1000000000000000E-05,-1,BRANCH_8,BRANCH_8,306.9489615967053,306.9487346606685,.6013836404353477E-03,.1959230086028096E-05,.3499350996776229E-03,.2432099734675405E-05,.9999999999983542,1,1,1,1,0,-4.97408267538275828e-01,1.00000000000000000e+00,3.06948961596705317e+02,3.06948734660668492e+02,6.01383640435347697e-04,3.49935099677622875e-04,SMOOTH_INTERIOR,CONSISTENT_NUMERICALLY
run1,BHIGH,KUS,D3,.3000000000000000E-06,-1,BRANCH_8,BRANCH_8,306.9452229958512,306.9487346606685,.4619712782078844E-02,.1505043761521263E-04,.2444032624168813E-02,.1698638769527211E-04,.9999999999521848,1,1,1,1,0,-1.69343920287947003e+00,1.00000000000000000e+00,3.06945222995851225e+02,3.06948734660668492e+02,4.61971278207884417e-03,2.44403262416881305e-03,SMOOTH_INTERIOR,CONSISTENT_NUMERICALLY
run1,BHIGH,KUS,D3,.1000000000000000E-06,-1,BRANCH_8,BRANCH_8,306.9537699021947,306.9487346606685,.6347608727222600E-02,.2067936396169740E-04,.2846603708206885E-02,.1978392477332745E-04,.9999999999207250,1,1,1,1,0,-2.89224535433073360e-01,1.00000000000000000e+00,3.06953769902194722e+02,3.06948734660668492e+02,6.34760872722260009e-03,2.84660370820688513e-03,SMOOTH_INTERIOR,CONSISTENT_NUMERICALLY
run1,BHIGH,KUU,D1,.1000000000000000E-01,-1,BRANCH_8,BRANCH_8,.1264928945578910E-06,.1708785405576776E-10,.1264898823462808E-06,.9999761867129319,.9312861948274076E-07,.9999609375000000,.1763433798850685,1,1,1,1,0,,2.50000000000000029e+05,5.05971578231563942e-13,6.83514162230710327e-17,5.05959529385123156e-13,3.72514477930962992e-13,NULLSPACE,NULLSPACE_CONSISTENT
run1,BHIGH,KUU,D1,.3000000000000000E-02,-1,BRANCH_8,BRANCH_8,.4251993377850377E-06,.1708785405576776E-10,.4252024092473489E-06,1.000007223582067,.3104444961839666E-06,1.000011718750000,-.1797259054613941,1,1,1,1,0,-1.00700197274375247e+00,2.50000000000000029e+05,1.70079735114015060e-12,6.83514162230710327e-17,1.70080963698939540e-12,1.24177798473586616e-12,NULLSPACE,NULLSPACE_CONSISTENT
run1,BHIGH,KUU,D1,.1000000000000000E-02,-1,BRANCH_8,BRANCH_8,.1264928945578910E-05,.1708785405576776E-10,.1264925932360802E-05,.9999976178755975,.9313189366366714E-06,.9999960937500000,.1763433798850685,1,1,1,1,0,-9.92346022884074919e-01,2.50000000000000029e+05,5.05971578231563921e-12,6.83514162230710327e-17,5.05970372944320719e-12,3.72527574654668535e-12,NULLSPACE,NULLSPACE_CONSISTENT
run1,BHIGH,KUU,D1,.3000000000000000E-03,-1,BRANCH_8,BRANCH_8,.7722728207304364E-05,.1708785405576776E-10,.7722726150812997E-05,.9999997337092137,.5044663036339140E-05,.9999998197115385,.1203492252511570,1,1,1,1,0,-1.50265342753006936e+00,2.50000000000000029e+05,3.08909128292174536e-11,6.83514162230710327e-17,3.08909046032519844e-11,2.01786521453565577e-11,NULLSPACE,NULLSPACE_CONSISTENT
run1,BHIGH,KUU,D1,.1000000000000000E-03,-1,BRANCH_8,BRANCH_8,.8394828241933113E-05,.1708785405576776E-10,.8394827737453599E-05,.9999999399059161,.4656612873077393E-05,1.000000000000000,.2952371245053815E-01,1,1,1,1,0,-7.59579530234993777e-02,2.50000000000000029e+05,3.35793129677324464e-11,6.83514162230710327e-17,3.35793109498143949e-11,1.86264514923095675e-11,NULLSPACE,NULLSPACE_CONSISTENT
run1,BHIGH,KUU,D1,.3000000000000000E-04,-1,BRANCH_8,BRANCH_8,.4251993377850376E-04,.1708785405576776E-10,.4251993070737705E-04,.9999999277720720,.3104408218253715E-04,.9999998828125000,.1797259054613942,1,1,1,1,0,-1.34750315566643430e+00,2.50000000000000029e+05,1.70079735114015039e-10,6.83514162230710327e-17,1.70079722829508173e-10,1.24176328730148583e-10,NULLSPACE,NULLSPACE_CONSISTENT
run1,BHIGH,KUU,D1,.1000000000000000E-04,-1,BRANCH_8,BRANCH_8,.1655596151636901E-03,.1708785405576776E-10,.1655596132451231E-03,.9999999884116245,.9313225746154784E-04,1.000000000000000,.1122766993213180,1,1,1,1,0,-1.23734134510781857e+00,2.50000000000000029e+05,6.62238460654760341e-10,6.83514162230710327e-17,6.62238452980492326e-10,3.72529029846191324e-10,NULLSPACE,NULLSPACE_CONSISTENT
run1,BHIGH,KUU,D1,.3000000000000000E-05,-1,BRANCH_8,BRANCH_8,.3110465970410615E-03,.1708785405576776E-10,.3110465934101679E-03,.9999999883268498,.3104408545671807E-03,.9999999882812500,.2124839150097042,1,1,1,1,0,-5.23775442346958386e-01,2.50000000000000029e+05,1.24418638816424579e-09,6.83514162230710327e-17,1.24418637364067146e-09,1.24176341826872255e-09,NULLSPACE,NULLSPACE_CONSISTENT
run1,BHIGH,KUU,D1,.1000000000000000E-05,-1,BRANCH_8,BRANCH_8,.2050529577979881E-02,.1708785405576776E-10,.2050529578289691E-02,1.000000000151088,.1396983861923218E-02,1.000000000000000,-.1813042575060005E-01,1,1,1,1,0,-1.71662985213227892e+00,2.50000000000000029e+05,8.20211831191952299e-09,6.83514162230710327e-17,8.20211831315876362e-09,5.58793544769287109e-09,NULLSPACE,NULLSPACE_CONSISTENT
run1,BHIGH,KUU,D1,.3000000000000000E-06,-1,BRANCH_8,BRANCH_8,.4543057283529428E-02,.1708785405576776E-10,.4543057283374057E-02,.9999999999658002,.3104408582051595E-02,1.000000000000000,.9092500182826296E-02,1,1,1,1,0,-6.60730958647125277e-01,2.50000000000000029e+05,1.81722291341177103e-08,6.83514162230710327e-17,1.81722291334962264e-08,1.24176343282063791e-08,NULLSPACE,NULLSPACE_CONSISTENT
run1,BHIGH,KUU,D1,.1000000000000000E-06,-1,BRANCH_8,BRANCH_8,.2686553134325449E-01,.1708785405576776E-10,.2686553133840696E-01,.9999999998195634,.1484295353293419E-01,1.000000000000000,.2836824489541744,1,1,1,1,0,-1.61771711873123869e+00,2.50000000000000029e+05,1.07462125373017947e-07,6.83514162230710327e-17,1.07462125353627828e-07,5.93718141317367554e-08,NULLSPACE,NULLSPACE_CONSISTENT
run1,BHIGH,KUU,D2,.1000000000000000E-01,-1,BRANCH_8,BRANCH_8,.1826134911045781E-06,.1064536255464157E-10,.1826114621071106E-06,.9999888891151735,.9313589544035494E-07,1.000039062500000,.1906272771900823,1,1,1,1,0,,2.50000000000000029e+05,7.30453964418312365e-13,4.25814502185662744e-17,7.30445848428442270e-13,3.72543581761419705e-13,NULLSPACE,NULLSPACE_CONSISTENT
run1,BHIGH,KUU,D2,.3000000000000000E-02,-1,BRANCH_8,BRANCH_8,.6087116370152600E-06,.1064536255464157E-10,.6087136664014406E-06,1.000003333904031,.3104481341627737E-06,1.000023437500000,-.1906272771900823,1,1,1,1,0,-1.00001199765059035e+00,2.50000000000000029e+05,2.43484654806103967e-12,4.25814502185662744e-17,2.43485466560576203e-12,1.24179253665109474e-12,NULLSPACE,NULLSPACE_CONSISTENT
run1,BHIGH,KUU,D2,.1000000000000000E-02,-1,BRANCH_8,BRANCH_8,.1811231239990053E-05,.1064536255464157E-10,.1811229077111580E-05,.9999988058518289,.9313262125942856E-06,1.000003906250000,.2031784689248800,1,1,1,1,0,-9.92536644777757493e-01,2.50000000000000029e+05,7.24492495996021123e-12,4.25814502185662744e-17,7.24491630844631869e-12,3.72530485037714212e-12,NULLSPACE,NULLSPACE_CONSISTENT
run1,BHIGH,KUU,D2,.3000000000000000E-03,-1,BRANCH_8,BRANCH_8,.8916734790022839E-05,.1064536255464157E-10,.8916733998415630E-05,.9999999112222997,.4656616511056200E-05,1.000000781250000,.7436228920156712E-01,1,1,1,1,0,-1.32388710707227797e+00,2.50000000000000029e+05,3.56669391600913549e-11,4.25814502185662744e-17,3.56669359936625170e-11,1.86264660442247979e-11,NULLSPACE,NULLSPACE_CONSISTENT
run1,BHIGH,KUU,D2,.1000000000000000E-03,-1,BRANCH_8,BRANCH_8,.2049909864196127E-04,.1064536255464157E-10,.2049909848701217E-04,.9999999924411750,.9313229384133592E-05,1.000000390625000,.1455580902588705E-01,1,1,1,1,0,-7.57729711974826969e-01,2.50000000000000029e+05,8.19963945678450670e-11,4.25814502185662744e-17,8.19963939480486765e-11,3.72529175365343653e-11,NULLSPACE,NULLSPACE_CONSISTENT
run1,BHIGH,KUU,D2,.3000000000000000E-04,-1,BRANCH_8,BRANCH_8,.6111804395914078E-04,.1064536255464157E-10,.6111804188029664E-04,.9999999659864093,.3104408945849476E-04,1.000000117187500,.1952817503352597,1,1,1,1,0,-9.07351224369050913e-01,2.50000000000000029e+05,2.44472175836563069e-10,4.25814502185662744e-17,2.44472167521186549e-10,1.24176357833979018e-10,NULLSPACE,NULLSPACE_CONSISTENT
run1,BHIGH,KUU,D2,.1000000000000000E-04,-1,BRANCH_8,BRANCH_8,.1639142613896253E-03,.1064536255464157E-10,.1639142613896256E-03,1.000000000000002,.9313226109952665E-04,1.000000039062500,.000000000000000,1,1,1,1,0,-8.97984118549735144e-01,2.50000000000000029e+05,6.55657045558501138e-10,4.25814502185662744e-17,6.55657045558502379e-10,3.72529044398106515e-10,NULLSPACE,NULLSPACE_CONSISTENT
run1,BHIGH,KUU,D2,.3000000000000000E-05,-1,BRANCH_8,BRANCH_8,.3118021157567893E-03,.1064536255464157E-10,.3118021117951217E-03,.9999999872942890,.3104408545671807E-03,.9999999882812500,.3721496298269109,1,1,1,1,0,-5.34086179099934943e-01,2.50000000000000029e+05,1.24720846302715704e-09,4.25814502185662744e-17,1.24720844718048664e-09,1.24176341826872255e-09,NULLSPACE,NULLSPACE_CONSISTENT
run1,BHIGH,KUU,D2,.1000000000000000E-05,-1,BRANCH_8,BRANCH_8,.2770219937500263E-02,.1064536255464157E-10,.2770219938876200E-02,1.000000000496689,.1396983861923218E-02,1.000000000000000,-.1292522493233325,1,1,1,1,0,-1.98824761870935429e+00,2.50000000000000029e+05,1.10808797500010512e-08,4.25814502185662744e-17,1.10808797555047983e-08,5.58793544769287109e-09,NULLSPACE,NULLSPACE_CONSISTENT
run1,BHIGH,KUU,D2,.3000000000000000E-06,-1,BRANCH_8,BRANCH_8,.4509789597231219E-02,.1064536255464157E-10,.4509789594805199E-02,.9999999994620546,.3104408582051595E-02,1.000000000000000,.2278945913517755,1,1,1,1,0,-4.04763114478377872e-01,2.50000000000000029e+05,1.80391583889248733e-08,4.25814502185662744e-17,1.80391583792207940e-08,1.24176343282063791e-08,NULLSPACE,NULLSPACE_CONSISTENT
run1,BHIGH,KUU,D2,.1000000000000000E-06,-1,BRANCH_8,BRANCH_8,.2281265093743036E-01,.1064536255464157E-10,.2281265093872991E-01,1.000000000056966,.1396983862287016E-01,1.000000000260417,-.1220765186226523,1,1,1,1,0,-1.47555672291688245e+00,2.50000000000000029e+05,9.12506037497214250e-08,4.25814502185662744e-17,9.12506037549196265e-08,5.58793544914806311e-08,NULLSPACE,NULLSPACE_CONSISTENT
run1,BHIGH,KUU,D3,.1000000000000000E-01,-1,BRANCH_8,BRANCH_8,261830.2593054984,261830.2593053722,.1910188521931782E-06,.7295522400651988E-12,.1066655386239290E-06,.7842193029786296E-12,1.000000000000000,1,1,1,1,0,,2.50000000000000029e+05,1.04732103722199343e+00,1.04732103722148873e+00,7.64075408772712638e-13,4.26662154495715927e-13,SMOOTH_INTERIOR,CONSISTENT_NUMERICALLY
run1,BHIGH,KUU,D3,.3000000000000000E-02,-1,BRANCH_8,BRANCH_8,261830.2593053053,261830.2593053722,.6429382185592860E-06,.2455553534052870E-11,.3434834070503712E-06,.2525335938264392E-11,1.000000000000000,1,1,1,1,0,-1.00805973888369715e+00,2.50000000000000029e+05,1.04732103722122116e+00,1.04732103722148873e+00,2.57175287423714345e-12,1.37393362820148468e-12,SMOOTH_INTERIOR,CONSISTENT_NUMERICALLY
run1,BHIGH,KUU,D3,.1000000000000000E-02,-1,BRANCH_8,BRANCH_8,261830.2593061297,261830.2593053722,.2101134136678920E-05,.8024794927244419E-11,.1558661097078584E-05,.1145948480542456E-10,1.000000000000000,1,1,1,1,0,-1.07789064324036743e+00,2.50000000000000029e+05,1.04732103722451875e+00,1.04732103722148873e+00,8.40453654671567905e-12,6.23464438831433537e-12,SMOOTH_INTERIOR,CONSISTENT_NUMERICALLY
run1,BHIGH,KUU,D3,.3000000000000000E-03,-1,BRANCH_8,BRANCH_8,261830.2593061274,261830.2593053722,.2585639447763040E-05,.9875250685750403E-11,.1696447725407779E-05,.1247251052133455E-10,1.000000000000000,1,1,1,1,0,-1.72342416013122529e-01,2.50000000000000029e+05,1.04732103722450942e+00,1.04732103722148873e+00,1.03425577910521577e-11,6.78579090163111537e-12,SMOOTH_INTERIOR,CONSISTENT_NUMERICALLY
run1,BHIGH,KUU,D3,.1000000000000000E-03,-1,BRANCH_8,BRANCH_8,261830.2593198151,261830.2593053722,.1590258282869529E-04,.6073622991478201E-10,.1025808160193264E-04,.7541878761356970E-10,.9999999999999999,1,1,1,1,0,-1.65345746710051289e+00,2.50000000000000029e+05,1.04732103727926029e+00,1.04732103722148873e+00,6.36103313147811565e-11,4.10323264077305568e-11,SMOOTH_INTERIOR,CONSISTENT_NUMERICALLY
run1,BHIGH,KUU,D3,.3000000000000000E-04,-1,BRANCH_8,BRANCH_8,261830.2593204235,261830.2593053722,.5661679787081561E-04,.2162347393221993E-09,.2963612496387213E-04,.2178887535822874E-09,1.000000000000000,1,1,1,1,0,-1.05469507342288193e+00,2.50000000000000029e+05,1.04732103728169390e+00,1.04732103722148873e+00,2.26467191483262393e-10,1.18544499855488521e-10,SMOOTH_INTERIOR,CONSISTENT_NUMERICALLY
run1,BHIGH,KUU,D3,.1000000000000000E-04,-1,BRANCH_8,BRANCH_8,261830.2595478586,261830.2593053722,.3475966785829884E-03,.1327564962060670E-08,.2451789914630353E-03,.1802588728758711E-08,1.000000000000000,1,1,1,1,0,-1.65184490782722815e+00,2.50000000000000029e+05,1.04732103819143418e+00,1.04732103722148873e+00,1.39038671433195337e-09,9.80715965852141012e-10,SMOOTH_INTERIOR,CONSISTENT_NUMERICALLY
run1,BHIGH,KUU,D3,.3000000000000000E-05,-1,BRANCH_8,BRANCH_8,261830.2597928861,261830.2593053722,.5749427383924470E-03,.2195860550446844E-08,.3782548301387578E-03,.2780980088620128E-08,1.000000000000000,1,1,1,1,0,-4.17972574268364427e-01,2.50000000000000029e+05,1.04732103917154418e+00,1.04732103722148873e+00,2.29977095356978738e-09,1.51301932055503104e-09,SMOOTH_INTERIOR,CONSISTENT_NUMERICALLY
run1,BHIGH,KUU,D3,.1000000000000000E-05,-1,BRANCH_8,BRANCH_8,261830.2603234451,261830.2593053722,.1629733729041354E-02,.6224390286394343E-08,.9868979450402549E-03,.7255805627793411E-08,.9999999999999999,1,1,1,1,0,-9.48379591556845702e-01,2.50000000000000029e+05,1.04732104129378034e+00,1.04732103722148873e+00,6.51893491616541479e-09,3.94759178016101906e-09,SMOOTH_INTERIOR,CONSISTENT_NUMERICALLY
run1,BHIGH,KUU,D3,.3000000000000000E-06,-1,BRANCH_8,BRANCH_8,261830.2575059334,261830.2593053722,.3767187477728229E-02,.1438789957937812E-07,.2849543094271212E-02,.2095022186197793E-07,1.000000000000000,1,1,1,1,0,-6.95955961668352829e-01,2.50000000000000029e+05,1.04732103002373345e+00,1.04732103722148873e+00,1.50687499109129132e-08,1.13981723770848464e-08,SMOOTH_INTERIOR,CONSISTENT_NUMERICALLY
run1,BHIGH,KUU,D3,.1000000000000000E-06,-1,BRANCH_8,BRANCH_8,261830.2252586203,261830.2593053722,.3794620810500041E-01,.1449267483661764E-06,.2018845203565434E-01,.1484281989092118E-06,.9999999999999980,1,1,1,1,0,-2.10250778056795218e+00,2.50000000000000029e+05,1.04732090103448106e+00,1.04732103722148873e+00,1.51784832420001636e-07,8.07538081426173474e-08,SMOOTH_INTERIOR,CONSISTENT_NUMERICALLY
run1,BLOW,KPS,D1,.1000000000000000E-01,-1,BRANCH_4,BRANCH_4,.2436157445678591E-04,.2436157445678995E-04,.1335001415926619E-16,.5479947194277229E-12,.1101312238020041E-16,.6543888738235218E-12,1.000000000000000,1,1,1,1,0,,1.00000000000000000e+00,2.43615744567859114e-05,2.43615744567899500e-05,1.33500141592661896e-17,1.10131223802004099e-17,SMOOTH_INTERIOR,CONSISTENT_NUMERICALLY
run1,BLOW,KPS,D1,.3000000000000000E-02,-1,BRANCH_4,BRANCH_4,.2436157445676314E-04,.2436157445678995E-04,.5407401241181269E-16,.2219643582877765E-11,.4798949865963964E-16,.2851488696763389E-11,1.000000000000000,1,1,1,1,0,-1.16185038223200299e+00,1.00000000000000000e+00,2.43615744567631398e-05,2.43615744567899500e-05,5.40740124118126923e-17,4.79894986596396400e-17,SMOOTH_INTERIOR,CONSISTENT_NUMERICALLY
run1,BLOW,KPS,D1,.1000000000000000E-02,-1,BRANCH_4,BRANCH_4,.2436157445683646E-04,.2436157445678995E-04,.1624866551160873E-15,.6669792849554087E-11,.1411173830784609E-15,.8385055772683459E-11,1.000000000000000,1,1,1,1,0,-1.00148357979954983e+00,1.00000000000000000e+00,2.43615744568364589e-05,2.43615744567899500e-05,1.62486655116087306e-16,1.41117383078460896e-16,SMOOTH_INTERIOR,CONSISTENT_NUMERICALLY
run1,BLOW,KPS,D1,.3000000000000000E-03,-1,BRANCH_4,BRANCH_4,.2436157445695316E-04,.2436157445678995E-04,.3166019066841930E-15,.1299595423291002E-10,.2772711530860117E-15,.1647517855043269E-10,1.000000000000000,1,1,1,1,0,-5.54040167163954766e-01,1.00000000000000000e+00,2.43615744569531597e-05,2.43615744567899500e-05,3.16601906684192996e-16,2.77271153086011690e-16,SMOOTH_INTERIOR,CONSISTENT_NUMERICALLY
run1,BLOW,KPS,D1,.1000000000000000E-03,-1,BRANCH_4,BRANCH_4,.2436157445577560E-04,.2436157445678995E-04,.1125935986373923E-14,.4621770191294461E-10,.8069310193994927E-15,.4794704560692388E-10,.9999999999999998,1,1,1,1,0,-1.15484306874983034e+00,1.00000000000000000e+00,2.43615744557756010e-05,2.43615744567899500e-05,1.12593598637392299e-15,8.06931019399492744e-16,SMOOTH_INTERIOR,CONSISTENT_NUMERICALLY
run1,BLOW,KPS,D1,.3000000000000000E-04,-1,BRANCH_4,BRANCH_4,.2436157445498068E-04,.2436157445678995E-04,.3076990171179351E-14,.1263050619588237E-09,.2309521728049470E-14,.1372295040874459E-09,1.000000000000000,1,1,1,1,0,-8.35016555856976317e-01,1.00000000000000000e+00,2.43615744549806809e-05,2.43615744567899500e-05,3.07699017117935090e-15,2.30952172804946981e-15,SMOOTH_INTERIOR,CONSISTENT_NUMERICALLY
run1,BLOW,KPS,D1,.1000000000000000E-04,-1,BRANCH_4,BRANCH_4,.2436157445634329E-04,.2436157445678995E-04,.1989440671695971E-13,.8166305815843865E-09,.1937452172166062E-13,.1151214979059935E-08,1.000000000000000,1,1,1,1,0,-1.69894942913697533e+00,1.00000000000000000e+00,2.43615744563432892e-05,2.43615744567899500e-05,1.98944067169597107e-14,1.93745217216606189e-14,SMOOTH_INTERIOR,CONSISTENT_NUMERICALLY
run1,BLOW,KPS,D1,.3000000000000000E-05,-1,BRANCH_4,BRANCH_4,.2436157445262687E-04,.2436157445678995E-04,.2518436776131059E-13,.1033774225306333E-08,.1625029659988765E-13,.9655766025461370E-09,1.000000000000000,1,1,1,1,0,-1.95839018566046102e-01,1.00000000000000000e+00,2.43615744526268712e-05,2.43615744567899500e-05,2.51843677613105905e-14,1.62502965998876509e-14,SMOOTH_INTERIOR,CONSISTENT_NUMERICALLY
run1,BLOW,KPS,D1,.1000000000000000E-05,-1,BRANCH_4,BRANCH_4,.2436157455064689E-04,.2436157445678995E-04,.1777132368466298E-12,.7294817355798165E-08,.1585707883359697E-12,.9422119905526326E-08,1.000000000000000,1,1,1,1,0,-1.77855988622148242e+00,1.00000000000000000e+00,2.43615745506468893e-05,2.43615744567899500e-05,1.77713236846629788e-13,1.58570788335969710e-13,SMOOTH_INTERIOR,CONSISTENT_NUMERICALLY
run1,BLOW,KPS,D1,.3000000000000000E-06,-1,BRANCH_4,BRANCH_4,.2436157439091383E-04,.2436157445678995E-04,.2441384224224366E-12,.1002145501127048E-07,.1797395791027661E-12,.1067994858225058E-07,.9999999999999998,1,1,1,1,0,-2.63763555179596265e-01,1.00000000000000000e+00,2.43615743909138294e-05,2.43615744567899500e-05,2.44138422422436607e-13,1.79739579102766090e-13,SMOOTH_INTERIOR,CONSISTENT_NUMERICALLY
run1,BLOW,KPS,D1,.1000000000000000E-06,-1,BRANCH_4,BRANCH_4,.2436157395355998E-04,.2436157445678995E-04,.1119593218832238E-11,.4595734240486208E-07,.9889334986898585E-12,.5876145348729328E-07,.9999999999999991,1,1,1,1,0,-1.38628099021683782e+00,1.00000000000000000e+00,2.43615739535599816e-05,2.43615744567899500e-05,1.11959321883223795e-12,9.88933498689858505e-13,SMOOTH_INTERIOR,CONSISTENT_NUMERICALLY
run1,BLOW,KPS,D2,.1000000000000000E-01,-1,BRANCH_4,BRANCH_4,.2370370370363521E-06,.2370370370370385E-06,.1879082997682219E-16,.7927381396471812E-10,.1660565741444693E-16,.1401102344283922E-09,1.000000000000000,1,1,1,1,0,,1.00000000000000000e+00,2.37037037036352095e-07,2.37037037037038510e-07,1.87908299768221890e-17,1.66056574144469310e-17,SMOOTH_INTERIOR,CONSISTENT_NUMERICALLY
run1,BLOW,KPS,D2,.3000000000000000E-02,-1,BRANCH_4,BRANCH_4,.2370370370345451E-06,.2370370370370385E-06,.5929948549890499E-16,.2501697044485039E-09,.4844647293468334E-16,.4087671152192995E-09,1.000000000000000,1,1,1,1,0,-9.54532894719256508e-01,1.00000000000000000e+00,2.37037037034545109e-07,2.37037037037038510e-07,5.92994854989049882e-17,4.84464729346833412e-17,SMOOTH_INTERIOR,CONSISTENT_NUMERICALLY
run1,BLOW,KPS,D2,.1000000000000000E-02,-1,BRANCH_4,BRANCH_4,.2370370369441949E-06,.2370370370370385E-06,.1040379664588304E-15,.4389101709981880E-09,.5997427370945914E-16,.5060329344235554E-09,1.000000000000000,1,1,1,1,0,-5.11695773568215051e-01,1.00000000000000000e+00,2.37037036944194911e-07,2.37037037037038510e-07,1.04037966458830396e-16,5.99742737094591423e-17,SMOOTH_INTERIOR,CONSISTENT_NUMERICALLY
run1,BLOW,KPS,D2,.3000000000000000E-03,-1,BRANCH_4,BRANCH_4,.2370370371339303E-06,.2370370370370385E-06,.4531049542969691E-15,.1911536525158963E-08,.4098467779916745E-15,.3458082177346404E-08,1.000000000000000,1,1,1,1,0,-1.22209395920258723e+00,1.00000000000000000e+00,2.37037037133930291e-07,2.37037037037038510e-07,4.53104954296969135e-16,4.09846777991674502e-16,SMOOTH_INTERIOR,CONSISTENT_NUMERICALLY
run1,BLOW,KPS,D2,.1000000000000000E-03,-1,BRANCH_4,BRANCH_4,.2370370357786776E-06,.2370370370370385E-06,.1546487554665706E-14,.6524244371245909E-08,.1035756123067295E-14,.8739192284807992E-08,1.000000000000000,1,1,1,1,0,-1.11742583939601592e+00,1.00000000000000000e+00,2.37037035778677602e-07,2.37037037037038510e-07,1.54648755466570605e-15,1.03575612306729492e-15,SMOOTH_INTERIOR,CONSISTENT_NUMERICALLY
run1,BLOW,KPS,D2,.3000000000000000E-04,-1,BRANCH_4,BRANCH_4,.2370370393023347E-06,.2370370370370385E-06,.6146884845112779E-14,.2593217019249293E-07,.4746655878215276E-14,.4004990736844619E-07,.9999999999999998,1,1,1,1,0,-1.14617136997600588e+00,1.00000000000000000e+00,2.37037039302334689e-07,2.37037037037038510e-07,6.14688484511277883e-15,4.74665587821527602e-15,SMOOTH_INTERIOR,CONSISTENT_NUMERICALLY
run1,BLOW,KPS,D2,.1000000000000000E-04,-1,BRANCH_4,BRANCH_4,.2370370284603132E-06,.2370370370370385E-06,.1382424108947943E-13,.5832101709624100E-07,.9709373516186220E-14,.8192283825990726E-07,.9999999999999989,1,1,1,1,0,-7.37729075081473784e-01,1.00000000000000000e+00,2.37037028460313202e-07,2.37037037037038510e-07,1.38242410894794305e-14,9.70937351618622000e-15,SMOOTH_INTERIOR,CONSISTENT_NUMERICALLY
run1,BLOW,KPS,D2,.3000000000000000E-05,-1,BRANCH_4,BRANCH_4,.2370370609863809E-06,.2370370370370385E-06,.4335522750871811E-13,.1829048475723765E-06,.3004470657395534E-13,.2535021474543928E-06,.9999999999999885,1,1,1,1,0,-9.49360009174977204e-01,1.00000000000000000e+00,2.37037060986380891e-07,2.37037037037038510e-07,4.33552275087181076e-14,3.00447065739553427e-14,SMOOTH_INTERIOR,CONSISTENT_NUMERICALLY
run1,BLOW,KPS,D2,.1000000000000000E-05,-1,BRANCH_4,BRANCH_4,.2370371694065954E-06,.2370370370370385E-06,.1323695568773702E-12,.5584337562279678E-06,.6618477899455045E-13,.5584337609180792E-06,1.000000000000000,1,1,1,1,0,-1.01598208142594215e+00,1.00000000000000000e+00,2.37037169406595387e-07,2.37037037037038510e-07,1.32369556877370190e-13,6.61847789945504538e-14,SMOOTH_INTERIOR,CONSISTENT_NUMERICALLY
run1,BLOW,KPS,D2,.3000000000000000E-06,-1,BRANCH_4,BRANCH_4,.2370371332667296E-06,.2370370370370385E-06,.3274415621951284E-12,.1381393529707727E-05,.3191652859122465E-12,.2692949847886163E-05,.9999999999991283,1,1,1,1,0,-7.52269416501871624e-01,1.00000000000000000e+00,2.37037133266729603e-07,2.37037037037038510e-07,3.27441562195128418e-13,3.19165285912246502e-13,SMOOTH_INTERIOR,CONSISTENT_NUMERICALLY
run1,BLOW,KPS,D2,.1000000000000000E-06,-1,BRANCH_4,BRANCH_4,.2370366815210418E-06,.2370370370370385E-06,.1642494862711595E-11,.6929275202064498E-05,.1126437611268900E-11,.9504233787713546E-05,.9999999999771173,1,1,1,1,0,-1.46790822945883703e+00,1.00000000000000000e+00,2.37036681521041797e-07,2.37037037037038510e-07,1.64249486271159504e-12,1.12643761126890002e-12,SMOOTH_INTERIOR,CONSISTENT_NUMERICALLY
run1,BLOW,KPS,D3,.1000000000000000E-01,-1,BRANCH_4,BRANCH_4,.1509441145222341E-04,.1509441145222262E-04,.1340818013609812E-16,.8882877069130838E-12,.1049050305174451E-16,.9593252332557575E-12,.9999999999999999,1,1,1,1,0,,1.00000000000000000e+00,1.50944114522234103e-05,1.50944114522226192e-05,1.34081801360981196e-17,1.04905030517445097e-17,SMOOTH_INTERIOR,CONSISTENT_NUMERICALLY
run1,BLOW,KPS,D3,.3000000000000000E-02,-1,BRANCH_4,BRANCH_4,.1509441145224332E-04,.1509441145222262E-04,.2198794544495748E-16,.1456694453740337E-11,.1741160926375940E-16,.1592239765423815E-11,1.000000000000000,1,1,1,1,0,-4.10831032452815659e-01,1.00000000000000000e+00,1.50944114522433207e-05,1.50944114522226192e-05,2.19879454449574815e-17,1.74116092637594009e-17,SMOOTH_INTERIOR,CONSISTENT_NUMERICALLY
run1,BLOW,KPS,D3,.1000000000000000E-02,-1,BRANCH_4,BRANCH_4,.1509441145217787E-04,.1509441145222262E-04,.6476443695390205E-16,.4290623530363990E-11,.3759555736388212E-16,.3438001653456342E-11,1.000000000000000,1,1,1,1,0,-9.83297094471869082e-01,1.00000000000000000e+00,1.50944114521778705e-05,1.50944114522226192e-05,6.47644369539020463e-17,3.75955573638821205e-17,SMOOTH_INTERIOR,CONSISTENT_NUMERICALLY
run1,BLOW,KPS,D3,.3000000000000000E-03,-1,BRANCH_4,BRANCH_4,.1509441145236378E-04,.1509441145222262E-04,.3194309394845431E-15,.2116219903589021E-10,.2523226446575835E-15,.2307415371239109E-10,1.000000000000000,1,1,1,1,0,-1.32543231259529692e+00,1.00000000000000000e+00,1.50944114523637806e-05,1.50944114522226192e-05,3.19430939484543123e-16,2.52322644657583479e-16,SMOOTH_INTERIOR,CONSISTENT_NUMERICALLY
run1,BLOW,KPS,D3,.1000000000000000E-03,-1,BRANCH_4,BRANCH_4,.1509441145191664E-04,.1509441145222262E-04,.5165275372979841E-15,.3421978650395983E-10,.4704793683547176E-15,.4302393579818417E-10,.9999999999999999,1,1,1,1,0,-4.37449597719615335e-01,1.00000000000000000e+00,1.50944114519166404e-05,1.50944114522226192e-05,5.16527537297984144e-16,4.70479368354717598e-16,SMOOTH_INTERIOR,CONSISTENT_NUMERICALLY
run1,BLOW,KPS,D3,.3000000000000000E-04,-1,BRANCH_4,BRANCH_4,.1509441145272419E-04,.1509441145222262E-04,.1347012409776641E-14,.8923914748153606E-10,.1274698188257102E-14,.1165673496057059E-09,1.000000000000000,1,1,1,1,0,-7.96127440330168024e-01,1.00000000000000000e+00,1.50944114527241898e-05,1.50944114522226192e-05,1.34701240977664107e-15,1.27469818825710207e-15,SMOOTH_INTERIOR,CONSISTENT_NUMERICALLY
run1,BLOW,KPS,D3,.1000000000000000E-04,-1,BRANCH_4,BRANCH_4,.1509441145625275E-04,.1509441145222262E-04,.1501867190045075E-13,.9949822783073383E-09,.9567323960114416E-14,.8749032571973535E-09,1.000000000000000,1,1,1,1,0,-2.19495552247105641e+00,1.00000000000000000e+00,1.50944114562527495e-05,1.50944114522226192e-05,1.50186719004507500e-14,9.56732396011441590e-15,SMOOTH_INTERIOR,CONSISTENT_NUMERICALLY
run1,BLOW,KPS,D3,.3000000000000000E-05,-1,BRANCH_4,BRANCH_4,.1509441145984060E-04,.1509441145222262E-04,.2847506575505704E-13,.1886464128185210E-08,.2322145187117343E-13,.2123532553488583E-08,1.000000000000000,1,1,1,1,0,-5.31353030483679767e-01,1.00000000000000000e+00,1.50944114598405997e-05,1.50944114522226192e-05,2.84750657550570424e-14,2.32214518711734305e-14,SMOOTH_INTERIOR,CONSISTENT_NUMERICALLY
run1,BLOW,KPS,D3,.1000000000000000E-05,-1,BRANCH_4,BRANCH_4,.1509441147557092E-04,.1509441145222262E-04,.1260879282979088E-12,.8353285485954312E-08,.1071455190602933E-12,.9798138321417129E-08,.9999999999999999,1,1,1,1,0,-1.35439108410004350e+00,1.00000000000000000e+00,1.50944114755709198e-05,1.50944114522226192e-05,1.26087928297908805e-13,1.07145519060293303e-13,SMOOTH_INTERIOR,CONSISTENT_NUMERICALLY
run1,BLOW,KPS,D3,.3000000000000000E-06,-1,BRANCH_4,BRANCH_4,.1509441178501258E-04,.1509441145222262E-04,.4370952974717904E-12,.2895742501909134E-07,.4123311562250365E-12,.3770645484432433E-07,.9999999999999997,1,1,1,1,0,-1.03255798774387952e+00,1.00000000000000000e+00,1.50944117850125807e-05,1.50944114522226192e-05,4.37095297471790402e-13,4.12331156225036485e-13,SMOOTH_INTERIOR,CONSISTENT_NUMERICALLY
run1,BLOW,KPS,D3,.1000000000000000E-06,-1,BRANCH_4,BRANCH_4,.1509441186744054E-04,.1509441145222262E-04,.5580231091106708E-12,.3696885403758967E-07,.4445945124369449E-12,.4065684123091661E-07,.9999999999999997,1,1,1,1,0,-2.22325141344940413e-01,1.00000000000000000e+00,1.50944118674405399e-05,1.50944114522226192e-05,5.58023109110670817e-13,4.44594512436944903e-13,SMOOTH_INTERIOR,CONSISTENT_NUMERICALLY
run1,BLOW,KPU,D1,.1000000000000000E-01,-1,BRANCH_4,BRANCH_4,.000000000000000,.1849632079338486E-23,.1849632079338486E-23,1.000000000000000,.1654361225106055E-23,1.000000000000000,.000000000000000,1,1,1,1,0,,1.00000000000000000e+00,0.00000000000000000e+00,1.84963207933848584e-24,1.84963207933848584e-24,1.65436122510605498e-24,NULLSPACE,NULLSPACE_CONSISTENT
run1,BLOW,KPU,D1,.3000000000000000E-02,-1,BRANCH_4,BRANCH_4,.000000000000000,.1849632079338486E-23,.1849632079338486E-23,1.000000000000000,.1654361225106055E-23,1.000000000000000,.000000000000000,1,1,1,1,0,-0.00000000000000000e+00,1.00000000000000000e+00,0.00000000000000000e+00,1.84963207933848584e-24,1.84963207933848584e-24,1.65436122510605498e-24,NULLSPACE,NULLSPACE_CONSISTENT
run1,BLOW,KPU,D1,.1000000000000000E-02,-1,BRANCH_4,BRANCH_4,.000000000000000,.1849632079338486E-23,.1849632079338486E-23,1.000000000000000,.1654361225106055E-23,1.000000000000000,.000000000000000,1,1,1,1,0,-0.00000000000000000e+00,1.00000000000000000e+00,0.00000000000000000e+00,1.84963207933848584e-24,1.84963207933848584e-24,1.65436122510605498e-24,NULLSPACE,NULLSPACE_CONSISTENT
run1,BLOW,KPU,D1,.3000000000000000E-03,-1,BRANCH_4,BRANCH_4,.000000000000000,.1849632079338486E-23,.1849632079338486E-23,1.000000000000000,.1654361225106055E-23,1.000000000000000,.000000000000000,1,1,1,1,0,-0.00000000000000000e+00,1.00000000000000000e+00,0.00000000000000000e+00,1.84963207933848584e-24,1.84963207933848584e-24,1.65436122510605498e-24,NULLSPACE,NULLSPACE_CONSISTENT
run1,BLOW,KPU,D1,.1000000000000000E-03,-1,BRANCH_4,BRANCH_4,.000000000000000,.1849632079338486E-23,.1849632079338486E-23,1.000000000000000,.1654361225106055E-23,1.000000000000000,.000000000000000,1,1,1,1,0,-0.00000000000000000e+00,1.00000000000000000e+00,0.00000000000000000e+00,1.84963207933848584e-24,1.84963207933848584e-24,1.65436122510605498e-24,NULLSPACE,NULLSPACE_CONSISTENT
run1,BLOW,KPU,D1,.3000000000000000E-04,-1,BRANCH_4,BRANCH_4,.000000000000000,.1849632079338486E-23,.1849632079338486E-23,1.000000000000000,.1654361225106055E-23,1.000000000000000,.000000000000000,1,1,1,1,0,-0.00000000000000000e+00,1.00000000000000000e+00,0.00000000000000000e+00,1.84963207933848584e-24,1.84963207933848584e-24,1.65436122510605498e-24,NULLSPACE,NULLSPACE_CONSISTENT
run1,BLOW,KPU,D1,.1000000000000000E-04,-1,BRANCH_4,BRANCH_4,.000000000000000,.1849632079338486E-23,.1849632079338486E-23,1.000000000000000,.1654361225106055E-23,1.000000000000000,.000000000000000,1,1,1,1,0,-0.00000000000000000e+00,1.00000000000000000e+00,0.00000000000000000e+00,1.84963207933848584e-24,1.84963207933848584e-24,1.65436122510605498e-24,NULLSPACE,NULLSPACE_CONSISTENT
run1,BLOW,KPU,D1,.3000000000000000E-05,-1,BRANCH_4,BRANCH_4,.000000000000000,.1849632079338486E-23,.1849632079338486E-23,1.000000000000000,.1654361225106055E-23,1.000000000000000,.000000000000000,1,1,1,1,0,-0.00000000000000000e+00,1.00000000000000000e+00,0.00000000000000000e+00,1.84963207933848584e-24,1.84963207933848584e-24,1.65436122510605498e-24,NULLSPACE,NULLSPACE_CONSISTENT
run1,BLOW,KPU,D1,.1000000000000000E-05,-1,BRANCH_4,BRANCH_4,.000000000000000,.1849632079338486E-23,.1849632079338486E-23,1.000000000000000,.1654361225106055E-23,1.000000000000000,.000000000000000,1,1,1,1,0,-0.00000000000000000e+00,1.00000000000000000e+00,0.00000000000000000e+00,1.84963207933848584e-24,1.84963207933848584e-24,1.65436122510605498e-24,NULLSPACE,NULLSPACE_CONSISTENT
run1,BLOW,KPU,D1,.3000000000000000E-06,-1,BRANCH_4,BRANCH_4,.000000000000000,.1849632079338486E-23,.1849632079338486E-23,1.000000000000000,.1654361225106055E-23,1.000000000000000,.000000000000000,1,1,1,1,0,-0.00000000000000000e+00,1.00000000000000000e+00,0.00000000000000000e+00,1.84963207933848584e-24,1.84963207933848584e-24,1.65436122510605498e-24,NULLSPACE,NULLSPACE_CONSISTENT
run1,BLOW,KPU,D1,.1000000000000000E-06,-1,BRANCH_4,BRANCH_4,.000000000000000,.1849632079338486E-23,.1849632079338486E-23,1.000000000000000,.1654361225106055E-23,1.000000000000000,.000000000000000,1,1,1,1,0,-0.00000000000000000e+00,1.00000000000000000e+00,0.00000000000000000e+00,1.84963207933848584e-24,1.84963207933848584e-24,1.65436122510605498e-24,NULLSPACE,NULLSPACE_CONSISTENT
run1,BLOW,KPU,D2,.1000000000000000E-01,-1,BRANCH_4,BRANCH_4,.000000000000000,.4454503923864526E-23,.4454503923864526E-23,1.000000000000000,.3308722450212111E-23,1.000000000000000,.000000000000000,1,1,1,1,0,,1.00000000000000000e+00,0.00000000000000000e+00,4.45450392386452594e-24,4.45450392386452594e-24,3.30872245021211070e-24,NULLSPACE,NULLSPACE_CONSISTENT
run1,BLOW,KPU,D2,.3000000000000000E-02,-1,BRANCH_4,BRANCH_4,.000000000000000,.4454503923864526E-23,.4454503923864526E-23,1.000000000000000,.3308722450212111E-23,1.000000000000000,.000000000000000,1,1,1,1,0,-0.00000000000000000e+00,1.00000000000000000e+00,0.00000000000000000e+00,4.45450392386452594e-24,4.45450392386452594e-24,3.30872245021211070e-24,NULLSPACE,NULLSPACE_CONSISTENT
run1,BLOW,KPU,D2,.1000000000000000E-02,-1,BRANCH_4,BRANCH_4,.000000000000000,.4454503923864526E-23,.4454503923864526E-23,1.000000000000000,.3308722450212111E-23,1.000000000000000,.000000000000000,1,1,1,1,0,-0.00000000000000000e+00,1.00000000000000000e+00,0.00000000000000000e+00,4.45450392386452594e-24,4.45450392386452594e-24,3.30872245021211070e-24,NULLSPACE,NULLSPACE_CONSISTENT
run1,BLOW,KPU,D2,.3000000000000000E-03,-1,BRANCH_4,BRANCH_4,.000000000000000,.4454503923864526E-23,.4454503923864526E-23,1.000000000000000,.3308722450212111E-23,1.000000000000000,.000000000000000,1,1,1,1,0,-0.00000000000000000e+00,1.00000000000000000e+00,0.00000000000000000e+00,4.45450392386452594e-24,4.45450392386452594e-24,3.30872245021211070e-24,NULLSPACE,NULLSPACE_CONSISTENT
run1,BLOW,KPU,D2,.1000000000000000E-03,-1,BRANCH_4,BRANCH_4,.000000000000000,.4454503923864526E-23,.4454503923864526E-23,1.000000000000000,.3308722450212111E-23,1.000000000000000,.000000000000000,1,1,1,1,0,-0.00000000000000000e+00,1.00000000000000000e+00,0.00000000000000000e+00,4.45450392386452594e-24,4.45450392386452594e-24,3.30872245021211070e-24,NULLSPACE,NULLSPACE_CONSISTENT
run1,BLOW,KPU,D2,.3000000000000000E-04,-1,BRANCH_4,BRANCH_4,.000000000000000,.4454503923864526E-23,.4454503923864526E-23,1.000000000000000,.3308722450212111E-23,1.000000000000000,.000000000000000,1,1,1,1,0,-0.00000000000000000e+00,1.00000000000000000e+00,0.00000000000000000e+00,4.45450392386452594e-24,4.45450392386452594e-24,3.30872245021211070e-24,NULLSPACE,NULLSPACE_CONSISTENT
run1,BLOW,KPU,D2,.1000000000000000E-04,-1,BRANCH_4,BRANCH_4,.000000000000000,.4454503923864526E-23,.4454503923864526E-23,1.000000000000000,.3308722450212111E-23,1.000000000000000,.000000000000000,1,1,1,1,0,-0.00000000000000000e+00,1.00000000000000000e+00,0.00000000000000000e+00,4.45450392386452594e-24,4.45450392386452594e-24,3.30872245021211070e-24,NULLSPACE,NULLSPACE_CONSISTENT
run1,BLOW,KPU,D2,.3000000000000000E-05,-1,BRANCH_4,BRANCH_4,.000000000000000,.4454503923864526E-23,.4454503923864526E-23,1.000000000000000,.3308722450212111E-23,1.000000000000000,.000000000000000,1,1,1,1,0,-0.00000000000000000e+00,1.00000000000000000e+00,0.00000000000000000e+00,4.45450392386452594e-24,4.45450392386452594e-24,3.30872245021211070e-24,NULLSPACE,NULLSPACE_CONSISTENT
run1,BLOW,KPU,D2,.1000000000000000E-05,-1,BRANCH_4,BRANCH_4,.000000000000000,.4454503923864526E-23,.4454503923864526E-23,1.000000000000000,.3308722450212111E-23,1.000000000000000,.000000000000000,1,1,1,1,0,-0.00000000000000000e+00,1.00000000000000000e+00,0.00000000000000000e+00,4.45450392386452594e-24,4.45450392386452594e-24,3.30872245021211070e-24,NULLSPACE,NULLSPACE_CONSISTENT
run1,BLOW,KPU,D2,.3000000000000000E-06,-1,BRANCH_4,BRANCH_4,.000000000000000,.4454503923864526E-23,.4454503923864526E-23,1.000000000000000,.3308722450212111E-23,1.000000000000000,.000000000000000,1,1,1,1,0,-0.00000000000000000e+00,1.00000000000000000e+00,0.00000000000000000e+00,4.45450392386452594e-24,4.45450392386452594e-24,3.30872245021211070e-24,NULLSPACE,NULLSPACE_CONSISTENT
run1,BLOW,KPU,D2,.1000000000000000E-06,-1,BRANCH_4,BRANCH_4,.000000000000000,.4454503923864526E-23,.4454503923864526E-23,1.000000000000000,.3308722450212111E-23,1.000000000000000,.000000000000000,1,1,1,1,0,-0.00000000000000000e+00,1.00000000000000000e+00,0.00000000000000000e+00,4.45450392386452594e-24,4.45450392386452594e-24,3.30872245021211070e-24,NULLSPACE,NULLSPACE_CONSISTENT
run1,BLOW,KPU,D3,.1000000000000000E-01,-1,BRANCH_4,BRANCH_4,.5988071690217206E-07,.5988071690736757E-07,.9352205543149719E-17,.1561805874438194E-09,.8755911924665711E-17,.2195345760242142E-09,.9999999999999998,1,1,1,1,0,,1.00000000000000000e+00,5.98807169021720599e-08,5.98807169073675747e-08,9.35220554314971913e-18,8.75591192466571109e-18,SMOOTH_INTERIOR,CONSISTENT_NUMERICALLY
run1,BLOW,KPU,D3,.3000000000000000E-02,-1,BRANCH_4,BRANCH_4,.5988071692033217E-07,.5988071690736757E-07,.4512075700191928E-16,.7535106345161137E-09,.4184019166380613E-16,.1049047639665040E-08,1.000000000000000,1,1,1,1,0,-1.30711439367056492e+00,1.00000000000000000e+00,5.98807169203321684e-08,5.98807169073675747e-08,4.51207570019192821e-17,4.18401916638061293e-17,SMOOTH_INTERIOR,CONSISTENT_NUMERICALLY
run1,BLOW,KPU,D3,.1000000000000000E-02,-1,BRANCH_4,BRANCH_4,.5988071704053516E-07,.5988071690736757E-07,.1560646767987486E-15,.2606259318723647E-08,.1279703266237758E-15,.3208564858875313E-08,.9999999999999998,1,1,1,1,0,-1.12954146282412604e+00,1.00000000000000000e+00,5.98807170405351565e-08,5.98807169073675747e-08,1.56064676798748593e-16,1.27970326623775808e-16,SMOOTH_INTERIOR,CONSISTENT_NUMERICALLY
run1,BLOW,KPU,D3,.3000000000000000E-03,-1,BRANCH_4,BRANCH_4,.5988071706640246E-07,.5988071690736757E-07,.1966667382309736E-15,.3284308336068980E-08,.1502604089123566E-15,.3767437974669605E-08,1.000000000000000,1,1,1,1,0,-1.92064218638852258e-01,1.00000000000000000e+00,5.98807170664024575e-08,5.98807169073675747e-08,1.96666738230973596e-16,1.50260408912356597e-16,SMOOTH_INTERIOR,CONSISTENT_NUMERICALLY
run1,BLOW,KPU,D3,.1000000000000000E-03,-1,BRANCH_4,BRANCH_4,.5988071736823485E-07,.5988071690736757E-07,.1767884336659624E-14,.2952343282375972E-07,.1595863303353881E-14,.4001264251042270E-07,.9999999999999996,1,1,1,1,0,-1.99891101815420602e+00,1.00000000000000000e+00,5.98807173682348529e-08,5.98807169073675747e-08,1.76788433665962397e-15,1.59586330335388105e-15,SMOOTH_INTERIOR,CONSISTENT_NUMERICALLY
run1,BLOW,KPU,D3,.3000000000000000E-04,-1,BRANCH_4,BRANCH_4,.5988071390464160E-07,.5988071690736757E-07,.4128684174263508E-14,.6894847602860820E-07,.3102346108544157E-14,.7778427232702147E-07,.9999999999999989,1,1,1,1,0,-7.04480375016570237e-01,1.00000000000000000e+00,5.98807139046416000e-08,5.98807169073675747e-08,4.12868417426350832e-15,3.10234610854415712e-15,SMOOTH_INTERIOR,CONSISTENT_NUMERICALLY
run1,BLOW,KPU,D3,.1000000000000000E-04,-1,BRANCH_4,BRANCH_4,.5988072356348858E-07,.5988071690736757E-07,.9899146297533658E-14,.1653144068481083E-06,.8441575188834280E-14,.2116532719186537E-06,.9999999999999926,1,1,1,1,0,-7.95994888765337860e-01,1.00000000000000000e+00,5.98807235634885818e-08,5.98807169073675747e-08,9.89914629753365775e-15,8.44157518883428000e-15,SMOOTH_INTERIOR,CONSISTENT_NUMERICALLY
run1,BLOW,KPU,D3,.3000000000000000E-05,-1,BRANCH_4,BRANCH_4,.5988072636057464E-07,.5988071690736757E-07,.3291576766929565E-13,.5496888509850698E-06,.2647408311802153E-13,.6637769777829609E-06,.9999999999998614,1,1,1,1,0,-9.97948855871674367e-01,1.00000000000000000e+00,5.98807263605746372e-08,5.98807169073675747e-08,3.29157676692956482e-14,2.64740831180215304e-14,SMOOTH_INTERIOR,CONSISTENT_NUMERICALLY
run1,BLOW,KPU,D3,.1000000000000000E-05,-1,BRANCH_4,BRANCH_4,.5988068314891668E-07,.5988071690736757E-07,.7791945227870269E-13,.1301244479073958E-05,.5369844749340685E-13,.1346365539078747E-05,.9999999999993123,1,1,1,1,0,-7.84374829494418058e-01,1.00000000000000000e+00,5.98806831489166840e-08,5.98807169073675747e-08,7.79194522787026851e-14,5.36984474934068516e-14,SMOOTH_INTERIOR,CONSISTENT_NUMERICALLY
run1,BLOW,KPU,D3,.3000000000000000E-06,-1,BRANCH_4,BRANCH_4,.5988106733317392E-07,.5988071690736757E-07,.5066653382614118E-12,.8461194177491236E-05,.4522625663353677E-12,.1133939626944674E-04,.9999999999813270,1,1,1,1,0,-1.55499780938351195e+00,1.00000000000000000e+00,5.98810673331739216e-08,5.98807169073675747e-08,5.06665338261411813e-13,4.52262566335367706e-13,SMOOTH_INTERIOR,CONSISTENT_NUMERICALLY
run1,BLOW,KPU,D3,.1000000000000000E-06,-1,BRANCH_4,BRANCH_4,.5988019427628929E-07,.5988071690736757E-07,.6247759897187188E-12,.1043367584735526E-04,.5156270031247307E-12,.1292817430001110E-04,.9999999999836569,1,1,1,1,0,-1.90733771945662323e-01,1.00000000000000000e+00,5.98801942762892895e-08,5.98807169073675747e-08,6.24775989718718825e-13,5.15627003124730683e-13,SMOOTH_INTERIOR,CONSISTENT_NUMERICALLY
run1,BLOW,KSU,D1,.1000000000000000E-01,-1,BRANCH_4,BRANCH_4,.000000000000000,.7018860244827456E-23,.7018860244827456E-23,1.000000000000000,.6617444900424221E-23,1.000000000000000,.000000000000000,1,1,1,1,0,,1.00000000000000000e+00,0.00000000000000000e+00,7.01886024482745642e-24,7.01886024482745642e-24,6.61744490042422066e-24,NULLSPACE,NULLSPACE_CONSISTENT
run1,BLOW,KSU,D1,.3000000000000000E-02,-1,BRANCH_4,BRANCH_4,.000000000000000,.7018860244827456E-23,.7018860244827456E-23,1.000000000000000,.6617444900424221E-23,1.000000000000000,.000000000000000,1,1,1,1,0,-0.00000000000000000e+00,1.00000000000000000e+00,0.00000000000000000e+00,7.01886024482745642e-24,7.01886024482745642e-24,6.61744490042422066e-24,NULLSPACE,NULLSPACE_CONSISTENT
run1,BLOW,KSU,D1,.1000000000000000E-02,-1,BRANCH_4,BRANCH_4,.000000000000000,.7018860244827456E-23,.7018860244827456E-23,1.000000000000000,.6617444900424221E-23,1.000000000000000,.000000000000000,1,1,1,1,0,-0.00000000000000000e+00,1.00000000000000000e+00,0.00000000000000000e+00,7.01886024482745642e-24,7.01886024482745642e-24,6.61744490042422066e-24,NULLSPACE,NULLSPACE_CONSISTENT
run1,BLOW,KSU,D1,.3000000000000000E-03,-1,BRANCH_4,BRANCH_4,.000000000000000,.7018860244827456E-23,.7018860244827456E-23,1.000000000000000,.6617444900424221E-23,1.000000000000000,.000000000000000,1,1,1,1,0,-0.00000000000000000e+00,1.00000000000000000e+00,0.00000000000000000e+00,7.01886024482745642e-24,7.01886024482745642e-24,6.61744490042422066e-24,NULLSPACE,NULLSPACE_CONSISTENT
run1,BLOW,KSU,D1,.1000000000000000E-03,-1,BRANCH_4,BRANCH_4,.000000000000000,.7018860244827456E-23,.7018860244827456E-23,1.000000000000000,.6617444900424221E-23,1.000000000000000,.000000000000000,1,1,1,1,0,-0.00000000000000000e+00,1.00000000000000000e+00,0.00000000000000000e+00,7.01886024482745642e-24,7.01886024482745642e-24,6.61744490042422066e-24,NULLSPACE,NULLSPACE_CONSISTENT
run1,BLOW,KSU,D1,.3000000000000000E-04,-1,BRANCH_4,BRANCH_4,.000000000000000,.7018860244827456E-23,.7018860244827456E-23,1.000000000000000,.6617444900424221E-23,1.000000000000000,.000000000000000,1,1,1,1,0,-0.00000000000000000e+00,1.00000000000000000e+00,0.00000000000000000e+00,7.01886024482745642e-24,7.01886024482745642e-24,6.61744490042422066e-24,NULLSPACE,NULLSPACE_CONSISTENT
run1,BLOW,KSU,D1,.1000000000000000E-04,-1,BRANCH_4,BRANCH_4,.000000000000000,.7018860244827456E-23,.7018860244827456E-23,1.000000000000000,.6617444900424221E-23,1.000000000000000,.000000000000000,1,1,1,1,0,-0.00000000000000000e+00,1.00000000000000000e+00,0.00000000000000000e+00,7.01886024482745642e-24,7.01886024482745642e-24,6.61744490042422066e-24,NULLSPACE,NULLSPACE_CONSISTENT
run1,BLOW,KSU,D1,.3000000000000000E-05,-1,BRANCH_4,BRANCH_4,.000000000000000,.7018860244827456E-23,.7018860244827456E-23,1.000000000000000,.6617444900424221E-23,1.000000000000000,.000000000000000,1,1,1,1,0,-0.00000000000000000e+00,1.00000000000000000e+00,0.00000000000000000e+00,7.01886024482745642e-24,7.01886024482745642e-24,6.61744490042422066e-24,NULLSPACE,NULLSPACE_CONSISTENT
run1,BLOW,KSU,D1,.1000000000000000E-05,-1,BRANCH_4,BRANCH_4,.000000000000000,.7018860244827456E-23,.7018860244827456E-23,1.000000000000000,.6617444900424221E-23,1.000000000000000,.000000000000000,1,1,1,1,0,-0.00000000000000000e+00,1.00000000000000000e+00,0.00000000000000000e+00,7.01886024482745642e-24,7.01886024482745642e-24,6.61744490042422066e-24,NULLSPACE,NULLSPACE_CONSISTENT
run1,BLOW,KSU,D1,.3000000000000000E-06,-1,BRANCH_4,BRANCH_4,.000000000000000,.7018860244827456E-23,.7018860244827456E-23,1.000000000000000,.6617444900424221E-23,1.000000000000000,.000000000000000,1,1,1,1,0,-0.00000000000000000e+00,1.00000000000000000e+00,0.00000000000000000e+00,7.01886024482745642e-24,7.01886024482745642e-24,6.61744490042422066e-24,NULLSPACE,NULLSPACE_CONSISTENT
run1,BLOW,KSU,D1,.1000000000000000E-06,-1,BRANCH_4,BRANCH_4,.000000000000000,.7018860244827456E-23,.7018860244827456E-23,1.000000000000000,.6617444900424221E-23,1.000000000000000,.000000000000000,1,1,1,1,0,-0.00000000000000000e+00,1.00000000000000000e+00,0.00000000000000000e+00,7.01886024482745642e-24,7.01886024482745642e-24,6.61744490042422066e-24,NULLSPACE,NULLSPACE_CONSISTENT
run1,BLOW,KSU,D2,.1000000000000000E-01,-1,BRANCH_4,BRANCH_4,.000000000000000,.1072148612141270E-22,.1072148612141270E-22,1.000000000000000,.8271806125530277E-23,1.000000000000000,.000000000000000,1,1,1,1,0,,1.00000000000000000e+00,0.00000000000000000e+00,1.07214861214127007e-23,1.07214861214127007e-23,8.27180612553027675e-24,NULLSPACE,NULLSPACE_CONSISTENT
run1,BLOW,KSU,D2,.3000000000000000E-02,-1,BRANCH_4,BRANCH_4,.000000000000000,.1072148612141270E-22,.1072148612141270E-22,1.000000000000000,.8271806125530277E-23,1.000000000000000,.000000000000000,1,1,1,1,0,-0.00000000000000000e+00,1.00000000000000000e+00,0.00000000000000000e+00,1.07214861214127007e-23,1.07214861214127007e-23,8.27180612553027675e-24,NULLSPACE,NULLSPACE_CONSISTENT
run1,BLOW,KSU,D2,.1000000000000000E-02,-1,BRANCH_4,BRANCH_4,.000000000000000,.1072148612141270E-22,.1072148612141270E-22,1.000000000000000,.8271806125530277E-23,1.000000000000000,.000000000000000,1,1,1,1,0,-0.00000000000000000e+00,1.00000000000000000e+00,0.00000000000000000e+00,1.07214861214127007e-23,1.07214861214127007e-23,8.27180612553027675e-24,NULLSPACE,NULLSPACE_CONSISTENT
run1,BLOW,KSU,D2,.3000000000000000E-03,-1,BRANCH_4,BRANCH_4,.000000000000000,.1072148612141270E-22,.1072148612141270E-22,1.000000000000000,.8271806125530277E-23,1.000000000000000,.000000000000000,1,1,1,1,0,-0.00000000000000000e+00,1.00000000000000000e+00,0.00000000000000000e+00,1.07214861214127007e-23,1.07214861214127007e-23,8.27180612553027675e-24,NULLSPACE,NULLSPACE_CONSISTENT
run1,BLOW,KSU,D2,.1000000000000000E-03,-1,BRANCH_4,BRANCH_4,.000000000000000,.1072148612141270E-22,.1072148612141270E-22,1.000000000000000,.8271806125530277E-23,1.000000000000000,.000000000000000,1,1,1,1,0,-0.00000000000000000e+00,1.00000000000000000e+00,0.00000000000000000e+00,1.07214861214127007e-23,1.07214861214127007e-23,8.27180612553027675e-24,NULLSPACE,NULLSPACE_CONSISTENT
run1,BLOW,KSU,D2,.3000000000000000E-04,-1,BRANCH_4,BRANCH_4,.000000000000000,.1072148612141270E-22,.1072148612141270E-22,1.000000000000000,.8271806125530277E-23,1.000000000000000,.000000000000000,1,1,1,1,0,-0.00000000000000000e+00,1.00000000000000000e+00,0.00000000000000000e+00,1.07214861214127007e-23,1.07214861214127007e-23,8.27180612553027675e-24,NULLSPACE,NULLSPACE_CONSISTENT
run1,BLOW,KSU,D2,.1000000000000000E-04,-1,BRANCH_4,BRANCH_4,.000000000000000,.1072148612141270E-22,.1072148612141270E-22,1.000000000000000,.8271806125530277E-23,1.000000000000000,.000000000000000,1,1,1,1,0,-0.00000000000000000e+00,1.00000000000000000e+00,0.00000000000000000e+00,1.07214861214127007e-23,1.07214861214127007e-23,8.27180612553027675e-24,NULLSPACE,NULLSPACE_CONSISTENT
run1,BLOW,KSU,D2,.3000000000000000E-05,-1,BRANCH_4,BRANCH_4,.000000000000000,.1072148612141270E-22,.1072148612141270E-22,1.000000000000000,.8271806125530277E-23,1.000000000000000,.000000000000000,1,1,1,1,0,-0.00000000000000000e+00,1.00000000000000000e+00,0.00000000000000000e+00,1.07214861214127007e-23,1.07214861214127007e-23,8.27180612553027675e-24,NULLSPACE,NULLSPACE_CONSISTENT
run1,BLOW,KSU,D2,.1000000000000000E-05,-1,BRANCH_4,BRANCH_4,.000000000000000,.1072148612141270E-22,.1072148612141270E-22,1.000000000000000,.8271806125530277E-23,1.000000000000000,.000000000000000,1,1,1,1,0,-0.00000000000000000e+00,1.00000000000000000e+00,0.00000000000000000e+00,1.07214861214127007e-23,1.07214861214127007e-23,8.27180612553027675e-24,NULLSPACE,NULLSPACE_CONSISTENT
run1,BLOW,KSU,D2,.3000000000000000E-06,-1,BRANCH_4,BRANCH_4,.000000000000000,.1072148612141270E-22,.1072148612141270E-22,1.000000000000000,.8271806125530277E-23,1.000000000000000,.000000000000000,1,1,1,1,0,-0.00000000000000000e+00,1.00000000000000000e+00,0.00000000000000000e+00,1.07214861214127007e-23,1.07214861214127007e-23,8.27180612553027675e-24,NULLSPACE,NULLSPACE_CONSISTENT
run1,BLOW,KSU,D2,.1000000000000000E-06,-1,BRANCH_4,BRANCH_4,.000000000000000,.1072148612141270E-22,.1072148612141270E-22,1.000000000000000,.8271806125530277E-23,1.000000000000000,.000000000000000,1,1,1,1,0,-0.00000000000000000e+00,1.00000000000000000e+00,0.00000000000000000e+00,1.07214861214127007e-23,1.07214861214127007e-23,8.27180612553027675e-24,NULLSPACE,NULLSPACE_CONSISTENT
run1,BLOW,KSU,D3,.1000000000000000E-01,-1,BRANCH_4,BRANCH_4,.1483851695551901E-06,.1483851699957261E-06,.5213522139674959E-15,.3513506194604976E-08,.3479431088121578E-15,.3405297003845859E-08,1.000000000000000,1,1,1,1,0,,1.00000000000000000e+00,1.48385169555190094e-07,1.48385169995726106e-07,5.21352213967495930e-16,3.47943108812157824e-16,SMOOTH_INTERIOR,CONSISTENT_NUMERICALLY
run1,BLOW,KSU,D3,.3000000000000000E-02,-1,BRANCH_4,BRANCH_4,.1483851692630525E-06,.1483851699957261E-06,.1111713203085753E-14,.7492077564879114E-08,.1094462242870926E-14,.1071143213381715E-07,1.000000000000000,1,1,1,1,0,-6.28944175565568142e-01,1.00000000000000000e+00,1.48385169263052507e-07,1.48385169995726106e-07,1.11171320308575298e-15,1.09446224287092598e-15,SMOOTH_INTERIOR,CONSISTENT_NUMERICALLY
run1,BLOW,KSU,D3,.1000000000000000E-02,-1,BRANCH_4,BRANCH_4,.1483851757375829E-06,.1483851699957261E-06,.9516796292923635E-14,.6413576184829914E-07,.9390320133636285E-14,.9190246285967286E-07,.9999999999999987,1,1,1,1,0,-1.95442563203747444e+00,1.00000000000000000e+00,1.48385175737582911e-07,1.48385169995726106e-07,9.51679629292363470e-15,9.39032013363628500e-15,SMOOTH_INTERIOR,CONSISTENT_NUMERICALLY
run1,BLOW,KSU,D3,.3000000000000000E-03,-1,BRANCH_4,BRANCH_4,.1483851540661774E-06,.1483851699957261E-06,.1955038630203628E-13,.1317543141447315E-06,.1836525546875774E-13,.1797395833937530E-06,.9999999999999972,1,1,1,1,0,-5.97967640988632865e-01,1.00000000000000000e+00,1.48385154066177405e-07,1.48385169995726106e-07,1.95503863020362796e-14,1.83652554687577387e-14,SMOOTH_INTERIOR,CONSISTENT_NUMERICALLY
run1,BLOW,KSU,D3,.1000000000000000E-03,-1,BRANCH_4,BRANCH_4,.1483852481165274E-06,.1483851699957261E-06,.8439213972358248E-13,.5687367227860081E-06,.6366854753134150E-13,.6231196237485526E-06,.9999999999999769,1,1,1,1,0,-1.33120595425859434e+00,1.00000000000000000e+00,1.48385248116527396e-07,1.48385169995726106e-07,8.43921397235824828e-14,6.36685475313415018e-14,SMOOTH_INTERIOR,CONSISTENT_NUMERICALLY
run1,BLOW,KSU,D3,.3000000000000000E-04,-1,BRANCH_4,BRANCH_4,.1483851720306818E-06,.1483851699957261E-06,.6912584168520711E-13,.4658541061698124E-06,.4149490183276169E-13,.4061077953416323E-06,.9999999999998916,1,1,1,1,0,1.65739316755783322e-01,1.00000000000000000e+00,1.48385172030681813e-07,1.48385169995726106e-07,6.91258416852071087e-14,4.14949018327616927e-14,SMOOTH_INTERIOR,CONSISTENT_NUMERICALLY
run1,BLOW,KSU,D3,.1000000000000000E-04,-1,BRANCH_4,BRANCH_4,.1483843242122204E-06,.1483851699957261E-06,.1913584610370345E-11,.1289606374023403E-04,.1891866609550179E-11,.1851552852911356E-04,.9999999999330900,1,1,1,1,0,-3.02272687069986112e+00,1.00000000000000000e+00,1.48384324212220397e-07,1.48385169995726106e-07,1.91358461037034500e-12,1.89186660955017918e-12,SMOOTH_INTERIOR,CONSISTENT_NUMERICALLY
run1,BLOW,KSU,D3,.3000000000000000E-05,-1,BRANCH_4,BRANCH_4,.1483861469596898E-06,.1483851699957261E-06,.1467415379769717E-11,.9889166946078541E-05,.1346283878948684E-11,.1317592953763463E-04,.9999999999727762,1,1,1,1,0,2.20499693464352026e-01,1.00000000000000000e+00,1.48386146959689801e-07,1.48385169995726106e-07,1.46741537976971706e-12,1.34628387894868399e-12,SMOOTH_INTERIOR,CONSISTENT_NUMERICALLY
run1,BLOW,KSU,D3,.1000000000000000E-05,-1,BRANCH_4,BRANCH_4,.1483797251513603E-06,.1483851699957261E-06,.1097880159628649E-10,.7398853670216985E-04,.1021853929422562E-10,.1000081920320297E-03,.9999999979359971,1,1,1,1,0,-1.83182338158562685e+00,1.00000000000000000e+00,1.48379725151360305e-07,1.48385169995726106e-07,1.09788015962864907e-11,1.02185392942256200e-11,SMOOTH_INTERIOR,CONSISTENT_NUMERICALLY
run1,BLOW,KSU,D3,.3000000000000000E-06,-1,BRANCH_4,BRANCH_4,.1483882557115694E-06,.1483851699957261E-06,.1498543215866064E-10,.1009879931993315E-03,.9754990366663927E-11,.9546235432570851E-04,.9999999951168245,1,1,1,1,0,-2.58404718747145268e-01,1.00000000000000000e+00,1.48388255711569394e-07,1.48385169995726106e-07,1.49854321586606387e-11,9.75499036666392706e-12,SMOOTH_INTERIOR,CONSISTENT_NUMERICALLY
run1,BLOW,KSU,D3,.1000000000000000E-06,-1,BRANCH_4,BRANCH_4,.1484263315487918E-06,.1483851699957261E-06,.4345679259960495E-10,.2927835792082452E-03,.3288463671301253E-10,.3217362935982346E-03,.9999999955907871,1,1,1,1,0,-9.69121356197863104e-01,1.00000000000000000e+00,1.48426331548791791e-07,1.48385169995726106e-07,4.34567925996049511e-11,3.28846367130125317e-11,SMOOTH_INTERIOR,CONSISTENT_NUMERICALLY
run1,BLOW,KUP,D1,.1000000000000000E-01,-1,BRANCH_4,BRANCH_4,7071067.811865508,7071067.811865475,.6457431033607134E-07,.9132186545816081E-14,.4703179001808167E-07,.1881271600723232E-13,.9999999999999999,1,1,1,1,0,,7.00000000000000000e+06,1.01015254455221548e+00,1.01015254455221082e+00,9.22490147658161978e-15,6.71882714544023890e-15,SMOOTH_INTERIOR,CONSISTENT_NUMERICALLY
run1,BLOW,KUP,D1,.3000000000000000E-02,-1,BRANCH_4,BRANCH_4,7071067.811865379,7071067.811865475,.2464448298072562E-06,.3485256206901509E-13,.1545995473861694E-06,.6183981895446634E-13,.9999999999999999,1,1,1,1,0,-1.11241839564108047e+00,7.00000000000000000e+06,1.01015254455219705e+00,1.01015254455221082e+00,3.52064042581794569e-14,2.20856496265956293e-14,SMOOTH_INTERIOR,CONSISTENT_NUMERICALLY
run1,BLOW,KUP,D1,.1000000000000000E-02,-1,BRANCH_4,BRANCH_4,7071067.811865352,7071067.811865475,.2601067407925109E-06,.3678464804934321E-13,.2328306436538696E-06,.9313225746154786E-13,1.000000000000000,1,1,1,1,0,-4.91109871692932687e-02,7.00000000000000000e+06,1.01015254455219305e+00,1.01015254455221082e+00,3.71581058275015621e-14,3.32615205219813717e-14,SMOOTH_INTERIOR,CONSISTENT_NUMERICALLY
run1,BLOW,KUP,D1,.3000000000000000E-03,-1,BRANCH_4,BRANCH_4,7071067.811864104,7071067.811865475,.2572869804517092E-05,.3638587371768285E-12,.1551583409309387E-05,.6206333637235622E-12,.9999999999999997,1,1,1,1,0,-1.90343595290292589e+00,7.00000000000000000e+06,1.01015254455201497e+00,1.01015254455221082e+00,3.67552829216727453e-13,2.21654772758483847e-13,SMOOTH_INTERIOR,CONSISTENT_NUMERICALLY
run1,BLOW,KUP,D1,.1000000000000000E-03,-1,BRANCH_4,BRANCH_4,7071067.811869179,7071067.811865475,.9635251160537092E-05,.1362630286809552E-11,.4657078534364700E-05,.1862831413742410E-11,1.000000000000000,1,1,1,1,0,-1.20188573466640580e+00,7.00000000000000000e+06,1.01015254455273995e+00,1.01015254455221082e+00,1.37646445150529899e-12,6.65296933480671497e-13,SMOOTH_INTERIOR,CONSISTENT_NUMERICALLY
run1,BLOW,KUP,D1,.3000000000000000E-04,-1,BRANCH_4,BRANCH_4,7071067.811851756,7071067.811865475,.2053343937596177E-04,.2903866844765088E-11,.1552188768982887E-04,.6208755075931549E-11,.9999999999999999,1,1,1,1,0,-6.28441418700202759e-01,7.00000000000000000e+06,1.01015254455025083e+00,1.01015254455221082e+00,2.93334848228025259e-12,2.21741252711840973e-12,SMOOTH_INTERIOR,CONSISTENT_NUMERICALLY
run1,BLOW,KUP,D1,.1000000000000000E-04,-1,BRANCH_4,BRANCH_4,7071067.811937504,7071067.811865475,.9258597713960115E-04,.1309363445550555E-10,.4656659439206123E-04,.1862663775647755E-10,.9999999999999999,1,1,1,1,0,-1.37089577885692160e+00,7.00000000000000000e+06,1.01015254456250059e+00,1.01015254455221082e+00,1.32265681628001648e-11,6.65237062743731778e-12,SMOOTH_INTERIOR,CONSISTENT_NUMERICALLY
run1,BLOW,KUP,D1,.3000000000000000E-05,-1,BRANCH_4,BRANCH_4,7071067.812084990,7071067.811865475,.2903911644426882E-03,.4106751231354163E-10,.1552207395434380E-03,.6208829581352024E-10,1.000000000000000,1,1,1,1,0,-9.49432709360668481e-01,7.00000000000000000e+06,1.01015254458356996e+00,1.01015254455221082e+00,4.14844520632411694e-11,2.21743913633482874e-11,SMOOTH_INTERIOR,CONSISTENT_NUMERICALLY
run1,BLOW,KUP,D1,.1000000000000000E-05,-1,BRANCH_4,BRANCH_4,7071067.812133010,7071067.811865475,.3904692069262546E-03,.5522068481032829E-10,.2328306436538696E-03,.9313225745287423E-10,1.000000000000000,1,1,1,1,0,-2.69540270673643279e-01,7.00000000000000000e+06,1.01015254459043002e+00,1.01015254455221082e+00,5.57813152751792310e-11,3.32615205219813737e-11,SMOOTH_INTERIOR,CONSISTENT_NUMERICALLY
run1,BLOW,KUP,D1,.3000000000000000E-06,-1,BRANCH_4,BRANCH_4,7071067.808709950,7071067.811865475,.4599672710279098E-02,.6504919529354112E-09,.3104407805949450E-02,.1241763122379780E-08,.9999999999999997,1,1,1,1,0,-2.04854404557709202e+00,7.00000000000000000e+06,1.01015254410142141e+00,1.01015254455221082e+00,6.57096101468442490e-10,4.43486829421350020e-10,SMOOTH_INTERIOR,CONSISTENT_NUMERICALLY
run1,BLOW,KUP,D1,.1000000000000000E-06,-1,BRANCH_4,BRANCH_4,7071067.809601729,7071067.811865475,.8414983953196934E-02,.1190058443376307E-08,.4656613338738680E-02,.1862645332026025E-08,1.000000000000000,1,1,1,1,0,-5.49810680181198275e-01,7.00000000000000000e+06,1.01015254422881839e+00,1.01015254455221082e+00,1.20214056474241914e-09,6.65230476962668535e-10,SMOOTH_INTERIOR,CONSISTENT_NUMERICALLY
run1,BLOW,KUP,D2,.1000000000000000E-01,-1,BRANCH_4,BRANCH_4,.9258495248264439E-07,.8231806349783991E-10,.9252641882593448E-07,.9993677843414038,.4656612873077393E-07,1.000000000000000,.7112867591590193,1,1,1,1,0,,7.00000000000000000e+06,1.32264217832349132e-14,1.17597233568342727e-17,1.32180598322763545e-14,6.65230410439627577e-15,NULLSPACE,NULLSPACE_CONSISTENT
run1,BLOW,KUP,D2,.3000000000000000E-02,-1,BRANCH_4,BRANCH_4,.3470834309700550E-06,.8231806349783991E-10,.3470574084989404E-06,.9999250253143983,.3104408582051595E-06,1.000000000000000,.3162277660168379,1,1,1,1,0,-1.09802812090431412e+00,7.00000000000000000e+06,4.95833472814364323e-14,1.17597233568342727e-17,4.95796297855629168e-14,4.43486940293084957e-14,NULLSPACE,NULLSPACE_CONSISTENT
run1,BLOW,KUP,D2,.1000000000000000E-02,-1,BRANCH_4,BRANCH_4,.6712834929739355E-06,.8231806349783991E-10,.6712834980211798E-06,1.000000007518797,.4657194949686527E-06,1.000125000000000,.000000000000000,1,1,1,1,0,-6.00486037432753417e-01,7.00000000000000000e+06,9.58976418534193528e-14,1.17597233568342727e-17,9.58976425744542624e-14,6.65313564240932417e-14,NULLSPACE,NULLSPACE_CONSISTENT
run1,BLOW,KUP,D2,.3000000000000000E-03,-1,BRANCH_4,BRANCH_4,.1576270909016789E-05,.8231806349783991E-10,.1576328229066193E-05,1.000036364338817,.1552262498686711E-05,1.000037500000000,-.6963106238227913,1,1,1,1,0,-7.09037583174532471e-01,7.00000000000000000e+06,2.25181558430969849e-13,1.17597233568342727e-17,2.25189747009456132e-13,2.21751785526673014e-13,NULLSPACE,NULLSPACE_CONSISTENT
run1,BLOW,KUP,D2,.1000000000000000E-03,-1,BRANCH_4,BRANCH_4,.6984919309616089E-05,.8231806349783991E-10,.6984958115100634E-05,1.000005555609567,.4656671080738306E-05,1.000012500000000,-.4714045207910316,1,1,1,1,0,-1.35503741830900393e+00,7.00000000000000000e+06,9.97845615659441316e-13,1.17597233568342727e-17,9.97851159300090674e-13,6.65238725819757971e-13,NULLSPACE,NULLSPACE_CONSISTENT
run1,BLOW,KUP,D2,.3000000000000000E-04,-1,BRANCH_4,BRANCH_4,.8231806349783991E-05,.8231806349783991E-10,.8231806350195582E-05,1.000000000050000,.7761021455128988E-05,1.000000000000000,.000000000000000,1,1,1,1,0,-1.36420421916289780e-01,7.00000000000000000e+06,1.17597233568342739e-12,1.17597233568342727e-17,1.17597233574222587e-12,1.10871735073271262e-12,NULLSPACE,NULLSPACE_CONSISTENT
run1,BLOW,KUP,D2,.1000000000000000E-04,-1,BRANCH_4,BRANCH_4,.4656612873077392E-04,.8231806349783991E-10,.4656612873084668E-04,1.000000000001563,.4656612873077392E-04,1.000000000000000,.000000000000000,1,1,1,1,0,-1.57732438388455387e+00,7.00000000000000000e+06,6.65230410439627410e-12,1.17597233568342727e-17,6.65230410440666878e-12,6.65230410439627410e-12,NULLSPACE,NULLSPACE_CONSISTENT
run1,BLOW,KUP,D2,.3000000000000000E-05,-1,BRANCH_4,BRANCH_4,.1756975958538517E-03,.8231806349783991E-10,.1756975444301768E-03,.9999997073171401,.1552203708949188E-03,.9999996249999999,.6246950475544242,1,1,1,1,0,-1.10292407670886106e+00,7.00000000000000000e+06,2.50996565505502396e-11,1.17597233568342727e-17,2.50996492043109716e-11,2.21743386992741133e-11,NULLSPACE,NULLSPACE_CONSISTENT
run1,BLOW,KUP,D2,.1000000000000000E-05,-1,BRANCH_4,BRANCH_4,.9054986984762390E-03,.8231806349783991E-10,.9054986386085582E-03,.9999999338842994,.4656612873077393E-03,1.000000000000000,.7272727272727272,1,1,1,1,0,-1.49253906186451313e+00,7.00000000000000000e+06,1.29356956925176991e-10,1.17597233568342727e-17,1.29356948372651175e-10,6.65230410439627603e-11,NULLSPACE,NULLSPACE_CONSISTENT
run1,BLOW,KUP,D2,.3000000000000000E-06,-1,BRANCH_4,BRANCH_4,.4111327405634238E-02,.8231806349783991E-10,.4111327339706494E-02,.9999999839643654,.3104408523843934E-02,.9999999812500000,.8008903731191997,1,1,1,1,0,-1.25668572393200750e+00,7.00000000000000000e+06,5.87332486519176838e-10,1.17597233568342727e-17,5.87332477100927749e-10,4.43486931977704844e-10,NULLSPACE,NULLSPACE_CONSISTENT
run1,BLOW,KUP,D2,.1000000000000000E-06,-1,BRANCH_4,BRANCH_4,.1003132663877570E-01,.8231806349783991E-10,.1003132663877570E-01,1.000000000000000,.4656612931285053E-02,1.000000012500000,.000000000000000,1,1,1,1,0,-8.11903288752880536e-01,7.00000000000000000e+06,1.43304666268224267e-09,1.17597233568342727e-17,1.43304666268224267e-09,6.65230418755007562e-10,NULLSPACE,NULLSPACE_CONSISTENT
run1,BLOW,KUP,D3,.1000000000000000E-01,-1,BRANCH_4,BRANCH_4,6437264.263530794,6437264.263530838,.6945381419204064E-07,.1078933710792622E-13,.4936009645462036E-07,.1977970659307619E-13,1.000000000000000,1,1,1,1,0,,7.00000000000000000e+06,9.19609180504399104e-01,9.19609180504405432e-01,9.92197345600580628e-15,7.05144235066005138e-15,SMOOTH_INTERIOR,CONSISTENT_NUMERICALLY
run1,BLOW,KUP,D3,.3000000000000000E-02,-1,BRANCH_4,BRANCH_4,6437264.263530888,6437264.263530838,.4051261897264453E-06,.6293452826251234E-13,.3350432962179184E-06,.1342594235256372E-12,.9999999999999998,1,1,1,1,0,-1.46476448981787932e+00,7.00000000000000000e+06,9.19609180504412538e-01,9.19609180504405432e-01,5.78751699609207526e-14,4.78633280311312007e-14,SMOOTH_INTERIOR,CONSISTENT_NUMERICALLY
run1,BLOW,KUP,D3,.1000000000000000E-02,-1,BRANCH_4,BRANCH_4,6437264.263529836,6437264.263530838,.1170391545470578E-05,.1818150533451331E-12,.6454065442085266E-06,.2586289937547509E-12,1.000000000000000,1,1,1,1,0,-9.65668269735909579e-01,7.00000000000000000e+06,9.19609180504262325e-01,9.19609180504405432e-01,1.67198792210082570e-13,9.22009348869323675e-14,SMOOTH_INTERIOR,CONSISTENT_NUMERICALLY
run1,BLOW,KUP,D3,.3000000000000000E-03,-1,BRANCH_4,BRANCH_4,6437264.263530597,6437264.263530838,.2852108338249786E-05,.4430621800642692E-12,.1880805939435959E-05,.7536814615980713E-12,1.000000000000000,1,1,1,1,0,-7.39817492820425859e-01,7.00000000000000000e+06,9.19609180504371015e-01,9.19609180504405432e-01,4.07444048321397995e-13,2.68686562776565570e-13,SMOOTH_INTERIOR,CONSISTENT_NUMERICALLY
run1,BLOW,KUP,D3,.1000000000000000E-03,-1,BRANCH_4,BRANCH_4,6437264.263537727,6437264.263530838,.8830373900602525E-05,.1371758799870928E-11,.5873851478099823E-05,.2353785084571985E-11,1.000000000000000,1,1,1,1,0,-1.02869673053121402e+00,7.00000000000000000e+06,9.19609180505389645e-01,9.19609180504405432e-01,1.26148198580036066e-12,8.39121639728546142e-13,SMOOTH_INTERIOR,CONSISTENT_NUMERICALLY
run1,BLOW,KUP,D3,.3000000000000000E-04,-1,BRANCH_4,BRANCH_4,6437264.263557414,6437264.263530838,.3022717355103134E-04,.4695655221450696E-11,.1831632107496262E-04,.7339763954049602E-11,1.000000000000000,1,1,1,1,0,-1.02206955488011619e+00,7.00000000000000000e+06,9.19609180508201951e-01,9.19609180504405432e-01,4.31816765014733410e-12,2.61661729642323132e-12,SMOOTH_INTERIOR,CONSISTENT_NUMERICALLY
run1,BLOW,KUP,D3,.1000000000000000E-04,-1,BRANCH_4,BRANCH_4,6437264.263509735,6437264.263530838,.7562976310356714E-04,.1174874294535863E-10,.4778313450515270E-04,.1914778228755959E-10,.9999999999999998,1,1,1,1,0,-8.34788214861054700e-01,7.00000000000000000e+06,9.19609180501390733e-01,9.19609180504405432e-01,1.08042518719381639e-11,6.82616207216467210e-12,SMOOTH_INTERIOR,CONSISTENT_NUMERICALLY
run1,BLOW,KUP,D3,.3000000000000000E-05,-1,BRANCH_4,BRANCH_4,6437264.263725034,6437264.263530838,.3258787611846812E-03,.5062379728933263E-10,.1642047427594662E-03,.6580055279563895E-10,1.000000000000000,1,1,1,1,0,-1.21321304865469148e+00,7.00000000000000000e+06,9.19609180532147685e-01,9.19609180504405432e-01,4.65541087406687422e-11,2.34578203942094555e-11,SMOOTH_INTERIOR,CONSISTENT_NUMERICALLY
run1,BLOW,KUP,D3,.1000000000000000E-05,-1,BRANCH_4,BRANCH_4,6437264.263947971,6437264.263530838,.1000712900477241E-02,.1554562403289475E-09,.5110101774334908E-03,.2047733310869906E-09,1.000000000000000,1,1,1,1,0,-1.02123608396716037e+00,7.00000000000000000e+06,9.19609180563995876e-01,9.19609180504405432e-01,1.42958985782462988e-10,7.30014539190701021e-11,SMOOTH_INTERIOR,CONSISTENT_NUMERICALLY
run1,BLOW,KUP,D3,.3000000000000000E-06,-1,BRANCH_4,BRANCH_4,6437264.264985939,6437264.263530838,.3367832254674135E-02,.5231775667487672E-09,.2748618833720684E-02,.1101433707898486E-08,1.000000000000000,1,1,1,1,0,-1.00796017873131882e+00,7.00000000000000000e+06,9.19609180712276930e-01,9.19609180504405432e-01,4.81118893524876435e-10,3.92659833388669130e-10,SMOOTH_INTERIOR,CONSISTENT_NUMERICALLY
run1,BLOW,KUP,D3,.1000000000000000E-06,-1,BRANCH_4,BRANCH_4,6437264.269611097,6437264.263530838,.9037157241293571E-02,.1403881658852503E-08,.7405231706798077E-02,.2967443761764459E-08,1.000000000000000,1,1,1,1,0,-8.98474722294743788e-01,7.00000000000000000e+06,9.19609181373013840e-01,9.19609180504405432e-01,1.29102246304193866e-09,1.05789024382829671e-09,SMOOTH_INTERIOR,CONSISTENT_NUMERICALLY
run1,BLOW,KUS,D1,.1000000000000000E-01,-1,BRANCH_4,BRANCH_4,617.6387777938731,617.6379821070039,.7957918358502214E-03,.1288442151726108E-05,.3195071263633054E-03,.1311247971541086E-05,.9999999999999999,1,1,1,1,0,,1.00000000000000000e+00,6.17638777793873146e+02,6.17637982107003950e+02,7.95791835850221405e-04,3.19507126363305415e-04,SMOOTH_INTERIOR,CONSISTENT_NUMERICALLY
run1,BLOW,KUS,D1,.3000000000000000E-02,-1,BRANCH_4,BRANCH_4,617.6380535679780,617.6379821070039,.7146918664445735E-04,.1157137035705514E-06,.2859299812030258E-04,.1173449743508146E-06,1.000000000000000,1,1,1,1,0,2.00176551284490900e+00,1.00000000000000000e+00,6.17638053567977977e+02,6.17637982107003950e+02,7.14691866444573524e-05,2.85929981203025784e-05,SMOOTH_INTERIOR,CONSISTENT_NUMERICALLY
run1,BLOW,KUS,D1,.1000000000000000E-02,-1,BRANCH_4,BRANCH_4,617.6379897679481,617.6379821070039,.7672340375722694E-05,.1242206681393620E-07,.3136847766427309E-05,.1287354888775007E-07,1.000000000000000,1,1,1,1,0,2.03133054421642534e+00,1.00000000000000000e+00,6.17637989767948056e+02,6.17637982107003950e+02,7.67234037572269426e-06,3.13684776642730909e-06,SMOOTH_INTERIOR,CONSISTENT_NUMERICALLY
run1,BLOW,KUS,D1,.3000000000000000E-03,-1,BRANCH_4,BRANCH_4,617.6379831232033,617.6379821070039,.1710294976548544E-05,.2769089698629145E-08,.9637617779389984E-06,.3955255530051782E-08,.9999999999999999,1,1,1,1,0,1.24666922760258125e+00,1.00000000000000000e+00,6.17637983123203298e+02,6.17637982107003950e+02,1.71029497654854398e-06,9.63761777938998421e-07,SMOOTH_INTERIOR,CONSISTENT_NUMERICALLY
run1,BLOW,KUS,D1,.1000000000000000E-03,-1,BRANCH_4,BRANCH_4,617.6379894862139,617.6379821070039,.1114758834789173E-04,.1804874139488233E-07,.9162700223441789E-05,.3760350441034554E-07,.9999999999999999,1,1,1,1,0,-1.70629561095828230e+00,1.00000000000000000e+00,6.17637989486213883e+02,6.17637982107003950e+02,1.11475883478917292e-05,9.16270022344178869e-06,SMOOTH_INTERIOR,CONSISTENT_NUMERICALLY
run1,BLOW,KUS,D1,.3000000000000000E-04,-1,BRANCH_4,BRANCH_4,617.6379770032249,617.6379821070039,.3267318356490229E-04,.5290021745981574E-07,.2076709833431778E-04,.8522767687065908E-07,.9999999999999987,1,1,1,1,0,-8.93152636242147246e-01,1.00000000000000000e+00,6.17637977003224933e+02,6.17637982107003950e+02,3.26731835649022892e-05,2.07670983343177795e-05,SMOOTH_INTERIOR,CONSISTENT_NUMERICALLY
run1,BLOW,KUS,D1,.1000000000000000E-04,-1,BRANCH_4,BRANCH_4,617.6379903279277,617.6379821070039,.8142016120187423E-04,.1318250536348082E-06,.5181118416430763E-04,.2126318385250862E-06,.9999999999999916,1,1,1,1,0,-8.31110543165323845e-01,1.00000000000000000e+00,6.17637990327927696e+02,6.17637982107003950e+02,8.14201612018742264e-05,5.18111841643076332e-05,SMOOTH_INTERIOR,CONSISTENT_NUMERICALLY
run1,BLOW,KUS,D1,.3000000000000000E-05,-1,BRANCH_4,BRANCH_4,617.6380919231275,617.6379821070039,.3392717736922313E-03,.5493051321298003E-06,.2326801181311566E-03,.9549131146637688E-06,.9999999999998648,1,1,1,1,0,-1.18539102413521436e+00,1.00000000000000000e+00,6.17638091923127490e+02,6.17637982107003950e+02,3.39271773692231306e-04,2.32680118131156605e-04,SMOOTH_INTERIOR,CONSISTENT_NUMERICALLY
run1,BLOW,KUS,D1,.1000000000000000E-05,-1,BRANCH_4,BRANCH_4,617.6377902280813,617.6379821070039,.5746764025907121E-03,.9304421347765350E-06,.4709063427128513E-03,.1932588494535873E-05,.9999999999996153,1,1,1,1,0,-4.79701193229711775e-01,1.00000000000000000e+00,6.17637790228081258e+02,6.17637982107003950e+02,5.74676402590712054e-04,4.70906342712851310e-04,SMOOTH_INTERIOR,CONSISTENT_NUMERICALLY
run1,BLOW,KUS,D1,.3000000000000000E-06,-1,BRANCH_4,BRANCH_4,617.6370171534063,617.6379821070039,.2556042523197883E-02,.4138415378015169E-05,.2095626318407540E-02,.8600384602783712E-05,.9999999999926573,1,1,1,1,0,-1.23956981614570005e+00,1.00000000000000000e+00,6.17637017153406305e+02,6.17637982107003950e+02,2.55604252319788314e-03,2.09562631840754009e-03,SMOOTH_INTERIOR,CONSISTENT_NUMERICALLY
run1,BLOW,KUS,D1,.1000000000000000E-06,-1,BRANCH_4,BRANCH_4,617.6416730976318,617.6379821070039,.4488631519131589E-02,.7267371543471067E-05,.2560986554669853E-02,.1051020839891713E-04,.9999999999914487,1,1,1,1,0,-5.12544510882103954e-01,1.00000000000000000e+00,6.17641673097631838e+02,6.17637982107003950e+02,4.48863151913158915e-03,2.56098655466985292e-03,SMOOTH_INTERIOR,CONSISTENT_NUMERICALLY
run1,BLOW,KUS,D2,.1000000000000000E-01,-1,BRANCH_4,BRANCH_4,18.57971020967915,18.57970708052463,.3151515972441490E-05,.1696213739006381E-06,.1717416353130830E-05,.1790222412858249E-06,.9999999999999999,1,1,1,1,0,,1.00000000000000000e+00,1.85797102096791491e+01,1.85797070805246314e+01,3.15151597244148982e-06,1.71741635313082994e-06,SMOOTH_INTERIOR,CONSISTENT_NUMERICALLY
run1,BLOW,KUS,D2,.3000000000000000E-02,-1,BRANCH_4,BRANCH_4,18.57970720020085,18.57970708052463,.3530417531257186E-06,.1900147022348673E-07,.2403163277264753E-06,.2505040459182638E-07,.9999999999999999,1,1,1,1,0,1.81819102435684998e+00,1.00000000000000000e+00,1.85797072002008505e+01,1.85797070805246314e+01,3.53041753125718585e-07,2.40316327726475318e-07,SMOOTH_INTERIOR,CONSISTENT_NUMERICALLY
run1,BLOW,KUS,D2,.1000000000000000E-02,-1,BRANCH_4,BRANCH_4,18.57970712597085,18.57970708052463,.1098901193770106E-05,.5914523766814676E-07,.6492269903901615E-06,.6767496508233082E-07,.9999999999999983,1,1,1,1,0,-1.03355817675467887e+00,1.00000000000000000e+00,1.85797071259708488e+01,1.85797070805246314e+01,1.09890119377010601e-06,6.49226990390161518e-07,SMOOTH_INTERIOR,CONSISTENT_NUMERICALLY
run1,BLOW,KUS,D2,.3000000000000000E-03,-1,BRANCH_4,BRANCH_4,18.57970730500429,18.57970708052463,.2843809088577971E-05,.1530599509397016E-06,.2299961162410824E-05,.2397463347346815E-06,.9999999999999883,1,1,1,1,0,-7.89746755644207488e-01,1.00000000000000000e+00,1.85797073050042911e+01,1.85797070805246314e+01,2.84380908857797095e-06,2.29996116241082404e-06,SMOOTH_INTERIOR,CONSISTENT_NUMERICALLY
run1,BLOW,KUS,D2,.1000000000000000E-03,-1,BRANCH_4,BRANCH_4,18.57970860141706,18.57970708052463,.6997991780316391E-05,.3766470147859402E-06,.3908856001544336E-05,.4074563742849118E-06,.9999999999999323,1,1,1,1,0,-8.19651160609247476e-01,1.00000000000000000e+00,1.85797086014170603e+01,1.85797070805246314e+01,6.99799178031639137e-06,3.90885600154433632e-06,SMOOTH_INTERIOR,CONSISTENT_NUMERICALLY
run1,BLOW,KUS,D2,.3000000000000000E-04,-1,BRANCH_4,BRANCH_4,18.57970466456882,18.57970708052463,.1629252110287368E-04,.8768987063284546E-06,.1161318690856561E-04,.1210550162034238E-05,.9999999999996241,1,1,1,1,0,-7.01911996740488320e-01,1.00000000000000000e+00,1.85797046645688191e+01,1.85797070805246314e+01,1.62925211028736806e-05,1.16131869085656092e-05,SMOOTH_INTERIOR,CONSISTENT_NUMERICALLY
run1,BLOW,KUS,D2,.1000000000000000E-04,-1,BRANCH_4,BRANCH_4,18.57967844581627,18.57970708052463,.9883993169188034E-04,.5319778792179397E-05,.6760598255839412E-04,.7047200095988681E-05,.9999999999870375,1,1,1,1,0,-1.64097519583863027e+00,1.00000000000000000e+00,1.85796784458162705e+01,1.85797070805246314e+01,9.88399316918803369e-05,6.76059825583941176e-05,SMOOTH_INTERIOR,CONSISTENT_NUMERICALLY
run1,BLOW,KUS,D2,.3000000000000000E-05,-1,BRANCH_4,BRANCH_4,18.57972636667085,18.57970708052463,.9685856304074361E-04,.5213131836779515E-05,.6599702764242821E-04,.6879476624455431E-05,.9999999999869504,1,1,1,1,0,1.68192242460526026e-02,1.00000000000000000e+00,1.85797263666708510e+01,1.85797070805246314e+01,9.68585630407436130e-05,6.59970276424282076e-05,SMOOTH_INTERIOR,CONSISTENT_NUMERICALLY
run1,BLOW,KUS,D2,.1000000000000000E-05,-1,BRANCH_4,BRANCH_4,18.57927173756639,18.57970708052463,.8799844580249861E-03,.4736266584888151E-04,.7660979135195589E-03,.7985742504430119E-04,.9999999991528774,1,1,1,1,0,-2.00858161455314210e+00,1.00000000000000000e+00,1.85792717375663905e+01,1.85797070805246314e+01,8.79984458024986099e-04,7.66097913519558915e-04,SMOOTH_INTERIOR,CONSISTENT_NUMERICALLY
run1,BLOW,KUS,D2,.3000000000000000E-06,-1,BRANCH_4,BRANCH_4,18.57892813209134,18.57970708052463,.1551475976249444E-02,.8350379096534364E-04,.9817854796470016E-03,.1023396940402446E-03,.9999999973922890,1,1,1,1,0,-4.70988839233619949e-01,1.00000000000000000e+00,1.85789281320913418e+01,1.85797070805246314e+01,1.55147597624944399e-03,9.81785479647001580e-04,SMOOTH_INTERIOR,CONSISTENT_NUMERICALLY
run1,BLOW,KUS,D2,.1000000000000000E-06,-1,BRANCH_4,BRANCH_4,18.57839901198765,18.57970708052463,.6582555914254277E-02,.3542873892319946E-03,.4356176246865573E-02,.4540071467095282E-03,.9999999397142753,1,1,1,1,0,-1.31549264564189383e+00,1.00000000000000000e+00,1.85783990119876492e+01,1.85797070805246314e+01,6.58255591425427680e-03,4.35617624686557292e-03,SMOOTH_INTERIOR,CONSISTENT_NUMERICALLY
run1,BLOW,KUS,D3,.1000000000000000E-01,-1,BRANCH_4,BRANCH_4,306.9490900037175,306.9487346606685,.3572582353832162E-03,.1163900617457082E-05,.1804134415976932E-03,.1253898491963024E-05,.9999999999999928,1,1,1,1,0,,1.00000000000000000e+00,3.06949090003717515e+02,3.06948734660668492e+02,3.57258235383216174e-04,1.80413441597693209e-04,SMOOTH_INTERIOR,CONSISTENT_NUMERICALLY
run1,BLOW,KUS,D3,.3000000000000000E-02,-1,BRANCH_4,BRANCH_4,306.9487664175227,306.9487346606685,.3196357694000676E-04,.1041332640396696E-06,.1615918353081724E-04,.1123086994633241E-06,.9999999999999999,1,1,1,1,0,2.00491392008077352e+00,1.00000000000000000e+00,3.06948766417522677e+02,3.06948734660668492e+02,3.19635769400067609e-05,1.61591835308172415e-05,SMOOTH_INTERIOR,CONSISTENT_NUMERICALLY
run1,BLOW,KUS,D3,.1000000000000000E-02,-1,BRANCH_4,BRANCH_4,306.9487386560666,306.9487346606685,.4026904165017020E-05,.1311914224716568E-07,.1878904043906005E-05,.1305866042851153E-07,1.000000000000000,1,1,1,1,0,1.88565080857027190e+00,1.00000000000000000e+00,3.06948738656066610e+02,3.06948734660668492e+02,4.02690416501702039e-06,1.87890404390600494e-06,SMOOTH_INTERIOR,CONSISTENT_NUMERICALLY
run1,BLOW,KUS,D3,.3000000000000000E-03,-1,BRANCH_4,BRANCH_4,306.9487366724829,306.9487346606685,.3987684483677969E-05,.1299136959124502E-07,.2241338492581235E-05,.1557763354499802E-07,.9999999999999997,1,1,1,1,0,8.12904652209289584e-03,1.00000000000000000e+00,3.06948736672482880e+02,3.06948734660668492e+02,3.98768448367796908e-06,2.24133849258123519e-06,SMOOTH_INTERIOR,CONSISTENT_NUMERICALLY
run1,BLOW,KUS,D3,.1000000000000000E-03,-1,BRANCH_4,BRANCH_4,306.9487428862948,306.9487346606685,.1078953742264099E-04,.3515094188425405E-07,.6069855629675658E-05,.4218639129886450E-07,.9999999999999996,1,1,1,1,0,-9.06021337232265966e-01,1.00000000000000000e+00,3.06948742886294781e+02,3.06948734660668492e+02,1.07895374226409907e-05,6.06985562967565784e-06,SMOOTH_INTERIOR,CONSISTENT_NUMERICALLY
run1,BLOW,KUS,D3,.3000000000000000E-04,-1,BRANCH_4,BRANCH_4,306.9487491133434,306.9487346606685,.2974264071227789E-04,.9689774204388490E-07,.2397219856220545E-04,.1666103134142113E-06,.9999999999999966,1,1,1,1,0,-8.42215720581342087e-01,1.00000000000000000e+00,3.06948749113343410e+02,3.06948734660668492e+02,2.97426407122778911e-05,2.39721985622054490e-05,SMOOTH_INTERIOR,CONSISTENT_NUMERICALLY
run1,BLOW,KUS,D3,.1000000000000000E-04,-1,BRANCH_4,BRANCH_4,306.9487334868680,306.9487346606685,.8131520464809207E-04,.2649146110277534E-06,.5263598436044958E-04,.3658277312432010E-06,.9999999999999649,1,1,1,1,0,-9.15474274326937731e-01,1.00000000000000000e+00,3.06948733486867980e+02,3.06948734660668492e+02,8.13152046480920685e-05,5.26359843604495768e-05,SMOOTH_INTERIOR,CONSISTENT_NUMERICALLY
run1,BLOW,KUS,D3,.3000000000000000E-05,-1,BRANCH_4,BRANCH_4,306.9487619450829,306.9487346606685,.3481990268446951E-03,.1134388112980864E-05,.2578048738541838E-03,.1791781292806626E-05,.9999999999993607,1,1,1,1,0,-1.20803493997341227e+00,1.00000000000000000e+00,3.06948761945082879e+02,3.06948734660668492e+02,3.48199026844695078e-04,2.57804873854183825e-04,SMOOTH_INTERIOR,CONSISTENT_NUMERICALLY
run1,BLOW,KUS,D3,.1000000000000000E-05,-1,BRANCH_4,BRANCH_4,306.9489615967053,306.9487346606685,.6013836404353477E-03,.1959230086028096E-05,.3499350996776229E-03,.2432099734675405E-05,.9999999999983542,1,1,1,1,0,-4.97408267538275828e-01,1.00000000000000000e+00,3.06948961596705317e+02,3.06948734660668492e+02,6.01383640435347697e-04,3.49935099677622875e-04,SMOOTH_INTERIOR,CONSISTENT_NUMERICALLY
run1,BLOW,KUS,D3,.3000000000000000E-06,-1,BRANCH_4,BRANCH_4,306.9452229958512,306.9487346606685,.4619712782078844E-02,.1505043761521263E-04,.2444032624168813E-02,.1698638769527211E-04,.9999999999521848,1,1,1,1,0,-1.69343920287947003e+00,1.00000000000000000e+00,3.06945222995851225e+02,3.06948734660668492e+02,4.61971278207884417e-03,2.44403262416881305e-03,SMOOTH_INTERIOR,CONSISTENT_NUMERICALLY
run1,BLOW,KUS,D3,.1000000000000000E-06,-1,BRANCH_4,BRANCH_4,306.9537699021947,306.9487346606685,.6347608727222600E-02,.2067936396169740E-04,.2846603708206885E-02,.1978392477332745E-04,.9999999999207250,1,1,1,1,0,-2.89224535433073360e-01,1.00000000000000000e+00,3.06953769902194722e+02,3.06948734660668492e+02,6.34760872722260009e-03,2.84660370820688513e-03,SMOOTH_INTERIOR,CONSISTENT_NUMERICALLY
run1,BLOW,KUU,D1,.1000000000000000E-01,-1,BRANCH_4,BRANCH_4,.1264928945578910E-06,.1708785405576776E-10,.1264898823462808E-06,.9999761867129319,.9312861948274076E-07,.9999609375000000,.1763433798850685,1,1,1,1,0,,2.50000000000000029e+05,5.05971578231563942e-13,6.83514162230710327e-17,5.05959529385123156e-13,3.72514477930962992e-13,NULLSPACE,NULLSPACE_CONSISTENT
run1,BLOW,KUU,D1,.3000000000000000E-02,-1,BRANCH_4,BRANCH_4,.4251993377850377E-06,.1708785405576776E-10,.4252024092473489E-06,1.000007223582067,.3104444961839666E-06,1.000011718750000,-.1797259054613941,1,1,1,1,0,-1.00700197274375247e+00,2.50000000000000029e+05,1.70079735114015060e-12,6.83514162230710327e-17,1.70080963698939540e-12,1.24177798473586616e-12,NULLSPACE,NULLSPACE_CONSISTENT
run1,BLOW,KUU,D1,.1000000000000000E-02,-1,BRANCH_4,BRANCH_4,.1264928945578910E-05,.1708785405576776E-10,.1264925932360802E-05,.9999976178755975,.9313189366366714E-06,.9999960937500000,.1763433798850685,1,1,1,1,0,-9.92346022884074919e-01,2.50000000000000029e+05,5.05971578231563921e-12,6.83514162230710327e-17,5.05970372944320719e-12,3.72527574654668535e-12,NULLSPACE,NULLSPACE_CONSISTENT
run1,BLOW,KUU,D1,.3000000000000000E-03,-1,BRANCH_4,BRANCH_4,.7722728207304364E-05,.1708785405576776E-10,.7722726150812997E-05,.9999997337092137,.5044663036339140E-05,.9999998197115385,.1203492252511570,1,1,1,1,0,-1.50265342753006936e+00,2.50000000000000029e+05,3.08909128292174536e-11,6.83514162230710327e-17,3.08909046032519844e-11,2.01786521453565577e-11,NULLSPACE,NULLSPACE_CONSISTENT
run1,BLOW,KUU,D1,.1000000000000000E-03,-1,BRANCH_4,BRANCH_4,.8394828241933113E-05,.1708785405576776E-10,.8394827737453599E-05,.9999999399059161,.4656612873077393E-05,1.000000000000000,.2952371245053815E-01,1,1,1,1,0,-7.59579530234993777e-02,2.50000000000000029e+05,3.35793129677324464e-11,6.83514162230710327e-17,3.35793109498143949e-11,1.86264514923095675e-11,NULLSPACE,NULLSPACE_CONSISTENT
run1,BLOW,KUU,D1,.3000000000000000E-04,-1,BRANCH_4,BRANCH_4,.4251993377850376E-04,.1708785405576776E-10,.4251993070737705E-04,.9999999277720720,.3104408218253715E-04,.9999998828125000,.1797259054613942,1,1,1,1,0,-1.34750315566643430e+00,2.50000000000000029e+05,1.70079735114015039e-10,6.83514162230710327e-17,1.70079722829508173e-10,1.24176328730148583e-10,NULLSPACE,NULLSPACE_CONSISTENT
run1,BLOW,KUU,D1,.1000000000000000E-04,-1,BRANCH_4,BRANCH_4,.1655596151636901E-03,.1708785405576776E-10,.1655596132451231E-03,.9999999884116245,.9313225746154784E-04,1.000000000000000,.1122766993213180,1,1,1,1,0,-1.23734134510781857e+00,2.50000000000000029e+05,6.62238460654760341e-10,6.83514162230710327e-17,6.62238452980492326e-10,3.72529029846191324e-10,NULLSPACE,NULLSPACE_CONSISTENT
run1,BLOW,KUU,D1,.3000000000000000E-05,-1,BRANCH_4,BRANCH_4,.3110465970410615E-03,.1708785405576776E-10,.3110465934101679E-03,.9999999883268498,.3104408545671807E-03,.9999999882812500,.2124839150097042,1,1,1,1,0,-5.23775442346958386e-01,2.50000000000000029e+05,1.24418638816424579e-09,6.83514162230710327e-17,1.24418637364067146e-09,1.24176341826872255e-09,NULLSPACE,NULLSPACE_CONSISTENT
run1,BLOW,KUU,D1,.1000000000000000E-05,-1,BRANCH_4,BRANCH_4,.2050529577979881E-02,.1708785405576776E-10,.2050529578289691E-02,1.000000000151088,.1396983861923218E-02,1.000000000000000,-.1813042575060005E-01,1,1,1,1,0,-1.71662985213227892e+00,2.50000000000000029e+05,8.20211831191952299e-09,6.83514162230710327e-17,8.20211831315876362e-09,5.58793544769287109e-09,NULLSPACE,NULLSPACE_CONSISTENT
run1,BLOW,KUU,D1,.3000000000000000E-06,-1,BRANCH_4,BRANCH_4,.4543057283529428E-02,.1708785405576776E-10,.4543057283374057E-02,.9999999999658002,.3104408582051595E-02,1.000000000000000,.9092500182826296E-02,1,1,1,1,0,-6.60730958647125277e-01,2.50000000000000029e+05,1.81722291341177103e-08,6.83514162230710327e-17,1.81722291334962264e-08,1.24176343282063791e-08,NULLSPACE,NULLSPACE_CONSISTENT
run1,BLOW,KUU,D1,.1000000000000000E-06,-1,BRANCH_4,BRANCH_4,.2686553134325449E-01,.1708785405576776E-10,.2686553133840696E-01,.9999999998195634,.1484295353293419E-01,1.000000000000000,.2836824489541744,1,1,1,1,0,-1.61771711873123869e+00,2.50000000000000029e+05,1.07462125373017947e-07,6.83514162230710327e-17,1.07462125353627828e-07,5.93718141317367554e-08,NULLSPACE,NULLSPACE_CONSISTENT
run1,BLOW,KUU,D2,.1000000000000000E-01,-1,BRANCH_4,BRANCH_4,.1826134911045781E-06,.1064536255464157E-10,.1826114621071106E-06,.9999888891151735,.9313589544035494E-07,1.000039062500000,.1906272771900823,1,1,1,1,0,,2.50000000000000029e+05,7.30453964418312365e-13,4.25814502185662744e-17,7.30445848428442270e-13,3.72543581761419705e-13,NULLSPACE,NULLSPACE_CONSISTENT
run1,BLOW,KUU,D2,.3000000000000000E-02,-1,BRANCH_4,BRANCH_4,.6087116370152600E-06,.1064536255464157E-10,.6087136664014406E-06,1.000003333904031,.3104481341627737E-06,1.000023437500000,-.1906272771900823,1,1,1,1,0,-1.00001199765059035e+00,2.50000000000000029e+05,2.43484654806103967e-12,4.25814502185662744e-17,2.43485466560576203e-12,1.24179253665109474e-12,NULLSPACE,NULLSPACE_CONSISTENT
run1,BLOW,KUU,D2,.1000000000000000E-02,-1,BRANCH_4,BRANCH_4,.1811231239990053E-05,.1064536255464157E-10,.1811229077111580E-05,.9999988058518289,.9313262125942856E-06,1.000003906250000,.2031784689248800,1,1,1,1,0,-9.92536644777757493e-01,2.50000000000000029e+05,7.24492495996021123e-12,4.25814502185662744e-17,7.24491630844631869e-12,3.72530485037714212e-12,NULLSPACE,NULLSPACE_CONSISTENT
run1,BLOW,KUU,D2,.3000000000000000E-03,-1,BRANCH_4,BRANCH_4,.8916734790022839E-05,.1064536255464157E-10,.8916733998415630E-05,.9999999112222997,.4656616511056200E-05,1.000000781250000,.7436228920156712E-01,1,1,1,1,0,-1.32388710707227797e+00,2.50000000000000029e+05,3.56669391600913549e-11,4.25814502185662744e-17,3.56669359936625170e-11,1.86264660442247979e-11,NULLSPACE,NULLSPACE_CONSISTENT
run1,BLOW,KUU,D2,.1000000000000000E-03,-1,BRANCH_4,BRANCH_4,.2049909864196127E-04,.1064536255464157E-10,.2049909848701217E-04,.9999999924411750,.9313229384133592E-05,1.000000390625000,.1455580902588705E-01,1,1,1,1,0,-7.57729711974826969e-01,2.50000000000000029e+05,8.19963945678450670e-11,4.25814502185662744e-17,8.19963939480486765e-11,3.72529175365343653e-11,NULLSPACE,NULLSPACE_CONSISTENT
run1,BLOW,KUU,D2,.3000000000000000E-04,-1,BRANCH_4,BRANCH_4,.6111804395914078E-04,.1064536255464157E-10,.6111804188029664E-04,.9999999659864093,.3104408945849476E-04,1.000000117187500,.1952817503352597,1,1,1,1,0,-9.07351224369050913e-01,2.50000000000000029e+05,2.44472175836563069e-10,4.25814502185662744e-17,2.44472167521186549e-10,1.24176357833979018e-10,NULLSPACE,NULLSPACE_CONSISTENT
run1,BLOW,KUU,D2,.1000000000000000E-04,-1,BRANCH_4,BRANCH_4,.1639142613896253E-03,.1064536255464157E-10,.1639142613896256E-03,1.000000000000002,.9313226109952665E-04,1.000000039062500,.000000000000000,1,1,1,1,0,-8.97984118549735144e-01,2.50000000000000029e+05,6.55657045558501138e-10,4.25814502185662744e-17,6.55657045558502379e-10,3.72529044398106515e-10,NULLSPACE,NULLSPACE_CONSISTENT
run1,BLOW,KUU,D2,.3000000000000000E-05,-1,BRANCH_4,BRANCH_4,.3118021157567893E-03,.1064536255464157E-10,.3118021117951217E-03,.9999999872942890,.3104408545671807E-03,.9999999882812500,.3721496298269109,1,1,1,1,0,-5.34086179099934943e-01,2.50000000000000029e+05,1.24720846302715704e-09,4.25814502185662744e-17,1.24720844718048664e-09,1.24176341826872255e-09,NULLSPACE,NULLSPACE_CONSISTENT
run1,BLOW,KUU,D2,.1000000000000000E-05,-1,BRANCH_4,BRANCH_4,.2770219937500263E-02,.1064536255464157E-10,.2770219938876200E-02,1.000000000496689,.1396983861923218E-02,1.000000000000000,-.1292522493233325,1,1,1,1,0,-1.98824761870935429e+00,2.50000000000000029e+05,1.10808797500010512e-08,4.25814502185662744e-17,1.10808797555047983e-08,5.58793544769287109e-09,NULLSPACE,NULLSPACE_CONSISTENT
run1,BLOW,KUU,D2,.3000000000000000E-06,-1,BRANCH_4,BRANCH_4,.4509789597231219E-02,.1064536255464157E-10,.4509789594805199E-02,.9999999994620546,.3104408582051595E-02,1.000000000000000,.2278945913517755,1,1,1,1,0,-4.04763114478377872e-01,2.50000000000000029e+05,1.80391583889248733e-08,4.25814502185662744e-17,1.80391583792207940e-08,1.24176343282063791e-08,NULLSPACE,NULLSPACE_CONSISTENT
run1,BLOW,KUU,D2,.1000000000000000E-06,-1,BRANCH_4,BRANCH_4,.2281265093743036E-01,.1064536255464157E-10,.2281265093872991E-01,1.000000000056966,.1396983862287016E-01,1.000000000260417,-.1220765186226523,1,1,1,1,0,-1.47555672291688245e+00,2.50000000000000029e+05,9.12506037497214250e-08,4.25814502185662744e-17,9.12506037549196265e-08,5.58793544914806311e-08,NULLSPACE,NULLSPACE_CONSISTENT
run1,BLOW,KUU,D3,.1000000000000000E-01,-1,BRANCH_4,BRANCH_4,261830.2593054984,261830.2593053722,.1910188521931782E-06,.7295522400651988E-12,.1066655386239290E-06,.7842193029786296E-12,1.000000000000000,1,1,1,1,0,,2.50000000000000029e+05,1.04732103722199343e+00,1.04732103722148873e+00,7.64075408772712638e-13,4.26662154495715927e-13,SMOOTH_INTERIOR,CONSISTENT_NUMERICALLY
run1,BLOW,KUU,D3,.3000000000000000E-02,-1,BRANCH_4,BRANCH_4,261830.2593053053,261830.2593053722,.6429382185592860E-06,.2455553534052870E-11,.3434834070503712E-06,.2525335938264392E-11,1.000000000000000,1,1,1,1,0,-1.00805973888369715e+00,2.50000000000000029e+05,1.04732103722122116e+00,1.04732103722148873e+00,2.57175287423714345e-12,1.37393362820148468e-12,SMOOTH_INTERIOR,CONSISTENT_NUMERICALLY
run1,BLOW,KUU,D3,.1000000000000000E-02,-1,BRANCH_4,BRANCH_4,261830.2593061297,261830.2593053722,.2101134136678920E-05,.8024794927244419E-11,.1558661097078584E-05,.1145948480542456E-10,1.000000000000000,1,1,1,1,0,-1.07789064324036743e+00,2.50000000000000029e+05,1.04732103722451875e+00,1.04732103722148873e+00,8.40453654671567905e-12,6.23464438831433537e-12,SMOOTH_INTERIOR,CONSISTENT_NUMERICALLY
run1,BLOW,KUU,D3,.3000000000000000E-03,-1,BRANCH_4,BRANCH_4,261830.2593061274,261830.2593053722,.2585639447763040E-05,.9875250685750403E-11,.1696447725407779E-05,.1247251052133455E-10,1.000000000000000,1,1,1,1,0,-1.72342416013122529e-01,2.50000000000000029e+05,1.04732103722450942e+00,1.04732103722148873e+00,1.03425577910521577e-11,6.78579090163111537e-12,SMOOTH_INTERIOR,CONSISTENT_NUMERICALLY
run1,BLOW,KUU,D3,.1000000000000000E-03,-1,BRANCH_4,BRANCH_4,261830.2593198151,261830.2593053722,.1590258282869529E-04,.6073622991478201E-10,.1025808160193264E-04,.7541878761356970E-10,.9999999999999999,1,1,1,1,0,-1.65345746710051289e+00,2.50000000000000029e+05,1.04732103727926029e+00,1.04732103722148873e+00,6.36103313147811565e-11,4.10323264077305568e-11,SMOOTH_INTERIOR,CONSISTENT_NUMERICALLY
run1,BLOW,KUU,D3,.3000000000000000E-04,-1,BRANCH_4,BRANCH_4,261830.2593204235,261830.2593053722,.5661679787081561E-04,.2162347393221993E-09,.2963612496387213E-04,.2178887535822874E-09,1.000000000000000,1,1,1,1,0,-1.05469507342288193e+00,2.50000000000000029e+05,1.04732103728169390e+00,1.04732103722148873e+00,2.26467191483262393e-10,1.18544499855488521e-10,SMOOTH_INTERIOR,CONSISTENT_NUMERICALLY
run1,BLOW,KUU,D3,.1000000000000000E-04,-1,BRANCH_4,BRANCH_4,261830.2595478586,261830.2593053722,.3475966785829884E-03,.1327564962060670E-08,.2451789914630353E-03,.1802588728758711E-08,1.000000000000000,1,1,1,1,0,-1.65184490782722815e+00,2.50000000000000029e+05,1.04732103819143418e+00,1.04732103722148873e+00,1.39038671433195337e-09,9.80715965852141012e-10,SMOOTH_INTERIOR,CONSISTENT_NUMERICALLY
run1,BLOW,KUU,D3,.3000000000000000E-05,-1,BRANCH_4,BRANCH_4,261830.2597928861,261830.2593053722,.5749427383924470E-03,.2195860550446844E-08,.3782548301387578E-03,.2780980088620128E-08,1.000000000000000,1,1,1,1,0,-4.17972574268364427e-01,2.50000000000000029e+05,1.04732103917154418e+00,1.04732103722148873e+00,2.29977095356978738e-09,1.51301932055503104e-09,SMOOTH_INTERIOR,CONSISTENT_NUMERICALLY
run1,BLOW,KUU,D3,.1000000000000000E-05,-1,BRANCH_4,BRANCH_4,261830.2603234451,261830.2593053722,.1629733729041354E-02,.6224390286394343E-08,.9868979450402549E-03,.7255805627793411E-08,.9999999999999999,1,1,1,1,0,-9.48379591556845702e-01,2.50000000000000029e+05,1.04732104129378034e+00,1.04732103722148873e+00,6.51893491616541479e-09,3.94759178016101906e-09,SMOOTH_INTERIOR,CONSISTENT_NUMERICALLY
run1,BLOW,KUU,D3,.3000000000000000E-06,-1,BRANCH_4,BRANCH_4,261830.2575059334,261830.2593053722,.3767187477728229E-02,.1438789957937812E-07,.2849543094271212E-02,.2095022186197793E-07,1.000000000000000,1,1,1,1,0,-6.95955961668352829e-01,2.50000000000000029e+05,1.04732103002373345e+00,1.04732103722148873e+00,1.50687499109129132e-08,1.13981723770848464e-08,SMOOTH_INTERIOR,CONSISTENT_NUMERICALLY
run1,BLOW,KUU,D3,.1000000000000000E-06,-1,BRANCH_4,BRANCH_4,261830.2252586203,261830.2593053722,.3794620810500041E-01,.1449267483661764E-06,.2018845203565434E-01,.1484281989092118E-06,.9999999999999980,1,1,1,1,0,-2.10250778056795218e+00,2.50000000000000029e+05,1.04732090103448106e+00,1.04732103722148873e+00,1.51784832420001636e-07,8.07538081426173474e-08,SMOOTH_INTERIOR,CONSISTENT_NUMERICALLY
run1,I0,KPS,D1,.1000000000000000E-01,-1,SMOOTH,SMOOTH,.6550188703341724E-06,.6550188703342731E-06,.1687223036594060E-18,.2575838823899876E-12,.1541070568410793E-18,.3506506324440552E-12,1.000000000000000,1,1,1,1,0,,1.00000000000000000e+00,6.55018870334172420e-07,6.55018870334273111e-07,1.68722303659405995e-19,1.54107056841079292e-19,SMOOTH_INTERIOR,CONSISTENT_NUMERICALLY
run1,I0,KPS,D1,.3000000000000000E-02,-1,SMOOTH,SMOOTH,.6550188703340809E-06,.6550188703342731E-06,.4185844827319604E-18,.6390418683943349E-12,.2976526716210815E-18,.6772700724550672E-12,.9999999999999999,1,1,1,1,0,-7.54688599941252369e-01,1.00000000000000000e+00,6.55018870334080940e-07,6.55018870334273111e-07,4.18584482731960393e-19,2.97652671621081479e-19,SMOOTH_INTERIOR,CONSISTENT_NUMERICALLY
run1,I0,KPS,D1,.1000000000000000E-02,-1,SMOOTH,SMOOTH,.6550188703338599E-06,.6550188703342731E-06,.1020748070068035E-17,.1558349104579415E-11,.8317334146445195E-18,.1892501575515827E-11,1.000000000000000,1,1,1,1,0,-8.11398442206511250e-01,1.00000000000000000e+00,6.55018870333859865e-07,6.55018870334273111e-07,1.02074807006803495e-18,8.31733414644519539e-19,SMOOTH_INTERIOR,CONSISTENT_NUMERICALLY
run1,I0,KPS,D1,.3000000000000000E-03,-1,SMOOTH,SMOOTH,.6550188703322813E-06,.6550188703342731E-06,.5236747189767100E-17,.7994803549849872E-11,.4784545011904721E-17,.1088661200057042E-10,1.000000000000000,1,1,1,1,0,-1.35814095955964920e+00,1.00000000000000000e+00,6.55018870332281313e-07,6.55018870334273111e-07,5.23674718976709997e-18,4.78454501190472133e-18,SMOOTH_INTERIOR,CONSISTENT_NUMERICALLY
run1,I0,KPS,D1,.1000000000000000E-03,-1,SMOOTH,SMOOTH,.6550188703291242E-06,.6550188703342731E-06,.9068994263551825E-17,.1384539388754355E-10,.7607996992678922E-17,.1731101100624102E-10,1.000000000000000,1,1,1,1,0,-4.99867730708279223e-01,1.00000000000000000e+00,6.55018870329124209e-07,6.55018870334273111e-07,9.06899426355182470e-18,7.60799699267892225e-18,SMOOTH_INTERIOR,CONSISTENT_NUMERICALLY
run1,I0,KPS,D1,.3000000000000000E-04,-1,SMOOTH,SMOOTH,.6550188703363916E-06,.6550188703342731E-06,.3900264381977974E-16,.5954430564687324E-10,.3474365037003609E-16,.7905467293578721E-10,1.000000000000000,1,1,1,1,0,-1.21162874851475078e+00,1.00000000000000000e+00,6.55018870336391646e-07,6.55018870334273111e-07,3.90026438197797427e-17,3.47436503700360885e-17,SMOOTH_INTERIOR,CONSISTENT_NUMERICALLY
run1,I0,KPS,D1,.1000000000000000E-04,-1,SMOOTH,SMOOTH,.6550188704531879E-06,.6550188703342731E-06,.1668526683517732E-15,.2547295595260223E-09,.1194469450954661E-15,.2717860408045554E-09,1.000000000000000,1,1,1,1,0,-1.32301611632956617e+00,1.00000000000000000e+00,6.55018870453187855e-07,6.55018870334273111e-07,1.66852668351773206e-16,1.19446945095466104e-16,SMOOTH_INTERIOR,CONSISTENT_NUMERICALLY
run1,I0,KPS,D1,.3000000000000000E-05,-1,SMOOTH,SMOOTH,.6550188700270384E-06,.6550188703342731E-06,.3461264178773988E-15,.5284220555367534E-09,.2814811715316616E-15,.6404739201557480E-09,1.000000000000000,1,1,1,1,0,-6.06070899362653126e-01,1.00000000000000000e+00,6.55018870027038379e-07,6.55018870334273111e-07,3.46126417877398817e-16,2.81481171531661580e-16,SMOOTH_INTERIOR,CONSISTENT_NUMERICALLY
run1,I0,KPS,D1,.1000000000000000E-05,-1,SMOOTH,SMOOTH,.6550188703109695E-06,.6550188703342731E-06,.7916422728968829E-15,.1208579338321791E-08,.7275860021588342E-15,.1655527638020721E-08,.9999999999999999,1,1,1,1,0,-7.53045951480861064e-01,1.00000000000000000e+00,6.55018870310969540e-07,6.55018870334273111e-07,7.91642272896882889e-16,7.27586002158834210e-16,SMOOTH_INTERIOR,CONSISTENT_NUMERICALLY
run1,I0,KPS,D1,.3000000000000000E-06,-1,SMOOTH,SMOOTH,.6550188733097055E-06,.6550188703342731E-06,.3411950854781641E-14,.5208935183106404E-08,.2824306319380626E-14,.6426342917072951E-08,.9999999999999999,1,1,1,1,0,-1.21342432775559050e+00,1.00000000000000000e+00,6.55018873309705460e-07,6.55018870334273111e-07,3.41195085478164093e-15,2.82430631938062606e-15,SMOOTH_INTERIOR,CONSISTENT_NUMERICALLY
run1,I0,KPS,D1,.1000000000000000E-06,-1,SMOOTH,SMOOTH,.6550188774147634E-06,.6550188703342731E-06,.9583299106263689E-14,.1463056934189007E-07,.7742743470384169E-14,.1761760896773649E-07,.9999999999999999,1,1,1,1,0,-9.40038348209724428e-01,1.00000000000000000e+00,6.55018877414763395e-07,6.55018870334273111e-07,9.58329910626368921e-15,7.74274347038416918e-15,SMOOTH_INTERIOR,CONSISTENT_NUMERICALLY
run1,I0,KPS,D2,.1000000000000000E-01,-1,SMOOTH,SMOOTH,.7407407399847411E-10,.7407407407406022E-10,.1031389315831713E-18,.1392375576373073E-08,.6956588951570963E-19,.1878279016156379E-08,1.000000000000000,1,1,1,1,0,,1.00000000000000000e+00,7.40740739984741057e-11,7.40740740740602158e-11,1.03138931583171303e-19,6.95658895157096275e-20,NULLSPACE,NULLSPACE_CONSISTENT
run1,I0,KPS,D2,.3000000000000000E-02,-1,SMOOTH,SMOOTH,.7407407372318840E-10,.7407407407406022E-10,.5454019776466899E-18,.7362926698231691E-08,.4930261148612062E-18,.1331170507551535E-07,.9999999999999999,1,1,1,1,0,-1.38329218135059784e+00,1.00000000000000000e+00,7.40740737231883979e-11,7.40740740740602158e-11,5.45401977646689852e-19,4.93026114861206191e-19,NULLSPACE,NULLSPACE_CONSISTENT
run1,I0,KPS,D2,.1000000000000000E-02,-1,SMOOTH,SMOOTH,.7407407435846312E-10,.7407407407406022E-10,.1433198375311521E-17,.1934817799242300E-07,.1201039779647394E-17,.3242807299894705E-07,.9999999999999999,1,1,1,1,0,-8.79419213978834158e-01,1.00000000000000000e+00,7.40740743584631212e-11,7.40740740740602158e-11,1.43319837531152093e-18,1.20103977964739391e-18,NULLSPACE,NULLSPACE_CONSISTENT
run1,I0,KPS,D2,.3000000000000000E-03,-1,SMOOTH,SMOOTH,.7407407308791386E-10,.7407407407406022E-10,.4988795595847892E-17,.6734874054395915E-07,.4728247092952013E-17,.1276626683432466E-06,.9999999999999978,1,1,1,1,0,-1.03597518129353072e+00,1.00000000000000000e+00,7.40740730879138555e-11,7.40740740740602158e-11,4.98879559584789177e-18,4.72824709295201296e-18,NULLSPACE,NULLSPACE_CONSISTENT
run1,I0,KPS,D2,.1000000000000000E-03,-1,SMOOTH,SMOOTH,.7407407097033166E-10,.7407407407406022E-10,.7678529345877063E-17,.1036601461693597E-06,.4728296730251115E-17,.1276639988180842E-06,.9999999999999956,1,1,1,1,0,-3.92525666038454735e-01,1.00000000000000000e+00,7.40740709703316553e-11,7.40740740740602158e-11,7.67852934587706317e-18,4.72829673025111467e-18,NULLSPACE,NULLSPACE_CONSISTENT
run1,I0,KPS,D2,.3000000000000000E-04,-1,SMOOTH,SMOOTH,.7407408296998458E-10,.7407407407406022E-10,.5494316785439963E-16,.7417326769561636E-06,.4327028657617521E-16,.1168296372638653E-05,.9999999999997321,1,1,1,1,0,-1.63448152216436537e+00,1.00000000000000000e+00,7.40740829699845825e-11,7.40740740740602158e-11,5.49431678543996276e-17,4.32702865761752082e-17,NULLSPACE,NULLSPACE_CONSISTENT
run1,I0,KPS,D2,.1000000000000000E-04,-1,SMOOTH,SMOOTH,.7407400532533845E-10,.7407407407406022E-10,.1170244141547778E-15,.1579829591089796E-05,.9790187129738740E-16,.2643348444362748E-05,.9999999999991825,1,1,1,1,0,-6.88216625244695179e-01,1.00000000000000000e+00,7.40740053253384464e-11,7.40740740740602158e-11,1.17024414154777789e-16,9.79018712973873988e-17,NULLSPACE,NULLSPACE_CONSISTENT
run1,I0,KPS,D2,.3000000000000000E-05,-1,SMOOTH,SMOOTH,.7407394885678470E-10,.7407407407406022E-10,.2654916578558513E-15,.3584137381054663E-05,.2390740291709500E-15,.6454991246263603E-05,.9999999999950058,1,1,1,1,0,-6.80414736712064649e-01,1.00000000000000000e+00,7.40739488567846961e-11,7.40740740740602158e-11,2.65491657855851307e-16,2.39074029170950006e-16,NULLSPACE,NULLSPACE_CONSISTENT
run1,I0,KPS,D2,.1000000000000000E-05,-1,SMOOTH,SMOOTH,.7407345478655196E-10,.7407407407406022E-10,.2286141956797488E-14,.3086291641677186E-04,.2215484239433138E-14,.5981754857307437E-04,.9999999995586843,1,1,1,1,0,-1.95977920808665163e+00,1.00000000000000000e+00,7.40734547865519560e-11,7.40740740740602158e-11,2.28614195679748796e-15,2.21548423943313785e-15,NULLSPACE,NULLSPACE_CONSISTENT
run1,I0,KPS,D2,.3000000000000000E-06,-1,SMOOTH,SMOOTH,.7407656065904057E-10,.7407407407406022E-10,.4860133799808455E-14,.6560960385537697E-04,.3713746447595246E-14,.1002611007889321E-03,.9999999984110344,1,1,1,1,0,-6.26426364339073616e-01,1.00000000000000000e+00,7.40765606590405747e-11,7.40740740740602158e-11,4.86013379980845477e-15,3.71374644759524578e-15,NULLSPACE,NULLSPACE_CONSISTENT
run1,I0,KPS,D2,.1000000000000000E-06,-1,SMOOTH,SMOOTH,.7407514915270039E-10,.7407407407406022E-10,.7104983068486664E-14,.9591587934356058E-04,.4756583051417537E-14,.1284148660816373E-03,.9999999955053254,1,1,1,1,0,-3.45645514857999325e-01,1.00000000000000000e+00,7.40751491527003866e-11,7.40740740740602158e-11,7.10498306848666420e-15,4.75658305141753721e-15,NULLSPACE,NULLSPACE_CONSISTENT
run1,I0,KPS,D3,.1000000000000000E-01,-1,SMOOTH,SMOOTH,.4030708113787089E-06,.4030708113788013E-06,.1546226919078330E-18,.3836117315935347E-12,.1413486230730614E-18,.4398102213468383E-12,1.000000000000000,1,1,1,1,0,,1.00000000000000000e+00,4.03070811378708906e-07,4.03070811378801286e-07,1.54622691907832991e-19,1.41348623073061393e-19,SMOOTH_INTERIOR,CONSISTENT_NUMERICALLY
run1,I0,KPS,D3,.3000000000000000E-02,-1,SMOOTH,SMOOTH,.4030708113788623E-06,.4030708113788013E-06,.1657838368493070E-18,.4113020148548544E-12,.1298111078891717E-18,.4039109179329398E-12,1.000000000000000,1,1,1,1,0,-5.78890555484225799e-02,1.00000000000000000e+00,4.03070811378862325e-07,4.03070811378801286e-07,1.65783836849306999e-19,1.29811107889171691e-19,SMOOTH_INTERIOR,CONSISTENT_NUMERICALLY
run1,I0,KPS,D3,.1000000000000000E-02,-1,SMOOTH,SMOOTH,.4030708113779619E-06,.4030708113788013E-06,.1311022421811489E-17,.3252585860352477E-11,.1157788159778222E-17,.3602490464739833E-11,1.000000000000000,1,1,1,1,0,-1.88226352067915381e+00,1.00000000000000000e+00,4.03070811377961876e-07,4.03070811378801286e-07,1.31102242181148900e-18,1.15778815977822197e-18,SMOOTH_INTERIOR,CONSISTENT_NUMERICALLY
run1,I0,KPS,D3,.3000000000000000E-03,-1,SMOOTH,SMOOTH,.4030708113811137E-06,.4030708113788013E-06,.3848176082242780E-17,.9547146490357576E-11,.3642082854515881E-17,.1133244337001844E-10,1.000000000000000,1,1,1,1,0,-8.94365703145299618e-01,1.00000000000000000e+00,4.03070811381113686e-07,4.03070811378801286e-07,3.84817608224278018e-18,3.64208285451588128e-18,SMOOTH_INTERIOR,CONSISTENT_NUMERICALLY
run1,I0,KPS,D3,.1000000000000000E-03,-1,SMOOTH,SMOOTH,.4030708113692472E-06,.4030708113788013E-06,.1041965935612106E-16,.2585069189326336E-10,.7343246257102750E-17,.2284871752922095E-10,.9999999999999999,1,1,1,1,0,-9.06684790930360140e-01,1.00000000000000000e+00,4.03070811369247178e-07,4.03070811378801286e-07,1.04196593561210607e-17,7.34324625710275000e-18,SMOOTH_INTERIOR,CONSISTENT_NUMERICALLY
run1,I0,KPS,D3,.3000000000000000E-04,-1,SMOOTH,SMOOTH,.4030708113971838E-06,.4030708113788013E-06,.5487025835932310E-16,.1361305676516830E-09,.4912560806992407E-16,.1528557129829864E-09,.9999999999999999,1,1,1,1,0,-1.37982943570040173e+00,1.00000000000000000e+00,4.03070811397183807e-07,4.03070811378801286e-07,5.48702583593231028e-17,4.91256080699240720e-17,SMOOTH_INTERIOR,CONSISTENT_NUMERICALLY
run1,I0,KPS,D3,.1000000000000000E-04,-1,SMOOTH,SMOOTH,.4030708114009818E-06,.4030708113788013E-06,.1296018014372390E-15,.3215360620799427E-09,.1250501209811125E-15,.3890969730898903E-09,1.000000000000000,1,1,1,1,0,-7.82346268136940304e-01,1.00000000000000000e+00,4.03070811400981797e-07,4.03070811378801286e-07,1.29601801437238992e-16,1.25050120981112504e-16,SMOOTH_INTERIOR,CONSISTENT_NUMERICALLY
run1,I0,KPS,D3,.3000000000000000E-05,-1,SMOOTH,SMOOTH,.4030708117287694E-06,.4030708113788013E-06,.5365411922123358E-15,.1331133827108722E-08,.4638632998828327E-15,.1443323720441411E-08,.9999999999999999,1,1,1,1,0,-1.17999065239535073e+00,1.00000000000000000e+00,4.03070811728769412e-07,4.03070811378801286e-07,5.36541192212335777e-16,4.63863299882832664e-16,SMOOTH_INTERIOR,CONSISTENT_NUMERICALLY
run1,I0,KPS,D3,.1000000000000000E-05,-1,SMOOTH,SMOOTH,.4030708114494032E-06,.4030708113788013E-06,.7134502293739249E-15,.1770036949111814E-08,.4638632998828327E-15,.1443323720441411E-08,1.000000000000000,1,1,1,1,0,-2.59390271866131727e-01,1.00000000000000000e+00,4.03070811449403176e-07,4.03070811378801286e-07,7.13450229373924925e-16,4.63863299882832664e-16,SMOOTH_INTERIOR,CONSISTENT_NUMERICALLY
run1,I0,KPS,D3,.3000000000000000E-06,-1,SMOOTH,SMOOTH,.4030708152507282E-06,.4030708113788013E-06,.4415313809159246E-14,.1095418879784864E-07,.3606664013007765E-14,.1122223655994991E-07,.9999999999999999,1,1,1,1,0,-1.51392249313198146e+00,1.00000000000000000e+00,4.03070815250728225e-07,4.03070811378801286e-07,4.41531380915924591e-15,3.60666401300776510e-15,SMOOTH_INTERIOR,CONSISTENT_NUMERICALLY
run1,I0,KPS,D3,.1000000000000000E-06,-1,SMOOTH,SMOOTH,.4030708071001442E-06,.4030708113788013E-06,.8362957910406223E-14,.2074811093812202E-07,.8006466172660171E-14,.2491234497405407E-07,.9999999999999999,1,1,1,1,0,-5.81400079589909469e-01,1.00000000000000000e+00,4.03070807100144214e-07,4.03070811378801286e-07,8.36295791040622323e-15,8.00646617266017073e-15,SMOOTH_INTERIOR,CONSISTENT_NUMERICALLY
run1,I0,KPU,D1,.1000000000000000E-01,-1,SMOOTH,SMOOTH,.000000000000000,.1849632079338486E-23,.1849632079338486E-23,1.000000000000000,.1654361225106055E-23,1.000000000000000,.000000000000000,1,1,1,1,0,,1.00000000000000000e+00,0.00000000000000000e+00,1.84963207933848584e-24,1.84963207933848584e-24,1.65436122510605498e-24,NULLSPACE,NULLSPACE_CONSISTENT
run1,I0,KPU,D1,.3000000000000000E-02,-1,SMOOTH,SMOOTH,.000000000000000,.1849632079338486E-23,.1849632079338486E-23,1.000000000000000,.1654361225106055E-23,1.000000000000000,.000000000000000,1,1,1,1,0,-0.00000000000000000e+00,1.00000000000000000e+00,0.00000000000000000e+00,1.84963207933848584e-24,1.84963207933848584e-24,1.65436122510605498e-24,NULLSPACE,NULLSPACE_CONSISTENT
run1,I0,KPU,D1,.1000000000000000E-02,-1,SMOOTH,SMOOTH,.000000000000000,.1849632079338486E-23,.1849632079338486E-23,1.000000000000000,.1654361225106055E-23,1.000000000000000,.000000000000000,1,1,1,1,0,-0.00000000000000000e+00,1.00000000000000000e+00,0.00000000000000000e+00,1.84963207933848584e-24,1.84963207933848584e-24,1.65436122510605498e-24,NULLSPACE,NULLSPACE_CONSISTENT
run1,I0,KPU,D1,.3000000000000000E-03,-1,SMOOTH,SMOOTH,.000000000000000,.1849632079338486E-23,.1849632079338486E-23,1.000000000000000,.1654361225106055E-23,1.000000000000000,.000000000000000,1,1,1,1,0,-0.00000000000000000e+00,1.00000000000000000e+00,0.00000000000000000e+00,1.84963207933848584e-24,1.84963207933848584e-24,1.65436122510605498e-24,NULLSPACE,NULLSPACE_CONSISTENT
run1,I0,KPU,D1,.1000000000000000E-03,-1,SMOOTH,SMOOTH,.000000000000000,.1849632079338486E-23,.1849632079338486E-23,1.000000000000000,.1654361225106055E-23,1.000000000000000,.000000000000000,1,1,1,1,0,-0.00000000000000000e+00,1.00000000000000000e+00,0.00000000000000000e+00,1.84963207933848584e-24,1.84963207933848584e-24,1.65436122510605498e-24,NULLSPACE,NULLSPACE_CONSISTENT
run1,I0,KPU,D1,.3000000000000000E-04,-1,SMOOTH,SMOOTH,.000000000000000,.1849632079338486E-23,.1849632079338486E-23,1.000000000000000,.1654361225106055E-23,1.000000000000000,.000000000000000,1,1,1,1,0,-0.00000000000000000e+00,1.00000000000000000e+00,0.00000000000000000e+00,1.84963207933848584e-24,1.84963207933848584e-24,1.65436122510605498e-24,NULLSPACE,NULLSPACE_CONSISTENT
run1,I0,KPU,D1,.1000000000000000E-04,-1,SMOOTH,SMOOTH,.000000000000000,.1849632079338486E-23,.1849632079338486E-23,1.000000000000000,.1654361225106055E-23,1.000000000000000,.000000000000000,1,1,1,1,0,-0.00000000000000000e+00,1.00000000000000000e+00,0.00000000000000000e+00,1.84963207933848584e-24,1.84963207933848584e-24,1.65436122510605498e-24,NULLSPACE,NULLSPACE_CONSISTENT
run1,I0,KPU,D1,.3000000000000000E-05,-1,SMOOTH,SMOOTH,.000000000000000,.1849632079338486E-23,.1849632079338486E-23,1.000000000000000,.1654361225106055E-23,1.000000000000000,.000000000000000,1,1,1,1,0,-0.00000000000000000e+00,1.00000000000000000e+00,0.00000000000000000e+00,1.84963207933848584e-24,1.84963207933848584e-24,1.65436122510605498e-24,NULLSPACE,NULLSPACE_CONSISTENT
run1,I0,KPU,D1,.1000000000000000E-05,-1,SMOOTH,SMOOTH,.000000000000000,.1849632079338486E-23,.1849632079338486E-23,1.000000000000000,.1654361225106055E-23,1.000000000000000,.000000000000000,1,1,1,1,0,-0.00000000000000000e+00,1.00000000000000000e+00,0.00000000000000000e+00,1.84963207933848584e-24,1.84963207933848584e-24,1.65436122510605498e-24,NULLSPACE,NULLSPACE_CONSISTENT
run1,I0,KPU,D1,.3000000000000000E-06,-1,SMOOTH,SMOOTH,.000000000000000,.1849632079338486E-23,.1849632079338486E-23,1.000000000000000,.1654361225106055E-23,1.000000000000000,.000000000000000,1,1,1,1,0,-0.00000000000000000e+00,1.00000000000000000e+00,0.00000000000000000e+00,1.84963207933848584e-24,1.84963207933848584e-24,1.65436122510605498e-24,NULLSPACE,NULLSPACE_CONSISTENT
run1,I0,KPU,D1,.1000000000000000E-06,-1,SMOOTH,SMOOTH,.000000000000000,.1849632079338486E-23,.1849632079338486E-23,1.000000000000000,.1654361225106055E-23,1.000000000000000,.000000000000000,1,1,1,1,0,-0.00000000000000000e+00,1.00000000000000000e+00,0.00000000000000000e+00,1.84963207933848584e-24,1.84963207933848584e-24,1.65436122510605498e-24,NULLSPACE,NULLSPACE_CONSISTENT
run1,I0,KPU,D2,.1000000000000000E-01,-1,SMOOTH,SMOOTH,.000000000000000,.4454503923864526E-23,.4454503923864526E-23,1.000000000000000,.3308722450212111E-23,1.000000000000000,.000000000000000,1,1,1,1,0,,1.00000000000000000e+00,0.00000000000000000e+00,4.45450392386452594e-24,4.45450392386452594e-24,3.30872245021211070e-24,NULLSPACE,NULLSPACE_CONSISTENT
run1,I0,KPU,D2,.3000000000000000E-02,-1,SMOOTH,SMOOTH,.000000000000000,.4454503923864526E-23,.4454503923864526E-23,1.000000000000000,.3308722450212111E-23,1.000000000000000,.000000000000000,1,1,1,1,0,-0.00000000000000000e+00,1.00000000000000000e+00,0.00000000000000000e+00,4.45450392386452594e-24,4.45450392386452594e-24,3.30872245021211070e-24,NULLSPACE,NULLSPACE_CONSISTENT
run1,I0,KPU,D2,.1000000000000000E-02,-1,SMOOTH,SMOOTH,.000000000000000,.4454503923864526E-23,.4454503923864526E-23,1.000000000000000,.3308722450212111E-23,1.000000000000000,.000000000000000,1,1,1,1,0,-0.00000000000000000e+00,1.00000000000000000e+00,0.00000000000000000e+00,4.45450392386452594e-24,4.45450392386452594e-24,3.30872245021211070e-24,NULLSPACE,NULLSPACE_CONSISTENT
run1,I0,KPU,D2,.3000000000000000E-03,-1,SMOOTH,SMOOTH,.000000000000000,.4454503923864526E-23,.4454503923864526E-23,1.000000000000000,.3308722450212111E-23,1.000000000000000,.000000000000000,1,1,1,1,0,-0.00000000000000000e+00,1.00000000000000000e+00,0.00000000000000000e+00,4.45450392386452594e-24,4.45450392386452594e-24,3.30872245021211070e-24,NULLSPACE,NULLSPACE_CONSISTENT
run1,I0,KPU,D2,.1000000000000000E-03,-1,SMOOTH,SMOOTH,.000000000000000,.4454503923864526E-23,.4454503923864526E-23,1.000000000000000,.3308722450212111E-23,1.000000000000000,.000000000000000,1,1,1,1,0,-0.00000000000000000e+00,1.00000000000000000e+00,0.00000000000000000e+00,4.45450392386452594e-24,4.45450392386452594e-24,3.30872245021211070e-24,NULLSPACE,NULLSPACE_CONSISTENT
run1,I0,KPU,D2,.3000000000000000E-04,-1,SMOOTH,SMOOTH,.000000000000000,.4454503923864526E-23,.4454503923864526E-23,1.000000000000000,.3308722450212111E-23,1.000000000000000,.000000000000000,1,1,1,1,0,-0.00000000000000000e+00,1.00000000000000000e+00,0.00000000000000000e+00,4.45450392386452594e-24,4.45450392386452594e-24,3.30872245021211070e-24,NULLSPACE,NULLSPACE_CONSISTENT
run1,I0,KPU,D2,.1000000000000000E-04,-1,SMOOTH,SMOOTH,.000000000000000,.4454503923864526E-23,.4454503923864526E-23,1.000000000000000,.3308722450212111E-23,1.000000000000000,.000000000000000,1,1,1,1,0,-0.00000000000000000e+00,1.00000000000000000e+00,0.00000000000000000e+00,4.45450392386452594e-24,4.45450392386452594e-24,3.30872245021211070e-24,NULLSPACE,NULLSPACE_CONSISTENT
run1,I0,KPU,D2,.3000000000000000E-05,-1,SMOOTH,SMOOTH,.000000000000000,.4454503923864526E-23,.4454503923864526E-23,1.000000000000000,.3308722450212111E-23,1.000000000000000,.000000000000000,1,1,1,1,0,-0.00000000000000000e+00,1.00000000000000000e+00,0.00000000000000000e+00,4.45450392386452594e-24,4.45450392386452594e-24,3.30872245021211070e-24,NULLSPACE,NULLSPACE_CONSISTENT
run1,I0,KPU,D2,.1000000000000000E-05,-1,SMOOTH,SMOOTH,.000000000000000,.4454503923864526E-23,.4454503923864526E-23,1.000000000000000,.3308722450212111E-23,1.000000000000000,.000000000000000,1,1,1,1,0,-0.00000000000000000e+00,1.00000000000000000e+00,0.00000000000000000e+00,4.45450392386452594e-24,4.45450392386452594e-24,3.30872245021211070e-24,NULLSPACE,NULLSPACE_CONSISTENT
run1,I0,KPU,D2,.3000000000000000E-06,-1,SMOOTH,SMOOTH,.000000000000000,.4454503923864526E-23,.4454503923864526E-23,1.000000000000000,.3308722450212111E-23,1.000000000000000,.000000000000000,1,1,1,1,0,-0.00000000000000000e+00,1.00000000000000000e+00,0.00000000000000000e+00,4.45450392386452594e-24,4.45450392386452594e-24,3.30872245021211070e-24,NULLSPACE,NULLSPACE_CONSISTENT
run1,I0,KPU,D2,.1000000000000000E-06,-1,SMOOTH,SMOOTH,.000000000000000,.4454503923864526E-23,.4454503923864526E-23,1.000000000000000,.3308722450212111E-23,1.000000000000000,.000000000000000,1,1,1,1,0,-0.00000000000000000e+00,1.00000000000000000e+00,0.00000000000000000e+00,4.45450392386452594e-24,4.45450392386452594e-24,3.30872245021211070e-24,NULLSPACE,NULLSPACE_CONSISTENT
run1,I0,KPU,D3,.1000000000000000E-01,-1,SMOOTH,SMOOTH,.5988071690734220E-07,.5988071690736757E-07,.6229162241336681E-19,.1040261800968896E-11,.4483649792282431E-19,.1124173203954835E-11,1.000000000000000,1,1,1,1,0,,1.00000000000000000e+00,5.98807169073422034e-08,5.98807169073675747e-08,6.22916224133668061e-20,4.48364979228243121e-20,SMOOTH_INTERIOR,CONSISTENT_NUMERICALLY
run1,I0,KPU,D3,.3000000000000000E-02,-1,SMOOTH,SMOOTH,.5988071690788256E-07,.5988071690736757E-07,.5273213004228314E-18,.8806195510886009E-11,.3506981099428820E-18,.8792957437276449E-11,1.000000000000000,1,1,1,1,0,-1.77411241205314130e+00,1.00000000000000000e+00,5.98807169078825575e-08,5.98807169073675747e-08,5.27321300422831390e-19,3.50698109942881989e-19,SMOOTH_INTERIOR,CONSISTENT_NUMERICALLY
run1,I0,KPU,D3,.1000000000000000E-02,-1,SMOOTH,SMOOTH,.5988071690716435E-07,.5988071690736757E-07,.9330367423183532E-18,.1558158937478510E-10,.7938022204752879E-18,.1990278516026494E-10,1.000000000000000,1,1,1,1,0,-5.19413942304610909e-01,1.00000000000000000e+00,5.98807169071643530e-08,5.98807169073675747e-08,9.33036742318353242e-19,7.93802220475287902e-19,SMOOTH_INTERIOR,CONSISTENT_NUMERICALLY
run1,I0,KPU,D3,.3000000000000000E-03,-1,SMOOTH,SMOOTH,.5988071690548622E-07,.5988071690736757E-07,.5279067977968463E-17,.8815973239156294E-10,.5028966956746790E-17,.1260899079555748E-09,1.000000000000000,1,1,1,1,0,-1.43945133533051695e+00,1.00000000000000000e+00,5.98807169054862219e-08,5.98807169073675747e-08,5.27906797796846318e-18,5.02896695674679037e-18,SMOOTH_INTERIOR,CONSISTENT_NUMERICALLY
run1,I0,KPU,D3,.1000000000000000E-03,-1,SMOOTH,SMOOTH,.5988071690145648E-07,.5988071690736757E-07,.7543678456495749E-17,.1259784258789927E-09,.5028966956746790E-17,.1260899079602539E-09,.9999999999999998,1,1,1,1,0,-3.24919321289568463e-01,1.00000000000000000e+00,5.98807169014564759e-08,5.98807169073675747e-08,7.54367845649574922e-18,5.02896695674679037e-18,SMOOTH_INTERIOR,CONSISTENT_NUMERICALLY
run1,I0,KPU,D3,.3000000000000000E-04,-1,SMOOTH,SMOOTH,.5988071691876337E-07,.5988071690736757E-07,.3316703403211316E-16,.5538850524636990E-09,.3167579629675453E-16,.7941985449451482E-09,1.000000000000000,1,1,1,1,0,-1.22996674381048354e+00,1.00000000000000000e+00,5.98807169187633707e-08,5.98807169073675747e-08,3.31670340321131604e-17,3.16757962967545314e-17,SMOOTH_INTERIOR,CONSISTENT_NUMERICALLY
run1,I0,KPU,D3,.1000000000000000E-04,-1,SMOOTH,SMOOTH,.5988071698568799E-07,.5988071690736757E-07,.1047953790556291E-15,.1750068875773083E-08,.8814465724122625E-16,.2210026791053526E-08,.9999999999999998,1,1,1,1,0,-1.04718767304951865e+00,1.00000000000000000e+00,5.98807169856879865e-08,5.98807169073675747e-08,1.04795379055629099e-16,8.81446572412262477e-17,SMOOTH_INTERIOR,CONSISTENT_NUMERICALLY
run1,I0,KPU,D3,.3000000000000000E-05,-1,SMOOTH,SMOOTH,.5988071691357206E-07,.5988071690736757E-07,.3022612273278022E-15,.5047722253627432E-08,.2293168129111280E-15,.5749597498331457E-08,1.000000000000000,1,1,1,1,0,-8.79822162840426469e-01,1.00000000000000000e+00,5.98807169135720646e-08,5.98807169073675747e-08,3.02261227327802196e-16,2.29316812911128004e-16,SMOOTH_INTERIOR,CONSISTENT_NUMERICALLY
run1,I0,KPU,D3,.1000000000000000E-05,-1,SMOOTH,SMOOTH,.5988071697206305E-07,.5988071690736757E-07,.9664068506613104E-15,.1613886572387203E-07,.8182786635455770E-15,.2051647618701221E-07,.9999999999999998,1,1,1,1,0,-1.05796493754297471e+00,1.00000000000000000e+00,5.98807169720630512e-08,5.98807169073675747e-08,9.66406850661310414e-16,8.18278663545576952e-16,SMOOTH_INTERIOR,CONSISTENT_NUMERICALLY
run1,I0,KPU,D3,.3000000000000000E-06,-1,SMOOTH,SMOOTH,.5988071418530480E-07,.5988071690736757E-07,.3854637251693556E-14,.6437192890753936E-07,.2311782022234328E-14,.5796267601572410E-07,.9999999999999987,1,1,1,1,0,-1.14906853582006074e+00,1.00000000000000000e+00,5.98807141853048024e-08,5.98807169073675747e-08,3.85463725169355613e-15,2.31178202223432811e-15,SMOOTH_INTERIOR,CONSISTENT_NUMERICALLY
run1,I0,KPU,D3,.1000000000000000E-06,-1,SMOOTH,SMOOTH,.5988072274632732E-07,.5988071690736757E-07,.1110056750206692E-13,.1853779813094816E-06,.8981990603411380E-14,.2252029786708303E-06,.9999999999999877,1,1,1,1,0,-9.62777623898795065e-01,1.00000000000000000e+00,5.98807227463273235e-08,5.98807169073675747e-08,1.11005675020669198e-14,8.98199060341137981e-15,SMOOTH_INTERIOR,CONSISTENT_NUMERICALLY
run1,I0,KSU,D1,.1000000000000000E-01,-1,SMOOTH,SMOOTH,.000000000000000,.7759641962678239E-23,.7759641962678239E-23,1.000000000000000,.6617444900424221E-23,1.000000000000000,.000000000000000,1,1,1,1,0,,1.00000000000000000e+00,0.00000000000000000e+00,7.75964196267823868e-24,7.75964196267823868e-24,6.61744490042422066e-24,NULLSPACE,NULLSPACE_CONSISTENT
run1,I0,KSU,D1,.3000000000000000E-02,-1,SMOOTH,SMOOTH,.000000000000000,.7759641962678239E-23,.7759641962678239E-23,1.000000000000000,.6617444900424221E-23,1.000000000000000,.000000000000000,1,1,1,1,0,-0.00000000000000000e+00,1.00000000000000000e+00,0.00000000000000000e+00,7.75964196267823868e-24,7.75964196267823868e-24,6.61744490042422066e-24,NULLSPACE,NULLSPACE_CONSISTENT
run1,I0,KSU,D1,.1000000000000000E-02,-1,SMOOTH,SMOOTH,.000000000000000,.7759641962678239E-23,.7759641962678239E-23,1.000000000000000,.6617444900424221E-23,1.000000000000000,.000000000000000,1,1,1,1,0,-0.00000000000000000e+00,1.00000000000000000e+00,0.00000000000000000e+00,7.75964196267823868e-24,7.75964196267823868e-24,6.61744490042422066e-24,NULLSPACE,NULLSPACE_CONSISTENT
run1,I0,KSU,D1,.3000000000000000E-03,-1,SMOOTH,SMOOTH,.000000000000000,.7759641962678239E-23,.7759641962678239E-23,1.000000000000000,.6617444900424221E-23,1.000000000000000,.000000000000000,1,1,1,1,0,-0.00000000000000000e+00,1.00000000000000000e+00,0.00000000000000000e+00,7.75964196267823868e-24,7.75964196267823868e-24,6.61744490042422066e-24,NULLSPACE,NULLSPACE_CONSISTENT
run1,I0,KSU,D1,.1000000000000000E-03,-1,SMOOTH,SMOOTH,.000000000000000,.7759641962678239E-23,.7759641962678239E-23,1.000000000000000,.6617444900424221E-23,1.000000000000000,.000000000000000,1,1,1,1,0,-0.00000000000000000e+00,1.00000000000000000e+00,0.00000000000000000e+00,7.75964196267823868e-24,7.75964196267823868e-24,6.61744490042422066e-24,NULLSPACE,NULLSPACE_CONSISTENT
run1,I0,KSU,D1,.3000000000000000E-04,-1,SMOOTH,SMOOTH,.000000000000000,.7759641962678239E-23,.7759641962678239E-23,1.000000000000000,.6617444900424221E-23,1.000000000000000,.000000000000000,1,1,1,1,0,-0.00000000000000000e+00,1.00000000000000000e+00,0.00000000000000000e+00,7.75964196267823868e-24,7.75964196267823868e-24,6.61744490042422066e-24,NULLSPACE,NULLSPACE_CONSISTENT
run1,I0,KSU,D1,.1000000000000000E-04,-1,SMOOTH,SMOOTH,.000000000000000,.7759641962678239E-23,.7759641962678239E-23,1.000000000000000,.6617444900424221E-23,1.000000000000000,.000000000000000,1,1,1,1,0,-0.00000000000000000e+00,1.00000000000000000e+00,0.00000000000000000e+00,7.75964196267823868e-24,7.75964196267823868e-24,6.61744490042422066e-24,NULLSPACE,NULLSPACE_CONSISTENT
run1,I0,KSU,D1,.3000000000000000E-05,-1,SMOOTH,SMOOTH,.000000000000000,.7759641962678239E-23,.7759641962678239E-23,1.000000000000000,.6617444900424221E-23,1.000000000000000,.000000000000000,1,1,1,1,0,-0.00000000000000000e+00,1.00000000000000000e+00,0.00000000000000000e+00,7.75964196267823868e-24,7.75964196267823868e-24,6.61744490042422066e-24,NULLSPACE,NULLSPACE_CONSISTENT
run1,I0,KSU,D1,.1000000000000000E-05,-1,SMOOTH,SMOOTH,.000000000000000,.7759641962678239E-23,.7759641962678239E-23,1.000000000000000,.6617444900424221E-23,1.000000000000000,.000000000000000,1,1,1,1,0,-0.00000000000000000e+00,1.00000000000000000e+00,0.00000000000000000e+00,7.75964196267823868e-24,7.75964196267823868e-24,6.61744490042422066e-24,NULLSPACE,NULLSPACE_CONSISTENT
run1,I0,KSU,D1,.3000000000000000E-06,-1,SMOOTH,SMOOTH,.000000000000000,.7759641962678239E-23,.7759641962678239E-23,1.000000000000000,.6617444900424221E-23,1.000000000000000,.000000000000000,1,1,1,1,0,-0.00000000000000000e+00,1.00000000000000000e+00,0.00000000000000000e+00,7.75964196267823868e-24,7.75964196267823868e-24,6.61744490042422066e-24,NULLSPACE,NULLSPACE_CONSISTENT
run1,I0,KSU,D1,.1000000000000000E-06,-1,SMOOTH,SMOOTH,.000000000000000,.7759641962678239E-23,.7759641962678239E-23,1.000000000000000,.6617444900424221E-23,1.000000000000000,.000000000000000,1,1,1,1,0,-0.00000000000000000e+00,1.00000000000000000e+00,0.00000000000000000e+00,7.75964196267823868e-24,7.75964196267823868e-24,6.61744490042422066e-24,NULLSPACE,NULLSPACE_CONSISTENT
run1,I0,KSU,D2,.1000000000000000E-01,-1,SMOOTH,SMOOTH,.000000000000000,.5231549544001671E-23,.5231549544001671E-23,1.000000000000000,.3308722450212111E-23,1.000000000000000,.000000000000000,1,1,1,1,0,,1.00000000000000000e+00,0.00000000000000000e+00,5.23154954400167125e-24,5.23154954400167125e-24,3.30872245021211070e-24,NULLSPACE,NULLSPACE_CONSISTENT
run1,I0,KSU,D2,.3000000000000000E-02,-1,SMOOTH,SMOOTH,.000000000000000,.5231549544001671E-23,.5231549544001671E-23,1.000000000000000,.3308722450212111E-23,1.000000000000000,.000000000000000,1,1,1,1,0,-0.00000000000000000e+00,1.00000000000000000e+00,0.00000000000000000e+00,5.23154954400167125e-24,5.23154954400167125e-24,3.30872245021211070e-24,NULLSPACE,NULLSPACE_CONSISTENT
run1,I0,KSU,D2,.1000000000000000E-02,-1,SMOOTH,SMOOTH,.000000000000000,.5231549544001671E-23,.5231549544001671E-23,1.000000000000000,.3308722450212111E-23,1.000000000000000,.000000000000000,1,1,1,1,0,-0.00000000000000000e+00,1.00000000000000000e+00,0.00000000000000000e+00,5.23154954400167125e-24,5.23154954400167125e-24,3.30872245021211070e-24,NULLSPACE,NULLSPACE_CONSISTENT
run1,I0,KSU,D2,.3000000000000000E-03,-1,SMOOTH,SMOOTH,.000000000000000,.5231549544001671E-23,.5231549544001671E-23,1.000000000000000,.3308722450212111E-23,1.000000000000000,.000000000000000,1,1,1,1,0,-0.00000000000000000e+00,1.00000000000000000e+00,0.00000000000000000e+00,5.23154954400167125e-24,5.23154954400167125e-24,3.30872245021211070e-24,NULLSPACE,NULLSPACE_CONSISTENT
run1,I0,KSU,D2,.1000000000000000E-03,-1,SMOOTH,SMOOTH,.000000000000000,.5231549544001671E-23,.5231549544001671E-23,1.000000000000000,.3308722450212111E-23,1.000000000000000,.000000000000000,1,1,1,1,0,-0.00000000000000000e+00,1.00000000000000000e+00,0.00000000000000000e+00,5.23154954400167125e-24,5.23154954400167125e-24,3.30872245021211070e-24,NULLSPACE,NULLSPACE_CONSISTENT
run1,I0,KSU,D2,.3000000000000000E-04,-1,SMOOTH,SMOOTH,.000000000000000,.5231549544001671E-23,.5231549544001671E-23,1.000000000000000,.3308722450212111E-23,1.000000000000000,.000000000000000,1,1,1,1,0,-0.00000000000000000e+00,1.00000000000000000e+00,0.00000000000000000e+00,5.23154954400167125e-24,5.23154954400167125e-24,3.30872245021211070e-24,NULLSPACE,NULLSPACE_CONSISTENT
run1,I0,KSU,D2,.1000000000000000E-04,-1,SMOOTH,SMOOTH,.000000000000000,.5231549544001671E-23,.5231549544001671E-23,1.000000000000000,.3308722450212111E-23,1.000000000000000,.000000000000000,1,1,1,1,0,-0.00000000000000000e+00,1.00000000000000000e+00,0.00000000000000000e+00,5.23154954400167125e-24,5.23154954400167125e-24,3.30872245021211070e-24,NULLSPACE,NULLSPACE_CONSISTENT
run1,I0,KSU,D2,.3000000000000000E-05,-1,SMOOTH,SMOOTH,.000000000000000,.5231549544001671E-23,.5231549544001671E-23,1.000000000000000,.3308722450212111E-23,1.000000000000000,.000000000000000,1,1,1,1,0,-0.00000000000000000e+00,1.00000000000000000e+00,0.00000000000000000e+00,5.23154954400167125e-24,5.23154954400167125e-24,3.30872245021211070e-24,NULLSPACE,NULLSPACE_CONSISTENT
run1,I0,KSU,D2,.1000000000000000E-05,-1,SMOOTH,SMOOTH,.000000000000000,.5231549544001671E-23,.5231549544001671E-23,1.000000000000000,.3308722450212111E-23,1.000000000000000,.000000000000000,1,1,1,1,0,-0.00000000000000000e+00,1.00000000000000000e+00,0.00000000000000000e+00,5.23154954400167125e-24,5.23154954400167125e-24,3.30872245021211070e-24,NULLSPACE,NULLSPACE_CONSISTENT
run1,I0,KSU,D2,.3000000000000000E-06,-1,SMOOTH,SMOOTH,.000000000000000,.5231549544001671E-23,.5231549544001671E-23,1.000000000000000,.3308722450212111E-23,1.000000000000000,.000000000000000,1,1,1,1,0,-0.00000000000000000e+00,1.00000000000000000e+00,0.00000000000000000e+00,5.23154954400167125e-24,5.23154954400167125e-24,3.30872245021211070e-24,NULLSPACE,NULLSPACE_CONSISTENT
run1,I0,KSU,D2,.1000000000000000E-06,-1,SMOOTH,SMOOTH,.000000000000000,.5231549544001671E-23,.5231549544001671E-23,1.000000000000000,.3308722450212111E-23,1.000000000000000,.000000000000000,1,1,1,1,0,-0.00000000000000000e+00,1.00000000000000000e+00,0.00000000000000000e+00,5.23154954400167125e-24,5.23154954400167125e-24,3.30872245021211070e-24,NULLSPACE,NULLSPACE_CONSISTENT
run1,I0,KSU,D3,.1000000000000000E-01,-1,SMOOTH,SMOOTH,.1051928953667399E-06,.1051928953626398E-06,.1266337997858880E-16,.1203824643711893E-09,.1129454907692565E-16,.1611228934279478E-09,.9999999999999999,1,1,1,1,0,,1.00000000000000000e+00,1.05192895366739905e-07,1.05192895362639803e-07,1.26633799785887994e-17,1.12945490769256497e-17,SMOOTH_INTERIOR,CONSISTENT_NUMERICALLY
run1,I0,KSU,D3,.3000000000000000E-02,-1,SMOOTH,SMOOTH,.1051928953722225E-06,.1051928953626398E-06,.3594424338280060E-16,.3416983937519048E-09,.3307183232528272E-16,.4717876986031361E-09,.9999999999999999,1,1,1,1,0,-8.66510088225078134e-01,1.00000000000000000e+00,1.05192895372222498e-07,1.05192895362639803e-07,3.59442433828005990e-17,3.30718323252827203e-17,SMOOTH_INTERIOR,CONSISTENT_NUMERICALLY
run1,I0,KSU,D3,.1000000000000000E-02,-1,SMOOTH,SMOOTH,.1051928952939692E-06,.1051928953626398E-06,.1591179912991328E-15,.1512630589267390E-08,.1404937550710450E-15,.2004219927247697E-08,1.000000000000000,1,1,1,1,0,-1.35414202361327285e+00,1.00000000000000000e+00,1.05192895293969201e-07,1.05192895362639803e-07,1.59117991299132798e-16,1.40493755071044991e-16,SMOOTH_INTERIOR,CONSISTENT_NUMERICALLY
run1,I0,KSU,D3,.3000000000000000E-03,-1,SMOOTH,SMOOTH,.1051928951384841E-06,.1051928953626398E-06,.2902236646571277E-15,.2758966407917727E-08,.1763822498786341E-15,.2516188850107811E-08,1.000000000000000,1,1,1,1,0,-4.99185588194858698e-01,1.00000000000000000e+00,1.05192895138484101e-07,1.05192895362639803e-07,2.90223664657127713e-16,1.76382249878634102e-16,SMOOTH_INTERIOR,CONSISTENT_NUMERICALLY
run1,I0,KSU,D3,.1000000000000000E-03,-1,SMOOTH,SMOOTH,.1051928947895835E-06,.1051928953626398E-06,.1389251980043670E-14,.1320670921029782E-07,.1224695927556549E-14,.1747095436083059E-07,1.000000000000000,1,1,1,1,0,-1.42531525490721056e+00,1.00000000000000000e+00,1.05192894789583500e-07,1.05192895362639803e-07,1.38925198004367004e-15,1.22469592755654901e-15,SMOOTH_INTERIOR,CONSISTENT_NUMERICALLY
run1,I0,KSU,D3,.3000000000000000E-04,-1,SMOOTH,SMOOTH,.1051928931809025E-06,.1051928953626398E-06,.3310714579912129E-14,.3147279641366311E-07,.2670298828615519E-14,.3809326700187543E-07,.9999999999999999,1,1,1,1,0,-7.21277581770116138e-01,1.00000000000000000e+00,1.05192893180902497e-07,1.05192895362639803e-07,3.31071457991212886e-15,2.67029882861551897e-15,SMOOTH_INTERIOR,CONSISTENT_NUMERICALLY
run1,I0,KSU,D3,.1000000000000000E-04,-1,SMOOTH,SMOOTH,.1051928897530594E-06,.1051928953626398E-06,.1142010698444530E-13,.1085634818309341E-06,.9898313307440585E-14,.1412048298294938E-06,.9999999999999954,1,1,1,1,0,-1.12706869735751236e+00,1.00000000000000000e+00,1.05192889753059395e-07,1.05192895362639803e-07,1.14201069844453005e-14,9.89831330744058487e-15,SMOOTH_INTERIOR,CONSISTENT_NUMERICALLY
run1,I0,KSU,D3,.3000000000000000E-05,-1,SMOOTH,SMOOTH,.1051929305084904E-06,.1051928953626398E-06,.5285596202800226E-13,.5024668651448600E-06,.4792580256286461E-13,.6836872059293465E-06,.9999999999999297,1,1,1,1,0,-1.27261590832311255e+00,1.00000000000000000e+00,1.05192930508490401e-07,1.05192895362639803e-07,5.28559620280022614e-14,4.79258025628646086e-14,SMOOTH_INTERIOR,CONSISTENT_NUMERICALLY
run1,I0,KSU,D3,.1000000000000000E-05,-1,SMOOTH,SMOOTH,.1051928034600264E-06,.1051928953626398E-06,.1158437626795223E-12,.1101250823833348E-05,.9663448710628094E-13,.1378543584516125E-05,.9999999999997754,1,1,1,1,0,-7.14239137478882347e-01,1.00000000000000000e+00,1.05192803460026394e-07,1.05192895362639803e-07,1.15843762679522291e-13,9.66344871062809396e-14,SMOOTH_INTERIOR,CONSISTENT_NUMERICALLY
run1,I0,KSU,D3,.3000000000000000E-06,-1,SMOOTH,SMOOTH,.1051931607454073E-06,.1051928953626398E-06,.4537289106018739E-12,.4313292873668914E-05,.4364425162961547E-12,.6226079499652754E-05,.9999999999938801,1,1,1,1,0,-1.13396041154453497e+00,1.00000000000000000e+00,1.05193160745407303e-07,1.05192895362639803e-07,4.53728910601873894e-13,4.36442516296154724e-13,SMOOTH_INTERIOR,CONSISTENT_NUMERICALLY
run1,I0,KSU,D3,.1000000000000000E-06,-1,SMOOTH,SMOOTH,.1051936882634672E-06,.1051928953626398E-06,.1341744963904492E-11,.1275499496266324E-04,.1204408119876324E-11,.1718124253561638E-04,.9999999999470619,1,1,1,1,0,-9.86905355391017092e-01,1.00000000000000000e+00,1.05193688263467205e-07,1.05192895362639803e-07,1.34174496390449203e-12,1.20440811987632398e-12,SMOOTH_INTERIOR,CONSISTENT_NUMERICALLY
run1,I0,KUP,D1,.1000000000000000E-01,-1,SMOOTH,SMOOTH,7071067.811865343,7071067.811865475,.1605052792305056E-06,.2269887427202617E-13,.9266659617424011E-07,.3706663846969604E-13,1.000000000000000,1,1,1,1,0,,7.00000000000000000e+06,1.01015254455219172e+00,1.01015254455221082e+00,2.29293256043579404e-14,1.32380851677485876e-14,SMOOTH_INTERIOR,CONSISTENT_NUMERICALLY
run1,I0,KUP,D1,.3000000000000000E-02,-1,SMOOTH,SMOOTH,7071067.811864926,7071067.811865475,.6581064301755753E-06,.9307030390392410E-13,.3105960786342621E-06,.1242384314537048E-12,.9999999999999999,1,1,1,1,0,-1.17198646575051235e+00,7.00000000000000000e+06,1.01015254455213221e+00,1.01015254455221082e+00,9.40152043107964720e-14,4.43708683763231535e-14,SMOOTH_INTERIOR,CONSISTENT_NUMERICALLY
run1,I0,KUP,D1,.1000000000000000E-02,-1,SMOOTH,SMOOTH,7071067.811865805,7071067.811865475,.1141393285200675E-05,.1614173863932301E-12,.4661269485950470E-06,.1864507794379841E-12,.9999999999999999,1,1,1,1,0,-5.01212588446442564e-01,7.00000000000000000e+06,1.01015254455225789e+00,1.01015254455221082e+00,1.63056183600096412e-13,6.65895640850067169e-14,SMOOTH_INTERIOR,CONSISTENT_NUMERICALLY
run1,I0,KUP,D1,.3000000000000000E-03,-1,SMOOTH,SMOOTH,7071067.811868769,7071067.811865475,.3803629427982260E-05,.5379144323291424E-12,.1552980393171310E-05,.6211921572681384E-12,1.000000000000000,1,1,1,1,0,-9.99778419455519041e-01,7.00000000000000000e+06,1.01015254455268133e+00,1.01015254455221082e+00,5.43375632568894306e-13,2.21854341881615704e-13,SMOOTH_INTERIOR,CONSISTENT_NUMERICALLY
run1,I0,KUP,D1,.1000000000000000E-03,-1,SMOOTH,SMOOTH,7071067.811845719,7071067.811865475,.2082396461311690E-04,.2944953317824733E-11,.9312760084867477E-05,.3725104033946991E-11,1.000000000000000,1,1,1,1,0,-1.54754207864439519e+00,7.00000000000000000e+06,1.01015254454938841e+00,1.01015254455221082e+00,2.97485208758812824e-12,1.33039429783821114e-12,SMOOTH_INTERIOR,CONSISTENT_NUMERICALLY
run1,I0,KUP,D1,.3000000000000000E-04,-1,SMOOTH,SMOOTH,7071067.811909378,7071067.811865475,.4390351598964220E-04,.6208894774803055E-11,.1552235335111618E-04,.6208941340407922E-11,.9999999999999999,1,1,1,1,0,-6.19523910104200715e-01,7.00000000000000000e+06,1.01015254455848247e+00,1.01015254455221082e+00,6.27193085566317130e-12,2.21747905015945422e-12,SMOOTH_INTERIOR,CONSISTENT_NUMERICALLY
run1,I0,KUP,D1,.1000000000000000E-04,-1,SMOOTH,SMOOTH,7071067.811799621,7071067.811865475,.9313132614130156E-04,.1317075845108206E-10,.4656566306948662E-04,.1862626522779465E-10,.9999999999999999,1,1,1,1,0,-6.84514642803228823e-01,7.00000000000000000e+06,1.01015254454280301e+00,1.01015254455221082e+00,1.33044751630430795e-11,6.65223758135523122e-12,SMOOTH_INTERIOR,CONSISTENT_NUMERICALLY
run1,I0,KUP,D1,.3000000000000000E-05,-1,SMOOTH,SMOOTH,7071067.811755718,7071067.811865475,.2195139579368714E-03,.3104396164445207E-10,.1552198082208633E-03,.6208792328834534E-10,.9999999999999999,1,1,1,1,0,-7.12146662276142983e-01,7.00000000000000000e+06,1.01015254453653114e+00,1.01015254455221082e+00,3.13591368481244905e-11,2.21742583172661855e-11,SMOOTH_INTERIOR,CONSISTENT_NUMERICALLY
run1,I0,KUP,D1,.1000000000000000E-05,-1,SMOOTH,SMOOTH,7071067.811536203,7071067.811865475,.6585438494388698E-03,.9313216432938351E-10,.4656608216464520E-03,.1862643286585808E-09,.9999999999999999,1,1,1,1,0,-1.00000273071722456e+00,7.00000000000000000e+06,1.01015254450517178e+00,1.01015254455221082e+00,9.40776927769813980e-11,6.65229745209217126e-11,SMOOTH_INTERIOR,CONSISTENT_NUMERICALLY
run1,I0,KUP,D1,.3000000000000000E-06,-1,SMOOTH,SMOOTH,7071067.812963050,7071067.811865475,.3802109630204482E-02,.5376995003829912E-09,.1552205067127943E-02,.6208820264656828E-09,.9999999999999999,1,1,1,1,0,-1.45624572445480083e+00,7.00000000000000000e+06,1.01015254470900717e+00,1.01015254455221082e+00,5.43158518600640295e-10,2.21743581018277584e-10,SMOOTH_INTERIOR,CONSISTENT_NUMERICALLY
run1,I0,KUP,D1,.1000000000000000E-06,-1,SMOOTH,SMOOTH,7071067.808572753,7071067.811865475,.6585444421282750E-02,.9313224814832304E-09,.4656612407416105E-02,.1862644962966442E-08,.9999999999999999,1,1,1,1,0,-4.99999635904304796e-01,7.00000000000000000e+06,1.01015254408182198e+00,1.01015254455221082e+00,9.40777774468964363e-10,6.65230343916586517e-10,SMOOTH_INTERIOR,CONSISTENT_NUMERICALLY
run1,I0,KUP,D2,.1000000000000000E-01,-1,SMOOTH,SMOOTH,.1613098017469865E-06,.8231806349783991E-10,.1613098227508656E-06,1.000000130208325,.9313225746154785E-07,1.000000000000000,.000000000000000,1,1,1,1,0,,7.00000000000000000e+06,2.30442573924266410e-14,1.17597233568342727e-17,2.30442603929807995e-14,1.33046082087925500e-14,NULLSPACE,NULLSPACE_CONSISTENT
run1,I0,KUP,D2,.3000000000000000E-02,-1,SMOOTH,SMOOTH,.4390296719884795E-06,.8231806349783991E-10,.4389885187452621E-06,.9999062631848297,.1552204291025797E-06,1.000000000000000,.4999999999999999,1,1,1,1,0,-8.31535708495762971e-01,7.00000000000000000e+06,6.27185245697827940e-14,1.17597233568342727e-17,6.27126455350374389e-14,2.21743470146542415e-14,NULLSPACE,NULLSPACE_CONSISTENT
run1,I0,KUP,D2,.1000000000000000E-02,-1,SMOOTH,SMOOTH,.1140632546871518E-05,.8231806349783991E-10,.1140680075207820E-05,1.000041668402705,.4657194949686527E-06,1.000125000000000,-.5773502691896258,1,1,1,1,0,-8.69193500778360439e-01,7.00000000000000000e+06,1.62947506695931131e-13,1.17597233568342727e-17,1.62954296458259989e-13,6.65313564240932417e-14,NULLSPACE,NULLSPACE_CONSISTENT
run1,I0,KUP,D2,.3000000000000000E-03,-1,SMOOTH,SMOOTH,.3104408582051595E-05,.8231806349783991E-10,.3104350374936389E-05,.9999812501757845,.1552204291025798E-05,1.000000000000000,.7071067811865476,1,1,1,1,0,-8.31563494740052200e-01,7.00000000000000000e+06,4.43486940293085007e-13,1.17597233568342727e-17,4.43478624990912735e-13,2.21743470146542579e-13,NULLSPACE,NULLSPACE_CONSISTENT
run1,I0,KUP,D2,.1000000000000000E-03,-1,SMOOTH,SMOOTH,.1613098017469866E-04,.8231806349783991E-10,.1613098017490870E-04,1.000000000013021,.9313225746154785E-05,1.000000000000000,.000000000000000,1,1,1,1,0,-1.50001706699734760e+00,7.00000000000000000e+06,2.30442573924266565e-12,1.17597233568342727e-17,2.30442573927267115e-12,1.33046082087925502e-12,NULLSPACE,NULLSPACE_CONSISTENT
run1,I0,KUP,D2,.3000000000000000E-04,-1,SMOOTH,SMOOTH,.2195148359942397E-04,.8231806349783991E-10,.2195148359957832E-04,1.000000000007031,.1552204291025798E-04,1.000000000000000,.000000000000000,1,1,1,1,0,-2.55897034051703109e-01,7.00000000000000000e+06,3.13592622848913889e-12,1.17597233568342727e-17,3.13592622851118883e-12,2.21743470146542564e-12,NULLSPACE,NULLSPACE_CONSISTENT
run1,I0,KUP,D2,.1000000000000000E-04,-1,SMOOTH,SMOOTH,.1140632546871518E-03,.8231806349783991E-10,.1140632546871815E-03,1.000000000000260,.4656612873077392E-04,1.000000000000000,.000000000000000,1,1,1,1,0,-1.49999999999383715e+00,7.00000000000000000e+06,1.62947506695931139e-11,1.17597233568342727e-17,1.62947506695973565e-11,6.65230410439627410e-12,NULLSPACE,NULLSPACE_CONSISTENT
run1,I0,KUP,D2,.3000000000000000E-05,-1,SMOOTH,SMOOTH,.000000000000000,.8231806349783991E-10,.8231806349783991E-10,1.000000000000000,.5820766091346741E-10,1.000000000000000,.000000000000000,1,1,1,1,0,1.17458410191431408e+01,7.00000000000000000e+06,0.00000000000000000e+00,1.17597233568342727e-17,1.17597233568342727e-17,8.31538013049534329e-18,NULLSPACE,NULLSPACE_CONSISTENT
run1,I0,KUP,D2,.1000000000000000E-05,-1,SMOOTH,SMOOTH,.6585445079827192E-03,.8231806349783991E-10,.6585445079827244E-03,1.000000000000008,.4656612873077393E-03,1.000000000000000,.000000000000000,1,1,1,1,0,-1.44682089064506858e+01,7.00000000000000000e+06,9.40777868546741716e-11,1.17597233568342727e-17,9.40777868546749212e-11,6.65230410439627603e-11,NULLSPACE,NULLSPACE_CONSISTENT
run1,I0,KUP,D2,.3000000000000000E-06,-1,SMOOTH,SMOOTH,.5376993391566219E-02,.8231806349783991E-10,.5376993391566220E-02,1.000000000000000,.3104408582051595E-02,1.000000000000000,.000000000000000,1,1,1,1,0,-1.74410296594331538e+00,7.00000000000000000e+06,7.68141913080888398e-10,1.17597233568342727e-17,7.68141913080888501e-10,4.43486940293085035e-10,NULLSPACE,NULLSPACE_CONSISTENT
run1,I0,KUP,D2,.1000000000000000E-06,-1,SMOOTH,SMOOTH,.1742344995389665E-01,.8231806349783991E-10,.1742344992278335E-01,.9999999982142855,.9313225746154785E-02,1.000000000000000,.3779644730092272,1,1,1,1,0,-1.07015699616955517e+00,7.00000000000000000e+06,2.48906427912809262e-09,1.17597233568342727e-17,2.48906427468333562e-09,1.33046082087925505e-09,NULLSPACE,NULLSPACE_CONSISTENT
run1,I0,KUP,D3,.1000000000000000E-01,-1,SMOOTH,SMOOTH,6437264.263530909,6437264.263530838,.1331319023935436E-06,.2068144120597581E-13,.5308538675308228E-07,.2127251463783629E-13,1.000000000000000,1,1,1,1,0,,7.00000000000000000e+06,9.19609180504415535e-01,9.19609180504405432e-01,1.90188431990776581e-14,7.58362667901175404e-15,SMOOTH_INTERIOR,CONSISTENT_NUMERICALLY
run1,I0,KUP,D3,.3000000000000000E-02,-1,SMOOTH,SMOOTH,6437264.263530779,6437264.263530838,.7556636819410243E-07,.1173889483180147E-13,.4377216100692749E-07,.1754049452593549E-13,.9999999999999998,1,1,1,1,0,4.70383602523299083e-01,7.00000000000000000e+06,9.19609180504396995e-01,9.19609180504405432e-01,1.07951954563003473e-14,6.25316585813249858e-15,SMOOTH_INTERIOR,CONSISTENT_NUMERICALLY
run1,I0,KUP,D3,.1000000000000000E-02,-1,SMOOTH,SMOOTH,6437264.263531495,6437264.263530838,.1745362737074741E-05,.2711342374061916E-12,.9317882359027863E-06,.3733886121956217E-12,.9999999999999998,1,1,1,1,0,-2.85788389463889692e+00,7.00000000000000000e+06,9.19609180504499246e-01,9.19609180504405432e-01,2.49337533867820161e-13,1.33112605128969473e-13,SMOOTH_INTERIOR,CONSISTENT_NUMERICALLY
run1,I0,KUP,D3,.3000000000000000E-03,-1,SMOOTH,SMOOTH,6437264.263533079,6437264.263530838,.3023042036543085E-05,.4696159599456765E-12,.1242384314537048E-05,.4978514829276159E-12,1.000000000000000,1,1,1,1,0,-4.56240550448925641e-01,7.00000000000000000e+06,9.19609180504725621e-01,9.19609180504405432e-01,4.31863148077583577e-13,1.77483473505292563e-13,SMOOTH_INTERIOR,CONSISTENT_NUMERICALLY
run1,I0,KUP,D3,.1000000000000000E-03,-1,SMOOTH,SMOOTH,6437264.263538537,6437264.263530838,.1133661501954492E-04,.1761092065733097E-11,.7406808435916901E-05,.2968075594994999E-11,1.000000000000000,1,1,1,1,0,-1.20313066487880027e+00,7.00000000000000000e+06,9.19609180505505219e-01,9.19609180504405432e-01,1.61951643136355993e-12,1.05811549084527143e-12,SMOOTH_INTERIOR,CONSISTENT_NUMERICALLY
run1,I0,KUP,D3,.3000000000000000E-04,-1,SMOOTH,SMOOTH,6437264.263534917,6437264.263530838,.2985561109474801E-04,.4637934667972337E-11,.1587625592947006E-04,.6361974684735016E-11,1.000000000000000,1,1,1,1,0,-8.04283153644241966e-01,7.00000000000000000e+06,9.19609180504988077e-01,9.19609180504405432e-01,4.26508729924971610e-12,2.26803656135286541e-12,SMOOTH_INTERIOR,CONSISTENT_NUMERICALLY
run1,I0,KUP,D3,.1000000000000000E-04,-1,SMOOTH,SMOOTH,6437264.263581697,6437264.263530838,.9432923501943548E-04,.1465362165618950E-10,.5555059760808945E-04,.2226038036096137E-10,.9999999999999998,1,1,1,1,0,-1.04715592236427302e+00,7.00000000000000000e+06,9.19609180511670954e-01,9.19609180504405432e-01,1.34756050027764973e-11,7.93579965829849317e-12,SMOOTH_INTERIOR,CONSISTENT_NUMERICALLY
run1,I0,KUP,D3,.3000000000000000E-05,-1,SMOOTH,SMOOTH,6437264.264009153,6437264.263530838,.5707038465483788E-03,.8865627122676834E-10,.2650918904691935E-03,.1062283137652752E-09,1.000000000000000,1,1,1,1,0,-1.49511620868651574e+00,7.00000000000000000e+06,9.19609180572736107e-01,9.19609180504405432e-01,8.15291209354826830e-11,3.78702700670276421e-11,SMOOTH_INTERIOR,CONSISTENT_NUMERICALLY
run1,I0,KUP,D3,.1000000000000000E-05,-1,SMOOTH,SMOOTH,6437264.264433508,6437264.263530838,.1310130332189661E-02,.2035228442349734E-09,.8223140612244606E-03,.3295198353851608E-09,1.000000000000000,1,1,1,1,0,-7.56419250417976863e-01,7.00000000000000000e+06,9.19609180633358281e-01,9.19609180504405432e-01,1.87161476027094432e-10,1.17473437317780092e-10,SMOOTH_INTERIOR,CONSISTENT_NUMERICALLY
run1,I0,KUP,D3,.3000000000000000E-06,-1,SMOOTH,SMOOTH,6437264.267685372,6437264.263530838,.5084349084587070E-02,.7898307220522476E-09,.2748618833720684E-02,.1101433707898486E-08,1.000000000000000,1,1,1,1,0,-1.12630483594402087e+00,7.00000000000000000e+06,9.19609181097910344e-01,9.19609180504405432e-01,7.26335583512438582e-10,3.92659833388669130e-10,SMOOTH_INTERIOR,CONSISTENT_NUMERICALLY
run1,I0,KUP,D3,.1000000000000000E-06,-1,SMOOTH,SMOOTH,6437264.276580363,6437264.263530838,.1616043604275158E-01,.2510450922691714E-08,.1031719194725156E-01,.4134332063464353E-08,1.000000000000000,1,1,1,1,0,-1.05259975075617151e+00,7.00000000000000000e+06,9.19609182368623213e-01,9.19609180504405432e-01,2.30863372039308300e-09,1.47388456389307998e-09,SMOOTH_INTERIOR,CONSISTENT_NUMERICALLY
run1,I0,KUS,D1,.1000000000000000E-01,-1,SMOOTH,SMOOTH,360.2448851746395,360.2444385180982,.4466565459438470E-03,.1239869223201647E-05,.1580754415044794E-03,.1239648499052775E-05,.9999999999999999,1,1,1,1,0,,1.00000000000000000e+00,3.60244885174639478e+02,3.60244438518098207e+02,4.46656545943847016e-04,1.58075441504479413e-04,SMOOTH_INTERIOR,CONSISTENT_NUMERICALLY
run1,I0,KUS,D1,.3000000000000000E-02,-1,SMOOTH,SMOOTH,360.2444786109741,360.2444385180982,.4009463071039350E-04,.1112983906512317E-06,.1431911540805686E-04,.1122925218179833E-06,.9999999999999999,1,1,1,1,0,2.00216110295284011e+00,1.00000000000000000e+00,3.60244478610974113e+02,3.60244438518098207e+02,4.00946307103934981e-05,1.43191154080568595e-05,SMOOTH_INTERIOR,CONSISTENT_NUMERICALLY
run1,I0,KUS,D1,.1000000000000000E-02,-1,SMOOTH,SMOOTH,360.2444424998910,360.2444385180982,.4117344266645335E-05,.1142930682864478E-07,.1901481084587431E-05,.1491168428951271E-07,.9999999999999999,1,1,1,1,0,2.07173548965517007e+00,1.00000000000000000e+00,3.60244442499891022e+02,3.60244438518098207e+02,4.11734426664533472e-06,1.90148108458743103e-06,SMOOTH_INTERIOR,CONSISTENT_NUMERICALLY
run1,I0,KUS,D1,.3000000000000000E-03,-1,SMOOTH,SMOOTH,360.2444356943500,360.2444385180982,.3990697765043478E-05,.1107774982303576E-07,.1866953695639495E-05,.1464091571453415E-07,.9999999999999999,1,1,1,1,0,2.59493120313300449e-02,1.00000000000000000e+00,3.60244435694349988e+02,3.60244438518098207e+02,3.99069776504347821e-06,1.86695369563949498e-06,SMOOTH_INTERIOR,CONSISTENT_NUMERICALLY
run1,I0,KUS,D1,.1000000000000000E-03,-1,SMOOTH,SMOOTH,360.2444411900052,360.2444385180982,.7902066817313672E-05,.2193529146823352E-07,.5105708623887040E-05,.4003968968637878E-07,.9999999999999998,1,1,1,1,0,-6.21837440449032774e-01,1.00000000000000000e+00,3.60244441190005205e+02,3.60244438518098207e+02,7.90206681731367189e-06,5.10570862388703972e-06,SMOOTH_INTERIOR,CONSISTENT_NUMERICALLY
run1,I0,KUS,D1,.3000000000000000E-04,-1,SMOOTH,SMOOTH,360.2444400891876,360.2444385180982,.2119881944616107E-04,.5884565335945995E-07,.9184584271793028E-05,.7202680896125381E-07,.9999999999999981,1,1,1,1,0,-8.19637405744814251e-01,1.00000000000000000e+00,3.60244440089187606e+02,3.60244438518098207e+02,2.11988194461610691e-05,9.18458427179302817e-06,SMOOTH_INTERIOR,CONSISTENT_NUMERICALLY
run1,I0,KUS,D1,.1000000000000000E-04,-1,SMOOTH,SMOOTH,360.2444510779059,360.2444385180982,.5711455744409779E-04,.1585438922742665E-06,.3849035785208343E-04,.3018468462559174E-06,.9999999999999880,1,1,1,1,0,-9.02150419440684748e-01,1.00000000000000000e+00,3.60244451077905921e+02,3.60244438518098207e+02,5.71145574440977879e-05,3.84903578520834276e-05,SMOOTH_INTERIOR,CONSISTENT_NUMERICALLY
run1,I0,KUS,D1,.3000000000000000E-05,-1,SMOOTH,SMOOTH,360.2441987463597,360.2444385180982,.3588817704990073E-03,.9962173794418691E-06,.2236460593820766E-03,.1753863604025163E-05,.9999999999997253,1,1,1,1,0,-1.52655771534613538e+00,1.00000000000000000e+00,3.60244198746359700e+02,3.60244438518098207e+02,3.58881770499007284e-04,2.23646059382076601e-04,SMOOTH_INTERIOR,CONSISTENT_NUMERICALLY
run1,I0,KUS,D1,.1000000000000000E-05,-1,SMOOTH,SMOOTH,360.2450764810829,360.2444385180982,.7909504393617928E-03,.2195589866453947E-05,.4135460590646289E-03,.3243085899145603E-05,.9999999999991579,1,1,1,1,0,-7.19309545433692410e-01,1.00000000000000000e+00,3.60245076481082890e+02,3.60244438518098207e+02,7.90950439361792833e-04,4.13546059064628881e-04,SMOOTH_INTERIOR,CONSISTENT_NUMERICALLY
run1,I0,KUS,D1,.3000000000000000E-06,-1,SMOOTH,SMOOTH,360.2448551579590,360.2444385180982,.2551229233320103E-02,.7081931072135502E-05,.1328558231662669E-02,.1041874211291616E-04,.9999999999755919,1,1,1,1,0,-9.72692456130712424e-01,1.00000000000000000e+00,3.60244855157959023e+02,3.60244438518098207e+02,2.55122923332010317e-03,1.32855823166266895e-03,SMOOTH_INTERIOR,CONSISTENT_NUMERICALLY
run1,I0,KUS,D1,.1000000000000000E-06,-1,SMOOTH,SMOOTH,360.2503417373885,360.2444385180982,.6888166289691243E-02,.1912049897432854E-04,.3673175070218804E-02,.2880544624428912E-04,.9999999999514601,1,1,1,1,0,-9.04076555229992640e-01,1.00000000000000000e+00,3.60250341737388510e+02,3.60244438518098207e+02,6.88816628969124260e-03,3.67317507021880417e-03,SMOOTH_INTERIOR,CONSISTENT_NUMERICALLY
run1,I0,KUS,D2,.1000000000000000E-01,-1,SMOOTH,SMOOTH,.1122481297444988,.1122481277991438,.5912196339749269E-07,.5267077815199877E-06,.2939763277254315E-07,.5850103100826970E-06,.9999999999998614,1,1,1,1,0,,1.00000000000000000e+00,1.12248129744498798e-01,1.12248127799143796e-01,5.91219633974926930e-08,2.93976327725431507e-08,SMOOTH_INTERIOR,CONSISTENT_NUMERICALLY
run1,I0,KUS,D2,.3000000000000000E-02,-1,SMOOTH,SMOOTH,.1122478525153147,.1122481277991438,.4446850944759484E-06,.3961625937063873E-05,.2229885313412283E-06,.4437452187873292E-05,.9999999999951601,1,1,1,1,0,-1.67592148683361453e+00,1.00000000000000000e+00,1.12247852515314703e-01,1.12248127799143796e-01,4.44685094475948380e-07,2.22988531341228313e-07,SMOOTH_INTERIOR,CONSISTENT_NUMERICALLY
run1,I0,KUS,D2,.1000000000000000E-02,-1,SMOOTH,SMOOTH,.1122483379964993,.1122481277991438,.7312903398469741E-06,.6514932451559159E-05,.3597417830292216E-06,.7158778636497402E-05,.9999999999805310,1,1,1,1,0,-4.52793209178046163e-01,1.00000000000000000e+00,1.12248337996499303e-01,1.12248127799143796e-01,7.31290339846974070e-07,3.59741783029221604e-07,SMOOTH_INTERIOR,CONSISTENT_NUMERICALLY
run1,I0,KUS,D2,.3000000000000000E-03,-1,SMOOTH,SMOOTH,.1122454910919244,.1122481277991438,.4329689668077074E-05,.3857248894007923E-04,.2240854109672452E-05,.4459279996088478E-04,.9999999995319604,1,1,1,1,0,-1.47714348631532544e+00,1.00000000000000000e+00,1.12245491091924401e-01,1.12248127799143796e-01,4.32968966807707367e-06,2.24085410967245213e-06,SMOOTH_INTERIOR,CONSISTENT_NUMERICALLY
run1,I0,KUS,D2,.1000000000000000E-03,-1,SMOOTH,SMOOTH,.1122489708845265,.1122481277991438,.7948454422844932E-05,.7081093358995440E-04,.3793058400702876E-05,.7547749158097162E-04,.9999999975210938,1,1,1,1,0,-5.52953607523842594e-01,1.00000000000000000e+00,1.12248970884526497e-01,1.12248127799143796e-01,7.94845442284493172e-06,3.79305840070287601e-06,SMOOTH_INTERIOR,CONSISTENT_NUMERICALLY
run1,I0,KUS,D2,.3000000000000000E-04,-1,SMOOTH,SMOOTH,.1122538303462766,.1122481277991438,.2213397118868997E-04,.1971778701930428E-03,.9739089181930866E-05,.1937727124577847E-03,.9999999818498656,1,1,1,1,0,-8.50630583133102136e-01,1.00000000000000000e+00,1.12253830346276604e-01,1.12248127799143796e-01,2.21339711886899713e-05,9.73908918193086559e-06,SMOOTH_INTERIOR,CONSISTENT_NUMERICALLY
run1,I0,KUS,D2,.1000000000000000E-04,-1,SMOOTH,SMOOTH,.1122051818099191,.1122481277991438,.7659908463854059E-04,.6824085723336659E-03,.5319130625736773E-04,.1058502322553996E-02,.9999998402890524,1,1,1,1,0,-1.13003609501454472e+00,1.00000000000000000e+00,1.12205181809919105e-01,1.12248127799143796e-01,7.65990846385405911e-05,5.31913062573677320e-05,SMOOTH_INTERIOR,CONSISTENT_NUMERICALLY
run1,I0,KUS,D2,.3000000000000000E-05,-1,SMOOTH,SMOOTH,.1121774508012292,.1122481277991438,.2154720147262710E-03,.1919604531060291E-02,.1152794778983973E-03,.2294051484801874E-02,.9999983547526534,1,1,1,1,0,-8.59027636296424868e-01,1.00000000000000000e+00,1.12177450801229206e-01,1.12248127799143796e-01,2.15472014726271011e-04,1.15279477898397307e-04,SMOOTH_INTERIOR,CONSISTENT_NUMERICALLY
run1,I0,KUS,D2,.1000000000000000E-05,-1,SMOOTH,SMOOTH,.1120396927567957,.1122481277991438,.6513845744097459E-03,.5803077407004329E-02,.4257203361035522E-03,.8465069077809651E-02,.9999848580926123,1,1,1,1,0,-1.00696959632428507e+00,1.00000000000000000e+00,1.12039692756795706e-01,1.12248127799143796e-01,6.51384574409745866e-04,4.25720336103552199e-04,SMOOTH_INTERIOR,CONSISTENT_NUMERICALLY
run1,I0,KUS,D2,.3000000000000000E-06,-1,SMOOTH,SMOOTH,.1110666979104176,.1122481277991438,.1190676291301023E-02,.1060753809125095E-01,.5809407652061296E-03,.1156067020166116E-01,.9999991203417885,1,1,1,1,0,-5.00988496284074714e-01,1.00000000000000000e+00,1.11066697910417594e-01,1.12248127799143796e-01,1.19067629130102290e-03,5.80940765206129639e-04,SMOOTH_INTERIOR,CONSISTENT_NUMERICALLY
run1,I0,KUS,D2,.1000000000000000E-06,-1,SMOOTH,SMOOTH,.1063911212496074,.1122481277991438,.8747648183589177E-02,.7793135043857634E-01,.3685349347257727E-02,.7333812831405738E-01,.9982324526358416,1,1,1,1,0,-1.81525679994743583e+00,1.00000000000000000e+00,1.06391121249607395e-01,1.12248127799143796e-01,8.74764818358917708e-03,3.68534934725772700e-03,SMOOTH_INTERIOR,CONSISTENT_NUMERICALLY
run1,I0,KUS,D3,.1000000000000000E-01,-1,SMOOTH,SMOOTH,219.9778434243700,219.9775704098413,.2740690796462331E-03,.1245894019960515E-05,.1386462660093457E-03,.1310928438204531E-05,.9999999999999941,1,1,1,1,0,,1.00000000000000000e+00,2.19977843424370008e+02,2.19977570409841292e+02,2.74069079646233125e-04,1.38646266009345709e-04,SMOOTH_INTERIOR,CONSISTENT_NUMERICALLY
run1,I0,KUS,D3,.3000000000000000E-02,-1,SMOOTH,SMOOTH,219.9775950871720,219.9775704098413,.2476930144010656E-04,.1125992009790409E-06,.1245205714894837E-04,.1177368549326652E-06,1.000000000000000,1,1,1,1,0,1.99653608472035882e+00,1.00000000000000000e+00,2.19977595087172006e+02,2.19977570409841292e+02,2.47693014401065588e-05,1.24520571489483700e-05,SMOOTH_INTERIOR,CONSISTENT_NUMERICALLY
run1,I0,KUS,D3,.1000000000000000E-02,-1,SMOOTH,SMOOTH,219.9775737528062,219.9775704098413,.3394221364348657E-05,.1542985180917952E-07,.1741847540870367E-05,.1646954150218156E-07,1.000000000000000,1,1,1,1,0,1.80912836567278479e+00,1.00000000000000000e+00,2.19977573752806194e+02,2.19977570409841292e+02,3.39422136434865701e-06,1.74184754087036708e-06,SMOOTH_INTERIOR,CONSISTENT_NUMERICALLY
run1,I0,KUS,D3,.3000000000000000E-03,-1,SMOOTH,SMOOTH,219.9775721635822,219.9775704098413,.2620213042693417E-05,.1191127357631234E-07,.1417369709599825E-05,.1340153431977357E-07,1.000000000000000,1,1,1,1,0,2.14970601945790707e-01,1.00000000000000000e+00,2.19977572163582209e+02,2.19977570409841292e+02,2.62021304269341717e-06,1.41736970959982500e-06,SMOOTH_INTERIOR,CONSISTENT_NUMERICALLY
run1,I0,KUS,D3,.1000000000000000E-03,-1,SMOOTH,SMOOTH,219.9775620055402,219.9775704098413,.8933985460510545E-05,.4061316544166567E-07,.4072891940154477E-05,.3851006610688321E-07,1.000000000000000,1,1,1,1,0,-1.11650577703805265e+00,1.00000000000000000e+00,2.19977562005540193e+02,2.19977570409841292e+02,8.93398546051054457e-06,4.07289194015447720e-06,SMOOTH_INTERIOR,CONSISTENT_NUMERICALLY
run1,I0,KUS,D3,.3000000000000000E-04,-1,SMOOTH,SMOOTH,219.9775882386677,219.9775704098413,.3166729117899764E-04,.1439568977574196E-06,.1881609473741719E-04,.1779101763422935E-06,.9999999999999929,1,1,1,1,0,-1.05103846543543877e+00,1.00000000000000000e+00,2.19977588238667693e+02,2.19977570409841292e+02,3.16672911789976413e-05,1.88160947374171917e-05,SMOOTH_INTERIOR,CONSISTENT_NUMERICALLY
run1,I0,KUS,D3,.1000000000000000E-04,-1,SMOOTH,SMOOTH,219.9774261213570,219.9775704098413,.1496942133548357E-03,.6804976210799113E-06,.7392208503631537E-04,.6989491553756211E-06,.9999999999999836,1,1,1,1,0,-1.41388397670053867e+00,1.00000000000000000e+00,2.19977426121357013e+02,2.19977570409841292e+02,1.49694213354835691e-04,7.39220850363153659e-05,SMOOTH_INTERIOR,CONSISTENT_NUMERICALLY
run1,I0,KUS,D3,.3000000000000000E-05,-1,SMOOTH,SMOOTH,219.9777758741135,219.9775704098413,.3325943381215049E-03,.1511945180825168E-05,.1740365238447339E-03,.1645549920797317E-05,.9999999999992933,1,1,1,1,0,-6.63078854377006977e-01,1.00000000000000000e+00,2.19977775874113490e+02,2.19977570409841292e+02,3.32594338121504883e-04,1.74036523844733892e-04,SMOOTH_INTERIOR,CONSISTENT_NUMERICALLY
run1,I0,KUS,D3,.1000000000000000E-05,-1,SMOOTH,SMOOTH,219.9774841261642,219.9775704098413,.6205997304335995E-03,.2821195494055857E-05,.3664550472706196E-03,.3464905300854706E-05,.9999999999960973,1,1,1,1,0,-5.67773345115750394e-01,1.00000000000000000e+00,2.19977484126164200e+02,2.19977570409841292e+02,6.20599730433599455e-04,3.66455047270619616e-04,SMOOTH_INTERIOR,CONSISTENT_NUMERICALLY
run1,I0,KUS,D3,.3000000000000000E-06,-1,SMOOTH,SMOOTH,219.9781454602441,219.9775704098413,.1359028913962695E-02,.6178017871363081E-05,.7949182402597899E-03,.7516065819399888E-05,.9999999999843328,1,1,1,1,0,-6.51044084525130518e-01,1.00000000000000000e+00,2.19978145460244093e+02,2.19977570409841292e+02,1.35902891396269499e-03,7.94918240259789854e-04,SMOOTH_INTERIOR,CONSISTENT_NUMERICALLY
run1,I0,KUS,D3,.1000000000000000E-06,-1,SMOOTH,SMOOTH,219.9832325234015,219.9775704098413,.8966205254393077E-02,.4075858487732361E-04,.4629256916771851E-02,.4377061618871940E-04,.9999999995005999,1,1,1,1,0,-1.71734118269481928e+00,1.00000000000000000e+00,2.19983232523401512e+02,2.19977570409841292e+02,8.96620525439307745e-03,4.62925691677185114e-03,SMOOTH_INTERIOR,CONSISTENT_NUMERICALLY
run1,I0,KUU,D1,.1000000000000000E-01,-1,SMOOTH,SMOOTH,.000000000000000,.1708785405576776E-10,.1708785405576776E-10,1.000000000000000,.1455191522836685E-10,1.000000000000000,.000000000000000,1,1,1,1,0,,2.50000000000000029e+05,0.00000000000000000e+00,6.83514162230710327e-17,6.83514162230710327e-17,5.82076609134673923e-17,NULLSPACE,NULLSPACE_CONSISTENT
run1,I0,KUU,D1,.3000000000000000E-02,-1,SMOOTH,SMOOTH,.000000000000000,.1708785405576776E-10,.1708785405576776E-10,1.000000000000000,.1455191522836685E-10,1.000000000000000,.000000000000000,1,1,1,1,0,-0.00000000000000000e+00,2.50000000000000029e+05,0.00000000000000000e+00,6.83514162230710327e-17,6.83514162230710327e-17,5.82076609134673923e-17,NULLSPACE,NULLSPACE_CONSISTENT
run1,I0,KUU,D1,.1000000000000000E-02,-1,SMOOTH,SMOOTH,.000000000000000,.1708785405576776E-10,.1708785405576776E-10,1.000000000000000,.1455191522836685E-10,1.000000000000000,.000000000000000,1,1,1,1,0,-0.00000000000000000e+00,2.50000000000000029e+05,0.00000000000000000e+00,6.83514162230710327e-17,6.83514162230710327e-17,5.82076609134673923e-17,NULLSPACE,NULLSPACE_CONSISTENT
run1,I0,KUU,D1,.3000000000000000E-03,-1,SMOOTH,SMOOTH,.000000000000000,.1708785405576776E-10,.1708785405576776E-10,1.000000000000000,.1455191522836685E-10,1.000000000000000,.000000000000000,1,1,1,1,0,-0.00000000000000000e+00,2.50000000000000029e+05,0.00000000000000000e+00,6.83514162230710327e-17,6.83514162230710327e-17,5.82076609134673923e-17,NULLSPACE,NULLSPACE_CONSISTENT
run1,I0,KUU,D1,.1000000000000000E-03,-1,SMOOTH,SMOOTH,.000000000000000,.1708785405576776E-10,.1708785405576776E-10,1.000000000000000,.1455191522836685E-10,1.000000000000000,.000000000000000,1,1,1,1,0,-0.00000000000000000e+00,2.50000000000000029e+05,0.00000000000000000e+00,6.83514162230710327e-17,6.83514162230710327e-17,5.82076609134673923e-17,NULLSPACE,NULLSPACE_CONSISTENT
run1,I0,KUU,D1,.3000000000000000E-04,-1,SMOOTH,SMOOTH,.000000000000000,.1708785405576776E-10,.1708785405576776E-10,1.000000000000000,.1455191522836685E-10,1.000000000000000,.000000000000000,1,1,1,1,0,-0.00000000000000000e+00,2.50000000000000029e+05,0.00000000000000000e+00,6.83514162230710327e-17,6.83514162230710327e-17,5.82076609134673923e-17,NULLSPACE,NULLSPACE_CONSISTENT
run1,I0,KUU,D1,.1000000000000000E-04,-1,SMOOTH,SMOOTH,.000000000000000,.1708785405576776E-10,.1708785405576776E-10,1.000000000000000,.1455191522836685E-10,1.000000000000000,.000000000000000,1,1,1,1,0,-0.00000000000000000e+00,2.50000000000000029e+05,0.00000000000000000e+00,6.83514162230710327e-17,6.83514162230710327e-17,5.82076609134673923e-17,NULLSPACE,NULLSPACE_CONSISTENT
run1,I0,KUU,D1,.3000000000000000E-05,-1,SMOOTH,SMOOTH,.000000000000000,.1708785405576776E-10,.1708785405576776E-10,1.000000000000000,.1455191522836685E-10,1.000000000000000,.000000000000000,1,1,1,1,0,-0.00000000000000000e+00,2.50000000000000029e+05,0.00000000000000000e+00,6.83514162230710327e-17,6.83514162230710327e-17,5.82076609134673923e-17,NULLSPACE,NULLSPACE_CONSISTENT
run1,I0,KUU,D1,.1000000000000000E-05,-1,SMOOTH,SMOOTH,.000000000000000,.1708785405576776E-10,.1708785405576776E-10,1.000000000000000,.1455191522836685E-10,1.000000000000000,.000000000000000,1,1,1,1,0,-0.00000000000000000e+00,2.50000000000000029e+05,0.00000000000000000e+00,6.83514162230710327e-17,6.83514162230710327e-17,5.82076609134673923e-17,NULLSPACE,NULLSPACE_CONSISTENT
run1,I0,KUU,D1,.3000000000000000E-06,-1,SMOOTH,SMOOTH,.000000000000000,.1708785405576776E-10,.1708785405576776E-10,1.000000000000000,.1455191522836685E-10,1.000000000000000,.000000000000000,1,1,1,1,0,-0.00000000000000000e+00,2.50000000000000029e+05,0.00000000000000000e+00,6.83514162230710327e-17,6.83514162230710327e-17,5.82076609134673923e-17,NULLSPACE,NULLSPACE_CONSISTENT
run1,I0,KUU,D1,.1000000000000000E-06,-1,SMOOTH,SMOOTH,.000000000000000,.1708785405576776E-10,.1708785405576776E-10,1.000000000000000,.1455191522836685E-10,1.000000000000000,.000000000000000,1,1,1,1,0,-0.00000000000000000e+00,2.50000000000000029e+05,0.00000000000000000e+00,6.83514162230710327e-17,6.83514162230710327e-17,5.82076609134673923e-17,NULLSPACE,NULLSPACE_CONSISTENT
run1,I0,KUU,D2,.1000000000000000E-01,-1,SMOOTH,SMOOTH,.000000000000000,.1064536255464157E-10,.1064536255464157E-10,1.000000000000000,.7275957614183426E-11,1.000000000000000,.000000000000000,1,1,1,1,0,,2.50000000000000029e+05,0.00000000000000000e+00,4.25814502185662744e-17,4.25814502185662744e-17,2.91038304567337023e-17,NULLSPACE,NULLSPACE_CONSISTENT
run1,I0,KUU,D2,.3000000000000000E-02,-1,SMOOTH,SMOOTH,.000000000000000,.1064536255464157E-10,.1064536255464157E-10,1.000000000000000,.7275957614183426E-11,1.000000000000000,.000000000000000,1,1,1,1,0,-0.00000000000000000e+00,2.50000000000000029e+05,0.00000000000000000e+00,4.25814502185662744e-17,4.25814502185662744e-17,2.91038304567337023e-17,NULLSPACE,NULLSPACE_CONSISTENT
run1,I0,KUU,D2,.1000000000000000E-02,-1,SMOOTH,SMOOTH,.000000000000000,.1064536255464157E-10,.1064536255464157E-10,1.000000000000000,.7275957614183426E-11,1.000000000000000,.000000000000000,1,1,1,1,0,-0.00000000000000000e+00,2.50000000000000029e+05,0.00000000000000000e+00,4.25814502185662744e-17,4.25814502185662744e-17,2.91038304567337023e-17,NULLSPACE,NULLSPACE_CONSISTENT
run1,I0,KUU,D2,.3000000000000000E-03,-1,SMOOTH,SMOOTH,.000000000000000,.1064536255464157E-10,.1064536255464157E-10,1.000000000000000,.7275957614183426E-11,1.000000000000000,.000000000000000,1,1,1,1,0,-0.00000000000000000e+00,2.50000000000000029e+05,0.00000000000000000e+00,4.25814502185662744e-17,4.25814502185662744e-17,2.91038304567337023e-17,NULLSPACE,NULLSPACE_CONSISTENT
run1,I0,KUU,D2,.1000000000000000E-03,-1,SMOOTH,SMOOTH,.000000000000000,.1064536255464157E-10,.1064536255464157E-10,1.000000000000000,.7275957614183426E-11,1.000000000000000,.000000000000000,1,1,1,1,0,-0.00000000000000000e+00,2.50000000000000029e+05,0.00000000000000000e+00,4.25814502185662744e-17,4.25814502185662744e-17,2.91038304567337023e-17,NULLSPACE,NULLSPACE_CONSISTENT
run1,I0,KUU,D2,.3000000000000000E-04,-1,SMOOTH,SMOOTH,.000000000000000,.1064536255464157E-10,.1064536255464157E-10,1.000000000000000,.7275957614183426E-11,1.000000000000000,.000000000000000,1,1,1,1,0,-0.00000000000000000e+00,2.50000000000000029e+05,0.00000000000000000e+00,4.25814502185662744e-17,4.25814502185662744e-17,2.91038304567337023e-17,NULLSPACE,NULLSPACE_CONSISTENT
run1,I0,KUU,D2,.1000000000000000E-04,-1,SMOOTH,SMOOTH,.000000000000000,.1064536255464157E-10,.1064536255464157E-10,1.000000000000000,.7275957614183426E-11,1.000000000000000,.000000000000000,1,1,1,1,0,-0.00000000000000000e+00,2.50000000000000029e+05,0.00000000000000000e+00,4.25814502185662744e-17,4.25814502185662744e-17,2.91038304567337023e-17,NULLSPACE,NULLSPACE_CONSISTENT
run1,I0,KUU,D2,.3000000000000000E-05,-1,SMOOTH,SMOOTH,.000000000000000,.1064536255464157E-10,.1064536255464157E-10,1.000000000000000,.7275957614183426E-11,1.000000000000000,.000000000000000,1,1,1,1,0,-0.00000000000000000e+00,2.50000000000000029e+05,0.00000000000000000e+00,4.25814502185662744e-17,4.25814502185662744e-17,2.91038304567337023e-17,NULLSPACE,NULLSPACE_CONSISTENT
run1,I0,KUU,D2,.1000000000000000E-05,-1,SMOOTH,SMOOTH,.000000000000000,.1064536255464157E-10,.1064536255464157E-10,1.000000000000000,.7275957614183426E-11,1.000000000000000,.000000000000000,1,1,1,1,0,-0.00000000000000000e+00,2.50000000000000029e+05,0.00000000000000000e+00,4.25814502185662744e-17,4.25814502185662744e-17,2.91038304567337023e-17,NULLSPACE,NULLSPACE_CONSISTENT
run1,I0,KUU,D2,.3000000000000000E-06,-1,SMOOTH,SMOOTH,.000000000000000,.1064536255464157E-10,.1064536255464157E-10,1.000000000000000,.7275957614183426E-11,1.000000000000000,.000000000000000,1,1,1,1,0,-0.00000000000000000e+00,2.50000000000000029e+05,0.00000000000000000e+00,4.25814502185662744e-17,4.25814502185662744e-17,2.91038304567337023e-17,NULLSPACE,NULLSPACE_CONSISTENT
run1,I0,KUU,D2,.1000000000000000E-06,-1,SMOOTH,SMOOTH,.000000000000000,.1064536255464157E-10,.1064536255464157E-10,1.000000000000000,.7275957614183426E-11,1.000000000000000,.000000000000000,1,1,1,1,0,-0.00000000000000000e+00,2.50000000000000029e+05,0.00000000000000000e+00,4.25814502185662744e-17,4.25814502185662744e-17,2.91038304567337023e-17,NULLSPACE,NULLSPACE_CONSISTENT
run1,I0,KUU,D3,.1000000000000000E-01,-1,SMOOTH,SMOOTH,261830.2593053379,261830.2593053722,.1281982120399830E-06,.4896233627850692E-12,.8216011337935925E-07,.6040521397844985E-12,1.000000000000000,1,1,1,1,0,,2.50000000000000029e+05,1.04732103722135150e+00,1.04732103722148873e+00,5.12792848159931889e-13,3.28640453517436929e-13,SMOOTH_INTERIOR,CONSISTENT_NUMERICALLY
run1,I0,KUU,D3,.3000000000000000E-02,-1,SMOOTH,SMOOTH,261830.2593053954,261830.2593053722,.4548933172979040E-06,.1737359610400577E-11,.2773958840407431E-06,.2039451632063206E-11,1.000000000000000,1,1,1,1,0,-1.05192187206235666e+00,2.50000000000000029e+05,1.04732103722158154e+00,1.04732103722148873e+00,1.81957326919161565e-12,1.10958353616297222e-12,SMOOTH_INTERIOR,CONSISTENT_NUMERICALLY
run1,I0,KUU,D3,.1000000000000000E-02,-1,SMOOTH,SMOOTH,261830.2593057175,261830.2593053722,.1360239111245032E-05,.5195118069438998E-11,.1056076143868268E-05,.7764413025226767E-11,.9999999999999999,1,1,1,1,0,-9.97033136880289272e-01,2.50000000000000029e+05,1.04732103722286984e+00,1.04732103722148873e+00,5.44095644498012747e-12,4.22430457547307168e-12,SMOOTH_INTERIOR,CONSISTENT_NUMERICALLY
run1,I0,KUU,D3,.3000000000000000E-03,-1,SMOOTH,SMOOTH,261830.2593081178,261830.2593053722,.3636104740470138E-05,.1388725944082432E-10,.2497079549357295E-05,.1835886274899889E-10,1.000000000000000,1,1,1,1,0,-8.16673331400437630e-01,2.50000000000000029e+05,1.04732103723247105e+00,1.04732103722148873e+00,1.45444189618805501e-11,9.98831819742917856e-12,SMOOTH_INTERIOR,CONSISTENT_NUMERICALLY
run1,I0,KUU,D3,.1000000000000000E-03,-1,SMOOTH,SMOOTH,261830.2593077118,261830.2593053722,.8878365317694405E-05,.3390885889648167E-10,.5244452040642500E-05,.3855791267592694E-10,1.000000000000000,1,1,1,1,0,-8.12574628020012235e-01,2.50000000000000029e+05,1.04732103723084702e+00,1.04732103722148873e+00,3.55134612707776153e-11,2.09778081625699961e-11,SMOOTH_INTERIOR,CONSISTENT_NUMERICALLY
run1,I0,KUU,D3,.3000000000000000E-04,-1,SMOOTH,SMOOTH,261830.2593186852,261830.2593053722,.3068532036723759E-04,.1171954702526919E-09,.1719899591989815E-04,.1264493177978497E-09,1.000000000000000,1,1,1,1,0,-1.03006223864337687e+00,2.50000000000000029e+05,1.04732103727474057e+00,1.04732103722148873e+00,1.22741281468950342e-10,6.87959836795925907e-11,SMOOTH_INTERIOR,CONSISTENT_NUMERICALLY
run1,I0,KUU,D3,.1000000000000000E-04,-1,SMOOTH,SMOOTH,261830.2592469925,261830.2593053722,.9455014010570173E-04,.3611123494913858E-09,.5493449862115085E-04,.4038857795495030E-09,1.000000000000000,1,1,1,1,0,-1.02433398226499439e+00,2.50000000000000029e+05,1.04732103698796997e+00,1.04732103722148873e+00,3.78200560422806866e-10,2.19737994484603375e-10,SMOOTH_INTERIOR,CONSISTENT_NUMERICALLY
run1,I0,KUU,D3,.3000000000000000E-05,-1,SMOOTH,SMOOTH,261830.2593029477,261830.2593053722,.4523636534256724E-03,.1727698145454156E-08,.2908500391640700E-03,.2138368378251635E-08,1.000000000000000,1,1,1,1,0,-1.30015903747526962e+00,2.50000000000000029e+05,1.04732103721179071e+00,1.04732103722148873e+00,1.80945461370268940e-09,1.16340015665627977e-09,SMOOTH_INTERIOR,CONSISTENT_NUMERICALLY
run1,I0,KUU,D3,.1000000000000000E-05,-1,SMOOTH,SMOOTH,261830.2602214655,261830.2593053722,.1385351682100193E-02,.5291029695835816E-08,.1010609747027047E-02,.7430137965970355E-08,1.000000000000000,1,1,1,1,0,-1.01876059524274232e+00,2.50000000000000029e+05,1.04732104088586175e+00,1.04732103722148873e+00,5.54140672840077109e-09,4.04243898810818769e-09,SMOOTH_INTERIOR,CONSISTENT_NUMERICALLY
run1,I0,KUU,D3,.3000000000000000E-06,-1,SMOOTH,SMOOTH,261830.2580108184,261830.2593053722,.2652321208546899E-02,.1012992621854872E-07,.1819342505768873E-02,.1337604937978068E-07,1.000000000000000,1,1,1,1,0,-5.39448360059853305e-01,2.50000000000000029e+05,1.04732103204327354e+00,1.04732103722148873e+00,1.06092848341875938e-08,7.27737002307549118e-09,SMOOTH_INTERIOR,CONSISTENT_NUMERICALLY
run1,I0,KUU,D3,.1000000000000000E-06,-1,SMOOTH,SMOOTH,261830.2527036487,261830.2593053722,.1031503279627057E-01,.3939587740407101E-07,.6439970849896781E-02,.4734752682324830E-07,.9999999999999996,1,1,1,1,0,-1.23625700863725330e+00,2.50000000000000029e+05,1.04732101081459472e+00,1.04732103722148873e+00,4.12601311850822764e-08,2.57598833995871207e-08,SMOOTH_INTERIOR,CONSISTENT_NUMERICALLY
run1,I1,KPS,D1,.1000000000000000E-01,-1,SMOOTH,SMOOTH,.1186607072993971E-03,.1186607072993845E-03,.1669286011176324E-16,.1406772342056321E-12,.1513817283332886E-16,.1900719245255999E-12,1.000000000000000,1,1,1,1,0,,1.00000000000000000e+00,1.18660707299397103e-04,1.18660707299384500e-04,1.66928601117632395e-17,1.51381728333288587e-17,SMOOTH_INTERIOR,CONSISTENT_NUMERICALLY
run1,I1,KPS,D1,.3000000000000000E-02,-1,SMOOTH,SMOOTH,.1186607072993908E-03,.1186607072993845E-03,.1333599058257165E-16,.1123875871473094E-12,.1151964808265848E-16,.1446384385378429E-12,1.000000000000000,1,1,1,1,0,1.86478174336973584e-01,1.00000000000000000e+00,1.18660707299390801e-04,1.18660707299384500e-04,1.33359905825716500e-17,1.15196480826584800e-17,SMOOTH_INTERIOR,CONSISTENT_NUMERICALLY
run1,I1,KPS,D1,.1000000000000000E-02,-1,SMOOTH,SMOOTH,.1186607072993898E-03,.1186607072993845E-03,.6382437950617566E-16,.5378729063626935E-12,.4766423800789399E-16,.5984628098089336E-12,1.000000000000000,1,1,1,1,0,-1.42513315948523700e+00,1.00000000000000000e+00,1.18660707299389799e-04,1.18660707299384500e-04,6.38243795061756568e-17,4.76642380078939887e-17,SMOOTH_INTERIOR,CONSISTENT_NUMERICALLY
run1,I1,KPS,D1,.3000000000000000E-03,-1,SMOOTH,SMOOTH,.1186607072991089E-03,.1186607072993845E-03,.3471748937497223E-15,.2925778057885579E-11,.2486109462827152E-15,.3121510207232735E-11,1.000000000000000,1,1,1,1,0,-1.40675389192862776e+00,1.00000000000000000e+00,1.18660707299108895e-04,1.18660707299384500e-04,3.47174893749722307e-16,2.48610946282715184e-16,SMOOTH_INTERIOR,CONSISTENT_NUMERICALLY
run1,I1,KPS,D1,.1000000000000000E-03,-1,SMOOTH,SMOOTH,.1186607072982503E-03,.1186607072993845E-03,.1160935970515460E-14,.9783659620251417E-11,.8196974999805096E-15,.1029196079774630E-10,1.000000000000000,1,1,1,1,0,-1.09879815909342660e+00,1.00000000000000000e+00,1.18660707298250302e-04,1.18660707299384500e-04,1.16093597051546008e-15,8.19697499980509559e-16,SMOOTH_INTERIOR,CONSISTENT_NUMERICALLY
run1,I1,KPS,D1,.3000000000000000E-04,-1,SMOOTH,SMOOTH,.1186607073001081E-03,.1186607072993845E-03,.1573466905343004E-14,.1326021849308133E-10,.1348706844990499E-14,.1693409822114178E-10,1.000000000000000,1,1,1,1,0,-2.52542958437503129e-01,1.00000000000000000e+00,1.18660707300108096e-04,1.18660707299384500e-04,1.57346690534300409e-15,1.34870684499049892e-15,SMOOTH_INTERIOR,CONSISTENT_NUMERICALLY
run1,I1,KPS,D1,.1000000000000000E-04,-1,SMOOTH,SMOOTH,.1186607072890991E-03,.1186607072993845E-03,.1127386633918192E-13,.9500926292928306E-10,.9493314879864545E-14,.1191961968732986E-09,1.000000000000000,1,1,1,1,0,-1.79244848200031948e+00,1.00000000000000000e+00,1.18660707289099094e-04,1.18660707299384500e-04,1.12738663391819199e-14,9.49331487986454503e-15,SMOOTH_INTERIOR,CONSISTENT_NUMERICALLY
run1,I1,KPS,D1,.3000000000000000E-05,-1,SMOOTH,SMOOTH,.1186607072525565E-03,.1186607072993845E-03,.5978478919579783E-13,.5038297053544358E-09,.5286140177928472E-13,.6637173772510602E-09,1.000000000000000,1,1,1,1,0,-1.38563257194285150e+00,1.00000000000000000e+00,1.18660707252556507e-04,1.18660707299384500e-04,5.97847891957978274e-14,5.28614017792847224e-14,SMOOTH_INTERIOR,CONSISTENT_NUMERICALLY
run1,I1,KPS,D1,.1000000000000000E-05,-1,SMOOTH,SMOOTH,.1186607072454770E-03,.1186607072993845E-03,.6327216665104550E-13,.5332191935398460E-09,.5286140177928472E-13,.6637173772510602E-09,1.000000000000000,1,1,1,1,0,-5.16053391669217057e-02,1.00000000000000000e+00,1.18660707245477005e-04,1.18660707299384500e-04,6.32721666510454973e-14,5.28614017792847224e-14,SMOOTH_INTERIOR,CONSISTENT_NUMERICALLY
run1,I1,KPS,D1,.3000000000000000E-06,-1,SMOOTH,SMOOTH,.1186607075101791E-03,.1186607072993845E-03,.2758875768286734E-12,.2325012066905187E-08,.2136174809090619E-12,.2682139122523689E-08,1.000000000000000,1,1,1,1,0,-1.22307407610631214e+00,1.00000000000000000e+00,1.18660707510179097e-04,1.18660707299384500e-04,2.75887576828673396e-13,2.13617480909061903e-13,SMOOTH_INTERIOR,CONSISTENT_NUMERICALLY
run1,I1,KPS,D1,.1000000000000000E-06,-1,SMOOTH,SMOOTH,.1186607086816094E-03,.1186607072993845E-03,.1570194217370544E-11,.1323263812273101E-07,.1465021639700421E-11,.1839452382403262E-07,1.000000000000000,1,1,1,1,0,-1.58287064650125497e+00,1.00000000000000000e+00,1.18660708681609400e-04,1.18660707299384500e-04,1.57019421737054406e-12,1.46502163970042108e-12,SMOOTH_INTERIOR,CONSISTENT_NUMERICALLY
run1,I1,KPS,D2,.1000000000000000E-01,-1,SMOOTH,SMOOTH,.5925925926925243E-07,.5925925925926582E-07,.1307400750992979E-16,.2206238766928603E-09,.1210918301394748E-16,.4086849265536698E-09,1.000000000000000,1,1,1,1,0,,1.00000000000000000e+00,5.92592592692524324e-08,5.92592592592658213e-08,1.30740075099297898e-17,1.21091830139474807e-17,SMOOTH_INTERIOR,CONSISTENT_NUMERICALLY
run1,I1,KPS,D2,.3000000000000000E-02,-1,SMOOTH,SMOOTH,.5925925924734251E-07,.5925925925926582E-07,.2820188912354959E-16,.4759068789598466E-09,.2403258457103800E-16,.8110997289409803E-09,1.000000000000000,1,1,1,1,0,-6.38521786810627101e-01,1.00000000000000000e+00,5.92592592473425091e-08,5.92592592592658213e-08,2.82018891235495878e-17,2.40325845710379986e-17,SMOOTH_INTERIOR,CONSISTENT_NUMERICALLY
run1,I1,KPS,D2,.1000000000000000E-02,-1,SMOOTH,SMOOTH,.5925925925637753E-07,.5925925925926582E-07,.1242468123111026E-15,.2096664957749624E-08,.9631272830049747E-16,.3250554572865879E-08,.9999999999999998,1,1,1,1,0,-1.34977649403906153e+00,1.00000000000000000e+00,5.92592592563775316e-08,5.92592592592658213e-08,1.24246812311102601e-16,9.63127283004974744e-17,SMOOTH_INTERIOR,CONSISTENT_NUMERICALLY
run1,I1,KPS,D2,.3000000000000000E-03,-1,SMOOTH,SMOOTH,.5925925910278222E-07,.5925925925926582E-07,.5924611419267765E-15,.9997781770013246E-08,.4396417210854386E-15,.1483790794483175E-07,1.000000000000000,1,1,1,1,0,-1.29738418741393002e+00,1.00000000000000000e+00,5.92592591027822216e-08,5.92592592592658213e-08,5.92461141926776549e-16,4.39641721085438602e-16,SMOOTH_INTERIOR,CONSISTENT_NUMERICALLY
run1,I1,KPS,D2,.1000000000000000E-03,-1,SMOOTH,SMOOTH,.5925925867361886E-07,.5925925925926582E-07,.1079307296041735E-14,.1821331062070226E-07,.8010424463501808E-15,.2703518218229249E-07,.9999999999999999,1,1,1,1,0,-5.45951870699171393e-01,1.00000000000000000e+00,5.92592586736188573e-08,5.92592592592658213e-08,1.07930729604173507e-15,8.01042446350180848e-16,SMOOTH_INTERIOR,CONSISTENT_NUMERICALLY
run1,I1,KPS,D2,.3000000000000000E-04,-1,SMOOTH,SMOOTH,.5925926231021373E-07,.5925925925926582E-07,.4525659812020130E-14,.7637050539591517E-07,.3897166965547857E-14,.1315293677872523E-06,.9999999999999984,1,1,1,1,0,-1.19059494814218736e+00,1.00000000000000000e+00,5.92592623102137324e-08,5.92592592592658213e-08,4.52565981202013029e-15,3.89716696554785673e-15,SMOOTH_INTERIOR,CONSISTENT_NUMERICALLY
run1,I1,KPS,D2,.1000000000000000E-04,-1,SMOOTH,SMOOTH,.5925925101644167E-07,.5925925925926582E-07,.1210220975190343E-13,.2042247895633477E-06,.1055886200202844E-13,.3563615728629110E-06,.9999999999999889,1,1,1,1,0,-8.95333766849317869e-01,1.00000000000000000e+00,5.92592510164416692e-08,5.92592592592658213e-08,1.21022097519034298e-14,1.05588620020284400e-14,SMOOTH_INTERIOR,CONSISTENT_NUMERICALLY
run1,I1,KPS,D2,.3000000000000000E-05,-1,SMOOTH,SMOOTH,.5925923814154022E-07,.5925925925926582E-07,.2111772560713327E-13,.3563616196203345E-06,.1055886538685151E-13,.3563617068061679E-06,1.000000000000000,1,1,1,1,0,-4.62406378225037440e-01,1.00000000000000000e+00,5.92592381415402225e-08,5.92592592592658213e-08,2.11177256071332701e-14,1.05588653868515098e-14,SMOOTH_INTERIOR,CONSISTENT_NUMERICALLY
run1,I1,KPS,D2,.1000000000000000E-05,-1,SMOOTH,SMOOTH,.5925923814158981E-07,.5925925925926582E-07,.7951999919894744E-13,.1341899986482090E-05,.6476897401112673E-13,.2185949652469670E-05,.9999999999991632,1,1,1,1,0,-1.20688235692244694e+00,1.00000000000000000e+00,5.92592381415898070e-08,5.92592592592658213e-08,7.95199991989474435e-14,6.47689740111267315e-14,SMOOTH_INTERIOR,CONSISTENT_NUMERICALLY
run1,I1,KPS,D2,.3000000000000000E-06,-1,SMOOTH,SMOOTH,.5925937366700119E-07,.5925925925926582E-07,.1885146259142255E-12,.3181178170622492E-05,.1701415000844035E-12,.5742242654308095E-05,.9999999999968037,1,1,1,1,0,-7.16932342291130564e-01,1.00000000000000000e+00,5.92593736670011877e-08,5.92592592592658213e-08,1.88514625914225510e-13,1.70141500084403500e-13,SMOOTH_INTERIOR,CONSISTENT_NUMERICALLY
run1,I1,KPS,D2,.1000000000000000E-06,-1,SMOOTH,SMOOTH,.5925835723514004E-07,.5925925925926582E-07,.1321284224890779E-11,.2229667129502943E-04,.1094761036178290E-11,.3694786014041988E-04,.9999999998672768,1,1,1,1,0,-1.77240311747511936e+00,1.00000000000000000e+00,5.92583572351400370e-08,5.92592592592658213e-08,1.32128422489077906e-12,1.09476103617829005e-12,SMOOTH_INTERIOR,CONSISTENT_NUMERICALLY
run1,I1,KPS,D3,.1000000000000000E-01,-1,SMOOTH,SMOOTH,.6918925253171016E-04,.6918925253170722E-04,.7815637952112133E-17,.1129602888617729E-12,.7413232354369637E-17,.1551057242936729E-12,1.000000000000000,1,1,1,1,0,,1.00000000000000000e+00,6.91892525317101608e-05,6.91892525317072199e-05,7.81563795211213266e-18,7.41323235436963657e-18,SMOOTH_INTERIOR,CONSISTENT_NUMERICALLY
run1,I1,KPS,D3,.3000000000000000E-02,-1,SMOOTH,SMOOTH,.6918925253171976E-04,.6918925253170722E-04,.2242291580443423E-16,.3240809082906982E-12,.1539567084929416E-16,.3221208460650679E-12,1.000000000000000,1,1,1,1,0,-8.75399233963023771e-01,1.00000000000000000e+00,6.91892525317197560e-05,6.91892525317072199e-05,2.24229158044342289e-17,1.53956708492941599e-17,SMOOTH_INTERIOR,CONSISTENT_NUMERICALLY
run1,I1,KPS,D3,.1000000000000000E-02,-1,SMOOTH,SMOOTH,.6918925253160617E-04,.6918925253170722E-04,.1442906793709892E-15,.2085449316060546E-11,.1335330500687459E-15,.2793887936865738E-11,1.000000000000000,1,1,1,1,0,-1.69463461128576998e+00,1.00000000000000000e+00,6.91892525316061723e-05,6.91892525317072199e-05,1.44290679370989209e-16,1.33533050068745891e-16,SMOOTH_INTERIOR,CONSISTENT_NUMERICALLY
run1,I1,KPS,D3,.3000000000000000E-03,-1,SMOOTH,SMOOTH,.6918925253165249E-04,.6918925253170722E-04,.2006340443983570E-15,.2899786268198415E-11,.1418881830604624E-15,.2968700878413653E-11,1.000000000000000,1,1,1,1,0,-2.73804110131865508e-01,1.00000000000000000e+00,6.91892525316524948e-05,6.91892525317072199e-05,2.00634044398356993e-16,1.41888183060462408e-16,SMOOTH_INTERIOR,CONSISTENT_NUMERICALLY
run1,I1,KPS,D3,.1000000000000000E-03,-1,SMOOTH,SMOOTH,.6918925253251644E-04,.6918925253170722E-04,.1210392108907232E-14,.1749393243319678E-10,.9506691224167585E-15,.1989067868726405E-10,1.000000000000000,1,1,1,1,0,-1.63589747502385308e+00,1.00000000000000000e+00,6.91892525325164413e-05,6.91892525317072199e-05,1.21039210890723196e-15,9.50669122416758494e-16,SMOOTH_INTERIOR,CONSISTENT_NUMERICALLY
run1,I1,KPS,D3,.3000000000000000E-04,-1,SMOOTH,SMOOTH,.6918925253328328E-04,.6918925253170722E-04,.2231974503833291E-14,.3225897696697339E-10,.1312067587824067E-14,.2745215363542214E-10,1.000000000000000,1,1,1,1,0,-5.08269169519161790e-01,1.00000000000000000e+00,6.91892525332832840e-05,6.91892525317072199e-05,2.23197450383329113e-15,1.31206758782406710e-15,SMOOTH_INTERIOR,CONSISTENT_NUMERICALLY
run1,I1,KPS,D3,.1000000000000000E-04,-1,SMOOTH,SMOOTH,.6918925251757539E-04,.6918925253170722E-04,.1589689824440189E-13,.2297596470942774E-09,.1314396589615838E-13,.2750088292070451E-09,1.000000000000000,1,1,1,1,0,-1.78701568336489358e+00,1.00000000000000000e+00,6.91892525175753900e-05,6.91892525317072199e-05,1.58968982444018915e-14,1.31439658961583803e-14,SMOOTH_INTERIOR,CONSISTENT_NUMERICALLY
run1,I1,KPS,D3,.3000000000000000E-05,-1,SMOOTH,SMOOTH,.6918925255789499E-04,.6918925253170722E-04,.4720668702145565E-13,.6822835234699906E-09,.3745213774525302E-13,.7836043271866163E-09,1.000000000000000,1,1,1,1,0,-9.04016719980683781e-01,1.00000000000000000e+00,6.91892525578949850e-05,6.91892525317072199e-05,4.72066870214556520e-14,3.74521377452530224e-14,SMOOTH_INTERIOR,CONSISTENT_NUMERICALLY
run1,I1,KPS,D3,.1000000000000000E-05,-1,SMOOTH,SMOOTH,.6918925247333205E-04,.6918925253170722E-04,.9176213526334975E-13,.1326248397051234E-08,.6211739835611935E-13,.1299671128962443E-08,1.000000000000000,1,1,1,1,0,-6.05003414539384221e-01,1.00000000000000000e+00,6.91892524733320538e-05,6.91892525317072199e-05,9.17621352633497454e-14,6.21173983561193466e-14,SMOOTH_INTERIOR,CONSISTENT_NUMERICALLY
run1,I1,KPS,D3,.3000000000000000E-06,-1,SMOOTH,SMOOTH,.6918925246416645E-04,.6918925253170722E-04,.2062089598499151E-12,.2980361144318131E-08,.1793882899755843E-12,.3753308852407406E-08,1.000000000000000,1,1,1,1,0,-6.72515423372376242e-01,1.00000000000000000e+00,6.91892524641664526e-05,6.91892525317072199e-05,2.06208959849915108e-13,1.79388289975584312e-13,SMOOTH_INTERIOR,CONSISTENT_NUMERICALLY
run1,I1,KPS,D3,.1000000000000000E-06,-1,SMOOTH,SMOOTH,.6918925368972594E-04,.6918925253170722E-04,.1410321461169781E-11,.2038353336624011E-07,.1266214604413000E-11,.2649277980446579E-07,1.000000000000000,1,1,1,1,0,-1.75010141520819418e+00,1.00000000000000000e+00,6.91892536897259421e-05,6.91892525317072199e-05,1.41032146116978092e-12,1.26621460441300003e-12,SMOOTH_INTERIOR,CONSISTENT_NUMERICALLY
run1,I1,KPU,D1,.1000000000000000E-01,-1,SMOOTH,SMOOTH,.000000000000000,.1849632079338486E-23,.1849632079338486E-23,1.000000000000000,.1654361225106055E-23,1.000000000000000,.000000000000000,1,1,1,1,0,,1.00000000000000000e+00,0.00000000000000000e+00,1.84963207933848584e-24,1.84963207933848584e-24,1.65436122510605498e-24,NULLSPACE,NULLSPACE_CONSISTENT
run1,I1,KPU,D1,.3000000000000000E-02,-1,SMOOTH,SMOOTH,.000000000000000,.1849632079338486E-23,.1849632079338486E-23,1.000000000000000,.1654361225106055E-23,1.000000000000000,.000000000000000,1,1,1,1,0,-0.00000000000000000e+00,1.00000000000000000e+00,0.00000000000000000e+00,1.84963207933848584e-24,1.84963207933848584e-24,1.65436122510605498e-24,NULLSPACE,NULLSPACE_CONSISTENT
run1,I1,KPU,D1,.1000000000000000E-02,-1,SMOOTH,SMOOTH,.000000000000000,.1849632079338486E-23,.1849632079338486E-23,1.000000000000000,.1654361225106055E-23,1.000000000000000,.000000000000000,1,1,1,1,0,-0.00000000000000000e+00,1.00000000000000000e+00,0.00000000000000000e+00,1.84963207933848584e-24,1.84963207933848584e-24,1.65436122510605498e-24,NULLSPACE,NULLSPACE_CONSISTENT
run1,I1,KPU,D1,.3000000000000000E-03,-1,SMOOTH,SMOOTH,.000000000000000,.1849632079338486E-23,.1849632079338486E-23,1.000000000000000,.1654361225106055E-23,1.000000000000000,.000000000000000,1,1,1,1,0,-0.00000000000000000e+00,1.00000000000000000e+00,0.00000000000000000e+00,1.84963207933848584e-24,1.84963207933848584e-24,1.65436122510605498e-24,NULLSPACE,NULLSPACE_CONSISTENT
run1,I1,KPU,D1,.1000000000000000E-03,-1,SMOOTH,SMOOTH,.000000000000000,.1849632079338486E-23,.1849632079338486E-23,1.000000000000000,.1654361225106055E-23,1.000000000000000,.000000000000000,1,1,1,1,0,-0.00000000000000000e+00,1.00000000000000000e+00,0.00000000000000000e+00,1.84963207933848584e-24,1.84963207933848584e-24,1.65436122510605498e-24,NULLSPACE,NULLSPACE_CONSISTENT
run1,I1,KPU,D1,.3000000000000000E-04,-1,SMOOTH,SMOOTH,.000000000000000,.1849632079338486E-23,.1849632079338486E-23,1.000000000000000,.1654361225106055E-23,1.000000000000000,.000000000000000,1,1,1,1,0,-0.00000000000000000e+00,1.00000000000000000e+00,0.00000000000000000e+00,1.84963207933848584e-24,1.84963207933848584e-24,1.65436122510605498e-24,NULLSPACE,NULLSPACE_CONSISTENT
run1,I1,KPU,D1,.1000000000000000E-04,-1,SMOOTH,SMOOTH,.000000000000000,.1849632079338486E-23,.1849632079338486E-23,1.000000000000000,.1654361225106055E-23,1.000000000000000,.000000000000000,1,1,1,1,0,-0.00000000000000000e+00,1.00000000000000000e+00,0.00000000000000000e+00,1.84963207933848584e-24,1.84963207933848584e-24,1.65436122510605498e-24,NULLSPACE,NULLSPACE_CONSISTENT
run1,I1,KPU,D1,.3000000000000000E-05,-1,SMOOTH,SMOOTH,.000000000000000,.1849632079338486E-23,.1849632079338486E-23,1.000000000000000,.1654361225106055E-23,1.000000000000000,.000000000000000,1,1,1,1,0,-0.00000000000000000e+00,1.00000000000000000e+00,0.00000000000000000e+00,1.84963207933848584e-24,1.84963207933848584e-24,1.65436122510605498e-24,NULLSPACE,NULLSPACE_CONSISTENT
run1,I1,KPU,D1,.1000000000000000E-05,-1,SMOOTH,SMOOTH,.000000000000000,.1849632079338486E-23,.1849632079338486E-23,1.000000000000000,.1654361225106055E-23,1.000000000000000,.000000000000000,1,1,1,1,0,-0.00000000000000000e+00,1.00000000000000000e+00,0.00000000000000000e+00,1.84963207933848584e-24,1.84963207933848584e-24,1.65436122510605498e-24,NULLSPACE,NULLSPACE_CONSISTENT
run1,I1,KPU,D1,.3000000000000000E-06,-1,SMOOTH,SMOOTH,.000000000000000,.1849632079338486E-23,.1849632079338486E-23,1.000000000000000,.1654361225106055E-23,1.000000000000000,.000000000000000,1,1,1,1,0,-0.00000000000000000e+00,1.00000000000000000e+00,0.00000000000000000e+00,1.84963207933848584e-24,1.84963207933848584e-24,1.65436122510605498e-24,NULLSPACE,NULLSPACE_CONSISTENT
run1,I1,KPU,D1,.1000000000000000E-06,-1,SMOOTH,SMOOTH,.000000000000000,.1849632079338486E-23,.1849632079338486E-23,1.000000000000000,.1654361225106055E-23,1.000000000000000,.000000000000000,1,1,1,1,0,-0.00000000000000000e+00,1.00000000000000000e+00,0.00000000000000000e+00,1.84963207933848584e-24,1.84963207933848584e-24,1.65436122510605498e-24,NULLSPACE,NULLSPACE_CONSISTENT
run1,I1,KPU,D2,.1000000000000000E-01,-1,SMOOTH,SMOOTH,.000000000000000,.4454503923864526E-23,.4454503923864526E-23,1.000000000000000,.3308722450212111E-23,1.000000000000000,.000000000000000,1,1,1,1,0,,1.00000000000000000e+00,0.00000000000000000e+00,4.45450392386452594e-24,4.45450392386452594e-24,3.30872245021211070e-24,NULLSPACE,NULLSPACE_CONSISTENT
run1,I1,KPU,D2,.3000000000000000E-02,-1,SMOOTH,SMOOTH,.000000000000000,.4454503923864526E-23,.4454503923864526E-23,1.000000000000000,.3308722450212111E-23,1.000000000000000,.000000000000000,1,1,1,1,0,-0.00000000000000000e+00,1.00000000000000000e+00,0.00000000000000000e+00,4.45450392386452594e-24,4.45450392386452594e-24,3.30872245021211070e-24,NULLSPACE,NULLSPACE_CONSISTENT
run1,I1,KPU,D2,.1000000000000000E-02,-1,SMOOTH,SMOOTH,.000000000000000,.4454503923864526E-23,.4454503923864526E-23,1.000000000000000,.3308722450212111E-23,1.000000000000000,.000000000000000,1,1,1,1,0,-0.00000000000000000e+00,1.00000000000000000e+00,0.00000000000000000e+00,4.45450392386452594e-24,4.45450392386452594e-24,3.30872245021211070e-24,NULLSPACE,NULLSPACE_CONSISTENT
run1,I1,KPU,D2,.3000000000000000E-03,-1,SMOOTH,SMOOTH,.000000000000000,.4454503923864526E-23,.4454503923864526E-23,1.000000000000000,.3308722450212111E-23,1.000000000000000,.000000000000000,1,1,1,1,0,-0.00000000000000000e+00,1.00000000000000000e+00,0.00000000000000000e+00,4.45450392386452594e-24,4.45450392386452594e-24,3.30872245021211070e-24,NULLSPACE,NULLSPACE_CONSISTENT
run1,I1,KPU,D2,.1000000000000000E-03,-1,SMOOTH,SMOOTH,.000000000000000,.4454503923864526E-23,.4454503923864526E-23,1.000000000000000,.3308722450212111E-23,1.000000000000000,.000000000000000,1,1,1,1,0,-0.00000000000000000e+00,1.00000000000000000e+00,0.00000000000000000e+00,4.45450392386452594e-24,4.45450392386452594e-24,3.30872245021211070e-24,NULLSPACE,NULLSPACE_CONSISTENT
run1,I1,KPU,D2,.3000000000000000E-04,-1,SMOOTH,SMOOTH,.000000000000000,.4454503923864526E-23,.4454503923864526E-23,1.000000000000000,.3308722450212111E-23,1.000000000000000,.000000000000000,1,1,1,1,0,-0.00000000000000000e+00,1.00000000000000000e+00,0.00000000000000000e+00,4.45450392386452594e-24,4.45450392386452594e-24,3.30872245021211070e-24,NULLSPACE,NULLSPACE_CONSISTENT
run1,I1,KPU,D2,.1000000000000000E-04,-1,SMOOTH,SMOOTH,.000000000000000,.4454503923864526E-23,.4454503923864526E-23,1.000000000000000,.3308722450212111E-23,1.000000000000000,.000000000000000,1,1,1,1,0,-0.00000000000000000e+00,1.00000000000000000e+00,0.00000000000000000e+00,4.45450392386452594e-24,4.45450392386452594e-24,3.30872245021211070e-24,NULLSPACE,NULLSPACE_CONSISTENT
run1,I1,KPU,D2,.3000000000000000E-05,-1,SMOOTH,SMOOTH,.000000000000000,.4454503923864526E-23,.4454503923864526E-23,1.000000000000000,.3308722450212111E-23,1.000000000000000,.000000000000000,1,1,1,1,0,-0.00000000000000000e+00,1.00000000000000000e+00,0.00000000000000000e+00,4.45450392386452594e-24,4.45450392386452594e-24,3.30872245021211070e-24,NULLSPACE,NULLSPACE_CONSISTENT
run1,I1,KPU,D2,.1000000000000000E-05,-1,SMOOTH,SMOOTH,.000000000000000,.4454503923864526E-23,.4454503923864526E-23,1.000000000000000,.3308722450212111E-23,1.000000000000000,.000000000000000,1,1,1,1,0,-0.00000000000000000e+00,1.00000000000000000e+00,0.00000000000000000e+00,4.45450392386452594e-24,4.45450392386452594e-24,3.30872245021211070e-24,NULLSPACE,NULLSPACE_CONSISTENT
run1,I1,KPU,D2,.3000000000000000E-06,-1,SMOOTH,SMOOTH,.000000000000000,.4454503923864526E-23,.4454503923864526E-23,1.000000000000000,.3308722450212111E-23,1.000000000000000,.000000000000000,1,1,1,1,0,-0.00000000000000000e+00,1.00000000000000000e+00,0.00000000000000000e+00,4.45450392386452594e-24,4.45450392386452594e-24,3.30872245021211070e-24,NULLSPACE,NULLSPACE_CONSISTENT
run1,I1,KPU,D2,.1000000000000000E-06,-1,SMOOTH,SMOOTH,.000000000000000,.4454503923864526E-23,.4454503923864526E-23,1.000000000000000,.3308722450212111E-23,1.000000000000000,.000000000000000,1,1,1,1,0,-0.00000000000000000e+00,1.00000000000000000e+00,0.00000000000000000e+00,4.45450392386452594e-24,4.45450392386452594e-24,3.30872245021211070e-24,NULLSPACE,NULLSPACE_CONSISTENT
run1,I1,KPU,D3,.1000000000000000E-01,-1,SMOOTH,SMOOTH,.5988071690237293E-07,.5988071690736757E-07,.1173286401596049E-16,.1959372669854743E-09,.8755911924665711E-17,.2195345760061211E-09,1.000000000000000,1,1,1,1,0,,1.00000000000000000e+00,5.98807169023729258e-08,5.98807169073675747e-08,1.17328640159604904e-17,8.75591192466571109e-18,SMOOTH_INTERIOR,CONSISTENT_NUMERICALLY
run1,I1,KPU,D3,.3000000000000000E-02,-1,SMOOTH,SMOOTH,.5988071691274791E-07,.5988071690736757E-07,.1451959737040047E-16,.2424753429648639E-09,.1190329775948303E-16,.2984481170327533E-09,.9999999999999998,1,1,1,1,0,-1.77001909377836886e-01,1.00000000000000000e+00,5.98807169127479148e-08,5.98807169073675747e-08,1.45195973704004715e-17,1.19032977594830306e-17,SMOOTH_INTERIOR,CONSISTENT_NUMERICALLY
run1,I1,KPU,D3,.1000000000000000E-02,-1,SMOOTH,SMOOTH,.5988071690430413E-07,.5988071690736757E-07,.3853484719551595E-16,.6435268177421355E-09,.3043995537437580E-16,.7632126443858759E-09,1.000000000000000,1,1,1,1,0,-8.88451443922687711e-01,1.00000000000000000e+00,5.98807169043041345e-08,5.98807169073675747e-08,3.85348471955159516e-17,3.04399553743757998e-17,SMOOTH_INTERIOR,CONSISTENT_NUMERICALLY
run1,I1,KPU,D3,.3000000000000000E-03,-1,SMOOTH,SMOOTH,.5988071719535453E-07,.5988071690736757E-07,.3146998786814521E-15,.5255446050433513E-08,.2725306207001397E-15,.6833085391329192E-08,1.000000000000000,1,1,1,1,0,-1.74427234331204728e+00,1.00000000000000000e+00,5.98807171953545284e-08,5.98807169073675747e-08,3.14699878681452117e-16,2.72530620700139691e-16,SMOOTH_INTERIOR,CONSISTENT_NUMERICALLY
run1,I1,KPU,D3,.1000000000000000E-03,-1,SMOOTH,SMOOTH,.5988071652747679E-07,.5988071690736757E-07,.5810335601456937E-15,.9703183097231837E-08,.5725410416171280E-15,.1435516436315421E-07,1.000000000000000,1,1,1,1,0,-5.58148771566591040e-01,1.00000000000000000e+00,5.98807165274767919e-08,5.98807169073675747e-08,5.81033560145693682e-16,5.72541041617128017e-16,SMOOTH_INTERIOR,CONSISTENT_NUMERICALLY
run1,I1,KPU,D3,.3000000000000000E-04,-1,SMOOTH,SMOOTH,.5988071458480204E-07,.5988071690736757E-07,.3221782325938457E-14,.5380333590398376E-07,.3102346108544157E-14,.7778427232702147E-07,.9999999999999991,1,1,1,1,0,-1.42269117600412698e+00,1.00000000000000000e+00,5.98807145848020422e-08,5.98807169073675747e-08,3.22178232593845698e-15,3.10234610854415712e-15,SMOOTH_INTERIOR,CONSISTENT_NUMERICALLY
run1,I1,KPU,D3,.1000000000000000E-04,-1,SMOOTH,SMOOTH,.5988072268678894E-07,.5988071690736757E-07,.1140585613030103E-13,.1904762604479626E-06,.1135368285572342E-13,.2846677734415188E-06,.9999999999999863,1,1,1,1,0,-1.15071732620323131e+00,1.00000000000000000e+00,5.98807226867889409e-08,5.98807169073675747e-08,1.14058561303010295e-14,1.13536828557234208e-14,SMOOTH_INTERIOR,CONSISTENT_NUMERICALLY
run1,I1,KPU,D3,.3000000000000000E-05,-1,SMOOTH,SMOOTH,.5988072276867712E-07,.5988071690736757E-07,.2264917159715667E-13,.3782381132013354E-06,.1858169734116593E-13,.4658937964087476E-06,.9999999999999332,1,1,1,1,0,-5.69777286973554120e-01,1.00000000000000000e+00,5.98807227686771216e-08,5.98807169073675747e-08,2.26491715971566685e-14,1.85816973411659288e-14,SMOOTH_INTERIOR,CONSISTENT_NUMERICALLY
run1,I1,KPU,D3,.1000000000000000E-05,-1,SMOOTH,SMOOTH,.5988063225570988E-07,.5988071690736757E-07,.1706791485639429E-12,.2850319057268049E-05,.1621186647419573E-12,.4064754078352665E-05,.9999999999969369,1,1,1,1,0,-1.83837575226763872e+00,1.00000000000000000e+00,5.98806322557098836e-08,5.98807169073675747e-08,1.70679148563942891e-13,1.62118664741957289e-13,SMOOTH_INTERIOR,CONSISTENT_NUMERICALLY
run1,I1,KPU,D3,.3000000000000000E-06,-1,SMOOTH,SMOOTH,.5988075116062402E-07,.5988071690736757E-07,.1513117835405881E-12,.2526885194454385E-05,.1180486782667050E-12,.2959800138944431E-05,.9999999999969708,1,1,1,1,0,1.00037949079285579e-01,1.00000000000000000e+00,5.98807511606240245e-08,5.98807169073675747e-08,1.51311783540588104e-13,1.18048678266704996e-13,SMOOTH_INTERIOR,CONSISTENT_NUMERICALLY
run1,I1,KPU,D3,.1000000000000000E-06,-1,SMOOTH,SMOOTH,.5988147807826307E-07,.5988071690736757E-07,.1015360239297436E-11,.1695616527652163E-04,.8136632904949967E-12,.2040046549315464E-04,.9999999999370318,1,1,1,1,0,-1.73278258762076742e+00,1.00000000000000000e+00,5.98814780782630705e-08,5.98807169073675747e-08,1.01536023929743597e-12,8.13663290494996702e-13,SMOOTH_INTERIOR,CONSISTENT_NUMERICALLY
run1,I1,KSU,D1,.1000000000000000E-01,-1,SMOOTH,SMOOTH,.000000000000000,.2339620081609153E-23,.2339620081609153E-23,1.000000000000000,.1654361225106055E-23,1.000000000000000,.000000000000000,1,1,1,1,0,,1.00000000000000000e+00,0.00000000000000000e+00,2.33962008160915287e-24,2.33962008160915287e-24,1.65436122510605498e-24,NULLSPACE,NULLSPACE_CONSISTENT
run1,I1,KSU,D1,.3000000000000000E-02,-1,SMOOTH,SMOOTH,.000000000000000,.2339620081609153E-23,.2339620081609153E-23,1.000000000000000,.1654361225106055E-23,1.000000000000000,.000000000000000,1,1,1,1,0,-0.00000000000000000e+00,1.00000000000000000e+00,0.00000000000000000e+00,2.33962008160915287e-24,2.33962008160915287e-24,1.65436122510605498e-24,NULLSPACE,NULLSPACE_CONSISTENT
run1,I1,KSU,D1,.1000000000000000E-02,-1,SMOOTH,SMOOTH,.000000000000000,.2339620081609153E-23,.2339620081609153E-23,1.000000000000000,.1654361225106055E-23,1.000000000000000,.000000000000000,1,1,1,1,0,-0.00000000000000000e+00,1.00000000000000000e+00,0.00000000000000000e+00,2.33962008160915287e-24,2.33962008160915287e-24,1.65436122510605498e-24,NULLSPACE,NULLSPACE_CONSISTENT
run1,I1,KSU,D1,.3000000000000000E-03,-1,SMOOTH,SMOOTH,.000000000000000,.2339620081609153E-23,.2339620081609153E-23,1.000000000000000,.1654361225106055E-23,1.000000000000000,.000000000000000,1,1,1,1,0,-0.00000000000000000e+00,1.00000000000000000e+00,0.00000000000000000e+00,2.33962008160915287e-24,2.33962008160915287e-24,1.65436122510605498e-24,NULLSPACE,NULLSPACE_CONSISTENT
run1,I1,KSU,D1,.1000000000000000E-03,-1,SMOOTH,SMOOTH,.000000000000000,.2339620081609153E-23,.2339620081609153E-23,1.000000000000000,.1654361225106055E-23,1.000000000000000,.000000000000000,1,1,1,1,0,-0.00000000000000000e+00,1.00000000000000000e+00,0.00000000000000000e+00,2.33962008160915287e-24,2.33962008160915287e-24,1.65436122510605498e-24,NULLSPACE,NULLSPACE_CONSISTENT
run1,I1,KSU,D1,.3000000000000000E-04,-1,SMOOTH,SMOOTH,.000000000000000,.2339620081609153E-23,.2339620081609153E-23,1.000000000000000,.1654361225106055E-23,1.000000000000000,.000000000000000,1,1,1,1,0,-0.00000000000000000e+00,1.00000000000000000e+00,0.00000000000000000e+00,2.33962008160915287e-24,2.33962008160915287e-24,1.65436122510605498e-24,NULLSPACE,NULLSPACE_CONSISTENT
run1,I1,KSU,D1,.1000000000000000E-04,-1,SMOOTH,SMOOTH,.000000000000000,.2339620081609153E-23,.2339620081609153E-23,1.000000000000000,.1654361225106055E-23,1.000000000000000,.000000000000000,1,1,1,1,0,-0.00000000000000000e+00,1.00000000000000000e+00,0.00000000000000000e+00,2.33962008160915287e-24,2.33962008160915287e-24,1.65436122510605498e-24,NULLSPACE,NULLSPACE_CONSISTENT
run1,I1,KSU,D1,.3000000000000000E-05,-1,SMOOTH,SMOOTH,.000000000000000,.2339620081609153E-23,.2339620081609153E-23,1.000000000000000,.1654361225106055E-23,1.000000000000000,.000000000000000,1,1,1,1,0,-0.00000000000000000e+00,1.00000000000000000e+00,0.00000000000000000e+00,2.33962008160915287e-24,2.33962008160915287e-24,1.65436122510605498e-24,NULLSPACE,NULLSPACE_CONSISTENT
run1,I1,KSU,D1,.1000000000000000E-05,-1,SMOOTH,SMOOTH,.000000000000000,.2339620081609153E-23,.2339620081609153E-23,1.000000000000000,.1654361225106055E-23,1.000000000000000,.000000000000000,1,1,1,1,0,-0.00000000000000000e+00,1.00000000000000000e+00,0.00000000000000000e+00,2.33962008160915287e-24,2.33962008160915287e-24,1.65436122510605498e-24,NULLSPACE,NULLSPACE_CONSISTENT
run1,I1,KSU,D1,.3000000000000000E-06,-1,SMOOTH,SMOOTH,.000000000000000,.2339620081609153E-23,.2339620081609153E-23,1.000000000000000,.1654361225106055E-23,1.000000000000000,.000000000000000,1,1,1,1,0,-0.00000000000000000e+00,1.00000000000000000e+00,0.00000000000000000e+00,2.33962008160915287e-24,2.33962008160915287e-24,1.65436122510605498e-24,NULLSPACE,NULLSPACE_CONSISTENT
run1,I1,KSU,D1,.1000000000000000E-06,-1,SMOOTH,SMOOTH,.000000000000000,.2339620081609153E-23,.2339620081609153E-23,1.000000000000000,.1654361225106055E-23,1.000000000000000,.000000000000000,1,1,1,1,0,-0.00000000000000000e+00,1.00000000000000000e+00,0.00000000000000000e+00,2.33962008160915287e-24,2.33962008160915287e-24,1.65436122510605498e-24,NULLSPACE,NULLSPACE_CONSISTENT
run1,I1,KSU,D2,.1000000000000000E-01,-1,SMOOTH,SMOOTH,.000000000000000,.5231549544001671E-23,.5231549544001671E-23,1.000000000000000,.4963083675318166E-23,1.000000000000000,.000000000000000,1,1,1,1,0,,1.00000000000000000e+00,0.00000000000000000e+00,5.23154954400167125e-24,5.23154954400167125e-24,4.96308367531816605e-24,NULLSPACE,NULLSPACE_CONSISTENT
run1,I1,KSU,D2,.3000000000000000E-02,-1,SMOOTH,SMOOTH,.000000000000000,.5231549544001671E-23,.5231549544001671E-23,1.000000000000000,.4963083675318166E-23,1.000000000000000,.000000000000000,1,1,1,1,0,-0.00000000000000000e+00,1.00000000000000000e+00,0.00000000000000000e+00,5.23154954400167125e-24,5.23154954400167125e-24,4.96308367531816605e-24,NULLSPACE,NULLSPACE_CONSISTENT
run1,I1,KSU,D2,.1000000000000000E-02,-1,SMOOTH,SMOOTH,.000000000000000,.5231549544001671E-23,.5231549544001671E-23,1.000000000000000,.4963083675318166E-23,1.000000000000000,.000000000000000,1,1,1,1,0,-0.00000000000000000e+00,1.00000000000000000e+00,0.00000000000000000e+00,5.23154954400167125e-24,5.23154954400167125e-24,4.96308367531816605e-24,NULLSPACE,NULLSPACE_CONSISTENT
run1,I1,KSU,D2,.3000000000000000E-03,-1,SMOOTH,SMOOTH,.000000000000000,.5231549544001671E-23,.5231549544001671E-23,1.000000000000000,.4963083675318166E-23,1.000000000000000,.000000000000000,1,1,1,1,0,-0.00000000000000000e+00,1.00000000000000000e+00,0.00000000000000000e+00,5.23154954400167125e-24,5.23154954400167125e-24,4.96308367531816605e-24,NULLSPACE,NULLSPACE_CONSISTENT
run1,I1,KSU,D2,.1000000000000000E-03,-1,SMOOTH,SMOOTH,.000000000000000,.5231549544001671E-23,.5231549544001671E-23,1.000000000000000,.4963083675318166E-23,1.000000000000000,.000000000000000,1,1,1,1,0,-0.00000000000000000e+00,1.00000000000000000e+00,0.00000000000000000e+00,5.23154954400167125e-24,5.23154954400167125e-24,4.96308367531816605e-24,NULLSPACE,NULLSPACE_CONSISTENT
run1,I1,KSU,D2,.3000000000000000E-04,-1,SMOOTH,SMOOTH,.000000000000000,.5231549544001671E-23,.5231549544001671E-23,1.000000000000000,.4963083675318166E-23,1.000000000000000,.000000000000000,1,1,1,1,0,-0.00000000000000000e+00,1.00000000000000000e+00,0.00000000000000000e+00,5.23154954400167125e-24,5.23154954400167125e-24,4.96308367531816605e-24,NULLSPACE,NULLSPACE_CONSISTENT
run1,I1,KSU,D2,.1000000000000000E-04,-1,SMOOTH,SMOOTH,.000000000000000,.5231549544001671E-23,.5231549544001671E-23,1.000000000000000,.4963083675318166E-23,1.000000000000000,.000000000000000,1,1,1,1,0,-0.00000000000000000e+00,1.00000000000000000e+00,0.00000000000000000e+00,5.23154954400167125e-24,5.23154954400167125e-24,4.96308367531816605e-24,NULLSPACE,NULLSPACE_CONSISTENT
run1,I1,KSU,D2,.3000000000000000E-05,-1,SMOOTH,SMOOTH,.000000000000000,.5231549544001671E-23,.5231549544001671E-23,1.000000000000000,.4963083675318166E-23,1.000000000000000,.000000000000000,1,1,1,1,0,-0.00000000000000000e+00,1.00000000000000000e+00,0.00000000000000000e+00,5.23154954400167125e-24,5.23154954400167125e-24,4.96308367531816605e-24,NULLSPACE,NULLSPACE_CONSISTENT
run1,I1,KSU,D2,.1000000000000000E-05,-1,SMOOTH,SMOOTH,.000000000000000,.5231549544001671E-23,.5231549544001671E-23,1.000000000000000,.4963083675318166E-23,1.000000000000000,.000000000000000,1,1,1,1,0,-0.00000000000000000e+00,1.00000000000000000e+00,0.00000000000000000e+00,5.23154954400167125e-24,5.23154954400167125e-24,4.96308367531816605e-24,NULLSPACE,NULLSPACE_CONSISTENT
run1,I1,KSU,D2,.3000000000000000E-06,-1,SMOOTH,SMOOTH,.000000000000000,.5231549544001671E-23,.5231549544001671E-23,1.000000000000000,.4963083675318166E-23,1.000000000000000,.000000000000000,1,1,1,1,0,-0.00000000000000000e+00,1.00000000000000000e+00,0.00000000000000000e+00,5.23154954400167125e-24,5.23154954400167125e-24,4.96308367531816605e-24,NULLSPACE,NULLSPACE_CONSISTENT
run1,I1,KSU,D2,.1000000000000000E-06,-1,SMOOTH,SMOOTH,.000000000000000,.5231549544001671E-23,.5231549544001671E-23,1.000000000000000,.4963083675318166E-23,1.000000000000000,.000000000000000,1,1,1,1,0,-0.00000000000000000e+00,1.00000000000000000e+00,0.00000000000000000e+00,5.23154954400167125e-24,5.23154954400167125e-24,4.96308367531816605e-24,NULLSPACE,NULLSPACE_CONSISTENT
run1,I1,KSU,D3,.1000000000000000E-01,-1,SMOOTH,SMOOTH,.1271675614429551E-06,.1271675615815425E-06,.5657993186738316E-15,.4449242492638576E-08,.4578367001677877E-15,.5400053141227529E-08,1.000000000000000,1,1,1,1,0,,1.00000000000000000e+00,1.27167561442955099e-07,1.27167561581542500e-07,5.65799318673831602e-16,4.57836700167787720e-16,SMOOTH_INTERIOR,CONSISTENT_NUMERICALLY
run1,I1,KSU,D3,.3000000000000000E-02,-1,SMOOTH,SMOOTH,.1271675611637158E-06,.1271675615815425E-06,.1621900567484372E-14,.1275404314837299E-07,.1113196494081823E-14,.1312983469797927E-07,1.000000000000000,1,1,1,1,0,-8.74699554602533902e-01,1.00000000000000000e+00,1.27167561163715812e-07,1.27167561581542500e-07,1.62190056748437196e-15,1.11319649408182296e-15,SMOOTH_INTERIOR,CONSISTENT_NUMERICALLY
run1,I1,KSU,D3,.1000000000000000E-02,-1,SMOOTH,SMOOTH,.1271675640806340E-06,.1271675615815425E-06,.4016057056798274E-14,.3158082869505770E-07,.3705499642176549E-14,.4370531027162750E-07,.9999999999999996,1,1,1,1,0,-8.25315671061485068e-01,1.00000000000000000e+00,1.27167564080633987e-07,1.27167561581542500e-07,4.01605705679827367e-15,3.70549964217654931e-15,SMOOTH_INTERIOR,CONSISTENT_NUMERICALLY
run1,I1,KSU,D3,.3000000000000000E-03,-1,SMOOTH,SMOOTH,.1271675775474481E-06,.1271675615815425E-06,.3164149379152862E-13,.2488173039210620E-06,.3126830839302439E-13,.3688007566215161E-06,.9999999999999770,1,1,1,1,0,-1.71446460985777827e+00,1.00000000000000000e+00,1.27167577547448106e-07,1.27167561581542500e-07,3.16414937915286190e-14,3.12683083930243907e-14,SMOOTH_INTERIOR,CONSISTENT_NUMERICALLY
run1,I1,KSU,D3,.1000000000000000E-03,-1,SMOOTH,SMOOTH,.1271675416870021E-06,.1271675615815425E-06,.6144162637581761E-13,.4831548675754073E-06,.6125027699681695E-13,.7224295032456224E-06,.9999999999998956,1,1,1,1,0,-6.04051322188955742e-01,1.00000000000000000e+00,1.27167541687002106e-07,1.27167561581542500e-07,6.14416263758176128e-14,6.12502769968169509e-14,SMOOTH_INTERIOR,CONSISTENT_NUMERICALLY
run1,I1,KSU,D3,.3000000000000000E-04,-1,SMOOTH,SMOOTH,.1271674919588201E-06,.1271675615815425E-06,.2087456321741713E-12,.1641500627817883E-05,.1813316711242712E-12,.2138753752180434E-05,.9999999999988027,1,1,1,1,0,-1.01582766317600393e+00,1.00000000000000000e+00,1.27167491958820091e-07,1.27167561581542500e-07,2.08745632174171297e-13,1.81331671124271194e-13,SMOOTH_INTERIOR,CONSISTENT_NUMERICALLY
run1,I1,KSU,D3,.1000000000000000E-04,-1,SMOOTH,SMOOTH,.1271673646431187E-06,.1271675615815425E-06,.8415431625491651E-12,.6617592977982441E-05,.7551396673941572E-12,.8906656766667358E-05,.9999999999793027,1,1,1,1,0,-1.26898349790318044e+00,1.00000000000000000e+00,1.27167364643118699e-07,1.27167561581542500e-07,8.41543162549165118e-13,7.55139667394157234e-13,SMOOTH_INTERIOR,CONSISTENT_NUMERICALLY
run1,I1,KSU,D3,.3000000000000000E-05,-1,SMOOTH,SMOOTH,.1271702751502988E-06,.1271675615815425E-06,.3919981590182140E-11,.3082466862283052E-04,.3750708207752080E-11,.4423837997417999E-04,.9999999997525714,1,1,1,1,0,-1.27793993863822686e+00,1.00000000000000000e+00,1.27170275150298808e-07,1.27167561581542500e-07,3.91998159018214014e-12,3.75070820775207987e-12,SMOOTH_INTERIOR,CONSISTENT_NUMERICALLY
run1,I1,KSU,D3,.1000000000000000E-05,-1,SMOOTH,SMOOTH,.1271614191284348E-06,.1271675615815425E-06,.1102748855529634E-10,.8671620669729746E-04,.1046959113285766E-10,.1234858380960067E-03,.9999999974065683,1,1,1,1,0,-9.41464216651069163e-01,1.00000000000000000e+00,1.27161419128434806e-07,1.27167561581542500e-07,1.10274885552963396e-11,1.04695911328576595e-11,SMOOTH_INTERIOR,CONSISTENT_NUMERICALLY
run1,I1,KSU,D3,.3000000000000000E-06,-1,SMOOTH,SMOOTH,.1271522882727590E-06,.1271675615815425E-06,.2548788389250938E-10,.2004275585339900E-03,.2434737894067212E-10,.2871703828523172E-03,.9999999871253132,1,1,1,1,0,-6.95872929691588427e-01,1.00000000000000000e+00,1.27152288272758994e-07,1.27167561581542500e-07,2.54878838925093792e-11,2.43473789406721195e-11,SMOOTH_INTERIOR,CONSISTENT_NUMERICALLY
run1,I1,KSU,D3,.1000000000000000E-06,-1,SMOOTH,SMOOTH,.1271747928472597E-06,.1271675615815425E-06,.3155515334353354E-10,.2481242755506754E-03,.2434737894067212E-10,.2871380601627737E-03,.9999999708320911,1,1,1,1,0,-1.94366765247381973e-01,1.00000000000000000e+00,1.27174792847259699e-07,1.27167561581542500e-07,3.15551533435335422e-11,2.43473789406721195e-11,SMOOTH_INTERIOR,CONSISTENT_NUMERICALLY
run1,I1,KUP,D1,.1000000000000000E-01,-1,SMOOTH,SMOOTH,7071067.811865344,7071067.811865475,.1734899229085211E-06,.2453518019122932E-13,.9313225746154785E-07,.3725290298461914E-13,.9999999999999999,1,1,1,1,0,,7.00000000000000000e+06,1.01015254455219194e+00,1.01015254455221082e+00,2.47842747012172974e-14,1.33046082087925500e-14,SMOOTH_INTERIOR,CONSISTENT_NUMERICALLY
run1,I1,KUP,D1,.3000000000000000E-02,-1,SMOOTH,SMOOTH,7071067.811865256,7071067.811865475,.3094332393558873E-06,.4376046837461360E-13,.1550652086734772E-06,.6202608346939087E-13,.9999999999999999,1,1,1,1,0,-4.80594615982401052e-01,7.00000000000000000e+06,1.01015254455217951e+00,1.01015254455221082e+00,4.42047484794124696e-14,2.21521726676395995e-14,SMOOTH_INTERIOR,CONSISTENT_NUMERICALLY
run1,I1,KUP,D1,.1000000000000000E-02,-1,SMOOTH,SMOOTH,7071067.811864817,7071067.811865475,.1140252843139286E-05,.1612561035302059E-12,.9313225746154785E-06,.3725290298461914E-12,.9999999999999999,1,1,1,1,0,-1.18719129436957216e+00,7.00000000000000000e+06,1.01015254455211667e+00,1.01015254455221082e+00,1.62893263305612288e-13,1.33046082087925512e-13,SMOOTH_INTERIOR,CONSISTENT_NUMERICALLY
run1,I1,KUP,D1,.3000000000000000E-03,-1,SMOOTH,SMOOTH,7071067.811867122,7071067.811865475,.2689841065052889E-05,.3804009714825000E-12,.1552980393171310E-05,.6211921572681384E-12,1.000000000000000,1,1,1,1,0,-7.12833442017560936e-01,7.00000000000000000e+06,1.01015254455244596e+00,1.01015254455221082e+00,3.84263009293269861e-13,2.21854341881615704e-13,SMOOTH_INTERIOR,CONSISTENT_NUMERICALLY
run1,I1,KUP,D1,.1000000000000000E-03,-1,SMOOTH,SMOOTH,7071067.811873707,7071067.811865475,.1232111965255037E-04,.1742469451623812E-11,.9313691407442093E-05,.3725476562962959E-11,1.000000000000000,1,1,1,1,0,-1.38523184413400413e+00,7.00000000000000000e+06,1.01015254455338677e+00,1.01015254455221082e+00,1.76015995036433854e-12,1.33052734392029891e-12,SMOOTH_INTERIOR,CONSISTENT_NUMERICALLY
run1,I1,KUP,D1,.3000000000000000E-04,-1,SMOOTH,SMOOTH,7071067.811887426,7071067.811865475,.3104470670921714E-04,.4390384526793361E-11,.1552235335111618E-04,.6208941340407922E-11,.9999999999999999,1,1,1,1,0,-7.67553452459935337e-01,7.00000000000000000e+06,1.01015254455534653e+00,1.01015254455221082e+00,4.43495810131673384e-12,2.21747905015945422e-12,SMOOTH_INTERIOR,CONSISTENT_NUMERICALLY
run1,I1,KUP,D1,.1000000000000000E-04,-1,SMOOTH,SMOOTH,7071067.811750230,7071067.811865475,.1396974548712994E-03,.1975620353079950E-10,.9313179180026054E-04,.3725271672010422E-10,1.000000000000000,1,1,1,1,0,-1.36904597334963563e+00,7.00000000000000000e+06,1.01015254453574710e+00,1.01015254455221082e+00,1.99567792673284823e-11,1.33045416857515069e-11,SMOOTH_INTERIOR,CONSISTENT_NUMERICALLY
run1,I1,KUP,D1,.3000000000000000E-05,-1,SMOOTH,SMOOTH,7071067.811645960,7071067.811865475,.3802100885367104E-03,.5376982637596911E-10,.3104405477643013E-03,.1241762191057205E-09,.9999999999999999,1,1,1,1,0,-8.31617552616933708e-01,7.00000000000000000e+06,1.01015254452085146e+00,1.01015254455221082e+00,5.43157269338157685e-11,4.43486496806144729e-11,SMOOTH_INTERIOR,CONSISTENT_NUMERICALLY
run1,I1,KUP,D1,.1000000000000000E-05,-1,SMOOTH,SMOOTH,7071067.811042295,7071067.811865475,.1396983396262319E-02,.1975632865404199E-09,.9313225746154785E-03,.3725290298461914E-09,.9999999999999999,1,1,1,1,0,-1.18453664027871364e+00,7.00000000000000000e+06,1.01015254443461355e+00,1.01015254455221082e+00,1.99569056608902732e-10,1.33046082087925495e-10,SMOOTH_INTERIOR,CONSISTENT_NUMERICALLY
run1,I1,KUP,D1,.3000000000000000E-06,-1,SMOOTH,SMOOTH,7071067.814609411,7071067.811865475,.4106747887381367E-02,.5807818557328054E-09,.1552205067127943E-02,.6208820264656828E-09,1.000000000000000,1,1,1,1,0,-8.95631735381041905e-01,7.00000000000000000e+06,1.01015254494420170e+00,1.01015254455221082e+00,5.86678269625909565e-10,2.21743581018277584e-10,SMOOTH_INTERIOR,CONSISTENT_NUMERICALLY
run1,I1,KUP,D1,.1000000000000000E-06,-1,SMOOTH,SMOOTH,7071067.815158198,7071067.811865475,.9313226211816131E-02,.1317089081206580E-08,.4656613338738680E-02,.1862645332026025E-08,1.000000000000000,1,1,1,1,0,-7.45307625424113218e-01,7.00000000000000000e+06,1.01015254502259966e+00,1.01015254455221082e+00,1.33046088740230444e-09,6.65230476962668535e-10,SMOOTH_INTERIOR,CONSISTENT_NUMERICALLY
run1,I1,KUP,D2,.1000000000000000E-01,-1,SMOOTH,SMOOTH,.1232023961406476E-06,.8231806349783991E-10,.1232024236411794E-06,1.000000223214261,.9313225746154785E-07,1.000000000000000,.000000000000000,1,1,1,1,0,,7.00000000000000000e+06,1.76003423058067991e-14,1.17597233568342727e-17,1.76003462344542002e-14,1.33046082087925500e-14,NULLSPACE,NULLSPACE_CONSISTENT
run1,I1,KUP,D2,.3000000000000000E-02,-1,SMOOTH,SMOOTH,.4390296719884795E-06,.8231806349783991E-10,.4390502587390008E-06,1.000046891478720,.3104408582051595E-06,1.000000000000000,-.2500000000000000,1,1,1,1,0,-1.05549324971238012e+00,7.00000000000000000e+06,6.27185245697827940e-14,1.17597233568342727e-17,6.27214655341429740e-14,4.43486940293084957e-14,NULLSPACE,NULLSPACE_CONSISTENT
run1,I1,KUP,D2,.1000000000000000E-02,-1,SMOOTH,SMOOTH,.8065490087349327E-06,.8231806349783991E-10,.8065490129357089E-06,1.000000005208333,.4656612873077393E-06,1.000000000000000,.000000000000000,1,1,1,1,0,-5.53562692921008570e-01,7.00000000000000000e+06,1.15221286962133252e-13,1.17597233568342727e-17,1.15221287562244128e-13,6.65230410439627561e-14,NULLSPACE,NULLSPACE_CONSISTENT
run1,I1,KUP,D2,.3000000000000000E-03,-1,SMOOTH,SMOOTH,.4106746538021588E-05,.8231806349783991E-10,.4106724538359796E-05,.9999946430436872,.3104408582051595E-05,1.000000000000000,.2672612419124243,1,1,1,1,0,-1.35187137657298728e+00,7.00000000000000000e+06,5.86678076860226890e-13,1.17597233568342727e-17,5.86674934051399396e-13,4.43486940293085007e-13,NULLSPACE,NULLSPACE_CONSISTENT
run1,I1,KUP,D2,.1000000000000000E-03,-1,SMOOTH,SMOOTH,.8065490087349328E-05,.8231806349783991E-10,.8065490087769405E-05,1.000000000052083,.4656612873077393E-05,1.000000000000000,.000000000000000,1,1,1,1,0,-6.14383001591528921e-01,7.00000000000000000e+06,1.15221286962133242e-12,1.17597233568342727e-17,1.15221286968134361e-12,6.65230410439627511e-13,NULLSPACE,NULLSPACE_CONSISTENT
run1,I1,KUP,D2,.3000000000000000E-04,-1,SMOOTH,SMOOTH,.1552204291025798E-04,.8231806349783991E-10,.1552210111802803E-04,1.000003750007031,.1552210111791889E-04,1.000003750000000,-.7071067811865475,1,1,1,1,0,-5.43758469948435241e-01,7.00000000000000000e+06,2.21743470146542564e-12,1.17597233568342727e-17,2.21744301686114702e-12,2.21744301684555580e-12,NULLSPACE,NULLSPACE_CONSISTENT
run1,I1,KUP,D2,.1000000000000000E-04,-1,SMOOTH,SMOOTH,.1396983861923218E-03,.8231806349783991E-10,.1396984249974479E-03,1.000000277777913,.9313225746154784E-04,1.000000000000000,-.4714045207910316,1,1,1,1,0,-1.99999683944721784e+00,7.00000000000000000e+06,1.99569123131888288e-11,1.17597233568342727e-17,1.99569178567782743e-11,1.33046082087925482e-11,NULLSPACE,NULLSPACE_CONSISTENT
run1,I1,KUP,D2,.3000000000000000E-05,-1,SMOOTH,SMOOTH,.3802108489571726E-03,.8231806349783991E-10,.3802108727203588E-03,1.000000062500022,.3104408582051595E-03,1.000000000000000,-.2886751345948129,1,1,1,1,0,-8.31613497743879271e-01,7.00000000000000000e+06,5.43158355653103712e-11,1.17597233568342727e-17,5.43158389600512557e-11,4.43486940293084983e-11,NULLSPACE,NULLSPACE_CONSISTENT
run1,I1,KUP,D2,.1000000000000000E-05,-1,SMOOTH,SMOOTH,.1232023961406476E-02,.8231806349783991E-10,.1232023983406907E-02,1.000000017857145,.9313225746154785E-03,1.000000000000000,-.2672612419124244,1,1,1,1,0,-1.07015695715928683e+00,7.00000000000000000e+06,1.76003423058068006e-10,1.17597233568342727e-17,1.76003426200986704e-10,1.33046082087925495e-10,NULLSPACE,NULLSPACE_CONSISTENT
run1,I1,KUP,D2,.3000000000000000E-06,-1,SMOOTH,SMOOTH,.2688496695783109E-02,.8231806349783991E-10,.2688496695783111E-02,1.000000000000000,.1552204291025798E-02,1.000000000000000,.000000000000000,1,1,1,1,0,-6.48124154857523505e-01,7.00000000000000000e+06,3.84070956540444147e-10,1.17597233568342727e-17,3.84070956540444458e-10,2.21743470146542569e-10,NULLSPACE,NULLSPACE_CONSISTENT
run1,I1,KUP,D2,.1000000000000000E-06,-1,SMOOTH,SMOOTH,.6585445079827192E-02,.8231806349783991E-10,.6585445079827192E-02,1.000000000000000,.4656612873077393E-02,1.000000000000000,.000000000000000,1,1,1,1,0,-8.15464876785727877e-01,7.00000000000000000e+06,9.40777868546741845e-10,1.17597233568342727e-17,9.40777868546741845e-10,6.65230410439627526e-10,NULLSPACE,NULLSPACE_CONSISTENT
run1,I1,KUP,D3,.1000000000000000E-01,-1,SMOOTH,SMOOTH,6437264.263530837,6437264.263530838,.1008863534598457E-06,.1567224046267592E-13,.5308538675308228E-07,.2127251463783666E-13,1.000000000000000,1,1,1,1,0,,7.00000000000000000e+06,9.19609180504405321e-01,9.19609180504405432e-01,1.44123362085493851e-14,7.58362667901175404e-15,SMOOTH_INTERIOR,CONSISTENT_NUMERICALLY
run1,I1,KUP,D3,.3000000000000000E-02,-1,SMOOTH,SMOOTH,6437264.263530619,6437264.263530838,.3145323978760436E-06,.4886119087233536E-13,.1988373696804047E-06,.7967862938908995E-13,.9999999999999998,1,1,1,1,0,-9.44450248891759658e-01,7.00000000000000000e+06,9.19609180504374235e-01,9.19609180504405432e-01,4.49331996965776616e-14,2.84053385257720973e-14,SMOOTH_INTERIOR,CONSISTENT_NUMERICALLY
run1,I1,KUP,D3,.1000000000000000E-02,-1,SMOOTH,SMOOTH,6437264.263531278,6437264.263530838,.1207359954960935E-05,.1875579291968691E-12,.7515773177146912E-06,.3011740230303516E-12,1.000000000000000,1,1,1,1,0,-1.22436671116586071e+00,7.00000000000000000e+06,9.19609180504468271e-01,9.19609180504405432e-01,1.72479993565847866e-13,1.07368188244955876e-13,SMOOTH_INTERIOR,CONSISTENT_NUMERICALLY
run1,I1,KUP,D3,.3000000000000000E-03,-1,SMOOTH,SMOOTH,6437264.263531439,6437264.263530838,.3144841581820179E-05,.4885369705320968E-12,.1906417310237885E-05,.7639445169061691E-12,1.000000000000000,1,1,1,1,0,-7.95140383166147102e-01,7.00000000000000000e+06,9.19609180504491253e-01,9.19609180504405432e-01,4.49263083117168440e-13,2.72345330033983588e-13,SMOOTH_INTERIOR,CONSISTENT_NUMERICALLY
run1,I1,KUP,D3,.1000000000000000E-03,-1,SMOOTH,SMOOTH,6437264.263543659,6437264.263530838,.1412826274341262E-04,.2194761961758446E-11,.7451046258211136E-05,.2985802690521352E-11,1.000000000000000,1,1,1,1,0,-1.36755590584225351e+00,7.00000000000000000e+06,9.19609180506236967e-01,9.19609180504405432e-01,2.01832324905894562e-12,1.06443517974444798e-12,SMOOTH_INTERIOR,CONSISTENT_NUMERICALLY
run1,I1,KUP,D3,.3000000000000000E-04,-1,SMOOTH,SMOOTH,6437264.263550797,6437264.263530838,.3855851725391593E-04,.5989891928508003E-11,.2607749775052071E-04,.1044984291429124E-10,.9999999999999998,1,1,1,1,0,-8.33905692383277275e-01,7.00000000000000000e+06,9.19609180507256596e-01,9.19609180504405432e-01,5.50835960770227565e-12,3.72535682150295863e-12,SMOOTH_INTERIOR,CONSISTENT_NUMERICALLY
run1,I1,KUP,D3,.1000000000000000E-04,-1,SMOOTH,SMOOTH,6437264.263468691,6437264.263530838,.1261638799356381E-03,.1959899031183119E-10,.9191525168716908E-04,.3683251939075639E-10,1.000000000000000,1,1,1,1,0,-1.07900183936753047e+00,7.00000000000000000e+06,9.19609180495527312e-01,9.19609180504405432e-01,1.80234114193768717e-11,1.31307502410241542e-11,SMOOTH_INTERIOR,CONSISTENT_NUMERICALLY
run1,I1,KUP,D3,.3000000000000000E-05,-1,SMOOTH,SMOOTH,6437264.263582060,6437264.263530838,.2245423462575277E-03,.3488164180672918E-10,.1098713837563992E-03,.4402794746697873E-10,1.000000000000000,1,1,1,1,0,-4.78816976438037389e-01,7.00000000000000000e+06,9.19609180511722912e-01,9.19609180504405432e-01,3.20774780367896708e-11,1.56959119651998850e-11,SMOOTH_INTERIOR,CONSISTENT_NUMERICALLY
run1,I1,KUP,D3,.1000000000000000E-05,-1,SMOOTH,SMOOTH,6437264.265749005,6437264.263530838,.2377662119354595E-02,.3693590974671510E-09,.1287975348532200E-02,.5161208408832387E-09,.9999999999999998,1,1,1,1,0,-2.14799041598981333e+00,7.00000000000000000e+06,9.19609180821286398e-01,9.19609180504405432e-01,3.39666017050656382e-10,1.83996478361742865e-10,SMOOTH_INTERIOR,CONSISTENT_NUMERICALLY
run1,I1,KUP,D3,.3000000000000000E-06,-1,SMOOTH,SMOOTH,6437264.263528509,6437264.263530838,.2815800222592234E-02,.4374218778844676E-09,.1907994039356709E-02,.7645763478132475E-09,1.000000000000000,1,1,1,1,0,-1.40475589958612257e-01,7.00000000000000000e+06,9.19609180504072699e-01,9.19609180504405432e-01,4.02257174656033428e-10,2.72570577050958448e-10,SMOOTH_INTERIOR,CONSISTENT_NUMERICALLY
run1,I1,KUP,D3,.1000000000000000E-06,-1,SMOOTH,SMOOTH,6437264.274587644,6437264.263530838,.1326220191384106E-01,.2060223310420265E-08,.7405231706798077E-02,.2967443761764459E-08,1.000000000000000,1,1,1,1,0,-1.41057182020405980e+00,7.00000000000000000e+06,9.19609182083949150e-01,9.19609180504405432e-01,1.89460027340586552e-09,1.05789024382829671e-09,SMOOTH_INTERIOR,CONSISTENT_NUMERICALLY
run1,I1,KUS,D1,.1000000000000000E-01,-1,SMOOTH,SMOOTH,508.5712114824007,508.5705874520244,.6240304161993816E-03,.1227026623037581E-05,.2218891259531119E-03,.1227586411960422E-05,1.000000000000000,1,1,1,1,0,,1.00000000000000000e+00,5.08571211482400713e+02,5.08570587452024427e+02,6.24030416199381627e-04,2.21889125953111889e-04,SMOOTH_INTERIOR,CONSISTENT_NUMERICALLY
run1,I1,KUS,D1,.3000000000000000E-02,-1,SMOOTH,SMOOTH,508.5706433951677,508.5705874520244,.5594341868473733E-04,.1100012739847990E-06,.1994734768118178E-04,.1103574599278301E-06,1.000000000000000,1,1,1,1,0,2.00324982682162700e+00,1.00000000000000000e+00,5.08570643395167679e+02,5.08570587452024427e+02,5.59434186847373278e-05,1.99473476811817784e-05,SMOOTH_INTERIOR,CONSISTENT_NUMERICALLY
run1,I1,KUS,D1,.1000000000000000E-02,-1,SMOOTH,SMOOTH,508.5705937299913,508.5705874520244,.6345051093710232E-05,.1247624454094750E-07,.2743343515021479E-05,.1517737876655769E-07,1.000000000000000,1,1,1,1,0,1.98128645387499636e+00,1.00000000000000000e+00,5.08570593729991288e+02,5.08570587452024427e+02,6.34505109371023201e-06,2.74334351502147911e-06,SMOOTH_INTERIOR,CONSISTENT_NUMERICALLY
run1,I1,KUS,D1,.3000000000000000E-03,-1,SMOOTH,SMOOTH,508.5705885252166,508.5705874520244,.4047978751297505E-05,.7959521927990518E-08,.2898563991493575E-05,.1603612661516952E-07,1.000000000000000,1,1,1,1,0,3.73311979578959008e-01,1.00000000000000000e+00,5.08570588525216579e+02,5.08570587452024427e+02,4.04797875129750479e-06,2.89856399149357500e-06,SMOOTH_INTERIOR,CONSISTENT_NUMERICALLY
run1,I1,KUS,D1,.1000000000000000E-03,-1,SMOOTH,SMOOTH,508.5705814083670,508.5705874520244,.9896712615606826E-05,.1945986036115473E-07,.4526553141204204E-05,.2504287602147768E-07,.9999999999999999,1,1,1,1,0,-8.13740178771300560e-01,1.00000000000000000e+00,5.08570581408366991e+02,5.08570587452024427e+02,9.89671261560682643e-06,4.52655314120420371e-06,SMOOTH_INTERIOR,CONSISTENT_NUMERICALLY
run1,I1,KUS,D1,.3000000000000000E-04,-1,SMOOTH,SMOOTH,508.5705945445005,508.5705874520244,.3047544451231643E-04,.5992372512140946E-07,.1883229612076320E-04,.1041885094110972E-06,.9999999999999982,1,1,1,1,0,-9.34172777310930180e-01,1.00000000000000000e+00,5.08570594544500523e+02,5.08570587452024427e+02,3.04754445123164296e-05,1.88322961207632000e-05,SMOOTH_INTERIOR,CONSISTENT_NUMERICALLY
run1,I1,KUS,D1,.1000000000000000E-04,-1,SMOOTH,SMOOTH,508.5705779943359,508.5705874520244,.2717118337146599E-04,.5342657251886232E-07,.1606379188956453E-04,.8887193895212757E-07,.9999999999999989,1,1,1,1,0,1.04462953621862586e-01,1.00000000000000000e+00,5.08570577994335906e+02,5.08570587452024427e+02,2.71711833714659892e-05,1.60637918895645305e-05,SMOOTH_INTERIOR,CONSISTENT_NUMERICALLY
run1,I1,KUS,D1,.3000000000000000E-05,-1,SMOOTH,SMOOTH,508.5705559853054,508.5705874520244,.2845478236291399E-03,.5595050729432568E-06,.1829542617315383E-03,.1012182923640343E-05,.9999999999998453,1,1,1,1,0,-1.95082841679118468e+00,1.00000000000000000e+00,5.08570555985305418e+02,5.08570587452024427e+02,2.84547823629139891e-04,1.82954261731538308e-04,SMOOTH_INTERIOR,CONSISTENT_NUMERICALLY
run1,I1,KUS,D1,.1000000000000000E-05,-1,SMOOTH,SMOOTH,508.5707752102036,508.5705874520244,.7691526650798311E-03,.1512380778785260E-05,.4751045727857672E-03,.2628481594452487E-05,.9999999999989245,1,1,1,1,0,-9.05131089162054092e-01,1.00000000000000000e+00,5.08570775210203578e+02,5.08570587452024427e+02,7.69152665079831104e-04,4.75104572785767178e-04,SMOOTH_INTERIOR,CONSISTENT_NUMERICALLY
run1,I1,KUS,D1,.3000000000000000E-06,-1,SMOOTH,SMOOTH,508.5727479482519,508.5705874520244,.3522724428185370E-02,.6926687366551171E-05,.1735158552776284E-02,.9599630616255391E-05,.9999999999850340,1,1,1,1,0,-1.26389937967786858e+00,1.00000000000000000e+00,5.08572747948251902e+02,5.08570587452024427e+02,3.52272442818537005e-03,1.73515855277628405e-03,SMOOTH_INTERIOR,CONSISTENT_NUMERICALLY
run1,I1,KUS,D1,.1000000000000000E-06,-1,SMOOTH,SMOOTH,508.5645018918398,508.5705874520244,.1357595562442127E-01,.2669433891652640E-04,.1035374437009295E-01,.5728145284194042E-04,.9999999997152955,1,1,1,1,0,-1.22797241360357789e+00,1.00000000000000000e+00,5.08564501891839825e+02,5.08570587452024427e+02,1.35759556244212706e-02,1.03537443700929491e-02,SMOOTH_INTERIOR,CONSISTENT_NUMERICALLY
run1,I1,KUS,D2,.1000000000000000E-01,-1,SMOOTH,SMOOTH,.6310106720775417,.6310105907469392,.1145420436559471E-06,.1815215633022949E-06,.6394836304934870E-07,.2026855048890560E-06,.9999999999999919,1,1,1,1,0,,1.00000000000000000e+00,6.31010672077541690e-01,6.31010590746939215e-01,1.14542043655947097e-07,6.39483630493486999e-08,SMOOTH_INTERIOR,CONSISTENT_NUMERICALLY
run1,I1,KUS,D2,.3000000000000000E-02,-1,SMOOTH,SMOOTH,.6310106255115224,.6310105907469392,.3817968804726056E-06,.6050561829495434E-06,.2502128779724444E-06,.7930538194104931E-06,.9999999999998185,1,1,1,1,0,-9.99978394242440394e-01,1.00000000000000000e+00,6.31010625511522427e-01,6.31010590746939215e-01,3.81796880472605582e-07,2.50212877972444403e-07,SMOOTH_INTERIOR,CONSISTENT_NUMERICALLY
run1,I1,KUS,D2,.1000000000000000E-02,-1,SMOOTH,SMOOTH,.6310113240036395,.6310105907469392,.9576720252374822E-06,.1517678033353263E-05,.7158741652801837E-06,.2268971556038934E-05,.9999999999995235,1,1,1,1,0,-8.37071125589404330e-01,1.00000000000000000e+00,6.31011324003639462e-01,6.31010590746939215e-01,9.57672025237482216e-07,7.15874165280183661e-07,SMOOTH_INTERIOR,CONSISTENT_NUMERICALLY
run1,I1,KUS,D2,.3000000000000000E-03,-1,SMOOTH,SMOOTH,.6310129538235718,.6310105907469392,.3579401987282229E-05,.5672469900329514E-05,.1957637598137829E-05,.6204730887974727E-05,.9999999999909235,1,1,1,1,0,-1.09507926782529053e+00,1.00000000000000000e+00,6.31012953823571809e-01,6.31010590746939215e-01,3.57940198728222893e-06,1.95763759813782912e-06,SMOOTH_INTERIOR,CONSISTENT_NUMERICALLY
run1,I1,KUS,D2,.1000000000000000E-03,-1,SMOOTH,SMOOTH,.6310036406264626,.6310105907469392,.9574588200701018E-05,.1517341918044101E-04,.5803383857028166E-05,.1839393487883806E-04,.9999999999455402,1,1,1,1,0,-8.95599651241995920e-01,1.00000000000000000e+00,6.31003640626462636e-01,6.31010590746939215e-01,9.57458820070101819e-06,5.80338385702816595e-06,SMOOTH_INTERIOR,CONSISTENT_NUMERICALLY
run1,I1,KUS,D2,.3000000000000000E-04,-1,SMOOTH,SMOOTH,.6310020883878072,.6310105907469392,.8502359131967729E-05,.1347419402565546E-04,.4251179565983865E-05,.1347419402565546E-04,1.000000000000000,1,1,1,1,0,9.86474578414416048e-02,1.00000000000000000e+00,6.31002088387807247e-01,6.31010590746939215e-01,8.50235913196772941e-06,4.25117956598386471e-06,SMOOTH_INTERIOR,CONSISTENT_NUMERICALLY
run1,I1,KUS,D2,.1000000000000000E-04,-1,SMOOTH,SMOOTH,.6309710511752160,.6310105907469392,.1011807229084018E-03,.1603471073102470E-03,.6633935120703427E-04,.2102459739315749E-03,.9999999891069024,1,1,1,1,0,-2.25426623134826531e+00,1.00000000000000000e+00,6.30971051175216013e-01,6.31010590746939215e-01,1.01180722908401804e-04,6.63393512070342695e-05,SMOOTH_INTERIOR,CONSISTENT_NUMERICALLY
run1,I1,KUS,D2,.3000000000000000E-05,-1,SMOOTH,SMOOTH,.6309712161326966,.6310105907469392,.4673375180850447E-03,.7406175505419781E-03,.2526038661301300E-03,.8000924364838277E-03,.9999997276726647,1,1,1,1,0,-1.27091199594162307e+00,1.00000000000000000e+00,6.30971216132696577e-01,6.31010590746939215e-01,4.67337518085044715e-04,2.52603866130130027e-04,SMOOTH_INTERIOR,CONSISTENT_NUMERICALLY
run1,I1,KUS,D2,.1000000000000000E-05,-1,SMOOTH,SMOOTH,.6314370489972301,.6310105907469392,.7843817488121549E-03,.1242216860822172E-02,.6787187084853485E-03,.2146594003039713E-02,.9999994561485801,1,1,1,1,0,-4.71362006659329591e-01,1.00000000000000000e+00,6.31437048997230077e-01,6.31010590746939215e-01,7.84381748812154871e-04,6.78718708485348543e-04,SMOOTH_INTERIOR,CONSISTENT_NUMERICALLY
run1,I1,KUS,D2,.3000000000000000E-06,-1,SMOOTH,SMOOTH,.6294394145157858,.6310105907469392,.5332359293695761E-02,.8450506809059649E-02,.3512232877284305E-02,.1109185687049417E-01,.9999673129703187,1,1,1,1,0,-1.59194064036110938e+00,1.00000000000000000e+00,6.29439414515785778e-01,6.31010590746939215e-01,5.33235929369576134e-03,3.51223287728430521e-03,SMOOTH_INTERIOR,CONSISTENT_NUMERICALLY
run1,I1,KUS,D2,.1000000000000000E-06,-1,SMOOTH,SMOOTH,.6310011139638160,.6310105907469392,.6160246744920292E-02,.9762509275206128E-02,.4656612873077393E-02,.1470588235294118E-01,.9999523461034159,1,1,1,1,0,-1.31368499847600961e-01,1.00000000000000000e+00,6.31001113963815974e-01,6.31010590746939215e-01,6.16024674492029242e-03,4.65661287307739258e-03,SMOOTH_INTERIOR,CONSISTENT_NUMERICALLY
run1,I1,KUS,D3,.1000000000000000E-01,-1,SMOOTH,SMOOTH,308.9204096808898,308.9200311396500,.3800343742224693E-03,.1230201573975119E-05,.1922353177974401E-03,.1295763634152963E-05,.9999999999999939,1,1,1,1,0,,1.00000000000000000e+00,3.08920409680889804e+02,3.08920031139650007e+02,3.80034374222469325e-04,1.92235317797440102e-04,SMOOTH_INTERIOR,CONSISTENT_NUMERICALLY
run1,I1,KUS,D3,.3000000000000000E-02,-1,SMOOTH,SMOOTH,308.9200652277869,308.9200311396500,.3423566779299802E-04,.1108237102298740E-06,.1739502644682034E-04,.1172514473754660E-06,.9999999999999997,1,1,1,1,0,1.99920935085048090e+00,1.00000000000000000e+00,3.08920065227786893e+02,3.08920031139650007e+02,3.42356677929980233e-05,1.73950264468203386e-05,SMOOTH_INTERIOR,CONSISTENT_NUMERICALLY
run1,I1,KUS,D3,.1000000000000000E-02,-1,SMOOTH,SMOOTH,308.9200345120671,308.9200311396500,.3552770327364308E-05,.1150061482084137E-07,.1872983546036266E-05,.1262487615822942E-07,.9999999999999999,1,1,1,1,0,2.06218369195436591e+00,1.00000000000000000e+00,3.08920034512067105e+02,3.08920031139650007e+02,3.55277032736430817e-06,1.87298354603626607e-06,SMOOTH_INTERIOR,CONSISTENT_NUMERICALLY
run1,I1,KUS,D3,.3000000000000000E-03,-1,SMOOTH,SMOOTH,308.9200304662432,308.9200311396500,.3958332898722264E-05,.1281345493887013E-07,.2807706209750904E-05,.1892538948761095E-07,1.000000000000000,1,1,1,1,0,-8.97821595374499876e-02,1.00000000000000000e+00,3.08920030466243190e+02,3.08920031139650007e+02,3.95833289872226370e-06,2.80770620975090381e-06,SMOOTH_INTERIOR,CONSISTENT_NUMERICALLY
run1,I1,KUS,D3,.1000000000000000E-03,-1,SMOOTH,SMOOTH,308.9200288412947,308.9200311396500,.2427367509569042E-05,.7857591819520859E-08,.1255501928199010E-05,.8462731343041466E-08,.9999999999999999,1,1,1,1,0,4.45121191314356679e-01,1.00000000000000000e+00,3.08920028841294709e+02,3.08920031139650007e+02,2.42736750956904184e-06,1.25550192819901007e-06,SMOOTH_INTERIOR,CONSISTENT_NUMERICALLY
run1,I1,KUS,D3,.3000000000000000E-04,-1,SMOOTH,SMOOTH,308.9200103621983,308.9200311396500,.3442433985339629E-04,.1114344697117892E-06,.2393282117196804E-04,.1613195737181825E-06,.9999999999999959,1,1,1,1,0,-2.20267145387232599e+00,1.00000000000000000e+00,3.08920010362198298e+02,3.08920031139650007e+02,3.44243398533962874e-05,2.39328211719680405e-05,SMOOTH_INTERIOR,CONSISTENT_NUMERICALLY
run1,I1,KUS,D3,.1000000000000000E-04,-1,SMOOTH,SMOOTH,308.9200342231089,308.9200311396500,.9184443886025273E-04,.2973081337739353E-06,.7049894990984740E-04,.4751992418316524E-06,.9999999999999559,1,1,1,1,0,-8.93247241091450372e-01,1.00000000000000000e+00,3.08920034223108928e+02,3.08920031139650007e+02,9.18444388602527277e-05,7.04989499098473971e-05,SMOOTH_INTERIOR,CONSISTENT_NUMERICALLY
run1,I1,KUS,D3,.3000000000000000E-05,-1,SMOOTH,SMOOTH,308.9199443347628,308.9200311396500,.2704494114124126E-03,.8754673836289808E-06,.1958929797183373E-03,.1320419843338849E-05,.9999999999996562,1,1,1,1,0,-8.97020924531621189e-01,1.00000000000000000e+00,3.08919944334762818e+02,3.08920031139650007e+02,2.70449411412412627e-04,1.95892979718337301e-04,SMOOTH_INTERIOR,CONSISTENT_NUMERICALLY
run1,I1,KUS,D3,.1000000000000000E-05,-1,SMOOTH,SMOOTH,308.9202711004350,308.9200311396500,.9454942805240346E-03,.3060641754443622E-05,.6615542670260766E-03,.4459208179385440E-05,.9999999999956181,1,1,1,1,0,-1.13927614850772052e+00,1.00000000000000000e+00,3.08920271100435002e+02,3.08920031139650007e+02,9.45494280524034622e-04,6.61554267026076559e-04,SMOOTH_INTERIOR,CONSISTENT_NUMERICALLY
run1,I1,KUS,D3,.3000000000000000E-06,-1,SMOOTH,SMOOTH,308.9242683857428,308.9200311396500,.4700845868031153E-02,.1521682285627807E-04,.3100383189291733E-02,.2089774702303229E-04,.9999999999782897,1,1,1,1,0,-1.33208150444832385e+00,1.00000000000000000e+00,3.08924268385742778e+02,3.08920031139650007e+02,4.70084586803115340e-03,3.10038318929173285e-03,SMOOTH_INTERIOR,CONSISTENT_NUMERICALLY
run1,I1,KUS,D3,.1000000000000000E-06,-1,SMOOTH,SMOOTH,308.9256982618238,308.9200311396500,.9466283769885382E-02,.3064259083380763E-04,.5134988497076165E-02,.3461175087928173E-04,.9999999996987723,1,1,1,1,0,-6.37161946588145178e-01,1.00000000000000000e+00,3.08925698261823811e+02,3.08920031139650007e+02,9.46628376988538182e-03,5.13498849707616500e-03,SMOOTH_INTERIOR,CONSISTENT_NUMERICALLY
run1,I1,KUU,D1,.1000000000000000E-01,-1,SMOOTH,SMOOTH,.6585445079827193E-07,.1708785405576776E-10,.6584930793545951E-07,.9999219056153369,.4656249075196683E-07,.9999218750000000,.3010839717979926,1,1,1,1,0,,2.50000000000000029e+05,2.63417803193087654e-13,6.83514162230710327e-17,2.63397231741837973e-13,1.86249963007867280e-13,NULLSPACE,NULLSPACE_CONSISTENT
run1,I1,KUU,D1,.3000000000000000E-02,-1,SMOOTH,SMOOTH,.2195148359942397E-06,.1708785405576776E-10,.2195199814779938E-06,1.000023440255101,.1552240670813868E-06,1.000023437500000,-.3010839717979926,1,1,1,1,0,-1.00008433530575225e+00,2.50000000000000029e+05,8.78059343976958712e-13,6.83514162230710327e-17,8.78079925911975095e-13,6.20896268325547169e-13,NULLSPACE,NULLSPACE_CONSISTENT
run1,I1,KUU,D1,.1000000000000000E-02,-1,SMOOTH,SMOOTH,.6585445079827193E-06,.1708785405576776E-10,.6585393633053521E-06,.9999921878061319,.4656576493289322E-06,.9999921875000000,.3010839717979926,1,1,1,1,0,-9.99971553017303783e-01,2.50000000000000029e+05,2.63417803193087694e-12,6.83514162230710327e-17,2.63415745322140794e-12,1.86263059731572869e-12,NULLSPACE,NULLSPACE_CONSISTENT
run1,I1,KUU,D1,.3000000000000000E-03,-1,SMOOTH,SMOOTH,.2195148359942398E-05,.1708785405576776E-10,.2195143215123909E-05,.9999976562775518,.1552200653046991E-05,.9999976562500000,.3010839717979926,1,1,1,1,0,-1.00000454204544242e+00,2.50000000000000029e+05,8.78059343976959116e-12,6.83514162230710327e-17,8.78057286049563642e-12,6.20880261218796333e-12,NULLSPACE,NULLSPACE_CONSISTENT
run1,I1,KUU,D1,.1000000000000000E-03,-1,SMOOTH,SMOOTH,.6585445079827192E-05,.1708785405576776E-10,.6585439934968384E-05,.9999992187530613,.4656609235098585E-05,.9999992187500000,.3010839717979926,1,1,1,1,0,-1.00000142222872168e+00,2.50000000000000029e+05,2.63417803193087670e-11,6.83514162230710327e-17,2.63417597398735314e-11,1.86264369403943371e-11,NULLSPACE,NULLSPACE_CONSISTENT
run1,I1,KUU,D1,.3000000000000000E-04,-1,SMOOTH,SMOOTH,.2195148359942397E-04,.1708785405576776E-10,.2195148874430899E-04,1.000000234375276,.1552204654823678E-04,1.000000234375000,-.3010839717979926,1,1,1,1,0,-1.00000084355932950e+00,2.50000000000000029e+05,8.78059343976958728e-11,6.83514162230710327e-17,8.78059549772359535e-11,6.20881861929471177e-11,NULLSPACE,NULLSPACE_CONSISTENT
run1,I1,KUU,D1,.1000000000000000E-04,-1,SMOOTH,SMOOTH,.6585445079827192E-04,.1708785405576776E-10,.6585445594315290E-04,1.000000078125031,.4656613236875273E-04,1.000000078125000,-.3010839717979926,1,1,1,1,0,-9.99999857774920065e-01,2.50000000000000029e+05,2.63417803193087644e-10,6.83514162230710327e-17,2.63417823772611556e-10,1.86264529475010905e-10,NULLSPACE,NULLSPACE_CONSISTENT
run1,I1,KUU,D1,.3000000000000000E-05,-1,SMOOTH,SMOOTH,.2195148359942397E-03,.1708785405576776E-10,.2195148308493614E-03,.9999999765625027,.1552204254646009E-03,.9999999765624999,.3010839717979926,1,1,1,1,0,-9.99999915643837944e-01,2.50000000000000029e+05,8.78059343976958780e-10,6.83514162230710327e-17,8.78059323397445466e-10,6.20881701858403578e-10,NULLSPACE,NULLSPACE_CONSISTENT
run1,I1,KUU,D1,.1000000000000000E-05,-1,SMOOTH,SMOOTH,.6585445079827192E-03,.1708785405576776E-10,.6585445131275984E-03,1.000000007812500,.4656612909457181E-03,1.000000007812500,-.3010839717979926,1,1,1,1,0,-1.00000002844497371e+00,2.50000000000000029e+05,2.63417803193087634e-09,6.83514162230710327e-17,2.63417805251039338e-09,1.86264516378287222e-09,NULLSPACE,NULLSPACE_CONSISTENT
run1,I1,KUU,D1,.3000000000000000E-06,-1,SMOOTH,SMOOTH,.2195148359942398E-02,.1708785405576776E-10,.2195148365087276E-02,1.000000002343750,.1552204294663776E-02,1.000000002343750,-.3010839717979926,1,1,1,1,0,-9.99999995457745761e-01,2.50000000000000029e+05,8.78059343976959028e-09,6.83514162230710327e-17,8.78059346034910277e-09,6.20881717865510309e-09,NULLSPACE,NULLSPACE_CONSISTENT
run1,I1,KUU,D1,.1000000000000000E-06,-1,SMOOTH,SMOOTH,.6585445079827192E-02,.1708785405576776E-10,.6585445074682314E-02,.9999999992187500,.4656612869439414E-02,.9999999992187500,.3010839717979926,1,1,1,1,0,-9.99999997155502585e-01,2.50000000000000029e+05,2.63417803193087675e-08,6.83514162230710327e-17,2.63417802987292517e-08,1.86264514777576535e-08,NULLSPACE,NULLSPACE_CONSISTENT
run1,I1,KUU,D2,.1000000000000000E-01,-1,SMOOTH,SMOOTH,.000000000000000,.1064536255464157E-10,.1064536255464157E-10,1.000000000000000,.7275957614183426E-11,1.000000000000000,.000000000000000,1,1,1,1,0,,2.50000000000000029e+05,0.00000000000000000e+00,4.25814502185662744e-17,4.25814502185662744e-17,2.91038304567337023e-17,NULLSPACE,NULLSPACE_CONSISTENT
run1,I1,KUU,D2,.3000000000000000E-02,-1,SMOOTH,SMOOTH,.2195148359942397E-06,.1064536255464157E-10,.2195096913131074E-06,.9999765634012433,.1552167911237727E-06,.9999765625000000,.4832976746641416,1,1,1,1,0,-8.25103961663633712e+00,2.50000000000000029e+05,8.78059343976958712e-13,4.25814502185662744e-17,8.78038765252429509e-13,6.20867164495090709e-13,NULLSPACE,NULLSPACE_CONSISTENT
run1,I1,KUU,D2,.1000000000000000E-02,-1,SMOOTH,SMOOTH,.6585445079827193E-06,.1064536255464157E-10,.6585393631696950E-06,.9999921876001365,.4656576493289322E-06,.9999921875000000,.4832976746641416,1,1,1,1,0,-1.00001422198092893e+00,2.50000000000000029e+05,2.63417803193087694e-12,4.25814502185662744e-17,2.63415745267877948e-12,1.86263059731572869e-12,NULLSPACE,NULLSPACE_CONSISTENT
run1,I1,KUU,D2,.3000000000000000E-03,-1,SMOOTH,SMOOTH,.2195148359942398E-05,.1064536255464157E-10,.2195153504841150E-05,1.000002343759012,.1552207929004605E-05,1.000002343750000,-.4832976746641416,1,1,1,1,0,-1.00000843556150931e+00,2.50000000000000029e+05,8.78059343976959116e-12,4.25814502185662744e-17,8.78061401936459861e-12,6.20883171601841848e-12,NULLSPACE,NULLSPACE_CONSISTENT
run1,I1,KUU,D2,.1000000000000000E-03,-1,SMOOTH,SMOOTH,.000000000000000,.1064536255464157E-10,.1064536255464157E-10,1.000000000000000,.7275957614183426E-11,1.000000000000000,.000000000000000,1,1,1,1,0,1.11382680729929824e+01,2.50000000000000029e+05,0.00000000000000000e+00,4.25814502185662744e-17,4.25814502185662744e-17,2.91038304567337023e-17,NULLSPACE,NULLSPACE_CONSISTENT
run1,I1,KUU,D2,.3000000000000000E-04,-1,SMOOTH,SMOOTH,.000000000000000,.1064536255464157E-10,.1064536255464157E-10,1.000000000000000,.7275957614183426E-11,1.000000000000000,.000000000000000,1,1,1,1,0,-0.00000000000000000e+00,2.50000000000000029e+05,0.00000000000000000e+00,4.25814502185662744e-17,4.25814502185662744e-17,2.91038304567337023e-17,NULLSPACE,NULLSPACE_CONSISTENT
run1,I1,KUU,D2,.1000000000000000E-04,-1,SMOOTH,SMOOTH,.000000000000000,.1064536255464157E-10,.1064536255464157E-10,1.000000000000000,.7275957614183426E-11,1.000000000000000,.000000000000000,1,1,1,1,0,-0.00000000000000000e+00,2.50000000000000029e+05,0.00000000000000000e+00,4.25814502185662744e-17,4.25814502185662744e-17,2.91038304567337023e-17,NULLSPACE,NULLSPACE_CONSISTENT
run1,I1,KUU,D2,.3000000000000000E-05,-1,SMOOTH,SMOOTH,.2195148359942397E-03,.1064536255464157E-10,.2195148308493610E-03,.9999999765625009,.1552204254646009E-03,.9999999765624999,.4832976746641415,1,1,1,1,0,-1.39885269316305223e+01,2.50000000000000029e+05,8.78059343976958780e-10,4.25814502185662744e-17,8.78059323397443812e-10,6.20881701858403578e-10,NULLSPACE,NULLSPACE_CONSISTENT
run1,I1,KUU,D2,.1000000000000000E-05,-1,SMOOTH,SMOOTH,.6585445079827192E-03,.1064536255464157E-10,.6585445131275983E-03,1.000000007812500,.4656612909457181E-03,1.000000007812500,-.4832976746641416,1,1,1,1,0,-1.00000002844497526e+00,2.50000000000000029e+05,2.63417803193087634e-09,4.25814502185662744e-17,2.63417805251039296e-09,1.86264516378287222e-09,NULLSPACE,NULLSPACE_CONSISTENT
run1,I1,KUU,D2,.3000000000000000E-06,-1,SMOOTH,SMOOTH,.000000000000000,.1064536255464157E-10,.1064536255464157E-10,1.000000000000000,.7275957614183426E-11,1.000000000000000,.000000000000000,1,1,1,1,0,1.49010162469794576e+01,2.50000000000000029e+05,0.00000000000000000e+00,4.25814502185662744e-17,4.25814502185662744e-17,2.91038304567337023e-17,NULLSPACE,NULLSPACE_CONSISTENT
run1,I1,KUU,D2,.1000000000000000E-06,-1,SMOOTH,SMOOTH,.000000000000000,.1064536255464157E-10,.1064536255464157E-10,1.000000000000000,.7275957614183426E-11,1.000000000000000,.000000000000000,1,1,1,1,0,-0.00000000000000000e+00,2.50000000000000029e+05,0.00000000000000000e+00,4.25814502185662744e-17,4.25814502185662744e-17,2.91038304567337023e-17,NULLSPACE,NULLSPACE_CONSISTENT
run1,I1,KUU,D3,.1000000000000000E-01,-1,SMOOTH,SMOOTH,261830.2593053754,261830.2593053722,.6270619625688212E-07,.2394917853392462E-12,.3303284756839275E-07,.2428619123823854E-12,.9999999999999999,1,1,1,1,0,,2.50000000000000029e+05,1.04732103722150138e+00,1.04732103722148873e+00,2.50824785027528445e-13,1.32131390273570982e-13,SMOOTH_INTERIOR,CONSISTENT_NUMERICALLY
run1,I1,KUU,D3,.3000000000000000E-02,-1,SMOOTH,SMOOTH,261830.2593054850,261830.2593053722,.5347549026224406E-06,.2042372428767015E-11,.4326211637817323E-06,.3180688645009748E-11,1.000000000000000,1,1,1,1,0,-1.78022978729577419e+00,2.50000000000000029e+05,1.04732103722193992e+00,1.04732103722148873e+00,2.13901961048976217e-12,1.73048465512692902e-12,SMOOTH_INTERIOR,CONSISTENT_NUMERICALLY
run1,I1,KUU,D3,.1000000000000000E-02,-1,SMOOTH,SMOOTH,261830.2593049857,261830.2593053722,.9869915926462034E-06,.3769585666930409E-11,.6273385224631056E-06,.4612276703092836E-11,1.000000000000000,1,1,1,1,0,-5.57842845601464465e-01,2.50000000000000029e+05,1.04732103721994263e+00,1.04732103722148873e+00,3.94796637058481333e-12,2.50935408985242204e-12,SMOOTH_INTERIOR,CONSISTENT_NUMERICALLY
run1,I1,KUU,D3,.3000000000000000E-03,-1,SMOOTH,SMOOTH,261830.2593063521,261830.2593053722,.3494077650683543E-05,.1334481988422633E-10,.1856188646343071E-05,.1364694713214977E-10,1.000000000000000,1,1,1,1,0,-1.04999314652663456e+00,2.50000000000000029e+05,1.04732103722540826e+00,1.04732103722148873e+00,1.39763106027341706e-11,7.42475458537228352e-12,SMOOTH_INTERIOR,CONSISTENT_NUMERICALLY
run1,I1,KUU,D3,.1000000000000000E-03,-1,SMOOTH,SMOOTH,261830.2593081082,261830.2593053722,.8207686402447381E-05,.3134735619991501E-10,.4781366442330182E-05,.3515324543465339E-10,.9999999999999999,1,1,1,1,0,-7.77345797698626217e-01,2.50000000000000029e+05,1.04732103723243264e+00,1.04732103722148873e+00,3.28307456097895165e-11,1.91254657693207234e-11,SMOOTH_INTERIOR,CONSISTENT_NUMERICALLY
run1,I1,KUU,D3,.3000000000000000E-04,-1,SMOOTH,SMOOTH,261830.2593343694,261830.2593053722,.3499988531748184E-04,.1336739512326013E-09,.2124783350154757E-04,.1562169130957557E-09,1.000000000000000,1,1,1,1,0,-1.20457347396946046e+00,2.50000000000000029e+05,1.04732103733747750e+00,1.04732103722148873e+00,1.39999541269927356e-10,8.49913340061902738e-11,SMOOTH_INTERIOR,CONSISTENT_NUMERICALLY
run1,I1,KUU,D3,.1000000000000000E-04,-1,SMOOTH,SMOOTH,261830.2593075020,261830.2593053722,.8534861559961501E-04,.3259692589594039E-09,.4515818727668375E-04,.3320090312840971E-09,1.000000000000000,1,1,1,1,0,-8.11386740516910510e-01,2.50000000000000029e+05,1.04732103723000791e+00,1.04732103722148873e+00,3.41394462398459984e-10,1.80632749106734970e-10,SMOOTH_INTERIOR,CONSISTENT_NUMERICALLY
run1,I1,KUU,D3,.3000000000000000E-05,-1,SMOOTH,SMOOTH,261830.2594235159,261830.2593053722,.4513432402807761E-03,.1723800913135555E-08,.3537434968166053E-03,.2600769488561349E-08,1.000000000000000,1,1,1,1,0,-1.38332351041872581e+00,2.50000000000000029e+05,1.04732103769406359e+00,1.04732103722148873e+00,1.80537296112310416e-09,1.41497398726642090e-09,SMOOTH_INTERIOR,CONSISTENT_NUMERICALLY
run1,I1,KUU,D3,.1000000000000000E-05,-1,SMOOTH,SMOOTH,261830.2596976299,261830.2593053722,.9602260863783629E-03,.3667361012769354E-08,.5504251748789102E-03,.4046799470640974E-08,1.000000000000000,1,1,1,1,0,-6.87176591962370353e-01,2.50000000000000029e+05,1.04732103879051941e+00,1.04732103722148873e+00,3.84090434551345134e-09,2.20170069951564043e-09,SMOOTH_INTERIOR,CONSISTENT_NUMERICALLY
run1,I1,KUU,D3,.3000000000000000E-06,-1,SMOOTH,SMOOTH,261830.2599982785,261830.2593053722,.2583282523850892E-02,.9866248934969842E-08,.1843054335040506E-02,.1355038184896552E-07,1.000000000000000,1,1,1,1,0,-8.21984847468798963e-01,2.50000000000000029e+05,1.04732103999311388e+00,1.04732103722148873e+00,1.03331300954035665e-08,7.37221734016202291e-09,SMOOTH_INTERIOR,CONSISTENT_NUMERICALLY
run1,I1,KUU,D3,.1000000000000000E-06,-1,SMOOTH,SMOOTH,261830.2520665999,261830.2593053722,.1928776843234003E-01,.7366516186291797E-07,.1015978443319909E-01,.7469609369070741E-07,.9999999999999978,1,1,1,1,0,-1.82995426998002619e+00,2.50000000000000029e+05,1.04732100826639951e+00,1.04732103722148873e+00,7.71510737293601000e-08,4.06391377327963514e-08,SMOOTH_INTERIOR,CONSISTENT_NUMERICALLY
run1,I2,KPS,D1,.1000000000000000E-01,-1,SMOOTH,SMOOTH,.1533684913479155E-03,.1533684913479134E-03,.5410166464257003E-17,.3527560593905873E-13,.4546872860861084E-17,.4291483621317694E-13,1.000000000000000,1,1,1,1,0,,1.00000000000000000e+00,1.53368491347915506e-04,1.53368491347913392e-04,5.41016646425700291e-18,4.54687286086108422e-18,SMOOTH_INTERIOR,CONSISTENT_NUMERICALLY
run1,I2,KPS,D1,.3000000000000000E-02,-1,SMOOTH,SMOOTH,.1533684913479053E-03,.1533684913479134E-03,.1670404535048190E-16,.1089144530514361E-12,.1259029772798792E-16,.1188312454308218E-12,1.000000000000000,1,1,1,1,0,-9.36375855397222012e-01,1.00000000000000000e+00,1.53368491347905287e-04,1.53368491347913392e-04,1.67040453504819002e-17,1.25902977279879202e-17,SMOOTH_INTERIOR,CONSISTENT_NUMERICALLY
run1,I2,KPS,D1,.1000000000000000E-02,-1,SMOOTH,SMOOTH,.1533684913477665E-03,.1533684913479134E-03,.2053149093194197E-15,.1338703325011308E-11,.1932861422998533E-15,.1824296256549452E-11,.9999999999999999,1,1,1,1,0,-2.28369374959098437e+00,1.00000000000000000e+00,1.53368491347766509e-04,1.53368491347913392e-04,2.05314909319419701e-16,1.93286142299853303e-16,SMOOTH_INTERIOR,CONSISTENT_NUMERICALLY
run1,I2,KPS,D1,.3000000000000000E-03,-1,SMOOTH,SMOOTH,.1533684913476385E-03,.1533684913479134E-03,.2827948560915152E-15,.1843891490397468E-11,.1932725897726972E-15,.1824168343475791E-11,1.000000000000000,1,1,1,1,0,-2.65933582550836989e-01,1.00000000000000000e+00,1.53368491347638492e-04,1.53368491347913392e-04,2.82794856091515201e-16,1.93272589772697210e-16,SMOOTH_INTERIOR,CONSISTENT_NUMERICALLY
run1,I2,KPS,D1,.1000000000000000E-03,-1,SMOOTH,SMOOTH,.1533684913466840E-03,.1533684913479134E-03,.1423456795886525E-14,.9281285767214347E-11,.1277488314785358E-14,.1205734214940853E-10,1.000000000000000,1,1,1,1,0,-1.47105746736665854e+00,1.00000000000000000e+00,1.53368491346683988e-04,1.53368491347913392e-04,1.42345679588652509e-15,1.27748831478535793e-15,SMOOTH_INTERIOR,CONSISTENT_NUMERICALLY
run1,I2,KPS,D1,.3000000000000000E-04,-1,SMOOTH,SMOOTH,.1533684913468133E-03,.1533684913479134E-03,.5830719538513835E-14,.3801771463792367E-10,.4447807275482010E-14,.4197982362298617E-10,1.000000000000000,1,1,1,1,0,-1.17116610193718196e+00,1.00000000000000000e+00,1.53368491346813306e-04,1.53368491347913392e-04,5.83071953851383526e-15,4.44780727548201027e-15,SMOOTH_INTERIOR,CONSISTENT_NUMERICALLY
run1,I2,KPS,D1,.1000000000000000E-04,-1,SMOOTH,SMOOTH,.1533684913486593E-03,.1533684913479134E-03,.1234049147863025E-13,.8046301668688955E-10,.1167582401747323E-13,.1102001508916750E-09,1.000000000000000,1,1,1,1,0,-6.82447703139239303e-01,1.00000000000000000e+00,1.53368491348659296e-04,1.53368491347913392e-04,1.23404914786302495e-14,1.16758240174732294e-14,SMOOTH_INTERIOR,CONSISTENT_NUMERICALLY
run1,I2,KPS,D1,.3000000000000000E-05,-1,SMOOTH,SMOOTH,.1533684913300927E-03,.1533684913479134E-03,.2848394151550284E-13,.1857222514557282E-09,.2251784235419649E-13,.2125305778445480E-09,1.000000000000000,1,1,1,1,0,-6.94745449480199340e-01,1.00000000000000000e+00,1.53368491330092713e-04,1.53368491347913392e-04,2.84839415155028421e-14,2.25178423541964910e-14,SMOOTH_INTERIOR,CONSISTENT_NUMERICALLY
run1,I2,KPS,D1,.1000000000000000E-05,-1,SMOOTH,SMOOTH,.1533684911907768E-03,.1533684913479134E-03,.2110852279411176E-12,.1376327210928058E-08,.1617394098426400E-12,.1526548134292552E-08,1.000000000000000,1,1,1,1,0,-1.82313771982569861e+00,1.00000000000000000e+00,1.53368491190776800e-04,1.53368491347913392e-04,2.11085227941117592e-13,1.61739409842639989e-13,SMOOTH_INTERIOR,CONSISTENT_NUMERICALLY
run1,I2,KPS,D1,.3000000000000000E-06,-1,SMOOTH,SMOOTH,.1533684917836660E-03,.1533684913479134E-03,.4539182376039142E-12,.2959657699732672E-08,.3403619888101700E-12,.3212444993082755E-08,1.000000000000000,1,1,1,1,0,-6.35940537756148450e-01,1.00000000000000000e+00,1.53368491783666008e-04,1.53368491347913392e-04,4.53918237603914202e-13,3.40361988810169991e-13,SMOOTH_INTERIOR,CONSISTENT_NUMERICALLY
run1,I2,KPS,D1,.1000000000000000E-06,-1,SMOOTH,SMOOTH,.1533684926412312E-03,.1533684913479134E-03,.1597694366921833E-11,.1041735717295765E-07,.1356143631637066E-11,.1279971606367676E-07,1.000000000000000,1,1,1,1,0,-1.14544482418967863e+00,1.00000000000000000e+00,1.53368492641231194e-04,1.53368491347913392e-04,1.59769436692183303e-12,1.35614363163706599e-12,SMOOTH_INTERIOR,CONSISTENT_NUMERICALLY
run1,I2,KPS,D2,.1000000000000000E-01,-1,SMOOTH,SMOOTH,.1492268606384170E-05,.1492268606383834E-05,.1328988172774115E-16,.8905824106253291E-11,.1067939139898222E-16,.1431296129023480E-10,1.000000000000000,1,1,1,1,0,,1.00000000000000000e+00,1.49226860638417003e-06,1.49226860638383397e-06,1.32898817277411507e-17,1.06793913989822202e-17,SMOOTH_INTERIOR,CONSISTENT_NUMERICALLY
run1,I2,KPS,D2,.3000000000000000E-02,-1,SMOOTH,SMOOTH,.1492268606382363E-05,.1492268606383834E-05,.6941590454640521E-16,.4651703068029993E-10,.5042842415213999E-16,.6758625616556173E-10,1.000000000000000,1,1,1,1,0,-1.37304848922852796e+00,1.00000000000000000e+00,1.49226860638236309e-06,1.49226860638383397e-06,6.94159045464052133e-17,5.04284241521399910e-17,SMOOTH_INTERIOR,CONSISTENT_NUMERICALLY
run1,I2,KPS,D2,.1000000000000000E-02,-1,SMOOTH,SMOOTH,.1492268606427538E-05,.1492268606383834E-05,.1397878735800366E-15,.9367473990804242E-10,.1302668910241334E-15,.1745890658613542E-09,1.000000000000000,1,1,1,1,0,-6.37176626059252849e-01,1.00000000000000000e+00,1.49226860642753790e-06,1.49226860638383397e-06,1.39787873580036603e-16,1.30266891024133407e-16,SMOOTH_INTERIOR,CONSISTENT_NUMERICALLY
run1,I2,KPS,D2,.3000000000000000E-03,-1,SMOOTH,SMOOTH,.1492268606093243E-05,.1492268606383834E-05,.5038200053659633E-15,.3376201866142946E-09,.4841142694649069E-15,.6488299323007514E-09,1.000000000000000,1,1,1,1,0,-1.06488533846565114e+00,1.00000000000000000e+00,1.49226860609324301e-06,1.49226860638383397e-06,5.03820005365963292e-16,4.84114269464906884e-16,SMOOTH_INTERIOR,CONSISTENT_NUMERICALLY
run1,I2,KPS,D2,.1000000000000000E-03,-1,SMOOTH,SMOOTH,.1492268605912542E-05,.1492268606383834E-05,.1076487683931014E-14,.7213766203523049E-09,.8455048998174536E-15,.1133180576110700E-08,1.000000000000000,1,1,1,1,0,-6.91089851853881609e-01,1.00000000000000000e+00,1.49226860591254208e-06,1.49226860638383397e-06,1.07648768393101408e-15,8.45504899817453581e-16,SMOOTH_INTERIOR,CONSISTENT_NUMERICALLY
run1,I2,KPS,D2,.3000000000000000E-04,-1,SMOOTH,SMOOTH,.1492268607493670E-05,.1492268606383834E-05,.4802931156668191E-14,.3218543318910207E-08,.3491293625729197E-14,.4679175846033689E-08,.9999999999999998,1,1,1,1,0,-1.24215662255128367e+00,1.00000000000000000e+00,1.49226860749366990e-06,1.49226860638383397e-06,4.80293115666819066e-15,3.49129362572919710e-15,SMOOTH_INTERIOR,CONSISTENT_NUMERICALLY
run1,I2,KPS,D2,.1000000000000000E-04,-1,SMOOTH,SMOOTH,.1492268594392894E-05,.1492268606383834E-05,.1683367376725432E-13,.1128059231108990E-07,.1277172890303712E-13,.1711719832292818E-07,1.000000000000000,1,1,1,1,0,-1.14158096988784585e+00,1.00000000000000000e+00,1.49226859439289400e-06,1.49226860638383397e-06,1.68336737672543213e-14,1.27717289030371208e-14,SMOOTH_INTERIOR,CONSISTENT_NUMERICALLY
run1,I2,KPS,D2,.3000000000000000E-05,-1,SMOOTH,SMOOTH,.1492268607041921E-05,.1492268606383834E-05,.5907775596491477E-13,.3958922387439540E-07,.4324537321294495E-13,.5795923136287259E-07,.9999999999999989,1,1,1,1,0,-1.04277538349223908e+00,1.00000000000000000e+00,1.49226860704192097e-06,1.49226860638383397e-06,5.90777559649147731e-14,4.32453732129449474e-14,SMOOTH_INTERIOR,CONSISTENT_NUMERICALLY
run1,I2,KPS,D2,.1000000000000000E-05,-1,SMOOTH,SMOOTH,.1492268656734521E-05,.1492268606383834E-05,.9172056857331547E-13,.6146384443537424E-07,.7938544569971451E-13,.1063956407229135E-06,.9999999999999988,1,1,1,1,0,-4.00407120480948231e-01,1.00000000000000000e+00,1.49226865673452103e-06,1.49226860638383397e-06,9.17205685733154653e-14,7.93854456997145075e-14,SMOOTH_INTERIOR,CONSISTENT_NUMERICALLY
run1,I2,KPS,D2,.3000000000000000E-06,-1,SMOOTH,SMOOTH,.1492268223053770E-05,.1492268606383834E-05,.7114217205445605E-12,.4767383817505387E-06,.4627156405430377E-12,.6201503901794229E-06,.9999999999999195,1,1,1,1,0,-1.70146595240205145e+00,1.00000000000000000e+00,1.49226822305376999e-06,1.49226860638383397e-06,7.11421720544560457e-13,4.62715640543037710e-13,SMOOTH_INTERIOR,CONSISTENT_NUMERICALLY
run1,I2,KPS,D2,.1000000000000000E-06,-1,SMOOTH,SMOOTH,.1492269036205550E-05,.1492268606383834E-05,.9964430945972601E-12,.6677368962442284E-06,.6214865421068621E-12,.8329412302670201E-06,.9999999999998185,1,1,1,1,0,-3.06683845671510247e-01,1.00000000000000000e+00,1.49226903620554991e-06,1.49226860638383397e-06,9.96443094597260050e-13,6.21486542106862092e-13,SMOOTH_INTERIOR,CONSISTENT_NUMERICALLY
run1,I2,KPS,D3,.1000000000000000E-01,-1,SMOOTH,SMOOTH,.9502699081778445E-04,.9502699081778029E-04,.1369747651337541E-16,.1441430102700032E-12,.9032759349519859E-17,.1312076631459923E-12,.9999999999999998,1,1,1,1,0,,1.00000000000000000e+00,9.50269908177844483e-05,9.50269908177802877e-05,1.36974765133754105e-17,9.03275934951985882e-18,SMOOTH_INTERIOR,CONSISTENT_NUMERICALLY
run1,I2,KPS,D3,.3000000000000000E-02,-1,SMOOTH,SMOOTH,.9502699081776152E-04,.9502699081778029E-04,.3423722747108032E-16,.3602895048705917E-12,.3072019093101896E-16,.4462340141578559E-12,1.000000000000000,1,1,1,1,0,-7.60899209307854152e-01,1.00000000000000000e+00,9.50269908177615174e-05,9.50269908177802877e-05,3.42372274710803187e-17,3.07201909310189585e-17,SMOOTH_INTERIOR,CONSISTENT_NUMERICALLY
run1,I2,KPS,D3,.1000000000000000E-02,-1,SMOOTH,SMOOTH,.9502699081766843E-04,.9502699081778029E-04,.1571393784270578E-15,.1653628901375837E-11,.1468009741545373E-15,.2132395209598719E-11,1.000000000000000,1,1,1,1,0,-1.38704037203831732e+00,1.00000000000000000e+00,9.50269908176684251e-05,9.50269908177802877e-05,1.57139378427057788e-16,1.46800974154537300e-16,SMOOTH_INTERIOR,CONSISTENT_NUMERICALLY
run1,I2,KPS,D3,.3000000000000000E-03,-1,SMOOTH,SMOOTH,.9502699081722779E-04,.9502699081778029E-04,.6167024262019800E-15,.6489760655312576E-11,.5081926632982681E-15,.7381882899698371E-11,.9999999999999998,1,1,1,1,0,-1.13561821250635564e+00,1.00000000000000000e+00,9.50269908172277918e-05,9.50269908177802877e-05,6.16702426201979965e-16,5.08192663298268066e-16,SMOOTH_INTERIOR,CONSISTENT_NUMERICALLY
run1,I2,KPS,D3,.1000000000000000E-03,-1,SMOOTH,SMOOTH,.9502699081803147E-04,.9502699081778029E-04,.1117551801409611E-14,.1176036189075615E-10,.9374011983309671E-15,.1361646158212003E-10,1.000000000000000,1,1,1,1,0,-5.41145470623164093e-01,1.00000000000000000e+00,9.50269908180314702e-05,9.50269908177802877e-05,1.11755180140961107e-15,9.37401198330967134e-16,SMOOTH_INTERIOR,CONSISTENT_NUMERICALLY
run1,I2,KPS,D3,.3000000000000000E-04,-1,SMOOTH,SMOOTH,.9502699082255385E-04,.9502699081778029E-04,.6964214333126548E-14,.7328669752503255E-10,.6719817302429376E-14,.9761043009046845E-10,.9999999999999998,1,1,1,1,0,-1.51967252997698066e+00,1.00000000000000000e+00,9.50269908225538537e-05,9.50269908177802877e-05,6.96421433312654807e-15,6.71981730242937614e-15,SMOOTH_INTERIOR,CONSISTENT_NUMERICALLY
run1,I2,KPS,D3,.1000000000000000E-04,-1,SMOOTH,SMOOTH,.9502699081377453E-04,.9502699081778029E-04,.1267554521428287E-13,.1333888940941944E-09,.9690958159645074E-14,.1407684988131944E-09,1.000000000000000,1,1,1,1,0,-5.45132956302604943e-01,1.00000000000000000e+00,9.50269908137745266e-05,9.50269908177802877e-05,1.26755452142828694e-14,9.69095815964507445e-15,SMOOTH_INTERIOR,CONSISTENT_NUMERICALLY
run1,I2,KPS,D3,.3000000000000000E-05,-1,SMOOTH,SMOOTH,.9502699083198339E-04,.9502699081778029E-04,.3693855967156544E-13,.3887165041022531E-09,.2776099323835955E-13,.4032494289367811E-09,.9999999999999998,1,1,1,1,0,-8.88376727163566970e-01,1.00000000000000000e+00,9.50269908319833904e-05,9.50269908177802877e-05,3.69385596715654413e-14,2.77609932383595489e-14,SMOOTH_INTERIOR,CONSISTENT_NUMERICALLY
run1,I2,KPS,D3,.1000000000000000E-05,-1,SMOOTH,SMOOTH,.9502699085331720E-04,.9502699081778029E-04,.9204982779675908E-13,.9686703427118550E-09,.6390106678392030E-13,.9282113376825510E-09,.9999999999999998,1,1,1,1,0,-8.31115820704993791e-01,1.00000000000000000e+00,9.50269908533171959e-05,9.50269908177802877e-05,9.20498277967590777e-14,6.39010667839202962e-14,SMOOTH_INTERIOR,CONSISTENT_NUMERICALLY
run1,I2,KPS,D3,.3000000000000000E-06,-1,SMOOTH,SMOOTH,.9502699144845207E-04,.9502699081778029E-04,.8033168230404847E-12,.8453564727199097E-08,.7403632828334450E-12,.1075433677252930E-07,.9999999999999998,1,1,1,1,0,-1.79939209645756004e+00,1.00000000000000000e+00,9.50269914484520720e-05,9.50269908177802877e-05,8.03316823040484697e-13,7.40363282833444991e-13,SMOOTH_INTERIOR,CONSISTENT_NUMERICALLY
run1,I2,KPS,D3,.1000000000000000E-06,-1,SMOOTH,SMOOTH,.9502698980122046E-04,.9502699081778029E-04,.1655886544741399E-11,.1742543387401014E-07,.1428041062137564E-11,.2074337674938793E-07,.9999999999999998,1,1,1,1,0,-6.58414841210171797e-01,1.00000000000000000e+00,9.50269898012204588e-05,9.50269908177802877e-05,1.65588654474139894e-12,1.42804106213756408e-12,SMOOTH_INTERIOR,CONSISTENT_NUMERICALLY
run1,I2,KPU,D1,.1000000000000000E-01,-1,SMOOTH,SMOOTH,.000000000000000,.5546429513626830E-22,.5546429513626830E-22,1.000000000000000,.5293955920339377E-22,1.000000000000000,.000000000000000,1,1,1,1,0,,1.00000000000000000e+00,0.00000000000000000e+00,5.54642951362682992e-23,5.54642951362682992e-23,5.29395592033937712e-23,NULLSPACE,NULLSPACE_CONSISTENT
run1,I2,KPU,D1,.3000000000000000E-02,-1,SMOOTH,SMOOTH,.000000000000000,.5546429513626830E-22,.5546429513626830E-22,1.000000000000000,.5293955920339377E-22,1.000000000000000,.000000000000000,1,1,1,1,0,-0.00000000000000000e+00,1.00000000000000000e+00,0.00000000000000000e+00,5.54642951362682992e-23,5.54642951362682992e-23,5.29395592033937712e-23,NULLSPACE,NULLSPACE_CONSISTENT
run1,I2,KPU,D1,.1000000000000000E-02,-1,SMOOTH,SMOOTH,.000000000000000,.5546429513626830E-22,.5546429513626830E-22,1.000000000000000,.5293955920339377E-22,1.000000000000000,.000000000000000,1,1,1,1,0,-0.00000000000000000e+00,1.00000000000000000e+00,0.00000000000000000e+00,5.54642951362682992e-23,5.54642951362682992e-23,5.29395592033937712e-23,NULLSPACE,NULLSPACE_CONSISTENT
run1,I2,KPU,D1,.3000000000000000E-03,-1,SMOOTH,SMOOTH,.000000000000000,.5546429513626830E-22,.5546429513626830E-22,1.000000000000000,.5293955920339377E-22,1.000000000000000,.000000000000000,1,1,1,1,0,-0.00000000000000000e+00,1.00000000000000000e+00,0.00000000000000000e+00,5.54642951362682992e-23,5.54642951362682992e-23,5.29395592033937712e-23,NULLSPACE,NULLSPACE_CONSISTENT
run1,I2,KPU,D1,.1000000000000000E-03,-1,SMOOTH,SMOOTH,.000000000000000,.5546429513626830E-22,.5546429513626830E-22,1.000000000000000,.5293955920339377E-22,1.000000000000000,.000000000000000,1,1,1,1,0,-0.00000000000000000e+00,1.00000000000000000e+00,0.00000000000000000e+00,5.54642951362682992e-23,5.54642951362682992e-23,5.29395592033937712e-23,NULLSPACE,NULLSPACE_CONSISTENT
run1,I2,KPU,D1,.3000000000000000E-04,-1,SMOOTH,SMOOTH,.000000000000000,.5546429513626830E-22,.5546429513626830E-22,1.000000000000000,.5293955920339377E-22,1.000000000000000,.000000000000000,1,1,1,1,0,-0.00000000000000000e+00,1.00000000000000000e+00,0.00000000000000000e+00,5.54642951362682992e-23,5.54642951362682992e-23,5.29395592033937712e-23,NULLSPACE,NULLSPACE_CONSISTENT
run1,I2,KPU,D1,.1000000000000000E-04,-1,SMOOTH,SMOOTH,.000000000000000,.5546429513626830E-22,.5546429513626830E-22,1.000000000000000,.5293955920339377E-22,1.000000000000000,.000000000000000,1,1,1,1,0,-0.00000000000000000e+00,1.00000000000000000e+00,0.00000000000000000e+00,5.54642951362682992e-23,5.54642951362682992e-23,5.29395592033937712e-23,NULLSPACE,NULLSPACE_CONSISTENT
run1,I2,KPU,D1,.3000000000000000E-05,-1,SMOOTH,SMOOTH,.000000000000000,.5546429513626830E-22,.5546429513626830E-22,1.000000000000000,.5293955920339377E-22,1.000000000000000,.000000000000000,1,1,1,1,0,-0.00000000000000000e+00,1.00000000000000000e+00,0.00000000000000000e+00,5.54642951362682992e-23,5.54642951362682992e-23,5.29395592033937712e-23,NULLSPACE,NULLSPACE_CONSISTENT
run1,I2,KPU,D1,.1000000000000000E-05,-1,SMOOTH,SMOOTH,.000000000000000,.5546429513626830E-22,.5546429513626830E-22,1.000000000000000,.5293955920339377E-22,1.000000000000000,.000000000000000,1,1,1,1,0,-0.00000000000000000e+00,1.00000000000000000e+00,0.00000000000000000e+00,5.54642951362682992e-23,5.54642951362682992e-23,5.29395592033937712e-23,NULLSPACE,NULLSPACE_CONSISTENT
run1,I2,KPU,D1,.3000000000000000E-06,-1,SMOOTH,SMOOTH,.000000000000000,.5546429513626830E-22,.5546429513626830E-22,1.000000000000000,.5293955920339377E-22,1.000000000000000,.000000000000000,1,1,1,1,0,-0.00000000000000000e+00,1.00000000000000000e+00,0.00000000000000000e+00,5.54642951362682992e-23,5.54642951362682992e-23,5.29395592033937712e-23,NULLSPACE,NULLSPACE_CONSISTENT
run1,I2,KPU,D1,.1000000000000000E-06,-1,SMOOTH,SMOOTH,.000000000000000,.5546429513626830E-22,.5546429513626830E-22,1.000000000000000,.5293955920339377E-22,1.000000000000000,.000000000000000,1,1,1,1,0,-0.00000000000000000e+00,1.00000000000000000e+00,0.00000000000000000e+00,5.54642951362682992e-23,5.54642951362682992e-23,5.29395592033937712e-23,NULLSPACE,NULLSPACE_CONSISTENT
run1,I2,KPU,D2,.1000000000000000E-01,-1,SMOOTH,SMOOTH,.000000000000000,.2667577321119195E-22,.2667577321119195E-22,1.000000000000000,.2646977960169689E-22,1.000000000000000,.000000000000000,1,1,1,1,0,,1.00000000000000000e+00,0.00000000000000000e+00,2.66757732111919499e-23,2.66757732111919499e-23,2.64697796016968915e-23,NULLSPACE,NULLSPACE_CONSISTENT
run1,I2,KPU,D2,.3000000000000000E-02,-1,SMOOTH,SMOOTH,.000000000000000,.2667577321119195E-22,.2667577321119195E-22,1.000000000000000,.2646977960169689E-22,1.000000000000000,.000000000000000,1,1,1,1,0,-0.00000000000000000e+00,1.00000000000000000e+00,0.00000000000000000e+00,2.66757732111919499e-23,2.66757732111919499e-23,2.64697796016968915e-23,NULLSPACE,NULLSPACE_CONSISTENT
run1,I2,KPU,D2,.1000000000000000E-02,-1,SMOOTH,SMOOTH,.000000000000000,.2667577321119195E-22,.2667577321119195E-22,1.000000000000000,.2646977960169689E-22,1.000000000000000,.000000000000000,1,1,1,1,0,-0.00000000000000000e+00,1.00000000000000000e+00,0.00000000000000000e+00,2.66757732111919499e-23,2.66757732111919499e-23,2.64697796016968915e-23,NULLSPACE,NULLSPACE_CONSISTENT
run1,I2,KPU,D2,.3000000000000000E-03,-1,SMOOTH,SMOOTH,.000000000000000,.2667577321119195E-22,.2667577321119195E-22,1.000000000000000,.2646977960169689E-22,1.000000000000000,.000000000000000,1,1,1,1,0,-0.00000000000000000e+00,1.00000000000000000e+00,0.00000000000000000e+00,2.66757732111919499e-23,2.66757732111919499e-23,2.64697796016968915e-23,NULLSPACE,NULLSPACE_CONSISTENT
run1,I2,KPU,D2,.1000000000000000E-03,-1,SMOOTH,SMOOTH,.000000000000000,.2667577321119195E-22,.2667577321119195E-22,1.000000000000000,.2646977960169689E-22,1.000000000000000,.000000000000000,1,1,1,1,0,-0.00000000000000000e+00,1.00000000000000000e+00,0.00000000000000000e+00,2.66757732111919499e-23,2.66757732111919499e-23,2.64697796016968915e-23,NULLSPACE,NULLSPACE_CONSISTENT
run1,I2,KPU,D2,.3000000000000000E-04,-1,SMOOTH,SMOOTH,.000000000000000,.2667577321119195E-22,.2667577321119195E-22,1.000000000000000,.2646977960169689E-22,1.000000000000000,.000000000000000,1,1,1,1,0,-0.00000000000000000e+00,1.00000000000000000e+00,0.00000000000000000e+00,2.66757732111919499e-23,2.66757732111919499e-23,2.64697796016968915e-23,NULLSPACE,NULLSPACE_CONSISTENT
run1,I2,KPU,D2,.1000000000000000E-04,-1,SMOOTH,SMOOTH,.000000000000000,.2667577321119195E-22,.2667577321119195E-22,1.000000000000000,.2646977960169689E-22,1.000000000000000,.000000000000000,1,1,1,1,0,-0.00000000000000000e+00,1.00000000000000000e+00,0.00000000000000000e+00,2.66757732111919499e-23,2.66757732111919499e-23,2.64697796016968915e-23,NULLSPACE,NULLSPACE_CONSISTENT
run1,I2,KPU,D2,.3000000000000000E-05,-1,SMOOTH,SMOOTH,.000000000000000,.2667577321119195E-22,.2667577321119195E-22,1.000000000000000,.2646977960169689E-22,1.000000000000000,.000000000000000,1,1,1,1,0,-0.00000000000000000e+00,1.00000000000000000e+00,0.00000000000000000e+00,2.66757732111919499e-23,2.66757732111919499e-23,2.64697796016968915e-23,NULLSPACE,NULLSPACE_CONSISTENT
run1,I2,KPU,D2,.1000000000000000E-05,-1,SMOOTH,SMOOTH,.000000000000000,.2667577321119195E-22,.2667577321119195E-22,1.000000000000000,.2646977960169689E-22,1.000000000000000,.000000000000000,1,1,1,1,0,-0.00000000000000000e+00,1.00000000000000000e+00,0.00000000000000000e+00,2.66757732111919499e-23,2.66757732111919499e-23,2.64697796016968915e-23,NULLSPACE,NULLSPACE_CONSISTENT
run1,I2,KPU,D2,.3000000000000000E-06,-1,SMOOTH,SMOOTH,.000000000000000,.2667577321119195E-22,.2667577321119195E-22,1.000000000000000,.2646977960169689E-22,1.000000000000000,.000000000000000,1,1,1,1,0,-0.00000000000000000e+00,1.00000000000000000e+00,0.00000000000000000e+00,2.66757732111919499e-23,2.66757732111919499e-23,2.64697796016968915e-23,NULLSPACE,NULLSPACE_CONSISTENT
run1,I2,KPU,D2,.1000000000000000E-06,-1,SMOOTH,SMOOTH,.000000000000000,.2667577321119195E-22,.2667577321119195E-22,1.000000000000000,.2646977960169689E-22,1.000000000000000,.000000000000000,1,1,1,1,0,-0.00000000000000000e+00,1.00000000000000000e+00,0.00000000000000000e+00,2.66757732111919499e-23,2.66757732111919499e-23,2.64697796016968915e-23,NULLSPACE,NULLSPACE_CONSISTENT
run1,I2,KPU,D3,.1000000000000000E-01,-1,SMOOTH,SMOOTH,.1112251897521516E-05,.1112251897438571E-05,.8447566814807789E-16,.7595012275215626E-10,.5821445688241993E-16,.7174683239972665E-10,1.000000000000000,1,1,1,1,0,,1.00000000000000000e+00,1.11225189752151609e-06,1.11225189743857102e-06,8.44756681480778892e-17,5.82144568824199266e-17,SMOOTH_INTERIOR,CONSISTENT_NUMERICALLY
run1,I2,KPU,D3,.3000000000000000E-02,-1,SMOOTH,SMOOTH,.1112251897489848E-05,.1112251897438571E-05,.1001107288889709E-15,.9000724486503711E-10,.8113347436922679E-16,.9999354282607598E-10,1.000000000000000,1,1,1,1,0,-1.41044149575883598e-01,1.00000000000000000e+00,1.11225189748984807e-06,1.11225189743857102e-06,1.00110728888970895e-16,8.11334743692267851e-17,SMOOTH_INTERIOR,CONSISTENT_NUMERICALLY
run1,I2,KPU,D3,.1000000000000000E-02,-1,SMOOTH,SMOOTH,.1112251897486944E-05,.1112251897438571E-05,.1442731200835121E-15,.1297126311130484E-09,.1256252563522982E-15,.1548277643707549E-09,1.000000000000000,1,1,1,1,0,-3.32629911301813908e-01,1.00000000000000000e+00,1.11225189748694402e-06,1.11225189743857102e-06,1.44273120083512100e-16,1.25625256352298199e-16,SMOOTH_INTERIOR,CONSISTENT_NUMERICALLY
run1,I2,KPU,D3,.3000000000000000E-03,-1,SMOOTH,SMOOTH,.1112251897345386E-05,.1112251897438571E-05,.2383303079202449E-15,.2142772769991230E-09,.1450733445794937E-15,.1787967026971593E-09,1.000000000000000,1,1,1,1,0,-4.16910903369647923e-01,1.00000000000000000e+00,1.11225189734538597e-06,1.11225189743857102e-06,2.38330307920244903e-16,1.45073344579493699e-16,SMOOTH_INTERIOR,CONSISTENT_NUMERICALLY
run1,I2,KPU,D3,.1000000000000000E-03,-1,SMOOTH,SMOOTH,.1112251897564630E-05,.1112251897438571E-05,.1328401565351465E-14,.1194335175565996E-08,.9585769161332062E-15,.1181405117830131E-08,1.000000000000000,1,1,1,1,0,-1.56385844732719015e+00,1.00000000000000000e+00,1.11225189756463007e-06,1.11225189743857102e-06,1.32840156535146491e-15,9.58576916133206235e-16,SMOOTH_INTERIOR,CONSISTENT_NUMERICALLY
run1,I2,KPU,D3,.3000000000000000E-04,-1,SMOOTH,SMOOTH,.1112251899096674E-05,.1112251897438571E-05,.2746331529812239E-14,.2469163264223418E-08,.2294029601323307E-14,.2827293527140825E-08,1.000000000000000,1,1,1,1,0,-6.03244226498087066e-01,1.00000000000000000e+00,1.11225189909667402e-06,1.11225189743857102e-06,2.74633152981223919e-15,2.29402960132330707e-15,SMOOTH_INTERIOR,CONSISTENT_NUMERICALLY
run1,I2,KPU,D3,.1000000000000000E-04,-1,SMOOTH,SMOOTH,.1112251890074959E-05,.1112251897438571E-05,.1166579646963583E-13,.1048844825214616E-07,.8547992150001517E-14,.1053503533355159E-07,1.000000000000000,1,1,1,1,0,-1.31656560251330901e+00,1.00000000000000000e+00,1.11225189007495892e-06,1.11225189743857102e-06,1.16657964696358305e-14,8.54799215000151688e-15,SMOOTH_INTERIOR,CONSISTENT_NUMERICALLY
run1,I2,KPU,D3,.3000000000000000E-05,-1,SMOOTH,SMOOTH,.1112251892681835E-05,.1112251897438571E-05,.3188952412832529E-13,.2867113484073559E-07,.2661802834044674E-13,.3280558336451377E-07,.9999999999999997,1,1,1,1,0,-8.35248415321075632e-01,1.00000000000000000e+00,1.11225189268183495e-06,1.11225189743857102e-06,3.18895241283252917e-14,2.66180283404467409e-14,SMOOTH_INTERIOR,CONSISTENT_NUMERICALLY
run1,I2,KPU,D3,.1000000000000000E-05,-1,SMOOTH,SMOOTH,.1112251708559390E-05,.1112251897438571E-05,.2881070834228860E-12,.2590304265484950E-06,.2628017533162425E-12,.3238919395714972E-06,.9999999999999809,1,1,1,1,0,-2.00348630044229115e+00,1.00000000000000000e+00,1.11225170855938995e-06,1.11225189743857102e-06,2.88107083422885988e-13,2.62801753316242505e-13,SMOOTH_INTERIOR,CONSISTENT_NUMERICALLY
run1,I2,KPU,D3,.3000000000000000E-06,-1,SMOOTH,SMOOTH,.1112252014425053E-05,.1112251897438571E-05,.4743045968547647E-12,.4264362668742326E-06,.4432029130875850E-12,.5462285753209331E-06,.9999999999999147,1,1,1,1,0,-4.14060429311659373e-01,1.00000000000000000e+00,1.11225201442505291e-06,1.11225189743857102e-06,4.74304596854764707e-13,4.43202913087584986e-13,SMOOTH_INTERIOR,CONSISTENT_NUMERICALLY
run1,I2,KPU,D3,.1000000000000000E-06,-1,SMOOTH,SMOOTH,.1112251296937280E-05,.1112251897438571E-05,.6763045258737236E-12,.6080497838944576E-06,.5880624050618938E-12,.7247618045202909E-06,.9999999999999608,1,1,1,1,0,-3.22947172191135112e-01,1.00000000000000000e+00,1.11225129693727993e-06,1.11225189743857102e-06,6.76304525873723601e-13,5.88062405061893785e-13,SMOOTH_INTERIOR,CONSISTENT_NUMERICALLY
run1,I2,KSU,D1,.1000000000000000E-01,-1,SMOOTH,SMOOTH,.000000000000000,.7237052673748088E-20,.7237052673748088E-20,1.000000000000000,.6776263578034403E-20,1.000000000000000,.000000000000000,1,1,1,1,0,,1.00000000000000000e+00,0.00000000000000000e+00,7.23705267374808825e-21,7.23705267374808825e-21,6.77626357803440271e-21,NULLSPACE,NULLSPACE_CONSISTENT
run1,I2,KSU,D1,.3000000000000000E-02,-1,SMOOTH,SMOOTH,.000000000000000,.7237052673748088E-20,.7237052673748088E-20,1.000000000000000,.6776263578034403E-20,1.000000000000000,.000000000000000,1,1,1,1,0,-0.00000000000000000e+00,1.00000000000000000e+00,0.00000000000000000e+00,7.23705267374808825e-21,7.23705267374808825e-21,6.77626357803440271e-21,NULLSPACE,NULLSPACE_CONSISTENT
run1,I2,KSU,D1,.1000000000000000E-02,-1,SMOOTH,SMOOTH,.000000000000000,.7237052673748088E-20,.7237052673748088E-20,1.000000000000000,.6776263578034403E-20,1.000000000000000,.000000000000000,1,1,1,1,0,-0.00000000000000000e+00,1.00000000000000000e+00,0.00000000000000000e+00,7.23705267374808825e-21,7.23705267374808825e-21,6.77626357803440271e-21,NULLSPACE,NULLSPACE_CONSISTENT
run1,I2,KSU,D1,.3000000000000000E-03,-1,SMOOTH,SMOOTH,.000000000000000,.7237052673748088E-20,.7237052673748088E-20,1.000000000000000,.6776263578034403E-20,1.000000000000000,.000000000000000,1,1,1,1,0,-0.00000000000000000e+00,1.00000000000000000e+00,0.00000000000000000e+00,7.23705267374808825e-21,7.23705267374808825e-21,6.77626357803440271e-21,NULLSPACE,NULLSPACE_CONSISTENT
run1,I2,KSU,D1,.1000000000000000E-03,-1,SMOOTH,SMOOTH,.000000000000000,.7237052673748088E-20,.7237052673748088E-20,1.000000000000000,.6776263578034403E-20,1.000000000000000,.000000000000000,1,1,1,1,0,-0.00000000000000000e+00,1.00000000000000000e+00,0.00000000000000000e+00,7.23705267374808825e-21,7.23705267374808825e-21,6.77626357803440271e-21,NULLSPACE,NULLSPACE_CONSISTENT
run1,I2,KSU,D1,.3000000000000000E-04,-1,SMOOTH,SMOOTH,.000000000000000,.7237052673748088E-20,.7237052673748088E-20,1.000000000000000,.6776263578034403E-20,1.000000000000000,.000000000000000,1,1,1,1,0,-0.00000000000000000e+00,1.00000000000000000e+00,0.00000000000000000e+00,7.23705267374808825e-21,7.23705267374808825e-21,6.77626357803440271e-21,NULLSPACE,NULLSPACE_CONSISTENT
run1,I2,KSU,D1,.1000000000000000E-04,-1,SMOOTH,SMOOTH,.000000000000000,.7237052673748088E-20,.7237052673748088E-20,1.000000000000000,.6776263578034403E-20,1.000000000000000,.000000000000000,1,1,1,1,0,-0.00000000000000000e+00,1.00000000000000000e+00,0.00000000000000000e+00,7.23705267374808825e-21,7.23705267374808825e-21,6.77626357803440271e-21,NULLSPACE,NULLSPACE_CONSISTENT
run1,I2,KSU,D1,.3000000000000000E-05,-1,SMOOTH,SMOOTH,.000000000000000,.7237052673748088E-20,.7237052673748088E-20,1.000000000000000,.6776263578034403E-20,1.000000000000000,.000000000000000,1,1,1,1,0,-0.00000000000000000e+00,1.00000000000000000e+00,0.00000000000000000e+00,7.23705267374808825e-21,7.23705267374808825e-21,6.77626357803440271e-21,NULLSPACE,NULLSPACE_CONSISTENT
run1,I2,KSU,D1,.1000000000000000E-05,-1,SMOOTH,SMOOTH,.000000000000000,.7237052673748088E-20,.7237052673748088E-20,1.000000000000000,.6776263578034403E-20,1.000000000000000,.000000000000000,1,1,1,1,0,-0.00000000000000000e+00,1.00000000000000000e+00,0.00000000000000000e+00,7.23705267374808825e-21,7.23705267374808825e-21,6.77626357803440271e-21,NULLSPACE,NULLSPACE_CONSISTENT
run1,I2,KSU,D1,.3000000000000000E-06,-1,SMOOTH,SMOOTH,.000000000000000,.7237052673748088E-20,.7237052673748088E-20,1.000000000000000,.6776263578034403E-20,1.000000000000000,.000000000000000,1,1,1,1,0,-0.00000000000000000e+00,1.00000000000000000e+00,0.00000000000000000e+00,7.23705267374808825e-21,7.23705267374808825e-21,6.77626357803440271e-21,NULLSPACE,NULLSPACE_CONSISTENT
run1,I2,KSU,D1,.1000000000000000E-06,-1,SMOOTH,SMOOTH,.000000000000000,.7237052673748088E-20,.7237052673748088E-20,1.000000000000000,.6776263578034403E-20,1.000000000000000,.000000000000000,1,1,1,1,0,-0.00000000000000000e+00,1.00000000000000000e+00,0.00000000000000000e+00,7.23705267374808825e-21,7.23705267374808825e-21,6.77626357803440271e-21,NULLSPACE,NULLSPACE_CONSISTENT
run1,I2,KSU,D2,.1000000000000000E-01,-1,SMOOTH,SMOOTH,.000000000000000,.1554945794002033E-19,.1554945794002033E-19,1.000000000000000,.1355252715606881E-19,1.000000000000000,.000000000000000,1,1,1,1,0,,1.00000000000000000e+00,0.00000000000000000e+00,1.55494579400203286e-20,1.55494579400203286e-20,1.35525271560688114e-20,NULLSPACE,NULLSPACE_CONSISTENT
run1,I2,KSU,D2,.3000000000000000E-02,-1,SMOOTH,SMOOTH,.000000000000000,.1554945794002033E-19,.1554945794002033E-19,1.000000000000000,.1355252715606881E-19,1.000000000000000,.000000000000000,1,1,1,1,0,-0.00000000000000000e+00,1.00000000000000000e+00,0.00000000000000000e+00,1.55494579400203286e-20,1.55494579400203286e-20,1.35525271560688114e-20,NULLSPACE,NULLSPACE_CONSISTENT
run1,I2,KSU,D2,.1000000000000000E-02,-1,SMOOTH,SMOOTH,.000000000000000,.1554945794002033E-19,.1554945794002033E-19,1.000000000000000,.1355252715606881E-19,1.000000000000000,.000000000000000,1,1,1,1,0,-0.00000000000000000e+00,1.00000000000000000e+00,0.00000000000000000e+00,1.55494579400203286e-20,1.55494579400203286e-20,1.35525271560688114e-20,NULLSPACE,NULLSPACE_CONSISTENT
run1,I2,KSU,D2,.3000000000000000E-03,-1,SMOOTH,SMOOTH,.000000000000000,.1554945794002033E-19,.1554945794002033E-19,1.000000000000000,.1355252715606881E-19,1.000000000000000,.000000000000000,1,1,1,1,0,-0.00000000000000000e+00,1.00000000000000000e+00,0.00000000000000000e+00,1.55494579400203286e-20,1.55494579400203286e-20,1.35525271560688114e-20,NULLSPACE,NULLSPACE_CONSISTENT
run1,I2,KSU,D2,.1000000000000000E-03,-1,SMOOTH,SMOOTH,.000000000000000,.1554945794002033E-19,.1554945794002033E-19,1.000000000000000,.1355252715606881E-19,1.000000000000000,.000000000000000,1,1,1,1,0,-0.00000000000000000e+00,1.00000000000000000e+00,0.00000000000000000e+00,1.55494579400203286e-20,1.55494579400203286e-20,1.35525271560688114e-20,NULLSPACE,NULLSPACE_CONSISTENT
run1,I2,KSU,D2,.3000000000000000E-04,-1,SMOOTH,SMOOTH,.000000000000000,.1554945794002033E-19,.1554945794002033E-19,1.000000000000000,.1355252715606881E-19,1.000000000000000,.000000000000000,1,1,1,1,0,-0.00000000000000000e+00,1.00000000000000000e+00,0.00000000000000000e+00,1.55494579400203286e-20,1.55494579400203286e-20,1.35525271560688114e-20,NULLSPACE,NULLSPACE_CONSISTENT
run1,I2,KSU,D2,.1000000000000000E-04,-1,SMOOTH,SMOOTH,.000000000000000,.1554945794002033E-19,.1554945794002033E-19,1.000000000000000,.1355252715606881E-19,1.000000000000000,.000000000000000,1,1,1,1,0,-0.00000000000000000e+00,1.00000000000000000e+00,0.00000000000000000e+00,1.55494579400203286e-20,1.55494579400203286e-20,1.35525271560688114e-20,NULLSPACE,NULLSPACE_CONSISTENT
run1,I2,KSU,D2,.3000000000000000E-05,-1,SMOOTH,SMOOTH,.000000000000000,.1554945794002033E-19,.1554945794002033E-19,1.000000000000000,.1355252715606881E-19,1.000000000000000,.000000000000000,1,1,1,1,0,-0.00000000000000000e+00,1.00000000000000000e+00,0.00000000000000000e+00,1.55494579400203286e-20,1.55494579400203286e-20,1.35525271560688114e-20,NULLSPACE,NULLSPACE_CONSISTENT
run1,I2,KSU,D2,.1000000000000000E-05,-1,SMOOTH,SMOOTH,.000000000000000,.1554945794002033E-19,.1554945794002033E-19,1.000000000000000,.1355252715606881E-19,1.000000000000000,.000000000000000,1,1,1,1,0,-0.00000000000000000e+00,1.00000000000000000e+00,0.00000000000000000e+00,1.55494579400203286e-20,1.55494579400203286e-20,1.35525271560688114e-20,NULLSPACE,NULLSPACE_CONSISTENT
run1,I2,KSU,D2,.3000000000000000E-06,-1,SMOOTH,SMOOTH,.000000000000000,.1554945794002033E-19,.1554945794002033E-19,1.000000000000000,.1355252715606881E-19,1.000000000000000,.000000000000000,1,1,1,1,0,-0.00000000000000000e+00,1.00000000000000000e+00,0.00000000000000000e+00,1.55494579400203286e-20,1.55494579400203286e-20,1.35525271560688114e-20,NULLSPACE,NULLSPACE_CONSISTENT
run1,I2,KSU,D2,.1000000000000000E-06,-1,SMOOTH,SMOOTH,.000000000000000,.1554945794002033E-19,.1554945794002033E-19,1.000000000000000,.1355252715606881E-19,1.000000000000000,.000000000000000,1,1,1,1,0,-0.00000000000000000e+00,1.00000000000000000e+00,0.00000000000000000e+00,1.55494579400203286e-20,1.55494579400203286e-20,1.35525271560688114e-20,NULLSPACE,NULLSPACE_CONSISTENT
run1,I2,KSU,D3,.1000000000000000E-01,-1,SMOOTH,SMOOTH,.3442372844536300E-03,.3442372844196956E-03,.3395955048461732E-13,.9865157557966906E-10,.2505347275125192E-13,.1008320199697801E-09,1.000000000000000,1,1,1,1,0,,1.00000000000000000e+00,3.44237284453629980e-04,3.44237284419695591e-04,3.39595504846173229e-14,2.50534727512519214e-14,SMOOTH_INTERIOR,CONSISTENT_NUMERICALLY
run1,I2,KSU,D3,.3000000000000000E-02,-1,SMOOTH,SMOOTH,.3442372844274738E-03,.3442372844196956E-03,.8165744093063564E-14,.2372126571543408E-10,.7012348601093121E-14,.2822240578190858E-10,.9999999999999999,1,1,1,1,0,1.18376616591056383e+00,1.00000000000000000e+00,3.44237284427473820e-04,3.44237284419695591e-04,8.16574409306356429e-15,7.01234860109312130e-15,SMOOTH_INTERIOR,CONSISTENT_NUMERICALLY
run1,I2,KSU,D3,.1000000000000000E-02,-1,SMOOTH,SMOOTH,.3442372844231338E-03,.3442372844196956E-03,.1794241149063357E-13,.5212222005731052E-10,.1289672036698664E-13,.5190507434362798E-10,.9999999999999999,1,1,1,1,0,-7.16557989729361577e-01,1.00000000000000000e+00,3.44237284423133812e-04,3.44237284419695591e-04,1.79424114906335690e-14,1.28967203669866407e-14,SMOOTH_INTERIOR,CONSISTENT_NUMERICALLY
run1,I2,KSU,D3,.3000000000000000E-03,-1,SMOOTH,SMOOTH,.3442372843886940E-03,.3442372844196956E-03,.5511009570112496E-13,.1600933373444071E-09,.5312471382939998E-13,.2138095688154595E-09,1.000000000000000,1,1,1,1,0,-9.32052329624154519e-01,1.00000000000000000e+00,3.44237284388694022e-04,3.44237284419695591e-04,5.51100957011249629e-14,5.31247138293999769e-14,SMOOTH_INTERIOR,CONSISTENT_NUMERICALLY
run1,I2,KSU,D3,.1000000000000000E-03,-1,SMOOTH,SMOOTH,.3442372844420671E-03,.3442372844196956E-03,.8784639957085845E-13,.2551914145884521E-09,.6058384859324722E-13,.2438301425302864E-09,.9999999999999999,1,1,1,1,0,-4.24405325095352615e-01,1.00000000000000000e+00,3.44237284442067127e-04,3.44237284419695591e-04,8.78463995708584470e-14,6.05838485932472248e-14,SMOOTH_INTERIOR,CONSISTENT_NUMERICALLY
run1,I2,KSU,D3,.3000000000000000E-04,-1,SMOOTH,SMOOTH,.3442372850857339E-03,.3442372844196956E-03,.7444695214993591E-12,.2162663818691068E-08,.6407646765613229E-12,.2578867893658677E-08,.9999999999999998,1,1,1,1,0,-1.77502521271748481e+00,1.00000000000000000e+00,3.44237285085733887e-04,3.44237284419695591e-04,7.44469521499359113e-13,6.40764676561322855e-13,SMOOTH_INTERIOR,CONSISTENT_NUMERICALLY
run1,I2,KSU,D3,.1000000000000000E-04,-1,SMOOTH,SMOOTH,.3442372846252122E-03,.3442372844196956E-03,.1455752267648632E-11,.4228920958499831E-08,.1103357585418435E-11,.4440652787280328E-08,.9999999999999998,1,1,1,1,0,-6.10412028228650039e-01,1.00000000000000000e+00,3.44237284625212184e-04,3.44237284419695591e-04,1.45575226764863207e-12,1.10335758541843500e-12,SMOOTH_INTERIOR,CONSISTENT_NUMERICALLY
run1,I2,KSU,D3,.3000000000000000E-05,-1,SMOOTH,SMOOTH,.3442372889408398E-03,.3442372844196956E-03,.7808469169638179E-11,.2268339142939315E-07,.7579658580468551E-11,.3050564166096200E-07,.9999999999999998,1,1,1,1,0,-1.39511967391837710e+00,1.00000000000000000e+00,3.44237288940839792e-04,3.44237284419695591e-04,7.80846916963817900e-12,7.57965858046855123e-12,SMOOTH_INTERIOR,CONSISTENT_NUMERICALLY
run1,I2,KSU,D3,.1000000000000000E-05,-1,SMOOTH,SMOOTH,.3442373186912561E-03,.3442372844196956E-03,.4111653867586682E-10,.1194424208048864E-06,.3996116344729891E-10,.1608305652115079E-06,.9999999999999979,1,1,1,1,0,-1.51209077391366153e+00,1.00000000000000000e+00,3.44237318691256115e-04,3.44237284419695591e-04,4.11165386758668227e-11,3.99611634472989077e-11,SMOOTH_INTERIOR,CONSISTENT_NUMERICALLY
run1,I2,KSU,D3,.3000000000000000E-06,-1,SMOOTH,SMOOTH,.3442373040633234E-03,.3442372844196956E-03,.7607173357982952E-10,.2209863157824287E-06,.5623875402372726E-10,.2263425603975178E-06,.9999999999999771,1,1,1,1,0,-5.11030078400698695e-01,1.00000000000000000e+00,3.44237304063323406e-04,3.44237284419695591e-04,7.60717335798295185e-11,5.62387540237272582e-11,SMOOTH_INTERIOR,CONSISTENT_NUMERICALLY
run1,I2,KSU,D3,.1000000000000000E-06,-1,SMOOTH,SMOOTH,.3442372693705134E-03,.3442372844196956E-03,.9288304960639589E-10,.2698227467224395E-06,.7106113901521674E-10,.2859978039819687E-06,.9999999999999644,1,1,1,1,0,-1.81742380567398887e-01,1.00000000000000000e+00,3.44237269370513421e-04,3.44237284419695591e-04,9.28830496063958860e-11,7.10611390152167399e-11,SMOOTH_INTERIOR,CONSISTENT_NUMERICALLY
run1,I2,KUP,D1,.1000000000000000E-01,-1,SMOOTH,SMOOTH,7071067.811865508,7071067.811865475,.6457431033607134E-07,.9132186545816081E-14,.4703179001808167E-07,.1881271600723232E-13,.9999999999999999,1,1,1,1,0,,7.00000000000000000e+06,1.01015254455221548e+00,1.01015254455221082e+00,9.22490147658161978e-15,6.71882714544023890e-15,SMOOTH_INTERIOR,CONSISTENT_NUMERICALLY
run1,I2,KUP,D1,.3000000000000000E-02,-1,SMOOTH,SMOOTH,7071067.811865379,7071067.811865475,.2464448298072562E-06,.3485256206901509E-13,.1545995473861694E-06,.6183981895446634E-13,.9999999999999999,1,1,1,1,0,-1.11241839564108047e+00,7.00000000000000000e+06,1.01015254455219705e+00,1.01015254455221082e+00,3.52064042581794569e-14,2.20856496265956293e-14,SMOOTH_INTERIOR,CONSISTENT_NUMERICALLY
run1,I2,KUP,D1,.1000000000000000E-02,-1,SMOOTH,SMOOTH,7071067.811865352,7071067.811865475,.2601067407925109E-06,.3678464804934321E-13,.2328306436538696E-06,.9313225746154786E-13,1.000000000000000,1,1,1,1,0,-4.91109871692932687e-02,7.00000000000000000e+06,1.01015254455219305e+00,1.01015254455221082e+00,3.71581058275015621e-14,3.32615205219813717e-14,SMOOTH_INTERIOR,CONSISTENT_NUMERICALLY
run1,I2,KUP,D1,.3000000000000000E-03,-1,SMOOTH,SMOOTH,7071067.811864104,7071067.811865475,.2572869804517092E-05,.3638587371768285E-12,.1551583409309387E-05,.6206333637235622E-12,.9999999999999997,1,1,1,1,0,-1.90343595290292589e+00,7.00000000000000000e+06,1.01015254455201497e+00,1.01015254455221082e+00,3.67552829216727453e-13,2.21654772758483847e-13,SMOOTH_INTERIOR,CONSISTENT_NUMERICALLY
run1,I2,KUP,D1,.1000000000000000E-03,-1,SMOOTH,SMOOTH,7071067.811869179,7071067.811865475,.9635251160537092E-05,.1362630286809552E-11,.4657078534364700E-05,.1862831413742410E-11,1.000000000000000,1,1,1,1,0,-1.20188573466640580e+00,7.00000000000000000e+06,1.01015254455273995e+00,1.01015254455221082e+00,1.37646445150529899e-12,6.65296933480671497e-13,SMOOTH_INTERIOR,CONSISTENT_NUMERICALLY
run1,I2,KUP,D1,.3000000000000000E-04,-1,SMOOTH,SMOOTH,7071067.811851756,7071067.811865475,.2053343937596177E-04,.2903866844765088E-11,.1552188768982887E-04,.6208755075931549E-11,.9999999999999999,1,1,1,1,0,-6.28441418700202759e-01,7.00000000000000000e+06,1.01015254455025083e+00,1.01015254455221082e+00,2.93334848228025259e-12,2.21741252711840973e-12,SMOOTH_INTERIOR,CONSISTENT_NUMERICALLY
run1,I2,KUP,D1,.1000000000000000E-04,-1,SMOOTH,SMOOTH,7071067.811937504,7071067.811865475,.9258597713960115E-04,.1309363445550555E-10,.4656659439206123E-04,.1862663775647755E-10,.9999999999999999,1,1,1,1,0,-1.37089577885692160e+00,7.00000000000000000e+06,1.01015254456250059e+00,1.01015254455221082e+00,1.32265681628001648e-11,6.65237062743731778e-12,SMOOTH_INTERIOR,CONSISTENT_NUMERICALLY
run1,I2,KUP,D1,.3000000000000000E-05,-1,SMOOTH,SMOOTH,7071067.812084990,7071067.811865475,.2903911644426882E-03,.4106751231354163E-10,.1552207395434380E-03,.6208829581352024E-10,1.000000000000000,1,1,1,1,0,-9.49432709360668481e-01,7.00000000000000000e+06,1.01015254458356996e+00,1.01015254455221082e+00,4.14844520632411694e-11,2.21743913633482874e-11,SMOOTH_INTERIOR,CONSISTENT_NUMERICALLY
run1,I2,KUP,D1,.1000000000000000E-05,-1,SMOOTH,SMOOTH,7071067.812133010,7071067.811865475,.3904692069262546E-03,.5522068481032829E-10,.2328306436538696E-03,.9313225745287423E-10,1.000000000000000,1,1,1,1,0,-2.69540270673643279e-01,7.00000000000000000e+06,1.01015254459043002e+00,1.01015254455221082e+00,5.57813152751792310e-11,3.32615205219813737e-11,SMOOTH_INTERIOR,CONSISTENT_NUMERICALLY
run1,I2,KUP,D1,.3000000000000000E-06,-1,SMOOTH,SMOOTH,7071067.808709950,7071067.811865475,.4599672710279098E-02,.6504919529354112E-09,.3104407805949450E-02,.1241763122379780E-08,.9999999999999997,1,1,1,1,0,-2.04854404557709202e+00,7.00000000000000000e+06,1.01015254410142141e+00,1.01015254455221082e+00,6.57096101468442490e-10,4.43486829421350020e-10,SMOOTH_INTERIOR,CONSISTENT_NUMERICALLY
run1,I2,KUP,D1,.1000000000000000E-06,-1,SMOOTH,SMOOTH,7071067.809601729,7071067.811865475,.8414983953196934E-02,.1190058443376307E-08,.4656613338738680E-02,.1862645332026025E-08,1.000000000000000,1,1,1,1,0,-5.49810680181198275e-01,7.00000000000000000e+06,1.01015254422881839e+00,1.01015254455221082e+00,1.20214056474241914e-09,6.65230476962668535e-10,SMOOTH_INTERIOR,CONSISTENT_NUMERICALLY
run1,I2,KUP,D2,.1000000000000000E-01,-1,SMOOTH,SMOOTH,.9258495248264439E-07,.8231806349783991E-10,.9252641882593448E-07,.9993677843414038,.4656612873077393E-07,1.000000000000000,.7112867591590193,1,1,1,1,0,,7.00000000000000000e+06,1.32264217832349132e-14,1.17597233568342727e-17,1.32180598322763545e-14,6.65230410439627577e-15,NULLSPACE,NULLSPACE_CONSISTENT
run1,I2,KUP,D2,.3000000000000000E-02,-1,SMOOTH,SMOOTH,.3470834309700550E-06,.8231806349783991E-10,.3470574084989404E-06,.9999250253143983,.3104408582051595E-06,1.000000000000000,.3162277660168379,1,1,1,1,0,-1.09802812090431412e+00,7.00000000000000000e+06,4.95833472814364323e-14,1.17597233568342727e-17,4.95796297855629168e-14,4.43486940293084957e-14,NULLSPACE,NULLSPACE_CONSISTENT
run1,I2,KUP,D2,.1000000000000000E-02,-1,SMOOTH,SMOOTH,.6712834929739355E-06,.8231806349783991E-10,.6712834980211798E-06,1.000000007518797,.4657194949686527E-06,1.000125000000000,.000000000000000,1,1,1,1,0,-6.00486037432753417e-01,7.00000000000000000e+06,9.58976418534193528e-14,1.17597233568342727e-17,9.58976425744542624e-14,6.65313564240932417e-14,NULLSPACE,NULLSPACE_CONSISTENT
run1,I2,KUP,D2,.3000000000000000E-03,-1,SMOOTH,SMOOTH,.1576270909016789E-05,.8231806349783991E-10,.1576328229066193E-05,1.000036364338817,.1552262498686711E-05,1.000037500000000,-.6963106238227913,1,1,1,1,0,-7.09037583174532471e-01,7.00000000000000000e+06,2.25181558430969849e-13,1.17597233568342727e-17,2.25189747009456132e-13,2.21751785526673014e-13,NULLSPACE,NULLSPACE_CONSISTENT
run1,I2,KUP,D2,.1000000000000000E-03,-1,SMOOTH,SMOOTH,.6984919309616089E-05,.8231806349783991E-10,.6984958115100634E-05,1.000005555609567,.4656671080738306E-05,1.000012500000000,-.4714045207910316,1,1,1,1,0,-1.35503741830900393e+00,7.00000000000000000e+06,9.97845615659441316e-13,1.17597233568342727e-17,9.97851159300090674e-13,6.65238725819757971e-13,NULLSPACE,NULLSPACE_CONSISTENT
run1,I2,KUP,D2,.3000000000000000E-04,-1,SMOOTH,SMOOTH,.8231806349783991E-05,.8231806349783991E-10,.8231806350195582E-05,1.000000000050000,.7761021455128988E-05,1.000000000000000,.000000000000000,1,1,1,1,0,-1.36420421916289780e-01,7.00000000000000000e+06,1.17597233568342739e-12,1.17597233568342727e-17,1.17597233574222587e-12,1.10871735073271262e-12,NULLSPACE,NULLSPACE_CONSISTENT
run1,I2,KUP,D2,.1000000000000000E-04,-1,SMOOTH,SMOOTH,.4656612873077392E-04,.8231806349783991E-10,.4656612873084668E-04,1.000000000001563,.4656612873077392E-04,1.000000000000000,.000000000000000,1,1,1,1,0,-1.57732438388455387e+00,7.00000000000000000e+06,6.65230410439627410e-12,1.17597233568342727e-17,6.65230410440666878e-12,6.65230410439627410e-12,NULLSPACE,NULLSPACE_CONSISTENT
run1,I2,KUP,D2,.3000000000000000E-05,-1,SMOOTH,SMOOTH,.1756975958538517E-03,.8231806349783991E-10,.1756975444301768E-03,.9999997073171401,.1552203708949188E-03,.9999996249999999,.6246950475544242,1,1,1,1,0,-1.10292407670886106e+00,7.00000000000000000e+06,2.50996565505502396e-11,1.17597233568342727e-17,2.50996492043109716e-11,2.21743386992741133e-11,NULLSPACE,NULLSPACE_CONSISTENT
run1,I2,KUP,D2,.1000000000000000E-05,-1,SMOOTH,SMOOTH,.9054986984762390E-03,.8231806349783991E-10,.9054986386085582E-03,.9999999338842994,.4656612873077393E-03,1.000000000000000,.7272727272727272,1,1,1,1,0,-1.49253906186451313e+00,7.00000000000000000e+06,1.29356956925176991e-10,1.17597233568342727e-17,1.29356948372651175e-10,6.65230410439627603e-11,NULLSPACE,NULLSPACE_CONSISTENT
run1,I2,KUP,D2,.3000000000000000E-06,-1,SMOOTH,SMOOTH,.4111327405634238E-02,.8231806349783991E-10,.4111327339706494E-02,.9999999839643654,.3104408523843934E-02,.9999999812500000,.8008903731191997,1,1,1,1,0,-1.25668572393200750e+00,7.00000000000000000e+06,5.87332486519176838e-10,1.17597233568342727e-17,5.87332477100927749e-10,4.43486931977704844e-10,NULLSPACE,NULLSPACE_CONSISTENT
run1,I2,KUP,D2,.1000000000000000E-06,-1,SMOOTH,SMOOTH,.1003132663877570E-01,.8231806349783991E-10,.1003132663877570E-01,1.000000000000000,.4656612931285053E-02,1.000000012500000,.000000000000000,1,1,1,1,0,-8.11903288752880536e-01,7.00000000000000000e+06,1.43304666268224267e-09,1.17597233568342727e-17,1.43304666268224267e-09,6.65230418755007562e-10,NULLSPACE,NULLSPACE_CONSISTENT
run1,I2,KUP,D3,.1000000000000000E-01,-1,SMOOTH,SMOOTH,6437264.263530794,6437264.263530838,.6945381419204064E-07,.1078933710792622E-13,.4936009645462036E-07,.1977970659307619E-13,1.000000000000000,1,1,1,1,0,,7.00000000000000000e+06,9.19609180504399104e-01,9.19609180504405432e-01,9.92197345600580628e-15,7.05144235066005138e-15,SMOOTH_INTERIOR,CONSISTENT_NUMERICALLY
run1,I2,KUP,D3,.3000000000000000E-02,-1,SMOOTH,SMOOTH,6437264.263530888,6437264.263530838,.4051261897264453E-06,.6293452826251234E-13,.3350432962179184E-06,.1342594235256372E-12,.9999999999999998,1,1,1,1,0,-1.46476448981787932e+00,7.00000000000000000e+06,9.19609180504412538e-01,9.19609180504405432e-01,5.78751699609207526e-14,4.78633280311312007e-14,SMOOTH_INTERIOR,CONSISTENT_NUMERICALLY
run1,I2,KUP,D3,.1000000000000000E-02,-1,SMOOTH,SMOOTH,6437264.263529836,6437264.263530838,.1170391545470578E-05,.1818150533451331E-12,.6454065442085266E-06,.2586289937547509E-12,1.000000000000000,1,1,1,1,0,-9.65668269735909579e-01,7.00000000000000000e+06,9.19609180504262325e-01,9.19609180504405432e-01,1.67198792210082570e-13,9.22009348869323675e-14,SMOOTH_INTERIOR,CONSISTENT_NUMERICALLY
run1,I2,KUP,D3,.3000000000000000E-03,-1,SMOOTH,SMOOTH,6437264.263530597,6437264.263530838,.2852108338249786E-05,.4430621800642692E-12,.1880805939435959E-05,.7536814615980713E-12,1.000000000000000,1,1,1,1,0,-7.39817492820425859e-01,7.00000000000000000e+06,9.19609180504371015e-01,9.19609180504405432e-01,4.07444048321397995e-13,2.68686562776565570e-13,SMOOTH_INTERIOR,CONSISTENT_NUMERICALLY
run1,I2,KUP,D3,.1000000000000000E-03,-1,SMOOTH,SMOOTH,6437264.263537727,6437264.263530838,.8830373900602525E-05,.1371758799870928E-11,.5873851478099823E-05,.2353785084571985E-11,1.000000000000000,1,1,1,1,0,-1.02869673053121402e+00,7.00000000000000000e+06,9.19609180505389645e-01,9.19609180504405432e-01,1.26148198580036066e-12,8.39121639728546142e-13,SMOOTH_INTERIOR,CONSISTENT_NUMERICALLY
run1,I2,KUP,D3,.3000000000000000E-04,-1,SMOOTH,SMOOTH,6437264.263557414,6437264.263530838,.3022717355103134E-04,.4695655221450696E-11,.1831632107496262E-04,.7339763954049602E-11,1.000000000000000,1,1,1,1,0,-1.02206955488011619e+00,7.00000000000000000e+06,9.19609180508201951e-01,9.19609180504405432e-01,4.31816765014733410e-12,2.61661729642323132e-12,SMOOTH_INTERIOR,CONSISTENT_NUMERICALLY
run1,I2,KUP,D3,.1000000000000000E-04,-1,SMOOTH,SMOOTH,6437264.263509735,6437264.263530838,.7562976310356714E-04,.1174874294535863E-10,.4778313450515270E-04,.1914778228755959E-10,.9999999999999998,1,1,1,1,0,-8.34788214861054700e-01,7.00000000000000000e+06,9.19609180501390733e-01,9.19609180504405432e-01,1.08042518719381639e-11,6.82616207216467210e-12,SMOOTH_INTERIOR,CONSISTENT_NUMERICALLY
run1,I2,KUP,D3,.3000000000000000E-05,-1,SMOOTH,SMOOTH,6437264.263725034,6437264.263530838,.3258787611846812E-03,.5062379728933263E-10,.1642047427594662E-03,.6580055279563895E-10,1.000000000000000,1,1,1,1,0,-1.21321304865469148e+00,7.00000000000000000e+06,9.19609180532147685e-01,9.19609180504405432e-01,4.65541087406687422e-11,2.34578203942094555e-11,SMOOTH_INTERIOR,CONSISTENT_NUMERICALLY
run1,I2,KUP,D3,.1000000000000000E-05,-1,SMOOTH,SMOOTH,6437264.263947971,6437264.263530838,.1000712900477241E-02,.1554562403289475E-09,.5110101774334908E-03,.2047733310869906E-09,1.000000000000000,1,1,1,1,0,-1.02123608396716037e+00,7.00000000000000000e+06,9.19609180563995876e-01,9.19609180504405432e-01,1.42958985782462988e-10,7.30014539190701021e-11,SMOOTH_INTERIOR,CONSISTENT_NUMERICALLY
run1,I2,KUP,D3,.3000000000000000E-06,-1,SMOOTH,SMOOTH,6437264.264985939,6437264.263530838,.3367832254674135E-02,.5231775667487672E-09,.2748618833720684E-02,.1101433707898486E-08,1.000000000000000,1,1,1,1,0,-1.00796017873131882e+00,7.00000000000000000e+06,9.19609180712276930e-01,9.19609180504405432e-01,4.81118893524876435e-10,3.92659833388669130e-10,SMOOTH_INTERIOR,CONSISTENT_NUMERICALLY
run1,I2,KUP,D3,.1000000000000000E-06,-1,SMOOTH,SMOOTH,6437264.269611097,6437264.263530838,.9037157241293571E-02,.1403881658852503E-08,.7405231706798077E-02,.2967443761764459E-08,1.000000000000000,1,1,1,1,0,-8.98474722294743788e-01,7.00000000000000000e+06,9.19609181373013840e-01,9.19609180504405432e-01,1.29102246304193866e-09,1.05789024382829671e-09,SMOOTH_INTERIOR,CONSISTENT_NUMERICALLY
run1,I2,KUS,D1,.1000000000000000E-01,-1,SMOOTH,SMOOTH,617.6387777938731,617.6379821070039,.7957918358502214E-03,.1288442151726108E-05,.3195071263633054E-03,.1311247971541086E-05,.9999999999999999,1,1,1,1,0,,1.00000000000000000e+00,6.17638777793873146e+02,6.17637982107003950e+02,7.95791835850221405e-04,3.19507126363305415e-04,SMOOTH_INTERIOR,CONSISTENT_NUMERICALLY
run1,I2,KUS,D1,.3000000000000000E-02,-1,SMOOTH,SMOOTH,617.6380535679780,617.6379821070039,.7146918664445735E-04,.1157137035705514E-06,.2859299812030258E-04,.1173449743508146E-06,1.000000000000000,1,1,1,1,0,2.00176551284490900e+00,1.00000000000000000e+00,6.17638053567977977e+02,6.17637982107003950e+02,7.14691866444573524e-05,2.85929981203025784e-05,SMOOTH_INTERIOR,CONSISTENT_NUMERICALLY
run1,I2,KUS,D1,.1000000000000000E-02,-1,SMOOTH,SMOOTH,617.6379897679481,617.6379821070039,.7672340375722694E-05,.1242206681393620E-07,.3136847766427309E-05,.1287354888775007E-07,1.000000000000000,1,1,1,1,0,2.03133054421642534e+00,1.00000000000000000e+00,6.17637989767948056e+02,6.17637982107003950e+02,7.67234037572269426e-06,3.13684776642730909e-06,SMOOTH_INTERIOR,CONSISTENT_NUMERICALLY
run1,I2,KUS,D1,.3000000000000000E-03,-1,SMOOTH,SMOOTH,617.6379831232033,617.6379821070039,.1710294976548544E-05,.2769089698629145E-08,.9637617779389984E-06,.3955255530051782E-08,.9999999999999999,1,1,1,1,0,1.24666922760258125e+00,1.00000000000000000e+00,6.17637983123203298e+02,6.17637982107003950e+02,1.71029497654854398e-06,9.63761777938998421e-07,SMOOTH_INTERIOR,CONSISTENT_NUMERICALLY
run1,I2,KUS,D1,.1000000000000000E-03,-1,SMOOTH,SMOOTH,617.6379894862139,617.6379821070039,.1114758834789173E-04,.1804874139488233E-07,.9162700223441789E-05,.3760350441034554E-07,.9999999999999999,1,1,1,1,0,-1.70629561095828230e+00,1.00000000000000000e+00,6.17637989486213883e+02,6.17637982107003950e+02,1.11475883478917292e-05,9.16270022344178869e-06,SMOOTH_INTERIOR,CONSISTENT_NUMERICALLY
run1,I2,KUS,D1,.3000000000000000E-04,-1,SMOOTH,SMOOTH,617.6379770032249,617.6379821070039,.3267318356490229E-04,.5290021745981574E-07,.2076709833431778E-04,.8522767687065908E-07,.9999999999999987,1,1,1,1,0,-8.93152636242147246e-01,1.00000000000000000e+00,6.17637977003224933e+02,6.17637982107003950e+02,3.26731835649022892e-05,2.07670983343177795e-05,SMOOTH_INTERIOR,CONSISTENT_NUMERICALLY
run1,I2,KUS,D1,.1000000000000000E-04,-1,SMOOTH,SMOOTH,617.6379903279277,617.6379821070039,.8142016120187423E-04,.1318250536348082E-06,.5181118416430763E-04,.2126318385250862E-06,.9999999999999916,1,1,1,1,0,-8.31110543165323845e-01,1.00000000000000000e+00,6.17637990327927696e+02,6.17637982107003950e+02,8.14201612018742264e-05,5.18111841643076332e-05,SMOOTH_INTERIOR,CONSISTENT_NUMERICALLY
run1,I2,KUS,D1,.3000000000000000E-05,-1,SMOOTH,SMOOTH,617.6380919231275,617.6379821070039,.3392717736922313E-03,.5493051321298003E-06,.2326801181311566E-03,.9549131146637688E-06,.9999999999998648,1,1,1,1,0,-1.18539102413521436e+00,1.00000000000000000e+00,6.17638091923127490e+02,6.17637982107003950e+02,3.39271773692231306e-04,2.32680118131156605e-04,SMOOTH_INTERIOR,CONSISTENT_NUMERICALLY
run1,I2,KUS,D1,.1000000000000000E-05,-1,SMOOTH,SMOOTH,617.6377902280813,617.6379821070039,.5746764025907121E-03,.9304421347765350E-06,.4709063427128513E-03,.1932588494535873E-05,.9999999999996153,1,1,1,1,0,-4.79701193229711775e-01,1.00000000000000000e+00,6.17637790228081258e+02,6.17637982107003950e+02,5.74676402590712054e-04,4.70906342712851310e-04,SMOOTH_INTERIOR,CONSISTENT_NUMERICALLY
run1,I2,KUS,D1,.3000000000000000E-06,-1,SMOOTH,SMOOTH,617.6370171534063,617.6379821070039,.2556042523197883E-02,.4138415378015169E-05,.2095626318407540E-02,.8600384602783712E-05,.9999999999926573,1,1,1,1,0,-1.23956981614570005e+00,1.00000000000000000e+00,6.17637017153406305e+02,6.17637982107003950e+02,2.55604252319788314e-03,2.09562631840754009e-03,SMOOTH_INTERIOR,CONSISTENT_NUMERICALLY
run1,I2,KUS,D1,.1000000000000000E-06,-1,SMOOTH,SMOOTH,617.6416730976318,617.6379821070039,.4488631519131589E-02,.7267371543471067E-05,.2560986554669853E-02,.1051020839891713E-04,.9999999999914487,1,1,1,1,0,-5.12544510882103954e-01,1.00000000000000000e+00,6.17641673097631838e+02,6.17637982107003950e+02,4.48863151913158915e-03,2.56098655466985292e-03,SMOOTH_INTERIOR,CONSISTENT_NUMERICALLY
run1,I2,KUS,D2,.1000000000000000E-01,-1,SMOOTH,SMOOTH,18.57971020967915,18.57970708052463,.3151515972441490E-05,.1696213739006381E-06,.1717416353130830E-05,.1790222412858249E-06,.9999999999999999,1,1,1,1,0,,1.00000000000000000e+00,1.85797102096791491e+01,1.85797070805246314e+01,3.15151597244148982e-06,1.71741635313082994e-06,SMOOTH_INTERIOR,CONSISTENT_NUMERICALLY
run1,I2,KUS,D2,.3000000000000000E-02,-1,SMOOTH,SMOOTH,18.57970720020085,18.57970708052463,.3530417531257186E-06,.1900147022348673E-07,.2403163277264753E-06,.2505040459182638E-07,.9999999999999999,1,1,1,1,0,1.81819102435684998e+00,1.00000000000000000e+00,1.85797072002008505e+01,1.85797070805246314e+01,3.53041753125718585e-07,2.40316327726475318e-07,SMOOTH_INTERIOR,CONSISTENT_NUMERICALLY
run1,I2,KUS,D2,.1000000000000000E-02,-1,SMOOTH,SMOOTH,18.57970712597085,18.57970708052463,.1098901193770106E-05,.5914523766814676E-07,.6492269903901615E-06,.6767496508233082E-07,.9999999999999983,1,1,1,1,0,-1.03355817675467887e+00,1.00000000000000000e+00,1.85797071259708488e+01,1.85797070805246314e+01,1.09890119377010601e-06,6.49226990390161518e-07,SMOOTH_INTERIOR,CONSISTENT_NUMERICALLY
run1,I2,KUS,D2,.3000000000000000E-03,-1,SMOOTH,SMOOTH,18.57970730500429,18.57970708052463,.2843809088577971E-05,.1530599509397016E-06,.2299961162410824E-05,.2397463347346815E-06,.9999999999999883,1,1,1,1,0,-7.89746755644207488e-01,1.00000000000000000e+00,1.85797073050042911e+01,1.85797070805246314e+01,2.84380908857797095e-06,2.29996116241082404e-06,SMOOTH_INTERIOR,CONSISTENT_NUMERICALLY
run1,I2,KUS,D2,.1000000000000000E-03,-1,SMOOTH,SMOOTH,18.57970860141706,18.57970708052463,.6997991780316391E-05,.3766470147859402E-06,.3908856001544336E-05,.4074563742849118E-06,.9999999999999323,1,1,1,1,0,-8.19651160609247476e-01,1.00000000000000000e+00,1.85797086014170603e+01,1.85797070805246314e+01,6.99799178031639137e-06,3.90885600154433632e-06,SMOOTH_INTERIOR,CONSISTENT_NUMERICALLY
run1,I2,KUS,D2,.3000000000000000E-04,-1,SMOOTH,SMOOTH,18.57970466456882,18.57970708052463,.1629252110287368E-04,.8768987063284546E-06,.1161318690856561E-04,.1210550162034238E-05,.9999999999996241,1,1,1,1,0,-7.01911996740488320e-01,1.00000000000000000e+00,1.85797046645688191e+01,1.85797070805246314e+01,1.62925211028736806e-05,1.16131869085656092e-05,SMOOTH_INTERIOR,CONSISTENT_NUMERICALLY
run1,I2,KUS,D2,.1000000000000000E-04,-1,SMOOTH,SMOOTH,18.57967844581627,18.57970708052463,.9883993169188034E-04,.5319778792179397E-05,.6760598255839412E-04,.7047200095988681E-05,.9999999999870375,1,1,1,1,0,-1.64097519583863027e+00,1.00000000000000000e+00,1.85796784458162705e+01,1.85797070805246314e+01,9.88399316918803369e-05,6.76059825583941176e-05,SMOOTH_INTERIOR,CONSISTENT_NUMERICALLY
run1,I2,KUS,D2,.3000000000000000E-05,-1,SMOOTH,SMOOTH,18.57972636667085,18.57970708052463,.9685856304074361E-04,.5213131836779515E-05,.6599702764242821E-04,.6879476624455431E-05,.9999999999869504,1,1,1,1,0,1.68192242460526026e-02,1.00000000000000000e+00,1.85797263666708510e+01,1.85797070805246314e+01,9.68585630407436130e-05,6.59970276424282076e-05,SMOOTH_INTERIOR,CONSISTENT_NUMERICALLY
run1,I2,KUS,D2,.1000000000000000E-05,-1,SMOOTH,SMOOTH,18.57927173756639,18.57970708052463,.8799844580249861E-03,.4736266584888151E-04,.7660979135195589E-03,.7985742504430119E-04,.9999999991528774,1,1,1,1,0,-2.00858161455314210e+00,1.00000000000000000e+00,1.85792717375663905e+01,1.85797070805246314e+01,8.79984458024986099e-04,7.66097913519558915e-04,SMOOTH_INTERIOR,CONSISTENT_NUMERICALLY
run1,I2,KUS,D2,.3000000000000000E-06,-1,SMOOTH,SMOOTH,18.57892813209134,18.57970708052463,.1551475976249444E-02,.8350379096534364E-04,.9817854796470016E-03,.1023396940402446E-03,.9999999973922890,1,1,1,1,0,-4.70988839233619949e-01,1.00000000000000000e+00,1.85789281320913418e+01,1.85797070805246314e+01,1.55147597624944399e-03,9.81785479647001580e-04,SMOOTH_INTERIOR,CONSISTENT_NUMERICALLY
run1,I2,KUS,D2,.1000000000000000E-06,-1,SMOOTH,SMOOTH,18.57839901198765,18.57970708052463,.6582555914254277E-02,.3542873892319946E-03,.4356176246865573E-02,.4540071467095282E-03,.9999999397142753,1,1,1,1,0,-1.31549264564189383e+00,1.00000000000000000e+00,1.85783990119876492e+01,1.85797070805246314e+01,6.58255591425427680e-03,4.35617624686557292e-03,SMOOTH_INTERIOR,CONSISTENT_NUMERICALLY
run1,I2,KUS,D3,.1000000000000000E-01,-1,SMOOTH,SMOOTH,306.9490900037175,306.9487346606685,.3572582353832162E-03,.1163900617457082E-05,.1804134415976932E-03,.1253898491963024E-05,.9999999999999928,1,1,1,1,0,,1.00000000000000000e+00,3.06949090003717515e+02,3.06948734660668492e+02,3.57258235383216174e-04,1.80413441597693209e-04,SMOOTH_INTERIOR,CONSISTENT_NUMERICALLY
run1,I2,KUS,D3,.3000000000000000E-02,-1,SMOOTH,SMOOTH,306.9487664175227,306.9487346606685,.3196357694000676E-04,.1041332640396696E-06,.1615918353081724E-04,.1123086994633241E-06,.9999999999999999,1,1,1,1,0,2.00491392008077352e+00,1.00000000000000000e+00,3.06948766417522677e+02,3.06948734660668492e+02,3.19635769400067609e-05,1.61591835308172415e-05,SMOOTH_INTERIOR,CONSISTENT_NUMERICALLY
run1,I2,KUS,D3,.1000000000000000E-02,-1,SMOOTH,SMOOTH,306.9487386560666,306.9487346606685,.4026904165017020E-05,.1311914224716568E-07,.1878904043906005E-05,.1305866042851153E-07,1.000000000000000,1,1,1,1,0,1.88565080857027190e+00,1.00000000000000000e+00,3.06948738656066610e+02,3.06948734660668492e+02,4.02690416501702039e-06,1.87890404390600494e-06,SMOOTH_INTERIOR,CONSISTENT_NUMERICALLY
run1,I2,KUS,D3,.3000000000000000E-03,-1,SMOOTH,SMOOTH,306.9487366724829,306.9487346606685,.3987684483677969E-05,.1299136959124502E-07,.2241338492581235E-05,.1557763354499802E-07,.9999999999999997,1,1,1,1,0,8.12904652209289584e-03,1.00000000000000000e+00,3.06948736672482880e+02,3.06948734660668492e+02,3.98768448367796908e-06,2.24133849258123519e-06,SMOOTH_INTERIOR,CONSISTENT_NUMERICALLY
run1,I2,KUS,D3,.1000000000000000E-03,-1,SMOOTH,SMOOTH,306.9487428862948,306.9487346606685,.1078953742264099E-04,.3515094188425405E-07,.6069855629675658E-05,.4218639129886450E-07,.9999999999999996,1,1,1,1,0,-9.06021337232265966e-01,1.00000000000000000e+00,3.06948742886294781e+02,3.06948734660668492e+02,1.07895374226409907e-05,6.06985562967565784e-06,SMOOTH_INTERIOR,CONSISTENT_NUMERICALLY
run1,I2,KUS,D3,.3000000000000000E-04,-1,SMOOTH,SMOOTH,306.9487491133434,306.9487346606685,.2974264071227789E-04,.9689774204388490E-07,.2397219856220545E-04,.1666103134142113E-06,.9999999999999966,1,1,1,1,0,-8.42215720581342087e-01,1.00000000000000000e+00,3.06948749113343410e+02,3.06948734660668492e+02,2.97426407122778911e-05,2.39721985622054490e-05,SMOOTH_INTERIOR,CONSISTENT_NUMERICALLY
run1,I2,KUS,D3,.1000000000000000E-04,-1,SMOOTH,SMOOTH,306.9487334868680,306.9487346606685,.8131520464809207E-04,.2649146110277534E-06,.5263598436044958E-04,.3658277312432010E-06,.9999999999999649,1,1,1,1,0,-9.15474274326937731e-01,1.00000000000000000e+00,3.06948733486867980e+02,3.06948734660668492e+02,8.13152046480920685e-05,5.26359843604495768e-05,SMOOTH_INTERIOR,CONSISTENT_NUMERICALLY
run1,I2,KUS,D3,.3000000000000000E-05,-1,SMOOTH,SMOOTH,306.9487619450829,306.9487346606685,.3481990268446951E-03,.1134388112980864E-05,.2578048738541838E-03,.1791781292806626E-05,.9999999999993607,1,1,1,1,0,-1.20803493997341227e+00,1.00000000000000000e+00,3.06948761945082879e+02,3.06948734660668492e+02,3.48199026844695078e-04,2.57804873854183825e-04,SMOOTH_INTERIOR,CONSISTENT_NUMERICALLY
run1,I2,KUS,D3,.1000000000000000E-05,-1,SMOOTH,SMOOTH,306.9489615967053,306.9487346606685,.6013836404353477E-03,.1959230086028096E-05,.3499350996776229E-03,.2432099734675405E-05,.9999999999983542,1,1,1,1,0,-4.97408267538275828e-01,1.00000000000000000e+00,3.06948961596705317e+02,3.06948734660668492e+02,6.01383640435347697e-04,3.49935099677622875e-04,SMOOTH_INTERIOR,CONSISTENT_NUMERICALLY
run1,I2,KUS,D3,.3000000000000000E-06,-1,SMOOTH,SMOOTH,306.9452229958512,306.9487346606685,.4619712782078844E-02,.1505043761521263E-04,.2444032624168813E-02,.1698638769527211E-04,.9999999999521848,1,1,1,1,0,-1.69343920287947003e+00,1.00000000000000000e+00,3.06945222995851225e+02,3.06948734660668492e+02,4.61971278207884417e-03,2.44403262416881305e-03,SMOOTH_INTERIOR,CONSISTENT_NUMERICALLY
run1,I2,KUS,D3,.1000000000000000E-06,-1,SMOOTH,SMOOTH,306.9537699021947,306.9487346606685,.6347608727222600E-02,.2067936396169740E-04,.2846603708206885E-02,.1978392477332745E-04,.9999999999207250,1,1,1,1,0,-2.89224535433073360e-01,1.00000000000000000e+00,3.06953769902194722e+02,3.06948734660668492e+02,6.34760872722260009e-03,2.84660370820688513e-03,SMOOTH_INTERIOR,CONSISTENT_NUMERICALLY
run1,I2,KUU,D1,.1000000000000000E-01,-1,SMOOTH,SMOOTH,.1264928945578910E-06,.1708785405576776E-10,.1264898823462808E-06,.9999761867129319,.9312861948274076E-07,.9999609375000000,.1763433798850685,1,1,1,1,0,,2.50000000000000029e+05,5.05971578231563942e-13,6.83514162230710327e-17,5.05959529385123156e-13,3.72514477930962992e-13,NULLSPACE,NULLSPACE_CONSISTENT
run1,I2,KUU,D1,.3000000000000000E-02,-1,SMOOTH,SMOOTH,.4251993377850377E-06,.1708785405576776E-10,.4252024092473489E-06,1.000007223582067,.3104444961839666E-06,1.000011718750000,-.1797259054613941,1,1,1,1,0,-1.00700197274375247e+00,2.50000000000000029e+05,1.70079735114015060e-12,6.83514162230710327e-17,1.70080963698939540e-12,1.24177798473586616e-12,NULLSPACE,NULLSPACE_CONSISTENT
run1,I2,KUU,D1,.1000000000000000E-02,-1,SMOOTH,SMOOTH,.1264928945578910E-05,.1708785405576776E-10,.1264925932360802E-05,.9999976178755975,.9313189366366714E-06,.9999960937500000,.1763433798850685,1,1,1,1,0,-9.92346022884074919e-01,2.50000000000000029e+05,5.05971578231563921e-12,6.83514162230710327e-17,5.05970372944320719e-12,3.72527574654668535e-12,NULLSPACE,NULLSPACE_CONSISTENT
run1,I2,KUU,D1,.3000000000000000E-03,-1,SMOOTH,SMOOTH,.7722728207304364E-05,.1708785405576776E-10,.7722726150812997E-05,.9999997337092137,.5044663036339140E-05,.9999998197115385,.1203492252511570,1,1,1,1,0,-1.50265342753006936e+00,2.50000000000000029e+05,3.08909128292174536e-11,6.83514162230710327e-17,3.08909046032519844e-11,2.01786521453565577e-11,NULLSPACE,NULLSPACE_CONSISTENT
run1,I2,KUU,D1,.1000000000000000E-03,-1,SMOOTH,SMOOTH,.8394828241933113E-05,.1708785405576776E-10,.8394827737453599E-05,.9999999399059161,.4656612873077393E-05,1.000000000000000,.2952371245053815E-01,1,1,1,1,0,-7.59579530234993777e-02,2.50000000000000029e+05,3.35793129677324464e-11,6.83514162230710327e-17,3.35793109498143949e-11,1.86264514923095675e-11,NULLSPACE,NULLSPACE_CONSISTENT
run1,I2,KUU,D1,.3000000000000000E-04,-1,SMOOTH,SMOOTH,.4251993377850376E-04,.1708785405576776E-10,.4251993070737705E-04,.9999999277720720,.3104408218253715E-04,.9999998828125000,.1797259054613942,1,1,1,1,0,-1.34750315566643430e+00,2.50000000000000029e+05,1.70079735114015039e-10,6.83514162230710327e-17,1.70079722829508173e-10,1.24176328730148583e-10,NULLSPACE,NULLSPACE_CONSISTENT
run1,I2,KUU,D1,.1000000000000000E-04,-1,SMOOTH,SMOOTH,.1655596151636901E-03,.1708785405576776E-10,.1655596132451231E-03,.9999999884116245,.9313225746154784E-04,1.000000000000000,.1122766993213180,1,1,1,1,0,-1.23734134510781857e+00,2.50000000000000029e+05,6.62238460654760341e-10,6.83514162230710327e-17,6.62238452980492326e-10,3.72529029846191324e-10,NULLSPACE,NULLSPACE_CONSISTENT
run1,I2,KUU,D1,.3000000000000000E-05,-1,SMOOTH,SMOOTH,.3110465970410615E-03,.1708785405576776E-10,.3110465934101679E-03,.9999999883268498,.3104408545671807E-03,.9999999882812500,.2124839150097042,1,1,1,1,0,-5.23775442346958386e-01,2.50000000000000029e+05,1.24418638816424579e-09,6.83514162230710327e-17,1.24418637364067146e-09,1.24176341826872255e-09,NULLSPACE,NULLSPACE_CONSISTENT
run1,I2,KUU,D1,.1000000000000000E-05,-1,SMOOTH,SMOOTH,.2050529577979881E-02,.1708785405576776E-10,.2050529578289691E-02,1.000000000151088,.1396983861923218E-02,1.000000000000000,-.1813042575060005E-01,1,1,1,1,0,-1.71662985213227892e+00,2.50000000000000029e+05,8.20211831191952299e-09,6.83514162230710327e-17,8.20211831315876362e-09,5.58793544769287109e-09,NULLSPACE,NULLSPACE_CONSISTENT
run1,I2,KUU,D1,.3000000000000000E-06,-1,SMOOTH,SMOOTH,.4543057283529428E-02,.1708785405576776E-10,.4543057283374057E-02,.9999999999658002,.3104408582051595E-02,1.000000000000000,.9092500182826296E-02,1,1,1,1,0,-6.60730958647125277e-01,2.50000000000000029e+05,1.81722291341177103e-08,6.83514162230710327e-17,1.81722291334962264e-08,1.24176343282063791e-08,NULLSPACE,NULLSPACE_CONSISTENT
run1,I2,KUU,D1,.1000000000000000E-06,-1,SMOOTH,SMOOTH,.2686553134325449E-01,.1708785405576776E-10,.2686553133840696E-01,.9999999998195634,.1484295353293419E-01,1.000000000000000,.2836824489541744,1,1,1,1,0,-1.61771711873123869e+00,2.50000000000000029e+05,1.07462125373017947e-07,6.83514162230710327e-17,1.07462125353627828e-07,5.93718141317367554e-08,NULLSPACE,NULLSPACE_CONSISTENT
run1,I2,KUU,D2,.1000000000000000E-01,-1,SMOOTH,SMOOTH,.1826134911045781E-06,.1064536255464157E-10,.1826114621071106E-06,.9999888891151735,.9313589544035494E-07,1.000039062500000,.1906272771900823,1,1,1,1,0,,2.50000000000000029e+05,7.30453964418312365e-13,4.25814502185662744e-17,7.30445848428442270e-13,3.72543581761419705e-13,NULLSPACE,NULLSPACE_CONSISTENT
run1,I2,KUU,D2,.3000000000000000E-02,-1,SMOOTH,SMOOTH,.6087116370152600E-06,.1064536255464157E-10,.6087136664014406E-06,1.000003333904031,.3104481341627737E-06,1.000023437500000,-.1906272771900823,1,1,1,1,0,-1.00001199765059035e+00,2.50000000000000029e+05,2.43484654806103967e-12,4.25814502185662744e-17,2.43485466560576203e-12,1.24179253665109474e-12,NULLSPACE,NULLSPACE_CONSISTENT
run1,I2,KUU,D2,.1000000000000000E-02,-1,SMOOTH,SMOOTH,.1811231239990053E-05,.1064536255464157E-10,.1811229077111580E-05,.9999988058518289,.9313262125942856E-06,1.000003906250000,.2031784689248800,1,1,1,1,0,-9.92536644777757493e-01,2.50000000000000029e+05,7.24492495996021123e-12,4.25814502185662744e-17,7.24491630844631869e-12,3.72530485037714212e-12,NULLSPACE,NULLSPACE_CONSISTENT
run1,I2,KUU,D2,.3000000000000000E-03,-1,SMOOTH,SMOOTH,.8916734790022839E-05,.1064536255464157E-10,.8916733998415630E-05,.9999999112222997,.4656616511056200E-05,1.000000781250000,.7436228920156712E-01,1,1,1,1,0,-1.32388710707227797e+00,2.50000000000000029e+05,3.56669391600913549e-11,4.25814502185662744e-17,3.56669359936625170e-11,1.86264660442247979e-11,NULLSPACE,NULLSPACE_CONSISTENT
run1,I2,KUU,D2,.1000000000000000E-03,-1,SMOOTH,SMOOTH,.2049909864196127E-04,.1064536255464157E-10,.2049909848701217E-04,.9999999924411750,.9313229384133592E-05,1.000000390625000,.1455580902588705E-01,1,1,1,1,0,-7.57729711974826969e-01,2.50000000000000029e+05,8.19963945678450670e-11,4.25814502185662744e-17,8.19963939480486765e-11,3.72529175365343653e-11,NULLSPACE,NULLSPACE_CONSISTENT
run1,I2,KUU,D2,.3000000000000000E-04,-1,SMOOTH,SMOOTH,.6111804395914078E-04,.1064536255464157E-10,.6111804188029664E-04,.9999999659864093,.3104408945849476E-04,1.000000117187500,.1952817503352597,1,1,1,1,0,-9.07351224369050913e-01,2.50000000000000029e+05,2.44472175836563069e-10,4.25814502185662744e-17,2.44472167521186549e-10,1.24176357833979018e-10,NULLSPACE,NULLSPACE_CONSISTENT
run1,I2,KUU,D2,.1000000000000000E-04,-1,SMOOTH,SMOOTH,.1639142613896253E-03,.1064536255464157E-10,.1639142613896256E-03,1.000000000000002,.9313226109952665E-04,1.000000039062500,.000000000000000,1,1,1,1,0,-8.97984118549735144e-01,2.50000000000000029e+05,6.55657045558501138e-10,4.25814502185662744e-17,6.55657045558502379e-10,3.72529044398106515e-10,NULLSPACE,NULLSPACE_CONSISTENT
run1,I2,KUU,D2,.3000000000000000E-05,-1,SMOOTH,SMOOTH,.3118021157567893E-03,.1064536255464157E-10,.3118021117951217E-03,.9999999872942890,.3104408545671807E-03,.9999999882812500,.3721496298269109,1,1,1,1,0,-5.34086179099934943e-01,2.50000000000000029e+05,1.24720846302715704e-09,4.25814502185662744e-17,1.24720844718048664e-09,1.24176341826872255e-09,NULLSPACE,NULLSPACE_CONSISTENT
run1,I2,KUU,D2,.1000000000000000E-05,-1,SMOOTH,SMOOTH,.2770219937500263E-02,.1064536255464157E-10,.2770219938876200E-02,1.000000000496689,.1396983861923218E-02,1.000000000000000,-.1292522493233325,1,1,1,1,0,-1.98824761870935429e+00,2.50000000000000029e+05,1.10808797500010512e-08,4.25814502185662744e-17,1.10808797555047983e-08,5.58793544769287109e-09,NULLSPACE,NULLSPACE_CONSISTENT
run1,I2,KUU,D2,.3000000000000000E-06,-1,SMOOTH,SMOOTH,.4509789597231219E-02,.1064536255464157E-10,.4509789594805199E-02,.9999999994620546,.3104408582051595E-02,1.000000000000000,.2278945913517755,1,1,1,1,0,-4.04763114478377872e-01,2.50000000000000029e+05,1.80391583889248733e-08,4.25814502185662744e-17,1.80391583792207940e-08,1.24176343282063791e-08,NULLSPACE,NULLSPACE_CONSISTENT
run1,I2,KUU,D2,.1000000000000000E-06,-1,SMOOTH,SMOOTH,.2281265093743036E-01,.1064536255464157E-10,.2281265093872991E-01,1.000000000056966,.1396983862287016E-01,1.000000000260417,-.1220765186226523,1,1,1,1,0,-1.47555672291688245e+00,2.50000000000000029e+05,9.12506037497214250e-08,4.25814502185662744e-17,9.12506037549196265e-08,5.58793544914806311e-08,NULLSPACE,NULLSPACE_CONSISTENT
run1,I2,KUU,D3,.1000000000000000E-01,-1,SMOOTH,SMOOTH,261830.2593054984,261830.2593053722,.1910188521931782E-06,.7295522400651988E-12,.1066655386239290E-06,.7842193029786296E-12,1.000000000000000,1,1,1,1,0,,2.50000000000000029e+05,1.04732103722199343e+00,1.04732103722148873e+00,7.64075408772712638e-13,4.26662154495715927e-13,SMOOTH_INTERIOR,CONSISTENT_NUMERICALLY
run1,I2,KUU,D3,.3000000000000000E-02,-1,SMOOTH,SMOOTH,261830.2593053053,261830.2593053722,.6429382185592860E-06,.2455553534052870E-11,.3434834070503712E-06,.2525335938264392E-11,1.000000000000000,1,1,1,1,0,-1.00805973888369715e+00,2.50000000000000029e+05,1.04732103722122116e+00,1.04732103722148873e+00,2.57175287423714345e-12,1.37393362820148468e-12,SMOOTH_INTERIOR,CONSISTENT_NUMERICALLY
run1,I2,KUU,D3,.1000000000000000E-02,-1,SMOOTH,SMOOTH,261830.2593061297,261830.2593053722,.2101134136678920E-05,.8024794927244419E-11,.1558661097078584E-05,.1145948480542456E-10,1.000000000000000,1,1,1,1,0,-1.07789064324036743e+00,2.50000000000000029e+05,1.04732103722451875e+00,1.04732103722148873e+00,8.40453654671567905e-12,6.23464438831433537e-12,SMOOTH_INTERIOR,CONSISTENT_NUMERICALLY
run1,I2,KUU,D3,.3000000000000000E-03,-1,SMOOTH,SMOOTH,261830.2593061274,261830.2593053722,.2585639447763040E-05,.9875250685750403E-11,.1696447725407779E-05,.1247251052133455E-10,1.000000000000000,1,1,1,1,0,-1.72342416013122529e-01,2.50000000000000029e+05,1.04732103722450942e+00,1.04732103722148873e+00,1.03425577910521577e-11,6.78579090163111537e-12,SMOOTH_INTERIOR,CONSISTENT_NUMERICALLY
run1,I2,KUU,D3,.1000000000000000E-03,-1,SMOOTH,SMOOTH,261830.2593198151,261830.2593053722,.1590258282869529E-04,.6073622991478201E-10,.1025808160193264E-04,.7541878761356970E-10,.9999999999999999,1,1,1,1,0,-1.65345746710051289e+00,2.50000000000000029e+05,1.04732103727926029e+00,1.04732103722148873e+00,6.36103313147811565e-11,4.10323264077305568e-11,SMOOTH_INTERIOR,CONSISTENT_NUMERICALLY
run1,I2,KUU,D3,.3000000000000000E-04,-1,SMOOTH,SMOOTH,261830.2593204235,261830.2593053722,.5661679787081561E-04,.2162347393221993E-09,.2963612496387213E-04,.2178887535822874E-09,1.000000000000000,1,1,1,1,0,-1.05469507342288193e+00,2.50000000000000029e+05,1.04732103728169390e+00,1.04732103722148873e+00,2.26467191483262393e-10,1.18544499855488521e-10,SMOOTH_INTERIOR,CONSISTENT_NUMERICALLY
run1,I2,KUU,D3,.1000000000000000E-04,-1,SMOOTH,SMOOTH,261830.2595478586,261830.2593053722,.3475966785829884E-03,.1327564962060670E-08,.2451789914630353E-03,.1802588728758711E-08,1.000000000000000,1,1,1,1,0,-1.65184490782722815e+00,2.50000000000000029e+05,1.04732103819143418e+00,1.04732103722148873e+00,1.39038671433195337e-09,9.80715965852141012e-10,SMOOTH_INTERIOR,CONSISTENT_NUMERICALLY
run1,I2,KUU,D3,.3000000000000000E-05,-1,SMOOTH,SMOOTH,261830.2597928861,261830.2593053722,.5749427383924470E-03,.2195860550446844E-08,.3782548301387578E-03,.2780980088620128E-08,1.000000000000000,1,1,1,1,0,-4.17972574268364427e-01,2.50000000000000029e+05,1.04732103917154418e+00,1.04732103722148873e+00,2.29977095356978738e-09,1.51301932055503104e-09,SMOOTH_INTERIOR,CONSISTENT_NUMERICALLY
run1,I2,KUU,D3,.1000000000000000E-05,-1,SMOOTH,SMOOTH,261830.2603234451,261830.2593053722,.1629733729041354E-02,.6224390286394343E-08,.9868979450402549E-03,.7255805627793411E-08,.9999999999999999,1,1,1,1,0,-9.48379591556845702e-01,2.50000000000000029e+05,1.04732104129378034e+00,1.04732103722148873e+00,6.51893491616541479e-09,3.94759178016101906e-09,SMOOTH_INTERIOR,CONSISTENT_NUMERICALLY
run1,I2,KUU,D3,.3000000000000000E-06,-1,SMOOTH,SMOOTH,261830.2575059334,261830.2593053722,.3767187477728229E-02,.1438789957937812E-07,.2849543094271212E-02,.2095022186197793E-07,1.000000000000000,1,1,1,1,0,-6.95955961668352829e-01,2.50000000000000029e+05,1.04732103002373345e+00,1.04732103722148873e+00,1.50687499109129132e-08,1.13981723770848464e-08,SMOOTH_INTERIOR,CONSISTENT_NUMERICALLY
run1,I2,KUU,D3,.1000000000000000E-06,-1,SMOOTH,SMOOTH,261830.2252586203,261830.2593053722,.3794620810500041E-01,.1449267483661764E-06,.2018845203565434E-01,.1484281989092118E-06,.9999999999999980,1,1,1,1,0,-2.10250778056795218e+00,2.50000000000000029e+05,1.04732090103448106e+00,1.04732103722148873e+00,1.51784832420001636e-07,8.07538081426173474e-08,SMOOTH_INTERIOR,CONSISTENT_NUMERICALLY
run1,SCLIP_HIGH,KPS,D1,.1000000000000000E-01,-1,BRANCH_2,BRANCH_2,.000000000000000,.000000000000000,.000000000000000,.000000000000000,.000000000000000,.000000000000000,1.000000000000000,1,1,1,1,0,,1.00000000000000000e+00,0.00000000000000000e+00,0.00000000000000000e+00,0.00000000000000000e+00,0.00000000000000000e+00,NULLSPACE,NULLSPACE_CONSISTENT
run1,SCLIP_HIGH,KPS,D1,.3000000000000000E-02,-1,BRANCH_2,BRANCH_2,.000000000000000,.000000000000000,.000000000000000,.000000000000000,.000000000000000,.000000000000000,1.000000000000000,1,1,1,1,0,-0.00000000000000000e+00,1.00000000000000000e+00,0.00000000000000000e+00,0.00000000000000000e+00,0.00000000000000000e+00,0.00000000000000000e+00,NULLSPACE,NULLSPACE_CONSISTENT
run1,SCLIP_HIGH,KPS,D1,.1000000000000000E-02,-1,BRANCH_2,BRANCH_2,.000000000000000,.000000000000000,.000000000000000,.000000000000000,.000000000000000,.000000000000000,1.000000000000000,1,1,1,1,0,-0.00000000000000000e+00,1.00000000000000000e+00,0.00000000000000000e+00,0.00000000000000000e+00,0.00000000000000000e+00,0.00000000000000000e+00,NULLSPACE,NULLSPACE_CONSISTENT
run1,SCLIP_HIGH,KPS,D1,.3000000000000000E-03,-1,BRANCH_2,BRANCH_2,.000000000000000,.000000000000000,.000000000000000,.000000000000000,.000000000000000,.000000000000000,1.000000000000000,1,1,1,1,0,-0.00000000000000000e+00,1.00000000000000000e+00,0.00000000000000000e+00,0.00000000000000000e+00,0.00000000000000000e+00,0.00000000000000000e+00,NULLSPACE,NULLSPACE_CONSISTENT
run1,SCLIP_HIGH,KPS,D1,.1000000000000000E-03,-1,BRANCH_2,BRANCH_2,.000000000000000,.000000000000000,.000000000000000,.000000000000000,.000000000000000,.000000000000000,1.000000000000000,1,1,1,1,0,-0.00000000000000000e+00,1.00000000000000000e+00,0.00000000000000000e+00,0.00000000000000000e+00,0.00000000000000000e+00,0.00000000000000000e+00,NULLSPACE,NULLSPACE_CONSISTENT
run1,SCLIP_HIGH,KPS,D1,.3000000000000000E-04,-1,BRANCH_2,BRANCH_2,.000000000000000,.000000000000000,.000000000000000,.000000000000000,.000000000000000,.000000000000000,1.000000000000000,1,1,1,1,0,-0.00000000000000000e+00,1.00000000000000000e+00,0.00000000000000000e+00,0.00000000000000000e+00,0.00000000000000000e+00,0.00000000000000000e+00,NULLSPACE,NULLSPACE_CONSISTENT
run1,SCLIP_HIGH,KPS,D1,.1000000000000000E-04,-1,BRANCH_2,BRANCH_2,.000000000000000,.000000000000000,.000000000000000,.000000000000000,.000000000000000,.000000000000000,1.000000000000000,1,1,1,1,0,-0.00000000000000000e+00,1.00000000000000000e+00,0.00000000000000000e+00,0.00000000000000000e+00,0.00000000000000000e+00,0.00000000000000000e+00,NULLSPACE,NULLSPACE_CONSISTENT
run1,SCLIP_HIGH,KPS,D1,.3000000000000000E-05,-1,BRANCH_2,BRANCH_2,.000000000000000,.000000000000000,.000000000000000,.000000000000000,.000000000000000,.000000000000000,1.000000000000000,1,1,1,1,0,-0.00000000000000000e+00,1.00000000000000000e+00,0.00000000000000000e+00,0.00000000000000000e+00,0.00000000000000000e+00,0.00000000000000000e+00,NULLSPACE,NULLSPACE_CONSISTENT
run1,SCLIP_HIGH,KPS,D1,.1000000000000000E-05,-1,BRANCH_2,BRANCH_2,.000000000000000,.000000000000000,.000000000000000,.000000000000000,.000000000000000,.000000000000000,1.000000000000000,1,1,1,1,0,-0.00000000000000000e+00,1.00000000000000000e+00,0.00000000000000000e+00,0.00000000000000000e+00,0.00000000000000000e+00,0.00000000000000000e+00,NULLSPACE,NULLSPACE_CONSISTENT
run1,SCLIP_HIGH,KPS,D1,.3000000000000000E-06,-1,BRANCH_2,BRANCH_2,.000000000000000,.000000000000000,.000000000000000,.000000000000000,.000000000000000,.000000000000000,1.000000000000000,1,1,1,1,0,-0.00000000000000000e+00,1.00000000000000000e+00,0.00000000000000000e+00,0.00000000000000000e+00,0.00000000000000000e+00,0.00000000000000000e+00,NULLSPACE,NULLSPACE_CONSISTENT
run1,SCLIP_HIGH,KPS,D1,.1000000000000000E-06,-1,BRANCH_2,BRANCH_2,.000000000000000,.000000000000000,.000000000000000,.000000000000000,.000000000000000,.000000000000000,1.000000000000000,1,1,1,1,0,-0.00000000000000000e+00,1.00000000000000000e+00,0.00000000000000000e+00,0.00000000000000000e+00,0.00000000000000000e+00,0.00000000000000000e+00,NULLSPACE,NULLSPACE_CONSISTENT
run1,SCLIP_HIGH,KPS,D2,.1000000000000000E-01,-1,BRANCH_2,BRANCH_2,.000000000000000,.000000000000000,.000000000000000,.000000000000000,.000000000000000,.000000000000000,1.000000000000000,1,1,1,1,0,,1.00000000000000000e+00,0.00000000000000000e+00,0.00000000000000000e+00,0.00000000000000000e+00,0.00000000000000000e+00,NULLSPACE,NULLSPACE_CONSISTENT
run1,SCLIP_HIGH,KPS,D2,.3000000000000000E-02,-1,BRANCH_2,BRANCH_2,.000000000000000,.000000000000000,.000000000000000,.000000000000000,.000000000000000,.000000000000000,1.000000000000000,1,1,1,1,0,-0.00000000000000000e+00,1.00000000000000000e+00,0.00000000000000000e+00,0.00000000000000000e+00,0.00000000000000000e+00,0.00000000000000000e+00,NULLSPACE,NULLSPACE_CONSISTENT
run1,SCLIP_HIGH,KPS,D2,.1000000000000000E-02,-1,BRANCH_2,BRANCH_2,.000000000000000,.000000000000000,.000000000000000,.000000000000000,.000000000000000,.000000000000000,1.000000000000000,1,1,1,1,0,-0.00000000000000000e+00,1.00000000000000000e+00,0.00000000000000000e+00,0.00000000000000000e+00,0.00000000000000000e+00,0.00000000000000000e+00,NULLSPACE,NULLSPACE_CONSISTENT
run1,SCLIP_HIGH,KPS,D2,.3000000000000000E-03,-1,BRANCH_2,BRANCH_2,.000000000000000,.000000000000000,.000000000000000,.000000000000000,.000000000000000,.000000000000000,1.000000000000000,1,1,1,1,0,-0.00000000000000000e+00,1.00000000000000000e+00,0.00000000000000000e+00,0.00000000000000000e+00,0.00000000000000000e+00,0.00000000000000000e+00,NULLSPACE,NULLSPACE_CONSISTENT
run1,SCLIP_HIGH,KPS,D2,.1000000000000000E-03,-1,BRANCH_2,BRANCH_2,.000000000000000,.000000000000000,.000000000000000,.000000000000000,.000000000000000,.000000000000000,1.000000000000000,1,1,1,1,0,-0.00000000000000000e+00,1.00000000000000000e+00,0.00000000000000000e+00,0.00000000000000000e+00,0.00000000000000000e+00,0.00000000000000000e+00,NULLSPACE,NULLSPACE_CONSISTENT
run1,SCLIP_HIGH,KPS,D2,.3000000000000000E-04,-1,BRANCH_2,BRANCH_2,.000000000000000,.000000000000000,.000000000000000,.000000000000000,.000000000000000,.000000000000000,1.000000000000000,1,1,1,1,0,-0.00000000000000000e+00,1.00000000000000000e+00,0.00000000000000000e+00,0.00000000000000000e+00,0.00000000000000000e+00,0.00000000000000000e+00,NULLSPACE,NULLSPACE_CONSISTENT
run1,SCLIP_HIGH,KPS,D2,.1000000000000000E-04,-1,BRANCH_2,BRANCH_2,.000000000000000,.000000000000000,.000000000000000,.000000000000000,.000000000000000,.000000000000000,1.000000000000000,1,1,1,1,0,-0.00000000000000000e+00,1.00000000000000000e+00,0.00000000000000000e+00,0.00000000000000000e+00,0.00000000000000000e+00,0.00000000000000000e+00,NULLSPACE,NULLSPACE_CONSISTENT
run1,SCLIP_HIGH,KPS,D2,.3000000000000000E-05,-1,BRANCH_2,BRANCH_2,.000000000000000,.000000000000000,.000000000000000,.000000000000000,.000000000000000,.000000000000000,1.000000000000000,1,1,1,1,0,-0.00000000000000000e+00,1.00000000000000000e+00,0.00000000000000000e+00,0.00000000000000000e+00,0.00000000000000000e+00,0.00000000000000000e+00,NULLSPACE,NULLSPACE_CONSISTENT
run1,SCLIP_HIGH,KPS,D2,.1000000000000000E-05,-1,BRANCH_2,BRANCH_2,.000000000000000,.000000000000000,.000000000000000,.000000000000000,.000000000000000,.000000000000000,1.000000000000000,1,1,1,1,0,-0.00000000000000000e+00,1.00000000000000000e+00,0.00000000000000000e+00,0.00000000000000000e+00,0.00000000000000000e+00,0.00000000000000000e+00,NULLSPACE,NULLSPACE_CONSISTENT
run1,SCLIP_HIGH,KPS,D2,.3000000000000000E-06,-1,BRANCH_2,BRANCH_2,.000000000000000,.000000000000000,.000000000000000,.000000000000000,.000000000000000,.000000000000000,1.000000000000000,1,1,1,1,0,-0.00000000000000000e+00,1.00000000000000000e+00,0.00000000000000000e+00,0.00000000000000000e+00,0.00000000000000000e+00,0.00000000000000000e+00,NULLSPACE,NULLSPACE_CONSISTENT
run1,SCLIP_HIGH,KPS,D2,.1000000000000000E-06,-1,BRANCH_2,BRANCH_2,.000000000000000,.000000000000000,.000000000000000,.000000000000000,.000000000000000,.000000000000000,1.000000000000000,1,1,1,1,0,-0.00000000000000000e+00,1.00000000000000000e+00,0.00000000000000000e+00,0.00000000000000000e+00,0.00000000000000000e+00,0.00000000000000000e+00,NULLSPACE,NULLSPACE_CONSISTENT
run1,SCLIP_HIGH,KPS,D3,.1000000000000000E-01,-1,BRANCH_2,BRANCH_2,.000000000000000,.000000000000000,.000000000000000,.000000000000000,.000000000000000,.000000000000000,1.000000000000000,1,1,1,1,0,,1.00000000000000000e+00,0.00000000000000000e+00,0.00000000000000000e+00,0.00000000000000000e+00,0.00000000000000000e+00,NULLSPACE,NULLSPACE_CONSISTENT
run1,SCLIP_HIGH,KPS,D3,.3000000000000000E-02,-1,BRANCH_2,BRANCH_2,.000000000000000,.000000000000000,.000000000000000,.000000000000000,.000000000000000,.000000000000000,1.000000000000000,1,1,1,1,0,-0.00000000000000000e+00,1.00000000000000000e+00,0.00000000000000000e+00,0.00000000000000000e+00,0.00000000000000000e+00,0.00000000000000000e+00,NULLSPACE,NULLSPACE_CONSISTENT
run1,SCLIP_HIGH,KPS,D3,.1000000000000000E-02,-1,BRANCH_2,BRANCH_2,.000000000000000,.000000000000000,.000000000000000,.000000000000000,.000000000000000,.000000000000000,1.000000000000000,1,1,1,1,0,-0.00000000000000000e+00,1.00000000000000000e+00,0.00000000000000000e+00,0.00000000000000000e+00,0.00000000000000000e+00,0.00000000000000000e+00,NULLSPACE,NULLSPACE_CONSISTENT
run1,SCLIP_HIGH,KPS,D3,.3000000000000000E-03,-1,BRANCH_2,BRANCH_2,.000000000000000,.000000000000000,.000000000000000,.000000000000000,.000000000000000,.000000000000000,1.000000000000000,1,1,1,1,0,-0.00000000000000000e+00,1.00000000000000000e+00,0.00000000000000000e+00,0.00000000000000000e+00,0.00000000000000000e+00,0.00000000000000000e+00,NULLSPACE,NULLSPACE_CONSISTENT
run1,SCLIP_HIGH,KPS,D3,.1000000000000000E-03,-1,BRANCH_2,BRANCH_2,.000000000000000,.000000000000000,.000000000000000,.000000000000000,.000000000000000,.000000000000000,1.000000000000000,1,1,1,1,0,-0.00000000000000000e+00,1.00000000000000000e+00,0.00000000000000000e+00,0.00000000000000000e+00,0.00000000000000000e+00,0.00000000000000000e+00,NULLSPACE,NULLSPACE_CONSISTENT
run1,SCLIP_HIGH,KPS,D3,.3000000000000000E-04,-1,BRANCH_2,BRANCH_2,.000000000000000,.000000000000000,.000000000000000,.000000000000000,.000000000000000,.000000000000000,1.000000000000000,1,1,1,1,0,-0.00000000000000000e+00,1.00000000000000000e+00,0.00000000000000000e+00,0.00000000000000000e+00,0.00000000000000000e+00,0.00000000000000000e+00,NULLSPACE,NULLSPACE_CONSISTENT
run1,SCLIP_HIGH,KPS,D3,.1000000000000000E-04,-1,BRANCH_2,BRANCH_2,.000000000000000,.000000000000000,.000000000000000,.000000000000000,.000000000000000,.000000000000000,1.000000000000000,1,1,1,1,0,-0.00000000000000000e+00,1.00000000000000000e+00,0.00000000000000000e+00,0.00000000000000000e+00,0.00000000000000000e+00,0.00000000000000000e+00,NULLSPACE,NULLSPACE_CONSISTENT
run1,SCLIP_HIGH,KPS,D3,.3000000000000000E-05,-1,BRANCH_2,BRANCH_2,.000000000000000,.000000000000000,.000000000000000,.000000000000000,.000000000000000,.000000000000000,1.000000000000000,1,1,1,1,0,-0.00000000000000000e+00,1.00000000000000000e+00,0.00000000000000000e+00,0.00000000000000000e+00,0.00000000000000000e+00,0.00000000000000000e+00,NULLSPACE,NULLSPACE_CONSISTENT
run1,SCLIP_HIGH,KPS,D3,.1000000000000000E-05,-1,BRANCH_2,BRANCH_2,.000000000000000,.000000000000000,.000000000000000,.000000000000000,.000000000000000,.000000000000000,1.000000000000000,1,1,1,1,0,-0.00000000000000000e+00,1.00000000000000000e+00,0.00000000000000000e+00,0.00000000000000000e+00,0.00000000000000000e+00,0.00000000000000000e+00,NULLSPACE,NULLSPACE_CONSISTENT
run1,SCLIP_HIGH,KPS,D3,.3000000000000000E-06,-1,BRANCH_2,BRANCH_2,.000000000000000,.000000000000000,.000000000000000,.000000000000000,.000000000000000,.000000000000000,1.000000000000000,1,1,1,1,0,-0.00000000000000000e+00,1.00000000000000000e+00,0.00000000000000000e+00,0.00000000000000000e+00,0.00000000000000000e+00,0.00000000000000000e+00,NULLSPACE,NULLSPACE_CONSISTENT
run1,SCLIP_HIGH,KPS,D3,.1000000000000000E-06,-1,BRANCH_2,BRANCH_2,.000000000000000,.000000000000000,.000000000000000,.000000000000000,.000000000000000,.000000000000000,1.000000000000000,1,1,1,1,0,-0.00000000000000000e+00,1.00000000000000000e+00,0.00000000000000000e+00,0.00000000000000000e+00,0.00000000000000000e+00,0.00000000000000000e+00,NULLSPACE,NULLSPACE_CONSISTENT
run1,SCLIP_HIGH,KPU,D1,.1000000000000000E-01,-1,BRANCH_2,BRANCH_2,.000000000000000,.2371225440168718E-21,.2371225440168718E-21,1.000000000000000,.2117582368135751E-21,1.000000000000000,.000000000000000,1,1,1,1,0,,1.00000000000000000e+00,0.00000000000000000e+00,2.37122544016871802e-22,2.37122544016871802e-22,2.11758236813575085e-22,NULLSPACE,NULLSPACE_CONSISTENT
run1,SCLIP_HIGH,KPU,D1,.3000000000000000E-02,-1,BRANCH_2,BRANCH_2,.000000000000000,.2371225440168718E-21,.2371225440168718E-21,1.000000000000000,.2117582368135751E-21,1.000000000000000,.000000000000000,1,1,1,1,0,-0.00000000000000000e+00,1.00000000000000000e+00,0.00000000000000000e+00,2.37122544016871802e-22,2.37122544016871802e-22,2.11758236813575085e-22,NULLSPACE,NULLSPACE_CONSISTENT
run1,SCLIP_HIGH,KPU,D1,.1000000000000000E-02,-1,BRANCH_2,BRANCH_2,.000000000000000,.2371225440168718E-21,.2371225440168718E-21,1.000000000000000,.2117582368135751E-21,1.000000000000000,.000000000000000,1,1,1,1,0,-0.00000000000000000e+00,1.00000000000000000e+00,0.00000000000000000e+00,2.37122544016871802e-22,2.37122544016871802e-22,2.11758236813575085e-22,NULLSPACE,NULLSPACE_CONSISTENT
run1,SCLIP_HIGH,KPU,D1,.3000000000000000E-03,-1,BRANCH_2,BRANCH_2,.000000000000000,.2371225440168718E-21,.2371225440168718E-21,1.000000000000000,.2117582368135751E-21,1.000000000000000,.000000000000000,1,1,1,1,0,-0.00000000000000000e+00,1.00000000000000000e+00,0.00000000000000000e+00,2.37122544016871802e-22,2.37122544016871802e-22,2.11758236813575085e-22,NULLSPACE,NULLSPACE_CONSISTENT
run1,SCLIP_HIGH,KPU,D1,.1000000000000000E-03,-1,BRANCH_2,BRANCH_2,.000000000000000,.2371225440168718E-21,.2371225440168718E-21,1.000000000000000,.2117582368135751E-21,1.000000000000000,.000000000000000,1,1,1,1,0,-0.00000000000000000e+00,1.00000000000000000e+00,0.00000000000000000e+00,2.37122544016871802e-22,2.37122544016871802e-22,2.11758236813575085e-22,NULLSPACE,NULLSPACE_CONSISTENT
run1,SCLIP_HIGH,KPU,D1,.3000000000000000E-04,-1,BRANCH_2,BRANCH_2,.000000000000000,.2371225440168718E-21,.2371225440168718E-21,1.000000000000000,.2117582368135751E-21,1.000000000000000,.000000000000000,1,1,1,1,0,-0.00000000000000000e+00,1.00000000000000000e+00,0.00000000000000000e+00,2.37122544016871802e-22,2.37122544016871802e-22,2.11758236813575085e-22,NULLSPACE,NULLSPACE_CONSISTENT
run1,SCLIP_HIGH,KPU,D1,.1000000000000000E-04,-1,BRANCH_2,BRANCH_2,.000000000000000,.2371225440168718E-21,.2371225440168718E-21,1.000000000000000,.2117582368135751E-21,1.000000000000000,.000000000000000,1,1,1,1,0,-0.00000000000000000e+00,1.00000000000000000e+00,0.00000000000000000e+00,2.37122544016871802e-22,2.37122544016871802e-22,2.11758236813575085e-22,NULLSPACE,NULLSPACE_CONSISTENT
run1,SCLIP_HIGH,KPU,D1,.3000000000000000E-05,-1,BRANCH_2,BRANCH_2,.000000000000000,.2371225440168718E-21,.2371225440168718E-21,1.000000000000000,.2117582368135751E-21,1.000000000000000,.000000000000000,1,1,1,1,0,-0.00000000000000000e+00,1.00000000000000000e+00,0.00000000000000000e+00,2.37122544016871802e-22,2.37122544016871802e-22,2.11758236813575085e-22,NULLSPACE,NULLSPACE_CONSISTENT
run1,SCLIP_HIGH,KPU,D1,.1000000000000000E-05,-1,BRANCH_2,BRANCH_2,.000000000000000,.2371225440168718E-21,.2371225440168718E-21,1.000000000000000,.2117582368135751E-21,1.000000000000000,.000000000000000,1,1,1,1,0,-0.00000000000000000e+00,1.00000000000000000e+00,0.00000000000000000e+00,2.37122544016871802e-22,2.37122544016871802e-22,2.11758236813575085e-22,NULLSPACE,NULLSPACE_CONSISTENT
run1,SCLIP_HIGH,KPU,D1,.3000000000000000E-06,-1,BRANCH_2,BRANCH_2,.000000000000000,.2371225440168718E-21,.2371225440168718E-21,1.000000000000000,.2117582368135751E-21,1.000000000000000,.000000000000000,1,1,1,1,0,-0.00000000000000000e+00,1.00000000000000000e+00,0.00000000000000000e+00,2.37122544016871802e-22,2.37122544016871802e-22,2.11758236813575085e-22,NULLSPACE,NULLSPACE_CONSISTENT
run1,SCLIP_HIGH,KPU,D1,.1000000000000000E-06,-1,BRANCH_2,BRANCH_2,.000000000000000,.2371225440168718E-21,.2371225440168718E-21,1.000000000000000,.2117582368135751E-21,1.000000000000000,.000000000000000,1,1,1,1,0,-0.00000000000000000e+00,1.00000000000000000e+00,0.00000000000000000e+00,2.37122544016871802e-22,2.37122544016871802e-22,2.11758236813575085e-22,NULLSPACE,NULLSPACE_CONSISTENT
run1,SCLIP_HIGH,KPU,D2,.1000000000000000E-01,-1,BRANCH_2,BRANCH_2,.000000000000000,.1191140082076360E-21,.1191140082076360E-21,1.000000000000000,.1058791184067875E-21,1.000000000000000,.000000000000000,1,1,1,1,0,,1.00000000000000000e+00,0.00000000000000000e+00,1.19114008207636009e-22,1.19114008207636009e-22,1.05879118406787495e-22,NULLSPACE,NULLSPACE_CONSISTENT
run1,SCLIP_HIGH,KPU,D2,.3000000000000000E-02,-1,BRANCH_2,BRANCH_2,.000000000000000,.1191140082076360E-21,.1191140082076360E-21,1.000000000000000,.1058791184067875E-21,1.000000000000000,.000000000000000,1,1,1,1,0,-0.00000000000000000e+00,1.00000000000000000e+00,0.00000000000000000e+00,1.19114008207636009e-22,1.19114008207636009e-22,1.05879118406787495e-22,NULLSPACE,NULLSPACE_CONSISTENT
run1,SCLIP_HIGH,KPU,D2,.1000000000000000E-02,-1,BRANCH_2,BRANCH_2,.000000000000000,.1191140082076360E-21,.1191140082076360E-21,1.000000000000000,.1058791184067875E-21,1.000000000000000,.000000000000000,1,1,1,1,0,-0.00000000000000000e+00,1.00000000000000000e+00,0.00000000000000000e+00,1.19114008207636009e-22,1.19114008207636009e-22,1.05879118406787495e-22,NULLSPACE,NULLSPACE_CONSISTENT
run1,SCLIP_HIGH,KPU,D2,.3000000000000000E-03,-1,BRANCH_2,BRANCH_2,.000000000000000,.1191140082076360E-21,.1191140082076360E-21,1.000000000000000,.1058791184067875E-21,1.000000000000000,.000000000000000,1,1,1,1,0,-0.00000000000000000e+00,1.00000000000000000e+00,0.00000000000000000e+00,1.19114008207636009e-22,1.19114008207636009e-22,1.05879118406787495e-22,NULLSPACE,NULLSPACE_CONSISTENT
run1,SCLIP_HIGH,KPU,D2,.1000000000000000E-03,-1,BRANCH_2,BRANCH_2,.000000000000000,.1191140082076360E-21,.1191140082076360E-21,1.000000000000000,.1058791184067875E-21,1.000000000000000,.000000000000000,1,1,1,1,0,-0.00000000000000000e+00,1.00000000000000000e+00,0.00000000000000000e+00,1.19114008207636009e-22,1.19114008207636009e-22,1.05879118406787495e-22,NULLSPACE,NULLSPACE_CONSISTENT
run1,SCLIP_HIGH,KPU,D2,.3000000000000000E-04,-1,BRANCH_2,BRANCH_2,.000000000000000,.1191140082076360E-21,.1191140082076360E-21,1.000000000000000,.1058791184067875E-21,1.000000000000000,.000000000000000,1,1,1,1,0,-0.00000000000000000e+00,1.00000000000000000e+00,0.00000000000000000e+00,1.19114008207636009e-22,1.19114008207636009e-22,1.05879118406787495e-22,NULLSPACE,NULLSPACE_CONSISTENT
run1,SCLIP_HIGH,KPU,D2,.1000000000000000E-04,-1,BRANCH_2,BRANCH_2,.000000000000000,.1191140082076360E-21,.1191140082076360E-21,1.000000000000000,.1058791184067875E-21,1.000000000000000,.000000000000000,1,1,1,1,0,-0.00000000000000000e+00,1.00000000000000000e+00,0.00000000000000000e+00,1.19114008207636009e-22,1.19114008207636009e-22,1.05879118406787495e-22,NULLSPACE,NULLSPACE_CONSISTENT
run1,SCLIP_HIGH,KPU,D2,.3000000000000000E-05,-1,BRANCH_2,BRANCH_2,.000000000000000,.1191140082076360E-21,.1191140082076360E-21,1.000000000000000,.1058791184067875E-21,1.000000000000000,.000000000000000,1,1,1,1,0,-0.00000000000000000e+00,1.00000000000000000e+00,0.00000000000000000e+00,1.19114008207636009e-22,1.19114008207636009e-22,1.05879118406787495e-22,NULLSPACE,NULLSPACE_CONSISTENT
run1,SCLIP_HIGH,KPU,D2,.1000000000000000E-05,-1,BRANCH_2,BRANCH_2,.000000000000000,.1191140082076360E-21,.1191140082076360E-21,1.000000000000000,.1058791184067875E-21,1.000000000000000,.000000000000000,1,1,1,1,0,-0.00000000000000000e+00,1.00000000000000000e+00,0.00000000000000000e+00,1.19114008207636009e-22,1.19114008207636009e-22,1.05879118406787495e-22,NULLSPACE,NULLSPACE_CONSISTENT
run1,SCLIP_HIGH,KPU,D2,.3000000000000000E-06,-1,BRANCH_2,BRANCH_2,.000000000000000,.1191140082076360E-21,.1191140082076360E-21,1.000000000000000,.1058791184067875E-21,1.000000000000000,.000000000000000,1,1,1,1,0,-0.00000000000000000e+00,1.00000000000000000e+00,0.00000000000000000e+00,1.19114008207636009e-22,1.19114008207636009e-22,1.05879118406787495e-22,NULLSPACE,NULLSPACE_CONSISTENT
run1,SCLIP_HIGH,KPU,D2,.1000000000000000E-06,-1,BRANCH_2,BRANCH_2,.000000000000000,.1191140082076360E-21,.1191140082076360E-21,1.000000000000000,.1058791184067875E-21,1.000000000000000,.000000000000000,1,1,1,1,0,-0.00000000000000000e+00,1.00000000000000000e+00,0.00000000000000000e+00,1.19114008207636009e-22,1.19114008207636009e-22,1.05879118406787495e-22,NULLSPACE,NULLSPACE_CONSISTENT
run1,SCLIP_HIGH,KPU,D3,.1000000000000000E-01,-1,BRANCH_2,BRANCH_2,.3047141018283505E-05,.3047141018031499E-05,.2526942520808974E-15,.8292830904926200E-10,.1740233425298696E-15,.7898240753040177E-10,1.000000000000000,1,1,1,1,0,,1.00000000000000000e+00,3.04714101828350483e-06,3.04714101803149898e-06,2.52694252080897423e-16,1.74023342529869607e-16,ACTIVE_CLIP,CONSISTENT_NUMERICALLY
run1,SCLIP_HIGH,KPU,D3,.3000000000000000E-02,-1,BRANCH_2,BRANCH_2,.3047141018002286E-05,.3047141018031499E-05,.4308401418255728E-16,.1413915992978567E-10,.3558893631183668E-16,.1615243007468692E-10,1.000000000000000,1,1,1,1,0,1.46932574729887389e+00,1.00000000000000000e+00,3.04714101800228608e-06,3.04714101803149898e-06,4.30840141825572776e-17,3.55889363118366830e-17,ACTIVE_CLIP,CONSISTENT_NUMERICALLY
run1,SCLIP_HIGH,KPU,D3,.1000000000000000E-02,-1,BRANCH_2,BRANCH_2,.3047141018423538E-05,.3047141018031499E-05,.5470320689321510E-15,.1795230564075313E-09,.5426520811749411E-15,.2462886138855342E-09,1.000000000000000,1,1,1,1,0,-2.31324137384698414e+00,1.00000000000000000e+00,3.04714101842353801e-06,3.04714101803149898e-06,5.47032068932150999e-16,5.42652081174941139e-16,ACTIVE_CLIP,CONSISTENT_NUMERICALLY
run1,SCLIP_HIGH,KPU,D3,.3000000000000000E-03,-1,BRANCH_2,BRANCH_2,.3047141018559632E-05,.3047141018031499E-05,.9432103353220435E-15,.3095394435561417E-09,.9040530876810917E-15,.4103144344812913E-09,1.000000000000000,1,1,1,1,0,-4.52486864562176516e-01,1.00000000000000000e+00,3.04714101855963207e-06,3.04714101803149898e-06,9.43210335322043527e-16,9.04053087681091702e-16,ACTIVE_CLIP,CONSISTENT_NUMERICALLY
run1,SCLIP_HIGH,KPU,D3,.1000000000000000E-03,-1,BRANCH_2,BRANCH_2,.3047141019724115E-05,.3047141018031499E-05,.1982322257335418E-14,.6505515315844802E-09,.1626854253660446E-14,.7383656910761622E-09,.9999999999999998,1,1,1,1,0,-6.76066519960109136e-01,1.00000000000000000e+00,3.04714101972411518e-06,3.04714101803149898e-06,1.98232225733541820e-15,1.62685425366044597e-15,ACTIVE_CLIP,CONSISTENT_NUMERICALLY
run1,SCLIP_HIGH,KPU,D3,.3000000000000000E-04,-1,BRANCH_2,BRANCH_2,.3047141010862698E-05,.3047141018031499E-05,.1080097670553780E-13,.3544626468424950E-08,.1066077022666978E-13,.4838507791291194E-08,1.000000000000000,1,1,1,1,0,-1.40814439077086639e+00,1.00000000000000000e+00,3.04714101086269789e-06,3.04714101803149898e-06,1.08009767055378000e-14,1.06607702266697801e-14,ACTIVE_CLIP,CONSISTENT_NUMERICALLY
run1,SCLIP_HIGH,KPU,D3,.1000000000000000E-04,-1,BRANCH_2,BRANCH_2,.3047141004063038E-05,.3047141018031499E-05,.1969095080158432E-13,.6462106835575660E-08,.1788878485107863E-13,.8119021706531423E-08,1.000000000000000,1,1,1,1,0,-5.46619240010438712e-01,1.00000000000000000e+00,3.04714100406303799e-06,3.04714101803149898e-06,1.96909508015843215e-14,1.78887848510786311e-14,ACTIVE_CLIP,CONSISTENT_NUMERICALLY
run1,SCLIP_HIGH,KPU,D3,.3000000000000000E-05,-1,BRANCH_2,BRANCH_2,.3047140977863965E-05,.3047141018031499E-05,.4693785154292109E-13,.1540389869230394E-07,.2993567282692029E-13,.1358663427978641E-07,1.000000000000000,1,1,1,1,0,-7.21499053744725893e-01,1.00000000000000000e+00,3.04714097786396503e-06,3.04714101803149898e-06,4.69378515429210874e-14,2.99356728269202881e-14,ACTIVE_CLIP,CONSISTENT_NUMERICALLY
run1,SCLIP_HIGH,KPU,D3,.1000000000000000E-05,-1,BRANCH_2,BRANCH_2,.3047140548101679E-05,.3047141018031499E-05,.6057003673954647E-12,.1987766118506576E-06,.6033579579932510E-12,.2738406436511145E-06,.9999999999999920,1,1,1,1,0,-2.32799234801776622e+00,1.00000000000000000e+00,3.04714054810167882e-06,3.04714101803149898e-06,6.05700367395464731e-13,6.03357957993251029e-13,ACTIVE_CLIP,CONSISTENT_NUMERICALLY
run1,SCLIP_HIGH,KPU,D3,.3000000000000000E-06,-1,BRANCH_2,BRANCH_2,.3047140665329767E-05,.3047141018031499E-05,.8206975315641018E-12,.2693336234547771E-06,.6756381025432737E-12,.3066457820346464E-06,.9999999999999705,1,1,1,1,0,-2.52305704306135525e-01,1.00000000000000000e+00,3.04714066532976690e-06,3.04714101803149898e-06,8.20697531564101759e-13,6.75638102543273675e-13,ACTIVE_CLIP,CONSISTENT_NUMERICALLY
run1,SCLIP_HIGH,KPU,D3,.1000000000000000E-06,-1,BRANCH_2,BRANCH_2,.3047144054125102E-05,.3047141018031499E-05,.4499145785047527E-11,.1476512335856509E-05,.4383972035440069E-11,.1989709954701012E-05,.9999999999994065,1,1,1,1,0,-1.54876130809170198e+00,1.00000000000000000e+00,3.04714405412510205e-06,3.04714101803149898e-06,4.49914578504752728e-12,4.38397203544006937e-12,ACTIVE_CLIP,CONSISTENT_NUMERICALLY
run1,SCLIP_HIGH,KSU,D1,.1000000000000000E-01,-1,BRANCH_2,BRANCH_2,.1403772048965491E-20,.2735642737686730E-24,.1403967030420164E-20,1.000138898231245,.1323695775237983E-20,1.000156250000000,-.7126966450997984,1,1,1,1,0,,1.00000000000000000e+00,1.40377204896549108e-21,2.73564273768672981e-25,1.40396703042016392e-21,1.32369577523798291e-21,NULLSPACE,NULLSPACE_CONSISTENT
run1,SCLIP_HIGH,KSU,D1,.3000000000000000E-02,-1,BRANCH_2,BRANCH_2,.4679240163218304E-20,.2735642737686730E-24,.4679045198813242E-20,.9999583341742972,.4411423138463009E-20,.9999531250000000,.7126966450997984,1,1,1,1,0,-9.99850033755847356e-01,1.00000000000000000e+00,4.67924016321830411e-21,2.73564273768672981e-25,4.67904519881324208e-21,4.41142313846300909e-21,NULLSPACE,NULLSPACE_CONSISTENT
run1,SCLIP_HIGH,KSU,D1,.1000000000000000E-02,-1,BRANCH_2,BRANCH_2,.1403772048965491E-19,.2735642737686730E-24,.1403791545930667E-19,1.000013888982324,.1323509659600158E-19,1.000015625000000,-.7126966450997984,1,1,1,1,0,-1.00005056886782895e+00,1.00000000000000000e+00,1.40377204896549101e-20,2.73564273768672981e-25,1.40379154593066702e-20,1.32350965960015796e-20,NULLSPACE,NULLSPACE_CONSISTENT
run1,SCLIP_HIGH,KSU,D1,.3000000000000000E-03,-1,BRANCH_2,BRANCH_2,.1108408302981402E-18,.2735642737686730E-24,.1108409434712975E-18,1.000001021042128,.8823280546747609E-19,1.000002343750000,-.4136975779445308,1,1,1,1,0,-1.71626328147095308e+00,1.00000000000000000e+00,1.10840830298140190e-19,2.73564273768672981e-25,1.10840943471297491e-19,8.82328054674760943e-20,NULLSPACE,NULLSPACE_CONSISTENT
run1,SCLIP_HIGH,KSU,D1,.1000000000000000E-03,-1,BRANCH_2,BRANCH_2,.9926167350636332E-19,.2735642737686730E-24,.9926174243843406E-19,1.000000694448001,.6617455240181878E-19,1.000001562500000,-.2519763153394848,1,1,1,1,0,1.00432162298149774e-01,1.00000000000000000e+00,9.92616735063633210e-20,2.73564273768672981e-25,9.92617424384340647e-20,6.61745524018187831e-20,NULLSPACE,NULLSPACE_CONSISTENT
run1,SCLIP_HIGH,KSU,D1,.3000000000000000E-04,-1,BRANCH_2,BRANCH_2,.4679240163218305E-18,.2735642737686730E-24,.4679242112902100E-18,1.000000416666751,.4411632001567679E-18,1.000000468750000,-.7126966450997984,1,1,1,1,0,-1.28785809052631506e+00,1.00000000000000000e+00,4.67924016321830517e-19,2.73564273768672981e-25,4.67924211290210037e-19,4.41163200156767930e-19,NULLSPACE,NULLSPACE_CONSISTENT
run1,SCLIP_HIGH,KSU,D1,.1000000000000000E-04,-1,BRANCH_2,BRANCH_2,.1687124033869408E-17,.2735642737686730E-24,.1687124033869430E-17,1.000000000000013,.9926166316660566E-18,.9999998958333334,.6471958331482320E-16,1,1,1,1,0,-1.16735838047006624e+00,1.00000000000000000e+00,1.68712403386940794e-18,2.73564273768672981e-25,1.68712403386943009e-18,9.92616631666056641e-19,NULLSPACE,NULLSPACE_CONSISTENT
run1,SCLIP_HIGH,KSU,D1,.3000000000000000E-05,-1,BRANCH_2,BRANCH_2,.6798778334675118E-17,.2735642737686730E-24,.6798778351448427E-17,1.000000002467106,.4411629830218571E-17,.9999999765624999,-.6131393394849662E-01,1,1,1,1,0,-1.15759891970797191e+00,1.00000000000000000e+00,6.79877833467511836e-18,2.73564273768672981e-25,6.79877835144842666e-18,4.41162983021857077e-18,NULLSPACE,NULLSPACE_CONSISTENT
run1,SCLIP_HIGH,KSU,D1,.1000000000000000E-05,-1,BRANCH_2,BRANCH_2,.1586807542861974E-16,.2735642737686730E-24,.1586807536394009E-16,.9999999959239131,.9926167454033909E-17,1.000000010416667,.2364331218717302,1,1,1,1,0,-7.71488102735348291e-01,1.00000000000000000e+00,1.58680754286197407e-17,2.73564273768672981e-25,1.58680753639400891e-17,9.92616745403390867e-18,NULLSPACE,NULLSPACE_CONSISTENT
run1,SCLIP_HIGH,KSU,D1,.3000000000000000E-06,-1,BRANCH_2,BRANCH_2,.5623746779564695E-16,.2735642737686730E-24,.5623746783620281E-16,1.000000000721154,.4411629943955905E-16,1.000000002343750,-.1482498633322203,1,1,1,1,0,-1.05091573964390927e+00,1.00000000000000000e+00,5.62374677956469508e-17,2.73564273768672981e-25,5.62374678362028076e-17,4.41162994395590485e-17,NULLSPACE,NULLSPACE_CONSISTENT
run1,SCLIP_HIGH,KSU,D1,.1000000000000000E-06,-1,BRANCH_2,BRANCH_2,.4314046271114159E-15,.2735642737686730E-24,.4314046271589972E-15,1.000000000110294,.2977850204156924E-15,.9999999996527777,-.1739313106957345,1,1,1,1,0,-1.85457896164782166e+00,1.00000000000000000e+00,4.31404627111415918e-16,2.73564273768672981e-25,4.31404627158997197e-16,2.97785020415692386e-16,NULLSPACE,NULLSPACE_CONSISTENT
run1,SCLIP_HIGH,KSU,D2,.1000000000000000E-01,-1,BRANCH_2,BRANCH_2,.2865437695955580E-20,.2924525102011441E-24,.2865342194698405E-20,.9999666713195996,.2316105715148477E-20,1.000000000000000,.3265986323710904,1,1,1,1,0,,1.00000000000000000e+00,2.86543769595557982e-21,2.92452510201144109e-25,2.86534219469840494e-21,2.31610571514847711e-21,NULLSPACE,NULLSPACE_CONSISTENT
run1,SCLIP_HIGH,KSU,D2,.3000000000000000E-02,-1,BRANCH_2,BRANCH_2,.9551458986518601E-20,.2924525102011441E-24,.9551554505108100E-20,1.000010000418746,.7720352383828259E-20,1.000000000000000,-.3265986323710904,1,1,1,1,0,-1.00003598885655842e+00,1.00000000000000000e+00,9.55145898651860115e-21,2.92452510201144109e-25,9.55155450510810018e-21,7.72035238382825880e-21,NULLSPACE,NULLSPACE_CONSISTENT
run1,SCLIP_HIGH,KSU,D2,.1000000000000000E-02,-1,BRANCH_2,BRANCH_2,.2865437695955580E-19,.2924525102011441E-24,.2865428144629917E-19,.9999966667131946,.2316105715148477E-19,1.000000000000000,.3265986323710904,1,1,1,1,0,-9.99987863178629643e-01,1.00000000000000000e+00,2.86543769595557974e-20,2.92452510201144109e-25,2.86542814462991683e-20,2.31610571514847689e-20,NULLSPACE,NULLSPACE_CONSISTENT
run1,SCLIP_HIGH,KSU,D2,.3000000000000000E-03,-1,BRANCH_2,BRANCH_2,.1438015423704720E-18,.2924525102011441E-24,.1438014313474769E-18,.9999992279429465,.9926167350636333E-19,1.000000000000000,.3796283011826483,1,1,1,1,0,-1.33983967206058163e+00,1.00000000000000000e+00,1.43801542370471990e-19,2.92452510201144109e-25,1.43801431347476901e-19,9.92616735063633330e-20,NULLSPACE,NULLSPACE_CONSISTENT
run1,SCLIP_HIGH,KSU,D2,.1000000000000000E-03,-1,BRANCH_2,BRANCH_2,.3886868800011384E-18,.2924525102011441E-24,.3886867567762216E-18,.9999996829712473,.2646977960169689E-18,1.000000000000000,.4213504858001922,1,1,1,1,0,-9.05087607344723044e-01,1.00000000000000000e+00,3.88686880001138413e-19,2.92452510201144109e-25,3.88686756776221592e-19,2.64697796016968904e-19,NULLSPACE,NULLSPACE_CONSISTENT
run1,SCLIP_HIGH,KSU,D2,.3000000000000000E-04,-1,BRANCH_2,BRANCH_2,.9551458986518601E-18,.2924525102011441E-24,.9551458031373103E-18,.9999999000000419,.7720352383828258E-18,1.000000000000000,.3265986323710904,1,1,1,1,0,-7.46769555187502099e-01,1.00000000000000000e+00,9.55145898651860091e-19,2.92452510201144109e-25,9.55145803137310266e-19,7.72035238382825766e-19,NULLSPACE,NULLSPACE_CONSISTENT
run1,SCLIP_HIGH,KSU,D2,.1000000000000000E-04,-1,BRANCH_2,BRANCH_2,.3609390067659602E-17,.2924525102011441E-24,.3609390314099053E-17,1.000000068277312,.2316105921943631E-17,1.000000089285714,-.8426648406178135,1,1,1,1,0,-1.21009946861664153e+00,1.00000000000000000e+00,3.60939006765960192e-18,2.92452510201144109e-25,3.60939031409905307e-18,2.31610592194363101e-18,NULLSPACE,NULLSPACE_CONSISTENT
run1,SCLIP_HIGH,KSU,D2,.3000000000000000E-05,-1,BRANCH_2,BRANCH_2,.6798778334675118E-17,.2924525102011441E-24,.6798778502408141E-17,1.000000024671053,.4411629933616147E-17,1.000000000000000,-.5735393346764044,1,1,1,1,0,-5.25928901177811214e-01,1.00000000000000000e+00,6.79877833467511836e-18,2.92452510201144109e-25,6.79877850240814128e-18,4.41162993361614734e-18,NULLSPACE,NULLSPACE_CONSISTENT
run1,SCLIP_HIGH,KSU,D2,.1000000000000000E-05,-1,BRANCH_2,BRANCH_2,.5157787852720045E-16,.2924525102011441E-24,.5157787872618917E-16,1.000000003858025,.2977850205190900E-16,1.000000000000000,-.6804138174397716,1,1,1,1,0,-1.84446317464624854e+00,1.00000000000000000e+00,5.15778785272004472e-17,2.92452510201144109e-25,5.15778787261891684e-17,2.97785020519090025e-17,NULLSPACE,NULLSPACE_CONSISTENT
run1,SCLIP_HIGH,KSU,D2,.3000000000000000E-06,-1,BRANCH_2,BRANCH_2,.9094808098718002E-16,.2924525102011441E-24,.9094808073640406E-16,.9999999972426470,.6617444879744706E-16,.9999999968750000,.8574929257125441,1,1,1,1,0,-4.71103605156506400e-01,1.00000000000000000e+00,9.09480809871800234e-17,2.92452510201144109e-25,9.09480807364040628e-17,6.61744487974470609e-17,NULLSPACE,NULLSPACE_CONSISTENT
run1,SCLIP_HIGH,KSU,D2,.1000000000000000E-06,-1,BRANCH_2,BRANCH_2,.3325224908944207E-15,.2924525102011441E-24,.3325224908738438E-15,.9999999999381188,.2646977960169689E-15,1.000000000000000,.7035975447302918E-01,1,1,1,1,0,-1.18005115232040270e+00,1.00000000000000000e+00,3.32522490894420723e-16,2.92452510201144109e-25,3.32522490873843779e-16,2.64697796016968905e-16,NULLSPACE,NULLSPACE_CONSISTENT
run1,SCLIP_HIGH,KSU,D3,.1000000000000000E-01,-1,BRANCH_2,BRANCH_2,.4191650578876685E-08,.4191650578876601E-08,.6311930786086956E-21,.1505834197605871E-12,.5624828165360588E-21,.2014710818656178E-12,.9999999999999998,1,1,1,1,0,,1.00000000000000000e+00,4.19165057887668479e-09,4.19165057887660125e-09,6.31193078608695556e-22,5.62482816536058819e-22,ACTIVE_CLIP,CONSISTENT_NUMERICALLY
run1,SCLIP_HIGH,KSU,D3,.3000000000000000E-02,-1,BRANCH_2,BRANCH_2,.4191650578872355E-08,.4191650578876601E-08,.7708710312836838E-20,.1839063196651959E-11,.6496262940685203E-20,.2326842855045784E-11,.9999999999999998,1,1,1,1,0,-2.07853064865874648e+00,1.00000000000000000e+00,4.19165057887235533e-09,4.19165057887660125e-09,7.70871031283683798e-21,6.49626294068520284e-21,ACTIVE_CLIP,CONSISTENT_NUMERICALLY
run1,SCLIP_HIGH,KSU,D3,.1000000000000000E-02,-1,BRANCH_2,BRANCH_2,.4191650578880545E-08,.4191650578876601E-08,.6420449370581187E-20,.1531723422493838E-11,.4532949756790592E-20,.1623619895034685E-11,1.000000000000000,1,1,1,1,0,1.66448883013502802e-01,1.00000000000000000e+00,4.19165057888054525e-09,4.19165057887660125e-09,6.42044937058118715e-21,4.53294975679059166e-21,ACTIVE_CLIP,CONSISTENT_NUMERICALLY
run1,SCLIP_HIGH,KSU,D3,.3000000000000000E-03,-1,BRANCH_2,BRANCH_2,.4191650578922874E-08,.4191650578876601E-08,.5717463602809696E-19,.1364012456467426E-10,.4719851216196948E-19,.1690564587576011E-10,1.000000000000000,1,1,1,1,0,-1.81617247120078784e+00,1.00000000000000000e+00,4.19165057892287373e-09,4.19165057887660125e-09,5.71746360280969561e-20,4.71985121619694826e-20,ACTIVE_CLIP,CONSISTENT_NUMERICALLY
run1,SCLIP_HIGH,KSU,D3,.1000000000000000E-03,-1,BRANCH_2,BRANCH_2,.4191650579018136E-08,.4191650578876601E-08,.1560723894651803E-18,.3723411255852799E-10,.1137207906137902E-18,.4073271225617360E-10,1.000000000000000,1,1,1,1,0,-9.14070933894351567e-01,1.00000000000000000e+00,4.19165057901813599e-09,4.19165057887660125e-09,1.56072389465180291e-19,1.13720790613790197e-19,ACTIVE_CLIP,CONSISTENT_NUMERICALLY
run1,SCLIP_HIGH,KSU,D3,.3000000000000000E-04,-1,BRANCH_2,BRANCH_2,.4191650578680909E-08,.4191650578876601E-08,.2802915736735251E-18,.6686902173717107E-10,.2216167821491352E-18,.7937908776329863E-10,.9999999999999998,1,1,1,1,0,-4.86315354590474813e-01,1.00000000000000000e+00,4.19165057868090934e-09,4.19165057887660125e-09,2.80291573673525086e-19,2.21616782149135207e-19,ACTIVE_CLIP,CONSISTENT_NUMERICALLY
run1,SCLIP_HIGH,KSU,D3,.1000000000000000E-04,-1,BRANCH_2,BRANCH_2,.4191650581877582E-08,.4191650578876601E-08,.4028810174867597E-17,.9611512448785645E-09,.2859960424289842E-17,.1024385641158274E-08,1.000000000000000,1,1,1,1,0,-2.42614796955022616e+00,1.00000000000000000e+00,4.19165058187758190e-09,4.19165057887660125e-09,4.02881017486759672e-18,2.85996042428984213e-18,ACTIVE_CLIP,CONSISTENT_NUMERICALLY
run1,SCLIP_HIGH,KSU,D3,.3000000000000000E-05,-1,BRANCH_2,BRANCH_2,.4191650582793606E-08,.4191650578876601E-08,.5120447788429295E-17,.1221582688559091E-08,.3528268799288026E-17,.1263761505933476E-08,1.000000000000000,1,1,1,1,0,-1.99149683984101877e-01,1.00000000000000000e+00,4.19165058279360585e-09,4.19165057887660125e-09,5.12044778842929536e-18,3.52826879928802568e-18,ACTIVE_CLIP,CONSISTENT_NUMERICALLY
run1,SCLIP_HIGH,KSU,D3,.1000000000000000E-05,-1,BRANCH_2,BRANCH_2,.4191650593802941E-08,.4191650578876601E-08,.1689410255528488E-16,.4030417654625512E-08,.1080089430479891E-16,.3868683258667460E-08,1.000000000000000,1,1,1,1,0,-1.08657323262296135e+00,1.00000000000000000e+00,4.19165059380294140e-09,4.19165057887660125e-09,1.68941025552848787e-17,1.08008943047989093e-17,ACTIVE_CLIP,CONSISTENT_NUMERICALLY
run1,SCLIP_HIGH,KSU,D3,.3000000000000000E-06,-1,BRANCH_2,BRANCH_2,.4191650577548998E-08,.4191650578876601E-08,.1770205722401786E-16,.4223171013639731E-08,.1190380192606638E-16,.4263724654075497E-08,1.000000000000000,1,1,1,1,0,-3.88017571506205916e-02,1.00000000000000000e+00,4.19165057754899787e-09,4.19165057887660125e-09,1.77020572240178589e-17,1.19038019260663801e-17,ACTIVE_CLIP,CONSISTENT_NUMERICALLY
run1,SCLIP_HIGH,KSU,D3,.1000000000000000E-06,-1,BRANCH_2,BRANCH_2,.4191650113946850E-08,.4191650578876601E-08,.4752803338553209E-15,.1133873935605339E-06,.2747201429661492E-15,.9839974268817348E-07,.9999999999999997,1,1,1,1,0,-2.99489090032279925e+00,1.00000000000000000e+00,4.19165011394684966e-09,4.19165057887660125e-09,4.75280333855320862e-16,2.74720142966149179e-16,ACTIVE_CLIP,CONSISTENT_NUMERICALLY
run1,SCLIP_HIGH,KUP,D1,.1000000000000000E-01,-1,BRANCH_2,BRANCH_2,7071067.811865576,7071067.811865475,.1490508969311019E-06,.2107897999238357E-13,.9359791874885559E-07,.3743916749954084E-13,.9999999999999999,1,1,1,1,0,,7.00000000000000000e+06,1.01015254455222503e+00,1.01015254455221082e+00,2.12929852758716974e-14,1.33711312498365123e-14,ACTIVE_CLIP,CONSISTENT_NUMERICALLY
run1,SCLIP_HIGH,KUP,D1,.3000000000000000E-02,-1,BRANCH_2,BRANCH_2,7071067.811865331,7071067.811865475,.3881805670760856E-06,.5489702226086792E-13,.3101304173469543E-06,.1240521669387741E-12,.9999999999999999,1,1,1,1,0,-7.95020260617548491e-01,7.00000000000000000e+06,1.01015254455219017e+00,1.01015254455221082e+00,5.54543667251550885e-14,4.43043453352791864e-14,ACTIVE_CLIP,CONSISTENT_NUMERICALLY
run1,SCLIP_HIGH,KUP,D1,.1000000000000000E-02,-1,BRANCH_2,BRANCH_2,7071067.811865887,7071067.811865475,.6991134674708194E-06,.9886957473348568E-13,.4661269485950470E-06,.1864507794379841E-12,1.000000000000000,1,1,1,1,0,-5.35532373871045242e-01,7.00000000000000000e+06,1.01015254455226944e+00,1.01015254455221082e+00,9.98733524958313375e-14,6.65895640850067169e-14,ACTIVE_CLIP,CONSISTENT_NUMERICALLY
run1,SCLIP_HIGH,KUP,D1,.3000000000000000E-03,-1,BRANCH_2,BRANCH_2,7071067.811866092,7071067.811865475,.2696070277450334E-05,.3812819151480922E-12,.1552980393171310E-05,.6211921572681384E-12,1.000000000000000,1,1,1,1,0,-1.12106974244092350e+00,7.00000000000000000e+06,1.01015254455229875e+00,1.01015254455221082e+00,3.85152896778619156e-13,2.21854341881615704e-13,ACTIVE_CLIP,CONSISTENT_NUMERICALLY
run1,SCLIP_HIGH,KUP,D1,.1000000000000000E-03,-1,BRANCH_2,BRANCH_2,7071067.811862183,7071067.811865475,.5702402376036599E-05,.8064414778299521E-12,.4656147211790085E-05,.1862458884716034E-11,.9999999999999999,1,1,1,1,0,-6.81853191740281361e-01,7.00000000000000000e+06,1.01015254455174031e+00,1.01015254455221082e+00,8.14628910862371322e-13,6.65163887398583525e-13,ACTIVE_CLIP,CONSISTENT_NUMERICALLY
run1,SCLIP_HIGH,KUP,D1,.3000000000000000E-04,-1,BRANCH_2,BRANCH_2,7071067.811842152,7071067.811865475,.4197366766635683E-04,.5935973007630289E-11,.3104377537965775E-04,.1241751015178600E-10,.9999999999999999,1,1,1,1,0,-1.65797341820108879e+00,7.00000000000000000e+06,1.01015254454887882e+00,1.01015254455221082e+00,5.99623823805097630e-12,4.43482505423682189e-12,ACTIVE_CLIP,CONSISTENT_NUMERICALLY
run1,SCLIP_HIGH,KUP,D1,.1000000000000000E-04,-1,BRANCH_2,BRANCH_2,7071067.811962198,7071067.811865475,.1068560505994520E-03,.1511172759773036E-10,.4656659439206123E-04,.1862663775647755E-10,1.000000000000000,1,1,1,1,0,-8.50564075703339140e-01,7.00000000000000000e+06,1.01015254456602821e+00,1.01015254455221082e+00,1.52651500856360001e-11,6.65237062743731778e-12,ACTIVE_CLIP,CONSISTENT_NUMERICALLY
run1,SCLIP_HIGH,KUP,D1,.3000000000000000E-05,-1,BRANCH_2,BRANCH_2,7071067.812043831,7071067.811865475,.3405143011554872E-03,.4815599428639399E-10,.3104414790868759E-03,.1241765916193306E-09,1.000000000000000,1,1,1,1,0,-9.62625163787687921e-01,7.00000000000000000e+06,1.01015254457769021e+00,1.01015254455221082e+00,4.86449001650696016e-11,4.43487827266965619e-11,ACTIVE_CLIP,CONSISTENT_NUMERICALLY
run1,SCLIP_HIGH,KUP,D1,.1000000000000000E-05,-1,BRANCH_2,BRANCH_2,7071067.811721419,7071067.811865475,.3343776356890175E-03,.4728813873456584E-10,.2328306436538696E-03,.9313225745937944E-10,.9999999999999999,1,1,1,1,0,1.65537244559810989e-02,7.00000000000000000e+06,1.01015254453163128e+00,1.01015254455221082e+00,4.77682336698596436e-11,3.32615205219813737e-11,ACTIVE_CLIP,CONSISTENT_NUMERICALLY
run1,SCLIP_HIGH,KUP,D1,.3000000000000000E-06,-1,BRANCH_2,BRANCH_2,7071067.810013319,7071067.811865475,.3343774492462794E-02,.4728811236758095E-09,.3104407805949450E-02,.1241763122379780E-08,.9999999999999999,1,1,1,1,0,-1.91248882627516359e+00,7.00000000000000000e+06,1.01015254428761714e+00,1.01015254455221082e+00,4.77682070351827694e-10,4.43486829421350020e-10,ACTIVE_CLIP,CONSISTENT_NUMERICALLY
run1,SCLIP_HIGH,KUP,D1,.1000000000000000E-06,-1,BRANCH_2,BRANCH_2,7071067.801781513,7071067.811865475,.1271274424655753E-01,.1797853532846219E-08,.9313225280493498E-02,.3725290112197399E-08,1.000000000000000,1,1,1,1,0,-1.21562878149399234e+00,7.00000000000000000e+06,1.01015254311164471e+00,1.01015254455221082e+00,1.81610632093678989e-09,1.33046075435621394e-09,ACTIVE_CLIP,CONSISTENT_NUMERICALLY
run1,SCLIP_HIGH,KUP,D2,.1000000000000000E-01,-1,BRANCH_2,BRANCH_2,.1456355210765824E-06,.8231806349783991E-10,.1456541547171714E-06,1.000127947086337,.9319046512246132E-07,1.000625000000000,-.2260933675776886,1,1,1,1,0,,7.00000000000000000e+06,2.08050744395117695e-14,1.17597233568342727e-17,2.08077363881673442e-14,1.33129235889230451e-14,NULLSPACE,NULLSPACE_CONSISTENT
run1,SCLIP_HIGH,KUP,D2,.3000000000000000E-02,-1,BRANCH_2,BRANCH_2,.9701276818911234E-07,.8231806349783991E-10,.9701280311370260E-07,1.000000359999935,.7761021455128987E-07,1.000000000000000,.000000000000000,1,1,1,1,0,3.37542547665331150e-01,7.00000000000000000e+06,1.38589668841589049e-14,1.17597233568342727e-17,1.38589718733860854e-14,1.10871735073271239e-14,NULLSPACE,NULLSPACE_CONSISTENT
run1,SCLIP_HIGH,KUP,D2,.1000000000000000E-02,-1,BRANCH_2,BRANCH_2,.1095170604660338E-05,.8231806349783991E-10,.1095121107399133E-05,.9999548040634094,.9312643669545650E-06,.9999375000000000,.6013168224022630,1,1,1,1,0,-2.20621715307909705e+00,7.00000000000000000e+06,1.56452943522905437e-13,1.17597233568342727e-17,1.56445872485590427e-13,1.33037766707795001e-13,NULLSPACE,NULLSPACE_CONSISTENT
run1,SCLIP_HIGH,KUP,D2,.3000000000000000E-03,-1,BRANCH_2,BRANCH_2,.1830433249329334E-05,.8231806349783991E-10,.1830482610512509E-05,1.000026966939763,.1552262498686711E-05,1.000037500000000,-.5996253511966891,1,1,1,1,0,-4.26682973496938789e-01,7.00000000000000000e+06,2.61490464189904843e-13,1.17597233568342727e-17,2.61497515787501283e-13,2.21751785526673014e-13,NULLSPACE,NULLSPACE_CONSISTENT
run1,SCLIP_HIGH,KUP,D2,.1000000000000000E-03,-1,BRANCH_2,BRANCH_2,.1187207995353449E-04,.8231806349783991E-10,.1187212561557804E-04,1.000003846170488,.9313283953815699E-05,1.000006250000000,-.5547001962252291,1,1,1,1,0,-1.70179564966108865e+00,7.00000000000000000e+06,1.69601142193349846e-12,1.17597233568342727e-17,1.69601794508257716e-12,1.33046913625938558e-12,NULLSPACE,NULLSPACE_CONSISTENT
run1,SCLIP_HIGH,KUP,D2,.3000000000000000E-04,-1,BRANCH_2,BRANCH_2,.2237611643246452E-04,.8231806349783991E-10,.2237603567656128E-04,.9999963909776982,.1552198470259706E-04,.9999962500000000,.9810229431759453,1,1,1,1,0,-5.26421594272735383e-01,7.00000000000000000e+06,3.19658806178064600e-12,1.17597233568342727e-17,3.19657652522303999e-12,2.21742638608529427e-12,NULLSPACE,NULLSPACE_CONSISTENT
run1,SCLIP_HIGH,KUP,D2,.1000000000000000E-04,-1,BRANCH_2,BRANCH_2,.6585445079827192E-04,.8231806349783991E-10,.6585440963927875E-04,.9999993750005859,.4656612873077392E-04,1.000000000000000,.4999999999999999,1,1,1,1,0,-9.82563049476638195e-01,7.00000000000000000e+06,9.40777868546741748e-12,1.17597233568342727e-17,9.40777280561125078e-12,6.65230410439627410e-12,NULLSPACE,NULLSPACE_CONSISTENT
run1,SCLIP_HIGH,KUP,D2,.3000000000000000E-05,-1,BRANCH_2,BRANCH_2,.4338542887125687E-04,.8231806349783991E-10,.4338542887133497E-04,1.000000000001800,.3880510727564494E-04,1.000000000000000,.000000000000000,1,1,1,1,0,3.46621406161294332e-01,7.00000000000000000e+06,6.19791841017955341e-12,1.17597233568342727e-17,6.19791841019070984e-12,5.54358675366356309e-12,NULLSPACE,NULLSPACE_CONSISTENT
run1,SCLIP_HIGH,KUP,D2,.1000000000000000E-05,-1,BRANCH_2,BRANCH_2,.1340040987499680E-02,.8231806349783991E-10,.1340041007726716E-02,1.000000015094341,.9313226328231394E-03,1.000000062500000,-.2457180467335804,1,1,1,1,0,-3.12242261096078622e+00,7.00000000000000000e+06,1.91434426785668567e-10,1.17597233568342727e-17,1.91434429675245133e-10,1.33046090403305634e-10,NULLSPACE,NULLSPACE_CONSISTENT
run1,SCLIP_HIGH,KUP,D2,.3000000000000000E-06,-1,BRANCH_2,BRANCH_2,.3298434118429820E-02,.8231806349783991E-10,.3298434173213502E-02,1.000000016608997,.3104408640259256E-02,1.000000018750000,-.6655122646461623,1,1,1,1,0,-7.48146173557485139e-01,7.00000000000000000e+06,4.71204874061402904e-10,1.17597233568342727e-17,4.71204881887643126e-10,4.43486948608465174e-10,NULLSPACE,NULLSPACE_CONSISTENT
run1,SCLIP_HIGH,KUP,D2,.1000000000000000E-06,-1,BRANCH_2,BRANCH_2,.6813032034970602E-02,.8231806349783991E-10,.6813032034970602E-02,1.000000000000000,.4656612873077393E-02,1.000000000000000,.000000000000000,1,1,1,1,0,-6.60277878191565581e-01,7.00000000000000000e+06,9.73290290710086068e-10,1.17597233568342727e-17,9.73290290710086068e-10,6.65230410439627526e-10,NULLSPACE,NULLSPACE_CONSISTENT
run1,SCLIP_HIGH,KUP,D3,.1000000000000000E-01,-1,BRANCH_2,BRANCH_2,6437264.263530834,6437264.263530838,.4101786112491734E-07,.6371939918219087E-14,.2654269337654114E-07,.1063625731891833E-13,1.000000000000000,1,1,1,1,0,,7.00000000000000000e+06,9.19609180504404766e-01,9.19609180504405432e-01,5.85969444641676219e-15,3.79181333950587702e-15,ACTIVE_CLIP,CONSISTENT_NUMERICALLY
run1,SCLIP_HIGH,KUP,D3,.3000000000000000E-02,-1,BRANCH_2,BRANCH_2,6437264.263530921,6437264.263530838,.1936652767887420E-06,.3008502818284395E-13,.1308508217334747E-06,.5243488257221142E-13,1.000000000000000,1,1,1,1,0,-1.28916839059478328e+00,7.00000000000000000e+06,9.19609180504417312e-01,9.19609180504405432e-01,2.76664681126774290e-14,1.86929745333535294e-14,ACTIVE_CLIP,CONSISTENT_NUMERICALLY
run1,SCLIP_HIGH,KUP,D3,.1000000000000000E-02,-1,BRANCH_2,BRANCH_2,6437264.263531207,6437264.263530838,.9558159318232297E-06,.1484816985436155E-12,.6025657057762146E-06,.2414617012399473E-12,.9999999999999998,1,1,1,1,0,-1.45313690693095321e+00,7.00000000000000000e+06,9.19609180504458168e-01,9.19609180504405432e-01,1.36545133117604237e-13,8.60808151108878007e-14,ACTIVE_CLIP,CONSISTENT_NUMERICALLY
run1,SCLIP_HIGH,KUP,D3,.3000000000000000E-03,-1,BRANCH_2,BRANCH_2,6437264.263532104,6437264.263530838,.2306394336958274E-05,.3582879686987968E-12,.1223757863044739E-05,.4903874427035730E-12,1.000000000000000,1,1,1,1,0,-7.31640559668000678e-01,7.00000000000000000e+06,9.19609180504586288e-01,9.19609180504405432e-01,3.29484905279753422e-13,1.74822551863534133e-13,ACTIVE_CLIP,CONSISTENT_NUMERICALLY
run1,SCLIP_HIGH,KUP,D3,.1000000000000000E-03,-1,BRANCH_2,BRANCH_2,6437264.263538798,6437264.263530838,.1219173407748812E-04,.1893930958612825E-11,.1053046435117722E-04,.4219795140519332E-11,1.000000000000000,1,1,1,1,0,-1.51561455544622925e+00,7.00000000000000000e+06,9.19609180505542634e-01,9.19609180504405432e-01,1.74167629678401709e-12,1.50435205016817446e-12,ACTIVE_CLIP,CONSISTENT_NUMERICALLY
run1,SCLIP_HIGH,KUP,D3,.3000000000000000E-04,-1,BRANCH_2,BRANCH_2,6437264.263556217,6437264.263530838,.3024734108882570E-04,.4698788157582300E-11,.1831632107496262E-04,.7339763954049602E-11,1.000000000000000,1,1,1,1,0,-7.54709817349648926e-01,7.00000000000000000e+06,9.19609180508030977e-01,9.19609180504405432e-01,4.32104872697510023e-12,2.61661729642323132e-12,ACTIVE_CLIP,CONSISTENT_NUMERICALLY
run1,SCLIP_HIGH,KUP,D3,.1000000000000000E-04,-1,BRANCH_2,BRANCH_2,6437264.263479759,6437264.263530838,.1092169842627459E-03,.1696636642393183E-10,.8414778858423233E-04,.3371992131706062E-10,.9999999999999998,1,1,1,1,0,-1.16868190468846622e+00,7.00000000000000000e+06,9.19609180497108381e-01,9.19609180504405432e-01,1.56024263232494149e-11,1.20211126548903323e-11,ACTIVE_CLIP,CONSISTENT_NUMERICALLY
run1,SCLIP_HIGH,KUP,D3,.3000000000000000E-05,-1,BRANCH_2,BRANCH_2,6437264.263754754,6437264.263530838,.3343616799463402E-03,.5194158049856295E-10,.2650918904691935E-03,.1062283137652752E-09,.9999999999999998,1,1,1,1,0,-9.29328878861506613e-01,7.00000000000000000e+06,9.19609180536393511e-01,9.19609180504405432e-01,4.77659542780485985e-11,3.78702700670276421e-11,ACTIVE_CLIP,CONSISTENT_NUMERICALLY
run1,SCLIP_HIGH,KUP,D3,.1000000000000000E-05,-1,BRANCH_2,BRANCH_2,6437264.263973357,6437264.263530838,.7843498298364369E-03,.1218452121386582E-09,.5383049137890339E-03,.2157109490278646E-09,1.000000000000000,1,1,1,1,0,-7.76098956807667384e-01,7.00000000000000000e+06,9.19609180567622420e-01,9.19609180504405432e-01,1.12049975690919559e-10,7.69007019698619898e-11,ACTIVE_CLIP,CONSISTENT_NUMERICALLY
run1,SCLIP_HIGH,KUP,D3,.3000000000000000E-06,-1,BRANCH_2,BRANCH_2,6437264.265552647,6437264.263530838,.3133408586315235E-02,.4867609060393651E-09,.1287975348532200E-02,.5161208409153416E-09,.9999999999999998,1,1,1,1,0,-1.15037612052409433e+00,7.00000000000000000e+06,9.19609180793235392e-01,9.19609180504405432e-01,4.47629798045033557e-10,1.83996478361742865e-10,ACTIVE_CLIP,CONSISTENT_NUMERICALLY
run1,SCLIP_HIGH,KUP,D3,.1000000000000000E-06,-1,BRANCH_2,BRANCH_2,6437264.268385518,6437264.263530838,.7328046449517615E-02,.1138378998281440E-08,.3332272637635469E-02,.1335316981637750E-08,1.000000000000000,1,1,1,1,0,-7.73327913333473727e-01,7.00000000000000000e+06,9.19609181197931225e-01,9.19609180504405432e-01,1.04686377850251640e-09,4.76038948233638436e-10,ACTIVE_CLIP,CONSISTENT_NUMERICALLY
run1,SCLIP_HIGH,KUS,D1,.1000000000000000E-01,-1,BRANCH_2,BRANCH_2,.000000000000000,.000000000000000,.000000000000000,.000000000000000,.000000000000000,.000000000000000,1.000000000000000,1,1,1,1,0,,1.00000000000000000e+00,0.00000000000000000e+00,0.00000000000000000e+00,0.00000000000000000e+00,0.00000000000000000e+00,NULLSPACE,NULLSPACE_CONSISTENT
run1,SCLIP_HIGH,KUS,D1,.3000000000000000E-02,-1,BRANCH_2,BRANCH_2,.000000000000000,.000000000000000,.000000000000000,.000000000000000,.000000000000000,.000000000000000,1.000000000000000,1,1,1,1,0,-0.00000000000000000e+00,1.00000000000000000e+00,0.00000000000000000e+00,0.00000000000000000e+00,0.00000000000000000e+00,0.00000000000000000e+00,NULLSPACE,NULLSPACE_CONSISTENT
run1,SCLIP_HIGH,KUS,D1,.1000000000000000E-02,-1,BRANCH_2,BRANCH_2,.000000000000000,.000000000000000,.000000000000000,.000000000000000,.000000000000000,.000000000000000,1.000000000000000,1,1,1,1,0,-0.00000000000000000e+00,1.00000000000000000e+00,0.00000000000000000e+00,0.00000000000000000e+00,0.00000000000000000e+00,0.00000000000000000e+00,NULLSPACE,NULLSPACE_CONSISTENT
run1,SCLIP_HIGH,KUS,D1,.3000000000000000E-03,-1,BRANCH_2,BRANCH_2,.000000000000000,.000000000000000,.000000000000000,.000000000000000,.000000000000000,.000000000000000,1.000000000000000,1,1,1,1,0,-0.00000000000000000e+00,1.00000000000000000e+00,0.00000000000000000e+00,0.00000000000000000e+00,0.00000000000000000e+00,0.00000000000000000e+00,NULLSPACE,NULLSPACE_CONSISTENT
run1,SCLIP_HIGH,KUS,D1,.1000000000000000E-03,-1,BRANCH_2,BRANCH_2,.000000000000000,.000000000000000,.000000000000000,.000000000000000,.000000000000000,.000000000000000,1.000000000000000,1,1,1,1,0,-0.00000000000000000e+00,1.00000000000000000e+00,0.00000000000000000e+00,0.00000000000000000e+00,0.00000000000000000e+00,0.00000000000000000e+00,NULLSPACE,NULLSPACE_CONSISTENT
run1,SCLIP_HIGH,KUS,D1,.3000000000000000E-04,-1,BRANCH_2,BRANCH_2,.000000000000000,.000000000000000,.000000000000000,.000000000000000,.000000000000000,.000000000000000,1.000000000000000,1,1,1,1,0,-0.00000000000000000e+00,1.00000000000000000e+00,0.00000000000000000e+00,0.00000000000000000e+00,0.00000000000000000e+00,0.00000000000000000e+00,NULLSPACE,NULLSPACE_CONSISTENT
run1,SCLIP_HIGH,KUS,D1,.1000000000000000E-04,-1,BRANCH_2,BRANCH_2,.000000000000000,.000000000000000,.000000000000000,.000000000000000,.000000000000000,.000000000000000,1.000000000000000,1,1,1,1,0,-0.00000000000000000e+00,1.00000000000000000e+00,0.00000000000000000e+00,0.00000000000000000e+00,0.00000000000000000e+00,0.00000000000000000e+00,NULLSPACE,NULLSPACE_CONSISTENT
run1,SCLIP_HIGH,KUS,D1,.3000000000000000E-05,-1,BRANCH_2,BRANCH_2,.000000000000000,.000000000000000,.000000000000000,.000000000000000,.000000000000000,.000000000000000,1.000000000000000,1,1,1,1,0,-0.00000000000000000e+00,1.00000000000000000e+00,0.00000000000000000e+00,0.00000000000000000e+00,0.00000000000000000e+00,0.00000000000000000e+00,NULLSPACE,NULLSPACE_CONSISTENT
run1,SCLIP_HIGH,KUS,D1,.1000000000000000E-05,-1,BRANCH_2,BRANCH_2,.000000000000000,.000000000000000,.000000000000000,.000000000000000,.000000000000000,.000000000000000,1.000000000000000,1,1,1,1,0,-0.00000000000000000e+00,1.00000000000000000e+00,0.00000000000000000e+00,0.00000000000000000e+00,0.00000000000000000e+00,0.00000000000000000e+00,NULLSPACE,NULLSPACE_CONSISTENT
run1,SCLIP_HIGH,KUS,D1,.3000000000000000E-06,-1,BRANCH_2,BRANCH_2,.000000000000000,.000000000000000,.000000000000000,.000000000000000,.000000000000000,.000000000000000,1.000000000000000,1,1,1,1,0,-0.00000000000000000e+00,1.00000000000000000e+00,0.00000000000000000e+00,0.00000000000000000e+00,0.00000000000000000e+00,0.00000000000000000e+00,NULLSPACE,NULLSPACE_CONSISTENT
run1,SCLIP_HIGH,KUS,D1,.1000000000000000E-06,-1,BRANCH_2,BRANCH_2,.000000000000000,.000000000000000,.000000000000000,.000000000000000,.000000000000000,.000000000000000,1.000000000000000,1,1,1,1,0,-0.00000000000000000e+00,1.00000000000000000e+00,0.00000000000000000e+00,0.00000000000000000e+00,0.00000000000000000e+00,0.00000000000000000e+00,NULLSPACE,NULLSPACE_CONSISTENT
run1,SCLIP_HIGH,KUS,D2,.1000000000000000E-01,-1,BRANCH_2,BRANCH_2,.000000000000000,.000000000000000,.000000000000000,.000000000000000,.000000000000000,.000000000000000,1.000000000000000,1,1,1,1,0,,1.00000000000000000e+00,0.00000000000000000e+00,0.00000000000000000e+00,0.00000000000000000e+00,0.00000000000000000e+00,NULLSPACE,NULLSPACE_CONSISTENT
run1,SCLIP_HIGH,KUS,D2,.3000000000000000E-02,-1,BRANCH_2,BRANCH_2,.000000000000000,.000000000000000,.000000000000000,.000000000000000,.000000000000000,.000000000000000,1.000000000000000,1,1,1,1,0,-0.00000000000000000e+00,1.00000000000000000e+00,0.00000000000000000e+00,0.00000000000000000e+00,0.00000000000000000e+00,0.00000000000000000e+00,NULLSPACE,NULLSPACE_CONSISTENT
run1,SCLIP_HIGH,KUS,D2,.1000000000000000E-02,-1,BRANCH_2,BRANCH_2,.000000000000000,.000000000000000,.000000000000000,.000000000000000,.000000000000000,.000000000000000,1.000000000000000,1,1,1,1,0,-0.00000000000000000e+00,1.00000000000000000e+00,0.00000000000000000e+00,0.00000000000000000e+00,0.00000000000000000e+00,0.00000000000000000e+00,NULLSPACE,NULLSPACE_CONSISTENT
run1,SCLIP_HIGH,KUS,D2,.3000000000000000E-03,-1,BRANCH_2,BRANCH_2,.000000000000000,.000000000000000,.000000000000000,.000000000000000,.000000000000000,.000000000000000,1.000000000000000,1,1,1,1,0,-0.00000000000000000e+00,1.00000000000000000e+00,0.00000000000000000e+00,0.00000000000000000e+00,0.00000000000000000e+00,0.00000000000000000e+00,NULLSPACE,NULLSPACE_CONSISTENT
run1,SCLIP_HIGH,KUS,D2,.1000000000000000E-03,-1,BRANCH_2,BRANCH_2,.000000000000000,.000000000000000,.000000000000000,.000000000000000,.000000000000000,.000000000000000,1.000000000000000,1,1,1,1,0,-0.00000000000000000e+00,1.00000000000000000e+00,0.00000000000000000e+00,0.00000000000000000e+00,0.00000000000000000e+00,0.00000000000000000e+00,NULLSPACE,NULLSPACE_CONSISTENT
run1,SCLIP_HIGH,KUS,D2,.3000000000000000E-04,-1,BRANCH_2,BRANCH_2,.000000000000000,.000000000000000,.000000000000000,.000000000000000,.000000000000000,.000000000000000,1.000000000000000,1,1,1,1,0,-0.00000000000000000e+00,1.00000000000000000e+00,0.00000000000000000e+00,0.00000000000000000e+00,0.00000000000000000e+00,0.00000000000000000e+00,NULLSPACE,NULLSPACE_CONSISTENT
run1,SCLIP_HIGH,KUS,D2,.1000000000000000E-04,-1,BRANCH_2,BRANCH_2,.000000000000000,.000000000000000,.000000000000000,.000000000000000,.000000000000000,.000000000000000,1.000000000000000,1,1,1,1,0,-0.00000000000000000e+00,1.00000000000000000e+00,0.00000000000000000e+00,0.00000000000000000e+00,0.00000000000000000e+00,0.00000000000000000e+00,NULLSPACE,NULLSPACE_CONSISTENT
run1,SCLIP_HIGH,KUS,D2,.3000000000000000E-05,-1,BRANCH_2,BRANCH_2,.000000000000000,.000000000000000,.000000000000000,.000000000000000,.000000000000000,.000000000000000,1.000000000000000,1,1,1,1,0,-0.00000000000000000e+00,1.00000000000000000e+00,0.00000000000000000e+00,0.00000000000000000e+00,0.00000000000000000e+00,0.00000000000000000e+00,NULLSPACE,NULLSPACE_CONSISTENT
run1,SCLIP_HIGH,KUS,D2,.1000000000000000E-05,-1,BRANCH_2,BRANCH_2,.000000000000000,.000000000000000,.000000000000000,.000000000000000,.000000000000000,.000000000000000,1.000000000000000,1,1,1,1,0,-0.00000000000000000e+00,1.00000000000000000e+00,0.00000000000000000e+00,0.00000000000000000e+00,0.00000000000000000e+00,0.00000000000000000e+00,NULLSPACE,NULLSPACE_CONSISTENT
run1,SCLIP_HIGH,KUS,D2,.3000000000000000E-06,-1,BRANCH_2,BRANCH_2,.000000000000000,.000000000000000,.000000000000000,.000000000000000,.000000000000000,.000000000000000,1.000000000000000,1,1,1,1,0,-0.00000000000000000e+00,1.00000000000000000e+00,0.00000000000000000e+00,0.00000000000000000e+00,0.00000000000000000e+00,0.00000000000000000e+00,NULLSPACE,NULLSPACE_CONSISTENT
run1,SCLIP_HIGH,KUS,D2,.1000000000000000E-06,-1,BRANCH_2,BRANCH_2,.000000000000000,.000000000000000,.000000000000000,.000000000000000,.000000000000000,.000000000000000,1.000000000000000,1,1,1,1,0,-0.00000000000000000e+00,1.00000000000000000e+00,0.00000000000000000e+00,0.00000000000000000e+00,0.00000000000000000e+00,0.00000000000000000e+00,NULLSPACE,NULLSPACE_CONSISTENT
run1,SCLIP_HIGH,KUS,D3,.1000000000000000E-01,-1,BRANCH_2,BRANCH_2,.000000000000000,.000000000000000,.000000000000000,.000000000000000,.000000000000000,.000000000000000,1.000000000000000,1,1,1,1,0,,1.00000000000000000e+00,0.00000000000000000e+00,0.00000000000000000e+00,0.00000000000000000e+00,0.00000000000000000e+00,NULLSPACE,NULLSPACE_CONSISTENT
run1,SCLIP_HIGH,KUS,D3,.3000000000000000E-02,-1,BRANCH_2,BRANCH_2,.000000000000000,.000000000000000,.000000000000000,.000000000000000,.000000000000000,.000000000000000,1.000000000000000,1,1,1,1,0,-0.00000000000000000e+00,1.00000000000000000e+00,0.00000000000000000e+00,0.00000000000000000e+00,0.00000000000000000e+00,0.00000000000000000e+00,NULLSPACE,NULLSPACE_CONSISTENT
run1,SCLIP_HIGH,KUS,D3,.1000000000000000E-02,-1,BRANCH_2,BRANCH_2,.000000000000000,.000000000000000,.000000000000000,.000000000000000,.000000000000000,.000000000000000,1.000000000000000,1,1,1,1,0,-0.00000000000000000e+00,1.00000000000000000e+00,0.00000000000000000e+00,0.00000000000000000e+00,0.00000000000000000e+00,0.00000000000000000e+00,NULLSPACE,NULLSPACE_CONSISTENT
run1,SCLIP_HIGH,KUS,D3,.3000000000000000E-03,-1,BRANCH_2,BRANCH_2,.000000000000000,.000000000000000,.000000000000000,.000000000000000,.000000000000000,.000000000000000,1.000000000000000,1,1,1,1,0,-0.00000000000000000e+00,1.00000000000000000e+00,0.00000000000000000e+00,0.00000000000000000e+00,0.00000000000000000e+00,0.00000000000000000e+00,NULLSPACE,NULLSPACE_CONSISTENT
run1,SCLIP_HIGH,KUS,D3,.1000000000000000E-03,-1,BRANCH_2,BRANCH_2,.000000000000000,.000000000000000,.000000000000000,.000000000000000,.000000000000000,.000000000000000,1.000000000000000,1,1,1,1,0,-0.00000000000000000e+00,1.00000000000000000e+00,0.00000000000000000e+00,0.00000000000000000e+00,0.00000000000000000e+00,0.00000000000000000e+00,NULLSPACE,NULLSPACE_CONSISTENT
run1,SCLIP_HIGH,KUS,D3,.3000000000000000E-04,-1,BRANCH_2,BRANCH_2,.000000000000000,.000000000000000,.000000000000000,.000000000000000,.000000000000000,.000000000000000,1.000000000000000,1,1,1,1,0,-0.00000000000000000e+00,1.00000000000000000e+00,0.00000000000000000e+00,0.00000000000000000e+00,0.00000000000000000e+00,0.00000000000000000e+00,NULLSPACE,NULLSPACE_CONSISTENT
run1,SCLIP_HIGH,KUS,D3,.1000000000000000E-04,-1,BRANCH_2,BRANCH_2,.000000000000000,.000000000000000,.000000000000000,.000000000000000,.000000000000000,.000000000000000,1.000000000000000,1,1,1,1,0,-0.00000000000000000e+00,1.00000000000000000e+00,0.00000000000000000e+00,0.00000000000000000e+00,0.00000000000000000e+00,0.00000000000000000e+00,NULLSPACE,NULLSPACE_CONSISTENT
run1,SCLIP_HIGH,KUS,D3,.3000000000000000E-05,-1,BRANCH_2,BRANCH_2,.000000000000000,.000000000000000,.000000000000000,.000000000000000,.000000000000000,.000000000000000,1.000000000000000,1,1,1,1,0,-0.00000000000000000e+00,1.00000000000000000e+00,0.00000000000000000e+00,0.00000000000000000e+00,0.00000000000000000e+00,0.00000000000000000e+00,NULLSPACE,NULLSPACE_CONSISTENT
run1,SCLIP_HIGH,KUS,D3,.1000000000000000E-05,-1,BRANCH_2,BRANCH_2,.000000000000000,.000000000000000,.000000000000000,.000000000000000,.000000000000000,.000000000000000,1.000000000000000,1,1,1,1,0,-0.00000000000000000e+00,1.00000000000000000e+00,0.00000000000000000e+00,0.00000000000000000e+00,0.00000000000000000e+00,0.00000000000000000e+00,NULLSPACE,NULLSPACE_CONSISTENT
run1,SCLIP_HIGH,KUS,D3,.3000000000000000E-06,-1,BRANCH_2,BRANCH_2,.000000000000000,.000000000000000,.000000000000000,.000000000000000,.000000000000000,.000000000000000,1.000000000000000,1,1,1,1,0,-0.00000000000000000e+00,1.00000000000000000e+00,0.00000000000000000e+00,0.00000000000000000e+00,0.00000000000000000e+00,0.00000000000000000e+00,NULLSPACE,NULLSPACE_CONSISTENT
run1,SCLIP_HIGH,KUS,D3,.1000000000000000E-06,-1,BRANCH_2,BRANCH_2,.000000000000000,.000000000000000,.000000000000000,.000000000000000,.000000000000000,.000000000000000,1.000000000000000,1,1,1,1,0,-0.00000000000000000e+00,1.00000000000000000e+00,0.00000000000000000e+00,0.00000000000000000e+00,0.00000000000000000e+00,0.00000000000000000e+00,NULLSPACE,NULLSPACE_CONSISTENT
run1,SCLIP_HIGH,KUU,D1,.1000000000000000E-01,-1,BRANCH_2,BRANCH_2,.1243316182127096E-06,.1708785405576776E-10,.1243258284644643E-06,.9999534330178556,.9312498150393367E-07,.9999218750000000,.3388832605123788,1,1,1,1,0,,2.50000000000000029e+05,4.97326472850838404e-13,6.83514162230710327e-17,4.97303313857857168e-13,3.72499926015734611e-13,NULLSPACE,NULLSPACE_CONSISTENT
run1,SCLIP_HIGH,KUU,D1,.3000000000000000E-02,-1,BRANCH_2,BRANCH_2,.4180563735312946E-06,.1708785405576776E-10,.4180621989388406E-06,1.000013934502414,.3104481341627737E-06,1.000023437500000,-.3408911900348379,1,1,1,1,0,-1.00726897659844239e+00,2.50000000000000029e+05,1.67222549412517817e-12,6.83514162230710327e-17,1.67224879575536205e-12,1.24179253665109474e-12,NULLSPACE,NULLSPACE_CONSISTENT
run1,SCLIP_HIGH,KUU,D1,.1000000000000000E-02,-1,BRANCH_2,BRANCH_2,.1243316182127096E-05,.1708785405576776E-10,.1243310391443339E-05,.9999953425493531,.9313152986578643E-06,.9999921875000000,.3388832605123788,1,1,1,1,0,-9.92072053421650168e-01,2.50000000000000029e+05,4.97326472850838404e-12,6.83514162230710327e-17,4.97324156577335565e-12,3.72526119463145657e-12,NULLSPACE,NULLSPACE_CONSISTENT
run1,SCLIP_HIGH,KUU,D1,.3000000000000000E-03,-1,BRANCH_2,BRANCH_2,.7991049539690174E-05,.1708785405576776E-10,.7991042605688610E-05,.9999991322789917,.5044663036339140E-05,.9999998197115385,.4057862855947997,1,1,1,1,0,-1.54533702132407313e+00,2.50000000000000029e+05,3.19641981587606897e-11,6.83514162230710327e-17,3.19641704227544354e-11,2.01786521453565577e-11,NULLSPACE,NULLSPACE_CONSISTENT
run1,SCLIP_HIGH,KUU,D1,.1000000000000000E-03,-1,BRANCH_2,BRANCH_2,.1416253515122975E-04,.1708785405576776E-10,.1416253245987966E-04,.9999998099669261,.9313218470197171E-05,.9999992187500000,.1575013535330729,1,1,1,1,0,-5.20910501481520294e-01,2.50000000000000029e+05,5.66501406049189942e-11,6.83514162230710327e-17,5.66501298395186347e-11,3.72528738807886806e-11,NULLSPACE,NULLSPACE_CONSISTENT
run1,SCLIP_HIGH,KUU,D1,.3000000000000000E-04,-1,BRANCH_2,BRANCH_2,.5090166668075798E-04,.1708785405576776E-10,.5090165302162126E-04,.9999997316563953,.3104407854455834E-04,.9999997656250000,.7993477541423315,1,1,1,1,0,-1.06256177547214414e+00,2.50000000000000029e+05,2.03606666723031914e-10,6.83514162230710327e-17,2.03606612086485007e-10,1.24176314178233340e-10,NULLSPACE,NULLSPACE_CONSISTENT
run1,SCLIP_HIGH,KUU,D1,.1000000000000000E-04,-1,BRANCH_2,BRANCH_2,.1655596151636901E-03,.1708785405576776E-10,.1655596071057058E-03,.9999999513288051,.9313225746154784E-04,1.000000000000000,.4715621371495354,1,1,1,1,0,-1.07356881679187999e+00,2.50000000000000029e+05,6.62238460654760341e-10,6.83514162230710327e-17,6.62238428422823118e-10,3.72529029846191324e-10,NULLSPACE,NULLSPACE_CONSISTENT
run1,SCLIP_HIGH,KUU,D1,.3000000000000000E-05,-1,BRANCH_2,BRANCH_2,.4927637482062096E-03,.1708785405576776E-10,.4927637414020592E-03,.9999999861918609,.3104408654811171E-03,1.000000023437500,.3981863709016760,1,1,1,1,0,-9.05916259186833162e-01,2.50000000000000029e+05,1.97105499282483816e-09,6.83514162230710327e-17,1.97105496560823647e-09,1.24176346192446834e-09,NULLSPACE,NULLSPACE_CONSISTENT
run1,SCLIP_HIGH,KUU,D1,.1000000000000000E-05,-1,BRANCH_2,BRANCH_2,.2050529577979881E-02,.1708785405576776E-10,.2050529578289691E-02,1.000000000151088,.1396983861923218E-02,1.000000000000000,-.1813042575060005E-01,1,1,1,1,0,-1.29784051347207807e+00,2.50000000000000029e+05,8.20211831191952299e-09,6.83514162230710327e-17,8.20211831315876362e-09,5.58793544769287109e-09,NULLSPACE,NULLSPACE_CONSISTENT
run1,SCLIP_HIGH,KUU,D1,.3000000000000000E-06,-1,BRANCH_2,BRANCH_2,.5677526695808835E-02,.1708785405576776E-10,.5677526704698102E-02,1.000000001565693,.3104408596603510E-02,1.000000004687500,-.5202096308287942,1,1,1,1,0,-8.45880907166032925e-01,2.50000000000000029e+05,2.27101067832353358e-08,6.83514162230710327e-17,2.27101068187924058e-08,1.24176343864140382e-08,NULLSPACE,NULLSPACE_CONSISTENT
run1,SCLIP_HIGH,KUU,D1,.1000000000000000E-06,-1,BRANCH_2,BRANCH_2,.2443508797855159E-01,.1708785405576776E-10,.2443508797530178E-01,.9999999998670023,.1484295353293419E-01,1.000000000000000,.1901823225253289,1,1,1,1,0,-1.32849818590469915e+00,2.50000000000000029e+05,9.77403519142063556e-08,6.83514162230710327e-17,9.77403519012071130e-08,5.93718141317367554e-08,NULLSPACE,NULLSPACE_CONSISTENT
run1,SCLIP_HIGH,KUU,D2,.1000000000000000E-01,-1,BRANCH_2,BRANCH_2,.1522606047746764E-06,.1064536255464157E-10,.1522555983219300E-06,.9999671191852035,.9313225746154785E-07,1.000000000000000,.4703214709702793,1,1,1,1,0,,2.50000000000000029e+05,6.09042419098705581e-13,4.25814502185662744e-17,6.09022393287719868e-13,3.72529029846191374e-13,NULLSPACE,NULLSPACE_CONSISTENT
run1,SCLIP_HIGH,KUU,D2,.3000000000000000E-02,-1,BRANCH_2,BRANCH_2,.5075353492489212E-06,.1064536255464157E-10,.5075403560784420E-06,1.000009864986800,.3104481341627737E-06,1.000023437500000,-.4703214709702792,1,1,1,1,0,-1.00003550436801358e+00,2.50000000000000029e+05,2.03014139699568453e-12,4.25814502185662744e-17,2.03016142431376757e-12,1.24179253665109474e-12,NULLSPACE,NULLSPACE_CONSISTENT
run1,SCLIP_HIGH,KUU,D2,.1000000000000000E-02,-1,BRANCH_2,BRANCH_2,.1658918336033821E-05,.1064536255464157E-10,.1658914251314814E-05,.9999975377214667,.9313225746154785E-06,1.000000000000000,.3837115094306856,1,1,1,1,0,-1.07803488726531427e+00,2.50000000000000029e+05,6.63567334413528305e-12,4.25814502185662744e-17,6.63565700525925503e-12,3.72529029846191333e-12,NULLSPACE,NULLSPACE_CONSISTENT
run1,SCLIP_HIGH,KUU,D2,.3000000000000000E-03,-1,BRANCH_2,BRANCH_2,.7990460641827279E-05,.1064536255464157E-10,.7990457991695893E-05,.9999996683380965,.4656616511056200E-05,1.000000781250000,.2489476543010870,1,1,1,1,0,-1.30574772968150121e+00,2.50000000000000029e+05,3.19618425673091139e-11,4.25814502185662744e-17,3.19618319667835702e-11,1.86264660442247979e-11,NULLSPACE,NULLSPACE_CONSISTENT
run1,SCLIP_HIGH,KUU,D2,.1000000000000000E-03,-1,BRANCH_2,BRANCH_2,.2049909864196127E-04,.1064536255464157E-10,.2049909807380719E-04,.9999999722839483,.9313229384133592E-05,1.000000390625000,.5337129976158585E-01,1,1,1,1,0,-8.57566240380266631e-01,2.50000000000000029e+05,8.19963945678450670e-11,4.25814502185662744e-17,8.19963922952287603e-11,3.72529175365343653e-11,NULLSPACE,NULLSPACE_CONSISTENT
run1,SCLIP_HIGH,KUU,D2,.3000000000000000E-04,-1,BRANCH_2,BRANCH_2,.5207155249205590E-04,.1064536255464157E-10,.5207154734093126E-04,.9999999010760311,.3104408582051595E-04,1.000000000000000,.4838844555103181,1,1,1,1,0,-7.74301372223837547e-01,2.50000000000000029e+05,2.08286209968223581e-10,4.25814502185662744e-17,2.08286189363725018e-10,1.24176343282063800e-10,NULLSPACE,NULLSPACE_CONSISTENT
run1,SCLIP_HIGH,KUU,D2,.1000000000000000E-04,-1,BRANCH_2,BRANCH_2,.2153683453798294E-03,.1064536255464157E-10,.2153683477395996E-03,1.000000010956904,.9313226473750545E-04,1.000000078125000,-.2216711760562406,1,1,1,1,0,-1.29229496051977311e+00,2.50000000000000029e+05,8.61473381519317565e-10,4.25814502185662744e-17,8.61473390958398371e-10,3.72529058950021758e-10,NULLSPACE,NULLSPACE_CONSISTENT
run1,SCLIP_HIGH,KUU,D2,.3000000000000000E-05,-1,BRANCH_2,BRANCH_2,.4932410013429728E-03,.1064536255464157E-10,.4932410032033596E-03,1.000000003771760,.3104408654811171E-03,1.000000023437500,-.1747603001776364,1,1,1,1,0,-6.88261474370942983e-01,2.50000000000000029e+05,1.97296400537189103e-09,4.25814502185662744e-17,1.97296401281343819e-09,1.24176346192446834e-09,NULLSPACE,NULLSPACE_CONSISTENT
run1,SCLIP_HIGH,KUU,D2,.1000000000000000E-05,-1,BRANCH_2,BRANCH_2,.3137279529639488E-02,.1064536255464157E-10,.3137279530044473E-02,1.000000000129088,.1396983865561197E-02,1.000000002604167,-.3804327439952365E-01,1,1,1,1,0,-1.68404579653854758e+00,2.50000000000000029e+05,1.25491181185579492e-08,4.25814502185662744e-17,1.25491181201778898e-08,5.58793546224478711e-09,NULLSPACE,NULLSPACE_CONSISTENT
run1,SCLIP_HIGH,KUU,D2,.3000000000000000E-06,-1,BRANCH_2,BRANCH_2,.6540272458876784E-02,.1064536255464157E-10,.6540272454451847E-02,.9999999993234323,.3104408582051595E-02,1.000000000000000,.4156680234607890,1,1,1,1,0,-6.10165602564760490e-01,2.50000000000000029e+05,2.61610898355071354e-08,4.25814502185662744e-17,2.61610898178073860e-08,1.24176343282063791e-08,NULLSPACE,NULLSPACE_CONSISTENT
run1,SCLIP_HIGH,KUU,D2,.1000000000000000E-06,-1,BRANCH_2,BRANCH_2,.2281265093743036E-01,.1064536255464157E-10,.2281265093427431E-01,.9999999998616538,.1396983862287016E-01,1.000000000260417,.2964715452264412,1,1,1,1,0,-1.13719501975434323e+00,2.50000000000000029e+05,9.12506037497214250e-08,4.25814502185662744e-17,9.12506037370972327e-08,5.58793544914806311e-08,NULLSPACE,NULLSPACE_CONSISTENT
run1,SCLIP_HIGH,KUU,D3,.1000000000000000E-01,-1,BRANCH_2,BRANCH_2,261830.2593055009,261830.2593053722,.1521873368618431E-06,.5812442659053875E-12,.7561175152659416E-07,.5559077078142366E-12,.9999999999999999,1,1,1,1,0,,2.50000000000000029e+05,1.04732103722200343e+00,1.04732103722148873e+00,6.08749347447372262e-13,3.02447006106376603e-13,ACTIVE_CLIP,CONSISTENT_NUMERICALLY
run1,SCLIP_HIGH,KUU,D3,.3000000000000000E-02,-1,BRANCH_2,BRANCH_2,261830.2593052086,261830.2593053722,.7262892715731194E-06,.2773893565625085E-11,.4617977538146079E-06,.3395198836338876E-11,1.000000000000000,1,1,1,1,0,-1.29806598140983120e+00,2.50000000000000029e+05,1.04732103722083436e+00,1.04732103722148873e+00,2.90515708629247710e-12,1.84719101525843137e-12,ACTIVE_CLIP,CONSISTENT_NUMERICALLY
run1,SCLIP_HIGH,KUU,D3,.1000000000000000E-02,-1,BRANCH_2,BRANCH_2,261830.2593058071,261830.2593053722,.1147698830727618E-05,.4383369721171734E-11,.7722410373389721E-06,.5677619368397808E-11,1.000000000000000,1,1,1,1,0,-4.16494356972149815e-01,2.50000000000000029e+05,1.04732103722322822e+00,1.04732103722148873e+00,4.59079532291047141e-12,3.08896414935588820e-12,ACTIVE_CLIP,CONSISTENT_NUMERICALLY
run1,SCLIP_HIGH,KUU,D3,.3000000000000000E-03,-1,BRANCH_2,BRANCH_2,261830.2593072385,261830.2593053722,.4739426325345899E-05,.1810114055528063E-10,.2800424226734322E-05,.2058909337943177E-10,1.000000000000000,1,1,1,1,0,-1.17789801727341792e+00,2.50000000000000029e+05,1.04732103722895387e+00,1.04732103722148873e+00,1.89577053013835938e-11,1.12016969069372872e-11,ACTIVE_CLIP,CONSISTENT_NUMERICALLY
run1,SCLIP_HIGH,KUU,D3,.1000000000000000E-03,-1,BRANCH_2,BRANCH_2,261830.2593161525,261830.2593053722,.1512870583127711E-04,.5778058605903772E-10,.1072118175216019E-04,.7882356184763393E-10,1.000000000000000,1,1,1,1,0,-1.05649454274431842e+00,2.50000000000000029e+05,1.04732103726460979e+00,1.04732103722148873e+00,6.05148233251084297e-11,4.28847270086407544e-11,ACTIVE_CLIP,CONSISTENT_NUMERICALLY
run1,SCLIP_HIGH,KUU,D3,.3000000000000000E-04,-1,BRANCH_2,BRANCH_2,261830.2593117818,261830.2593053722,.7158762815239137E-04,.2734123563126689E-09,.5557537042477634E-04,.4085975547238443E-09,.9999999999999999,1,1,1,1,0,-1.29099949329408847e+00,2.50000000000000029e+05,1.04732103724712711e+00,1.04732103722148873e+00,2.86350512609565456e-10,2.22301481699105336e-10,ACTIVE_CLIP,CONSISTENT_NUMERICALLY
run1,SCLIP_HIGH,KUU,D3,.1000000000000000E-04,-1,BRANCH_2,BRANCH_2,261830.2595776316,261830.2593053722,.3857359475247799E-03,.1473229061251459E-08,.2684620558284223E-03,.1973768930536563E-08,1.000000000000000,1,1,1,1,0,-1.53305293515576779e+00,2.50000000000000029e+05,1.04732103831052625e+00,1.04732103722148873e+00,1.54294379009911938e-09,1.07384822331368915e-09,ACTIVE_CLIP,CONSISTENT_NUMERICALLY
run1,SCLIP_HIGH,KUU,D3,.3000000000000000E-05,-1,BRANCH_2,BRANCH_2,261830.2598925719,261830.2593053722,.7385216278881702E-03,.2820612209571129E-08,.3782548301387578E-03,.2780980085446470E-08,1.000000000000000,1,1,1,1,0,-5.39461791694314408e-01,2.50000000000000029e+05,1.04732103957028744e+00,1.04732103722148873e+00,2.95408651155268051e-09,1.51301932055503104e-09,ACTIVE_CLIP,CONSISTENT_NUMERICALLY
run1,SCLIP_HIGH,KUU,D3,.1000000000000000E-05,-1,BRANCH_2,BRANCH_2,261830.2602059044,261830.2593053722,.1597682734810982E-02,.6101978944506099E-08,.1010609747027047E-02,.7430137965970355E-08,1.000000000000000,1,1,1,1,0,-7.02394455145758267e-01,2.50000000000000029e+05,1.04732104082361754e+00,1.04732103722148873e+00,6.39073093924392752e-09,4.04243898810818769e-09,ACTIVE_CLIP,CONSISTENT_NUMERICALLY
run1,SCLIP_HIGH,KUU,D3,.3000000000000000E-06,-1,BRANCH_2,BRANCH_2,261830.2560814588,261830.2593053722,.5253753326327259E-02,.2006549334773341E-07,.3371546801645309E-02,.2478806291946133E-07,.9999999999999998,1,1,1,1,0,-9.88717060284025839e-01,2.50000000000000029e+05,1.04732102432583507e+00,1.04732103722148873e+00,2.10150133053090363e-08,1.34861872065812351e-08,ACTIVE_CLIP,CONSISTENT_NUMERICALLY
run1,SCLIP_HIGH,KUU,D3,.1000000000000000E-06,-1,BRANCH_2,BRANCH_2,261830.2274868454,261830.2593053722,.3417560367332555E-01,.1305257985230294E-06,.1786014559911564E-01,.1313101786531847E-06,.9999999999999990,1,1,1,1,0,-1.70448603704636992e+00,2.50000000000000029e+05,1.04732090994738147e+00,1.04732103722148873e+00,1.36702414693302180e-07,7.14405823964625490e-08,ACTIVE_CLIP,CONSISTENT_NUMERICALLY
run1,SCLIP_LOW,KPS,D1,.1000000000000000E-01,-1,BRANCH_1,BRANCH_1,.000000000000000,.000000000000000,.000000000000000,.000000000000000,.000000000000000,.000000000000000,1.000000000000000,1,1,1,1,0,,1.00000000000000000e+00,0.00000000000000000e+00,0.00000000000000000e+00,0.00000000000000000e+00,0.00000000000000000e+00,NULLSPACE,NULLSPACE_CONSISTENT
run1,SCLIP_LOW,KPS,D1,.3000000000000000E-02,-1,BRANCH_1,BRANCH_1,.000000000000000,.000000000000000,.000000000000000,.000000000000000,.000000000000000,.000000000000000,1.000000000000000,1,1,1,1,0,-0.00000000000000000e+00,1.00000000000000000e+00,0.00000000000000000e+00,0.00000000000000000e+00,0.00000000000000000e+00,0.00000000000000000e+00,NULLSPACE,NULLSPACE_CONSISTENT
run1,SCLIP_LOW,KPS,D1,.1000000000000000E-02,-1,BRANCH_1,BRANCH_1,.000000000000000,.000000000000000,.000000000000000,.000000000000000,.000000000000000,.000000000000000,1.000000000000000,1,1,1,1,0,-0.00000000000000000e+00,1.00000000000000000e+00,0.00000000000000000e+00,0.00000000000000000e+00,0.00000000000000000e+00,0.00000000000000000e+00,NULLSPACE,NULLSPACE_CONSISTENT
run1,SCLIP_LOW,KPS,D1,.3000000000000000E-03,-1,BRANCH_1,BRANCH_1,.000000000000000,.000000000000000,.000000000000000,.000000000000000,.000000000000000,.000000000000000,1.000000000000000,1,1,1,1,0,-0.00000000000000000e+00,1.00000000000000000e+00,0.00000000000000000e+00,0.00000000000000000e+00,0.00000000000000000e+00,0.00000000000000000e+00,NULLSPACE,NULLSPACE_CONSISTENT
run1,SCLIP_LOW,KPS,D1,.1000000000000000E-03,-1,BRANCH_1,BRANCH_1,.000000000000000,.000000000000000,.000000000000000,.000000000000000,.000000000000000,.000000000000000,1.000000000000000,1,1,1,1,0,-0.00000000000000000e+00,1.00000000000000000e+00,0.00000000000000000e+00,0.00000000000000000e+00,0.00000000000000000e+00,0.00000000000000000e+00,NULLSPACE,NULLSPACE_CONSISTENT
run1,SCLIP_LOW,KPS,D1,.3000000000000000E-04,-1,BRANCH_1,BRANCH_1,.000000000000000,.000000000000000,.000000000000000,.000000000000000,.000000000000000,.000000000000000,1.000000000000000,1,1,1,1,0,-0.00000000000000000e+00,1.00000000000000000e+00,0.00000000000000000e+00,0.00000000000000000e+00,0.00000000000000000e+00,0.00000000000000000e+00,NULLSPACE,NULLSPACE_CONSISTENT
run1,SCLIP_LOW,KPS,D1,.1000000000000000E-04,-1,BRANCH_1,BRANCH_1,.000000000000000,.000000000000000,.000000000000000,.000000000000000,.000000000000000,.000000000000000,1.000000000000000,1,1,1,1,0,-0.00000000000000000e+00,1.00000000000000000e+00,0.00000000000000000e+00,0.00000000000000000e+00,0.00000000000000000e+00,0.00000000000000000e+00,NULLSPACE,NULLSPACE_CONSISTENT
run1,SCLIP_LOW,KPS,D1,.3000000000000000E-05,-1,BRANCH_1,BRANCH_1,.000000000000000,.000000000000000,.000000000000000,.000000000000000,.000000000000000,.000000000000000,1.000000000000000,1,1,1,1,0,-0.00000000000000000e+00,1.00000000000000000e+00,0.00000000000000000e+00,0.00000000000000000e+00,0.00000000000000000e+00,0.00000000000000000e+00,NULLSPACE,NULLSPACE_CONSISTENT
run1,SCLIP_LOW,KPS,D1,.1000000000000000E-05,-1,BRANCH_1,BRANCH_1,.000000000000000,.000000000000000,.000000000000000,.000000000000000,.000000000000000,.000000000000000,1.000000000000000,1,1,1,1,0,-0.00000000000000000e+00,1.00000000000000000e+00,0.00000000000000000e+00,0.00000000000000000e+00,0.00000000000000000e+00,0.00000000000000000e+00,NULLSPACE,NULLSPACE_CONSISTENT
run1,SCLIP_LOW,KPS,D1,.3000000000000000E-06,-1,BRANCH_1,BRANCH_1,.000000000000000,.000000000000000,.000000000000000,.000000000000000,.000000000000000,.000000000000000,1.000000000000000,1,1,1,1,0,-0.00000000000000000e+00,1.00000000000000000e+00,0.00000000000000000e+00,0.00000000000000000e+00,0.00000000000000000e+00,0.00000000000000000e+00,NULLSPACE,NULLSPACE_CONSISTENT
run1,SCLIP_LOW,KPS,D1,.1000000000000000E-06,-1,BRANCH_1,BRANCH_1,.000000000000000,.000000000000000,.000000000000000,.000000000000000,.000000000000000,.000000000000000,1.000000000000000,1,1,1,1,0,-0.00000000000000000e+00,1.00000000000000000e+00,0.00000000000000000e+00,0.00000000000000000e+00,0.00000000000000000e+00,0.00000000000000000e+00,NULLSPACE,NULLSPACE_CONSISTENT
run1,SCLIP_LOW,KPS,D2,.1000000000000000E-01,-1,BRANCH_1,BRANCH_1,.000000000000000,.000000000000000,.000000000000000,.000000000000000,.000000000000000,.000000000000000,1.000000000000000,1,1,1,1,0,,1.00000000000000000e+00,0.00000000000000000e+00,0.00000000000000000e+00,0.00000000000000000e+00,0.00000000000000000e+00,NULLSPACE,NULLSPACE_CONSISTENT
run1,SCLIP_LOW,KPS,D2,.3000000000000000E-02,-1,BRANCH_1,BRANCH_1,.000000000000000,.000000000000000,.000000000000000,.000000000000000,.000000000000000,.000000000000000,1.000000000000000,1,1,1,1,0,-0.00000000000000000e+00,1.00000000000000000e+00,0.00000000000000000e+00,0.00000000000000000e+00,0.00000000000000000e+00,0.00000000000000000e+00,NULLSPACE,NULLSPACE_CONSISTENT
run1,SCLIP_LOW,KPS,D2,.1000000000000000E-02,-1,BRANCH_1,BRANCH_1,.000000000000000,.000000000000000,.000000000000000,.000000000000000,.000000000000000,.000000000000000,1.000000000000000,1,1,1,1,0,-0.00000000000000000e+00,1.00000000000000000e+00,0.00000000000000000e+00,0.00000000000000000e+00,0.00000000000000000e+00,0.00000000000000000e+00,NULLSPACE,NULLSPACE_CONSISTENT
run1,SCLIP_LOW,KPS,D2,.3000000000000000E-03,-1,BRANCH_1,BRANCH_1,.000000000000000,.000000000000000,.000000000000000,.000000000000000,.000000000000000,.000000000000000,1.000000000000000,1,1,1,1,0,-0.00000000000000000e+00,1.00000000000000000e+00,0.00000000000000000e+00,0.00000000000000000e+00,0.00000000000000000e+00,0.00000000000000000e+00,NULLSPACE,NULLSPACE_CONSISTENT
run1,SCLIP_LOW,KPS,D2,.1000000000000000E-03,-1,BRANCH_1,BRANCH_1,.000000000000000,.000000000000000,.000000000000000,.000000000000000,.000000000000000,.000000000000000,1.000000000000000,1,1,1,1,0,-0.00000000000000000e+00,1.00000000000000000e+00,0.00000000000000000e+00,0.00000000000000000e+00,0.00000000000000000e+00,0.00000000000000000e+00,NULLSPACE,NULLSPACE_CONSISTENT
run1,SCLIP_LOW,KPS,D2,.3000000000000000E-04,-1,BRANCH_1,BRANCH_1,.000000000000000,.000000000000000,.000000000000000,.000000000000000,.000000000000000,.000000000000000,1.000000000000000,1,1,1,1,0,-0.00000000000000000e+00,1.00000000000000000e+00,0.00000000000000000e+00,0.00000000000000000e+00,0.00000000000000000e+00,0.00000000000000000e+00,NULLSPACE,NULLSPACE_CONSISTENT
run1,SCLIP_LOW,KPS,D2,.1000000000000000E-04,-1,BRANCH_1,BRANCH_1,.000000000000000,.000000000000000,.000000000000000,.000000000000000,.000000000000000,.000000000000000,1.000000000000000,1,1,1,1,0,-0.00000000000000000e+00,1.00000000000000000e+00,0.00000000000000000e+00,0.00000000000000000e+00,0.00000000000000000e+00,0.00000000000000000e+00,NULLSPACE,NULLSPACE_CONSISTENT
run1,SCLIP_LOW,KPS,D2,.3000000000000000E-05,-1,BRANCH_1,BRANCH_1,.000000000000000,.000000000000000,.000000000000000,.000000000000000,.000000000000000,.000000000000000,1.000000000000000,1,1,1,1,0,-0.00000000000000000e+00,1.00000000000000000e+00,0.00000000000000000e+00,0.00000000000000000e+00,0.00000000000000000e+00,0.00000000000000000e+00,NULLSPACE,NULLSPACE_CONSISTENT
run1,SCLIP_LOW,KPS,D2,.1000000000000000E-05,-1,BRANCH_1,BRANCH_1,.000000000000000,.000000000000000,.000000000000000,.000000000000000,.000000000000000,.000000000000000,1.000000000000000,1,1,1,1,0,-0.00000000000000000e+00,1.00000000000000000e+00,0.00000000000000000e+00,0.00000000000000000e+00,0.00000000000000000e+00,0.00000000000000000e+00,NULLSPACE,NULLSPACE_CONSISTENT
run1,SCLIP_LOW,KPS,D2,.3000000000000000E-06,-1,BRANCH_1,BRANCH_1,.000000000000000,.000000000000000,.000000000000000,.000000000000000,.000000000000000,.000000000000000,1.000000000000000,1,1,1,1,0,-0.00000000000000000e+00,1.00000000000000000e+00,0.00000000000000000e+00,0.00000000000000000e+00,0.00000000000000000e+00,0.00000000000000000e+00,NULLSPACE,NULLSPACE_CONSISTENT
run1,SCLIP_LOW,KPS,D2,.1000000000000000E-06,-1,BRANCH_1,BRANCH_1,.000000000000000,.000000000000000,.000000000000000,.000000000000000,.000000000000000,.000000000000000,1.000000000000000,1,1,1,1,0,-0.00000000000000000e+00,1.00000000000000000e+00,0.00000000000000000e+00,0.00000000000000000e+00,0.00000000000000000e+00,0.00000000000000000e+00,NULLSPACE,NULLSPACE_CONSISTENT
run1,SCLIP_LOW,KPS,D3,.1000000000000000E-01,-1,BRANCH_1,BRANCH_1,.000000000000000,.000000000000000,.000000000000000,.000000000000000,.000000000000000,.000000000000000,1.000000000000000,1,1,1,1,0,,1.00000000000000000e+00,0.00000000000000000e+00,0.00000000000000000e+00,0.00000000000000000e+00,0.00000000000000000e+00,NULLSPACE,NULLSPACE_CONSISTENT
run1,SCLIP_LOW,KPS,D3,.3000000000000000E-02,-1,BRANCH_1,BRANCH_1,.000000000000000,.000000000000000,.000000000000000,.000000000000000,.000000000000000,.000000000000000,1.000000000000000,1,1,1,1,0,-0.00000000000000000e+00,1.00000000000000000e+00,0.00000000000000000e+00,0.00000000000000000e+00,0.00000000000000000e+00,0.00000000000000000e+00,NULLSPACE,NULLSPACE_CONSISTENT
run1,SCLIP_LOW,KPS,D3,.1000000000000000E-02,-1,BRANCH_1,BRANCH_1,.000000000000000,.000000000000000,.000000000000000,.000000000000000,.000000000000000,.000000000000000,1.000000000000000,1,1,1,1,0,-0.00000000000000000e+00,1.00000000000000000e+00,0.00000000000000000e+00,0.00000000000000000e+00,0.00000000000000000e+00,0.00000000000000000e+00,NULLSPACE,NULLSPACE_CONSISTENT
run1,SCLIP_LOW,KPS,D3,.3000000000000000E-03,-1,BRANCH_1,BRANCH_1,.000000000000000,.000000000000000,.000000000000000,.000000000000000,.000000000000000,.000000000000000,1.000000000000000,1,1,1,1,0,-0.00000000000000000e+00,1.00000000000000000e+00,0.00000000000000000e+00,0.00000000000000000e+00,0.00000000000000000e+00,0.00000000000000000e+00,NULLSPACE,NULLSPACE_CONSISTENT
run1,SCLIP_LOW,KPS,D3,.1000000000000000E-03,-1,BRANCH_1,BRANCH_1,.000000000000000,.000000000000000,.000000000000000,.000000000000000,.000000000000000,.000000000000000,1.000000000000000,1,1,1,1,0,-0.00000000000000000e+00,1.00000000000000000e+00,0.00000000000000000e+00,0.00000000000000000e+00,0.00000000000000000e+00,0.00000000000000000e+00,NULLSPACE,NULLSPACE_CONSISTENT
run1,SCLIP_LOW,KPS,D3,.3000000000000000E-04,-1,BRANCH_1,BRANCH_1,.000000000000000,.000000000000000,.000000000000000,.000000000000000,.000000000000000,.000000000000000,1.000000000000000,1,1,1,1,0,-0.00000000000000000e+00,1.00000000000000000e+00,0.00000000000000000e+00,0.00000000000000000e+00,0.00000000000000000e+00,0.00000000000000000e+00,NULLSPACE,NULLSPACE_CONSISTENT
run1,SCLIP_LOW,KPS,D3,.1000000000000000E-04,-1,BRANCH_1,BRANCH_1,.000000000000000,.000000000000000,.000000000000000,.000000000000000,.000000000000000,.000000000000000,1.000000000000000,1,1,1,1,0,-0.00000000000000000e+00,1.00000000000000000e+00,0.00000000000000000e+00,0.00000000000000000e+00,0.00000000000000000e+00,0.00000000000000000e+00,NULLSPACE,NULLSPACE_CONSISTENT
run1,SCLIP_LOW,KPS,D3,.3000000000000000E-05,-1,BRANCH_1,BRANCH_1,.000000000000000,.000000000000000,.000000000000000,.000000000000000,.000000000000000,.000000000000000,1.000000000000000,1,1,1,1,0,-0.00000000000000000e+00,1.00000000000000000e+00,0.00000000000000000e+00,0.00000000000000000e+00,0.00000000000000000e+00,0.00000000000000000e+00,NULLSPACE,NULLSPACE_CONSISTENT
run1,SCLIP_LOW,KPS,D3,.1000000000000000E-05,-1,BRANCH_1,BRANCH_1,.000000000000000,.000000000000000,.000000000000000,.000000000000000,.000000000000000,.000000000000000,1.000000000000000,1,1,1,1,0,-0.00000000000000000e+00,1.00000000000000000e+00,0.00000000000000000e+00,0.00000000000000000e+00,0.00000000000000000e+00,0.00000000000000000e+00,NULLSPACE,NULLSPACE_CONSISTENT
run1,SCLIP_LOW,KPS,D3,.3000000000000000E-06,-1,BRANCH_1,BRANCH_1,.000000000000000,.000000000000000,.000000000000000,.000000000000000,.000000000000000,.000000000000000,1.000000000000000,1,1,1,1,0,-0.00000000000000000e+00,1.00000000000000000e+00,0.00000000000000000e+00,0.00000000000000000e+00,0.00000000000000000e+00,0.00000000000000000e+00,NULLSPACE,NULLSPACE_CONSISTENT
run1,SCLIP_LOW,KPS,D3,.1000000000000000E-06,-1,BRANCH_1,BRANCH_1,.000000000000000,.000000000000000,.000000000000000,.000000000000000,.000000000000000,.000000000000000,1.000000000000000,1,1,1,1,0,-0.00000000000000000e+00,1.00000000000000000e+00,0.00000000000000000e+00,0.00000000000000000e+00,0.00000000000000000e+00,0.00000000000000000e+00,NULLSPACE,NULLSPACE_CONSISTENT
run1,SCLIP_LOW,KPU,D1,.1000000000000000E-01,-1,BRANCH_1,BRANCH_1,.000000000000000,.1169810040804576E-23,.1169810040804576E-23,1.000000000000000,.8271806125530277E-24,1.000000000000000,.000000000000000,1,1,1,1,0,,1.00000000000000000e+00,0.00000000000000000e+00,1.16981004080457607e-24,1.16981004080457607e-24,8.27180612553027675e-25,NULLSPACE,NULLSPACE_CONSISTENT
run1,SCLIP_LOW,KPU,D1,.3000000000000000E-02,-1,BRANCH_1,BRANCH_1,.000000000000000,.1169810040804576E-23,.1169810040804576E-23,1.000000000000000,.8271806125530277E-24,1.000000000000000,.000000000000000,1,1,1,1,0,-0.00000000000000000e+00,1.00000000000000000e+00,0.00000000000000000e+00,1.16981004080457607e-24,1.16981004080457607e-24,8.27180612553027675e-25,NULLSPACE,NULLSPACE_CONSISTENT
run1,SCLIP_LOW,KPU,D1,.1000000000000000E-02,-1,BRANCH_1,BRANCH_1,.000000000000000,.1169810040804576E-23,.1169810040804576E-23,1.000000000000000,.8271806125530277E-24,1.000000000000000,.000000000000000,1,1,1,1,0,-0.00000000000000000e+00,1.00000000000000000e+00,0.00000000000000000e+00,1.16981004080457607e-24,1.16981004080457607e-24,8.27180612553027675e-25,NULLSPACE,NULLSPACE_CONSISTENT
run1,SCLIP_LOW,KPU,D1,.3000000000000000E-03,-1,BRANCH_1,BRANCH_1,.000000000000000,.1169810040804576E-23,.1169810040804576E-23,1.000000000000000,.8271806125530277E-24,1.000000000000000,.000000000000000,1,1,1,1,0,-0.00000000000000000e+00,1.00000000000000000e+00,0.00000000000000000e+00,1.16981004080457607e-24,1.16981004080457607e-24,8.27180612553027675e-25,NULLSPACE,NULLSPACE_CONSISTENT
run1,SCLIP_LOW,KPU,D1,.1000000000000000E-03,-1,BRANCH_1,BRANCH_1,.000000000000000,.1169810040804576E-23,.1169810040804576E-23,1.000000000000000,.8271806125530277E-24,1.000000000000000,.000000000000000,1,1,1,1,0,-0.00000000000000000e+00,1.00000000000000000e+00,0.00000000000000000e+00,1.16981004080457607e-24,1.16981004080457607e-24,8.27180612553027675e-25,NULLSPACE,NULLSPACE_CONSISTENT
run1,SCLIP_LOW,KPU,D1,.3000000000000000E-04,-1,BRANCH_1,BRANCH_1,.000000000000000,.1169810040804576E-23,.1169810040804576E-23,1.000000000000000,.8271806125530277E-24,1.000000000000000,.000000000000000,1,1,1,1,0,-0.00000000000000000e+00,1.00000000000000000e+00,0.00000000000000000e+00,1.16981004080457607e-24,1.16981004080457607e-24,8.27180612553027675e-25,NULLSPACE,NULLSPACE_CONSISTENT
run1,SCLIP_LOW,KPU,D1,.1000000000000000E-04,-1,BRANCH_1,BRANCH_1,.000000000000000,.1169810040804576E-23,.1169810040804576E-23,1.000000000000000,.8271806125530277E-24,1.000000000000000,.000000000000000,1,1,1,1,0,-0.00000000000000000e+00,1.00000000000000000e+00,0.00000000000000000e+00,1.16981004080457607e-24,1.16981004080457607e-24,8.27180612553027675e-25,NULLSPACE,NULLSPACE_CONSISTENT
run1,SCLIP_LOW,KPU,D1,.3000000000000000E-05,-1,BRANCH_1,BRANCH_1,.000000000000000,.1169810040804576E-23,.1169810040804576E-23,1.000000000000000,.8271806125530277E-24,1.000000000000000,.000000000000000,1,1,1,1,0,-0.00000000000000000e+00,1.00000000000000000e+00,0.00000000000000000e+00,1.16981004080457607e-24,1.16981004080457607e-24,8.27180612553027675e-25,NULLSPACE,NULLSPACE_CONSISTENT
run1,SCLIP_LOW,KPU,D1,.1000000000000000E-05,-1,BRANCH_1,BRANCH_1,.000000000000000,.1169810040804576E-23,.1169810040804576E-23,1.000000000000000,.8271806125530277E-24,1.000000000000000,.000000000000000,1,1,1,1,0,-0.00000000000000000e+00,1.00000000000000000e+00,0.00000000000000000e+00,1.16981004080457607e-24,1.16981004080457607e-24,8.27180612553027675e-25,NULLSPACE,NULLSPACE_CONSISTENT
run1,SCLIP_LOW,KPU,D1,.3000000000000000E-06,-1,BRANCH_1,BRANCH_1,.000000000000000,.1169810040804576E-23,.1169810040804576E-23,1.000000000000000,.8271806125530277E-24,1.000000000000000,.000000000000000,1,1,1,1,0,-0.00000000000000000e+00,1.00000000000000000e+00,0.00000000000000000e+00,1.16981004080457607e-24,1.16981004080457607e-24,8.27180612553027675e-25,NULLSPACE,NULLSPACE_CONSISTENT
run1,SCLIP_LOW,KPU,D1,.1000000000000000E-06,-1,BRANCH_1,BRANCH_1,.000000000000000,.1169810040804576E-23,.1169810040804576E-23,1.000000000000000,.8271806125530277E-24,1.000000000000000,.000000000000000,1,1,1,1,0,-0.00000000000000000e+00,1.00000000000000000e+00,0.00000000000000000e+00,1.16981004080457607e-24,1.16981004080457607e-24,8.27180612553027675e-25,NULLSPACE,NULLSPACE_CONSISTENT
run1,SCLIP_LOW,KPU,D2,.1000000000000000E-01,-1,BRANCH_1,BRANCH_1,.000000000000000,.3095026449155230E-23,.3095026449155230E-23,1.000000000000000,.2481541837659083E-23,1.000000000000000,.000000000000000,1,1,1,1,0,,1.00000000000000000e+00,0.00000000000000000e+00,3.09502644915522995e-24,3.09502644915522995e-24,2.48154183765908302e-24,NULLSPACE,NULLSPACE_CONSISTENT
run1,SCLIP_LOW,KPU,D2,.3000000000000000E-02,-1,BRANCH_1,BRANCH_1,.000000000000000,.3095026449155230E-23,.3095026449155230E-23,1.000000000000000,.2481541837659083E-23,1.000000000000000,.000000000000000,1,1,1,1,0,-0.00000000000000000e+00,1.00000000000000000e+00,0.00000000000000000e+00,3.09502644915522995e-24,3.09502644915522995e-24,2.48154183765908302e-24,NULLSPACE,NULLSPACE_CONSISTENT
run1,SCLIP_LOW,KPU,D2,.1000000000000000E-02,-1,BRANCH_1,BRANCH_1,.000000000000000,.3095026449155230E-23,.3095026449155230E-23,1.000000000000000,.2481541837659083E-23,1.000000000000000,.000000000000000,1,1,1,1,0,-0.00000000000000000e+00,1.00000000000000000e+00,0.00000000000000000e+00,3.09502644915522995e-24,3.09502644915522995e-24,2.48154183765908302e-24,NULLSPACE,NULLSPACE_CONSISTENT
run1,SCLIP_LOW,KPU,D2,.3000000000000000E-03,-1,BRANCH_1,BRANCH_1,.000000000000000,.3095026449155230E-23,.3095026449155230E-23,1.000000000000000,.2481541837659083E-23,1.000000000000000,.000000000000000,1,1,1,1,0,-0.00000000000000000e+00,1.00000000000000000e+00,0.00000000000000000e+00,3.09502644915522995e-24,3.09502644915522995e-24,2.48154183765908302e-24,NULLSPACE,NULLSPACE_CONSISTENT
run1,SCLIP_LOW,KPU,D2,.1000000000000000E-03,-1,BRANCH_1,BRANCH_1,.000000000000000,.3095026449155230E-23,.3095026449155230E-23,1.000000000000000,.2481541837659083E-23,1.000000000000000,.000000000000000,1,1,1,1,0,-0.00000000000000000e+00,1.00000000000000000e+00,0.00000000000000000e+00,3.09502644915522995e-24,3.09502644915522995e-24,2.48154183765908302e-24,NULLSPACE,NULLSPACE_CONSISTENT
run1,SCLIP_LOW,KPU,D2,.3000000000000000E-04,-1,BRANCH_1,BRANCH_1,.000000000000000,.3095026449155230E-23,.3095026449155230E-23,1.000000000000000,.2481541837659083E-23,1.000000000000000,.000000000000000,1,1,1,1,0,-0.00000000000000000e+00,1.00000000000000000e+00,0.00000000000000000e+00,3.09502644915522995e-24,3.09502644915522995e-24,2.48154183765908302e-24,NULLSPACE,NULLSPACE_CONSISTENT
run1,SCLIP_LOW,KPU,D2,.1000000000000000E-04,-1,BRANCH_1,BRANCH_1,.000000000000000,.3095026449155230E-23,.3095026449155230E-23,1.000000000000000,.2481541837659083E-23,1.000000000000000,.000000000000000,1,1,1,1,0,-0.00000000000000000e+00,1.00000000000000000e+00,0.00000000000000000e+00,3.09502644915522995e-24,3.09502644915522995e-24,2.48154183765908302e-24,NULLSPACE,NULLSPACE_CONSISTENT
run1,SCLIP_LOW,KPU,D2,.3000000000000000E-05,-1,BRANCH_1,BRANCH_1,.000000000000000,.3095026449155230E-23,.3095026449155230E-23,1.000000000000000,.2481541837659083E-23,1.000000000000000,.000000000000000,1,1,1,1,0,-0.00000000000000000e+00,1.00000000000000000e+00,0.00000000000000000e+00,3.09502644915522995e-24,3.09502644915522995e-24,2.48154183765908302e-24,NULLSPACE,NULLSPACE_CONSISTENT
run1,SCLIP_LOW,KPU,D2,.1000000000000000E-05,-1,BRANCH_1,BRANCH_1,.000000000000000,.3095026449155230E-23,.3095026449155230E-23,1.000000000000000,.2481541837659083E-23,1.000000000000000,.000000000000000,1,1,1,1,0,-0.00000000000000000e+00,1.00000000000000000e+00,0.00000000000000000e+00,3.09502644915522995e-24,3.09502644915522995e-24,2.48154183765908302e-24,NULLSPACE,NULLSPACE_CONSISTENT
run1,SCLIP_LOW,KPU,D2,.3000000000000000E-06,-1,BRANCH_1,BRANCH_1,.000000000000000,.3095026449155230E-23,.3095026449155230E-23,1.000000000000000,.2481541837659083E-23,1.000000000000000,.000000000000000,1,1,1,1,0,-0.00000000000000000e+00,1.00000000000000000e+00,0.00000000000000000e+00,3.09502644915522995e-24,3.09502644915522995e-24,2.48154183765908302e-24,NULLSPACE,NULLSPACE_CONSISTENT
run1,SCLIP_LOW,KPU,D2,.1000000000000000E-06,-1,BRANCH_1,BRANCH_1,.000000000000000,.3095026449155230E-23,.3095026449155230E-23,1.000000000000000,.2481541837659083E-23,1.000000000000000,.000000000000000,1,1,1,1,0,-0.00000000000000000e+00,1.00000000000000000e+00,0.00000000000000000e+00,3.09502644915522995e-24,3.09502644915522995e-24,2.48154183765908302e-24,NULLSPACE,NULLSPACE_CONSISTENT
run1,SCLIP_LOW,KPU,D3,.1000000000000000E-01,-1,BRANCH_1,BRANCH_1,.5988071689795405E-07,.5988071690793237E-07,.1312172190206598E-16,.2191310087726714E-09,.1092530226892688E-16,.2739271045843729E-09,1.000000000000000,1,1,1,1,0,,1.00000000000000000e+00,5.98807168979540476e-08,5.98807169079323736e-08,1.31217219020659802e-17,1.09253022689268801e-17,ACTIVE_CLIP,CONSISTENT_NUMERICALLY
run1,SCLIP_LOW,KPU,D3,.3000000000000000E-02,-1,BRANCH_1,BRANCH_1,.5988071691330215E-07,.5988071690793237E-07,.4668467671723520E-16,.7796278856318180E-09,.3967080131954496E-16,.9946551110912424E-09,.9999999999999998,1,1,1,1,0,-1.05413259098919698e+00,1.00000000000000000e+00,5.98807169133021522e-08,5.98807169079323736e-08,4.66846767172351995e-17,3.96708013195449572e-17,ACTIVE_CLIP,CONSISTENT_NUMERICALLY
run1,SCLIP_LOW,KPU,D3,.1000000000000000E-02,-1,BRANCH_1,BRANCH_1,.5988071700018683E-07,.5988071690793237E-07,.1423107095629893E-15,.2376569899163786E-08,.1275415228116732E-15,.3197813578643693E-08,.9999999999999998,1,1,1,1,0,-1.01454970518062915e+00,1.00000000000000000e+00,5.98807170001868347e-08,5.98807169079323736e-08,1.42310709562989310e-16,1.27541522811673195e-16,ACTIVE_CLIP,CONSISTENT_NUMERICALLY
run1,SCLIP_LOW,KPU,D3,.3000000000000000E-03,-1,BRANCH_1,BRANCH_1,.5988071699610228E-07,.5988071690793237E-07,.2108940221618976E-15,.3521902087037886E-08,.1480910185680954E-15,.3713045446231736E-08,.9999999999999998,1,1,1,1,0,-3.26704206714211742e-01,1.00000000000000000e+00,5.98807169961022830e-08,5.98807169079323736e-08,2.10894022161897595e-16,1.48091018568095401e-16,ACTIVE_CLIP,CONSISTENT_NUMERICALLY
run1,SCLIP_LOW,KPU,D3,.1000000000000000E-03,-1,BRANCH_1,BRANCH_1,.5988071675385109E-07,.5988071690793237E-07,.9154160871256513E-15,.1528732677888809E-07,.6313999979281799E-15,.1583091881667763E-07,.9999999999999996,1,1,1,1,0,-1.33625208312298049e+00,1.00000000000000000e+00,5.98807167538510851e-08,5.98807169079323736e-08,9.15416087125651291e-16,6.31399997928179860e-16,ACTIVE_CLIP,CONSISTENT_NUMERICALLY
run1,SCLIP_LOW,KPU,D3,.3000000000000000E-04,-1,BRANCH_1,BRANCH_1,.5988071595258746E-07,.5988071690793237E-07,.2772169269142861E-14,.4629485771529954E-07,.2438403620943169E-14,.6113742459947708E-07,.9999999999999991,1,1,1,1,0,-9.20292149812730109e-01,1.00000000000000000e+00,5.98807159525874573e-08,5.98807169079323736e-08,2.77216926914286118e-15,2.43840362094316888e-15,ACTIVE_CLIP,CONSISTENT_NUMERICALLY
run1,SCLIP_LOW,KPU,D3,.1000000000000000E-04,-1,BRANCH_1,BRANCH_1,.5988071634208350E-07,.5988071690793237E-07,.1056862602026022E-13,.1764946474590420E-06,.8442185658052511E-14,.2116686034629217E-06,.9999999999999843,1,1,1,1,0,-1.21813643743703071e+00,1.00000000000000000e+00,5.98807163420835011e-08,5.98807169079323736e-08,1.05686260202602206e-14,8.44218565805251149e-15,ACTIVE_CLIP,CONSISTENT_NUMERICALLY
run1,SCLIP_LOW,KPU,D3,.3000000000000000E-05,-1,BRANCH_1,BRANCH_1,.5988068180977097E-07,.5988071690793237E-07,.5524014347128786E-13,.9225030414418805E-06,.5370061688375111E-13,.1346420825279876E-05,.9999999999997461,1,1,1,1,0,-1.37361916898837855e+00,1.00000000000000000e+00,5.98806818097709748e-08,5.98807169079323736e-08,5.52401434712878573e-14,5.37006168837511128e-14,ACTIVE_CLIP,CONSISTENT_NUMERICALLY
run1,SCLIP_LOW,KPU,D3,.1000000000000000E-05,-1,BRANCH_1,BRANCH_1,.5988068314891668E-07,.5988071690793237E-07,.7791993785297380E-13,.1301252588087364E-05,.5370061688375111E-13,.1346419931571205E-05,.9999999999993121,1,1,1,1,0,-3.13114953777758387e-01,1.00000000000000000e+00,5.98806831489166840e-08,5.98807169079323736e-08,7.79199378529738046e-14,5.37006168837511128e-14,ACTIVE_CLIP,CONSISTENT_NUMERICALLY
run1,SCLIP_LOW,KPU,D3,.3000000000000000E-06,-1,BRANCH_1,BRANCH_1,.5988086253779649E-07,.5988071690793237E-07,.2458113883700591E-12,.4105007475717375E-05,.2071740163973327E-12,.5194390258070091E-05,.9999999999945316,1,1,1,1,0,-9.54243037738784383e-01,1.00000000000000000e+00,5.98808625377964857e-08,5.98807169079323736e-08,2.45811388370059086e-13,2.07174016397332702e-13,ACTIVE_CLIP,CONSISTENT_NUMERICALLY
run1,SCLIP_LOW,KPU,D3,.1000000000000000E-06,-1,BRANCH_1,BRANCH_1,.5987957989872881E-07,.5988071690793237E-07,.1467134449640600E-11,.2450094997854392E-04,.1354743223866356E-11,.3396710494907530E-04,.9999999998801198,1,1,1,1,0,-1.62614410364489959e+00,1.00000000000000000e+00,5.98795798987288096e-08,5.98807169079323736e-08,1.46713444964060009e-12,1.35474322386635602e-12,ACTIVE_CLIP,CONSISTENT_NUMERICALLY
run1,SCLIP_LOW,KSU,D1,.1000000000000000E-01,-1,BRANCH_1,BRANCH_1,.000000000000000,.5587850095852341E-19,.5587850095852341E-19,1.000000000000000,.5421010862427522E-19,1.000000000000000,.000000000000000,1,1,1,1,0,,1.00000000000000000e+00,0.00000000000000000e+00,5.58785009585234064e-20,5.58785009585234064e-20,5.42101086242752217e-20,NULLSPACE,NULLSPACE_CONSISTENT
run1,SCLIP_LOW,KSU,D1,.3000000000000000E-02,-1,BRANCH_1,BRANCH_1,.000000000000000,.5587850095852341E-19,.5587850095852341E-19,1.000000000000000,.5421010862427522E-19,1.000000000000000,.000000000000000,1,1,1,1,0,-0.00000000000000000e+00,1.00000000000000000e+00,0.00000000000000000e+00,5.58785009585234064e-20,5.58785009585234064e-20,5.42101086242752217e-20,NULLSPACE,NULLSPACE_CONSISTENT
run1,SCLIP_LOW,KSU,D1,.1000000000000000E-02,-1,BRANCH_1,BRANCH_1,.000000000000000,.5587850095852341E-19,.5587850095852341E-19,1.000000000000000,.5421010862427522E-19,1.000000000000000,.000000000000000,1,1,1,1,0,-0.00000000000000000e+00,1.00000000000000000e+00,0.00000000000000000e+00,5.58785009585234064e-20,5.58785009585234064e-20,5.42101086242752217e-20,NULLSPACE,NULLSPACE_CONSISTENT
run1,SCLIP_LOW,KSU,D1,.3000000000000000E-03,-1,BRANCH_1,BRANCH_1,.000000000000000,.5587850095852341E-19,.5587850095852341E-19,1.000000000000000,.5421010862427522E-19,1.000000000000000,.000000000000000,1,1,1,1,0,-0.00000000000000000e+00,1.00000000000000000e+00,0.00000000000000000e+00,5.58785009585234064e-20,5.58785009585234064e-20,5.42101086242752217e-20,NULLSPACE,NULLSPACE_CONSISTENT
run1,SCLIP_LOW,KSU,D1,.1000000000000000E-03,-1,BRANCH_1,BRANCH_1,.000000000000000,.5587850095852341E-19,.5587850095852341E-19,1.000000000000000,.5421010862427522E-19,1.000000000000000,.000000000000000,1,1,1,1,0,-0.00000000000000000e+00,1.00000000000000000e+00,0.00000000000000000e+00,5.58785009585234064e-20,5.58785009585234064e-20,5.42101086242752217e-20,NULLSPACE,NULLSPACE_CONSISTENT
run1,SCLIP_LOW,KSU,D1,.3000000000000000E-04,-1,BRANCH_1,BRANCH_1,.000000000000000,.5587850095852341E-19,.5587850095852341E-19,1.000000000000000,.5421010862427522E-19,1.000000000000000,.000000000000000,1,1,1,1,0,-0.00000000000000000e+00,1.00000000000000000e+00,0.00000000000000000e+00,5.58785009585234064e-20,5.58785009585234064e-20,5.42101086242752217e-20,NULLSPACE,NULLSPACE_CONSISTENT
run1,SCLIP_LOW,KSU,D1,.1000000000000000E-04,-1,BRANCH_1,BRANCH_1,.000000000000000,.5587850095852341E-19,.5587850095852341E-19,1.000000000000000,.5421010862427522E-19,1.000000000000000,.000000000000000,1,1,1,1,0,-0.00000000000000000e+00,1.00000000000000000e+00,0.00000000000000000e+00,5.58785009585234064e-20,5.58785009585234064e-20,5.42101086242752217e-20,NULLSPACE,NULLSPACE_CONSISTENT
run1,SCLIP_LOW,KSU,D1,.3000000000000000E-05,-1,BRANCH_1,BRANCH_1,.000000000000000,.5587850095852341E-19,.5587850095852341E-19,1.000000000000000,.5421010862427522E-19,1.000000000000000,.000000000000000,1,1,1,1,0,-0.00000000000000000e+00,1.00000000000000000e+00,0.00000000000000000e+00,5.58785009585234064e-20,5.58785009585234064e-20,5.42101086242752217e-20,NULLSPACE,NULLSPACE_CONSISTENT
run1,SCLIP_LOW,KSU,D1,.1000000000000000E-05,-1,BRANCH_1,BRANCH_1,.000000000000000,.5587850095852341E-19,.5587850095852341E-19,1.000000000000000,.5421010862427522E-19,1.000000000000000,.000000000000000,1,1,1,1,0,-0.00000000000000000e+00,1.00000000000000000e+00,0.00000000000000000e+00,5.58785009585234064e-20,5.58785009585234064e-20,5.42101086242752217e-20,NULLSPACE,NULLSPACE_CONSISTENT
run1,SCLIP_LOW,KSU,D1,.3000000000000000E-06,-1,BRANCH_1,BRANCH_1,.000000000000000,.5587850095852341E-19,.5587850095852341E-19,1.000000000000000,.5421010862427522E-19,1.000000000000000,.000000000000000,1,1,1,1,0,-0.00000000000000000e+00,1.00000000000000000e+00,0.00000000000000000e+00,5.58785009585234064e-20,5.58785009585234064e-20,5.42101086242752217e-20,NULLSPACE,NULLSPACE_CONSISTENT
run1,SCLIP_LOW,KSU,D1,.1000000000000000E-06,-1,BRANCH_1,BRANCH_1,.000000000000000,.5587850095852341E-19,.5587850095852341E-19,1.000000000000000,.5421010862427522E-19,1.000000000000000,.000000000000000,1,1,1,1,0,-0.00000000000000000e+00,1.00000000000000000e+00,0.00000000000000000e+00,5.58785009585234064e-20,5.58785009585234064e-20,5.42101086242752217e-20,NULLSPACE,NULLSPACE_CONSISTENT
run1,SCLIP_LOW,KSU,D2,.1000000000000000E-01,-1,BRANCH_1,BRANCH_1,.000000000000000,.1249481266240455E-18,.1249481266240455E-18,1.000000000000000,.1084202172485504E-18,1.000000000000000,.000000000000000,1,1,1,1,0,,1.00000000000000000e+00,0.00000000000000000e+00,1.24948126624045489e-19,1.24948126624045489e-19,1.08420217248550395e-19,NULLSPACE,NULLSPACE_CONSISTENT
run1,SCLIP_LOW,KSU,D2,.3000000000000000E-02,-1,BRANCH_1,BRANCH_1,.000000000000000,.1249481266240455E-18,.1249481266240455E-18,1.000000000000000,.1084202172485504E-18,1.000000000000000,.000000000000000,1,1,1,1,0,-0.00000000000000000e+00,1.00000000000000000e+00,0.00000000000000000e+00,1.24948126624045489e-19,1.24948126624045489e-19,1.08420217248550395e-19,NULLSPACE,NULLSPACE_CONSISTENT
run1,SCLIP_LOW,KSU,D2,.1000000000000000E-02,-1,BRANCH_1,BRANCH_1,.000000000000000,.1249481266240455E-18,.1249481266240455E-18,1.000000000000000,.1084202172485504E-18,1.000000000000000,.000000000000000,1,1,1,1,0,-0.00000000000000000e+00,1.00000000000000000e+00,0.00000000000000000e+00,1.24948126624045489e-19,1.24948126624045489e-19,1.08420217248550395e-19,NULLSPACE,NULLSPACE_CONSISTENT
run1,SCLIP_LOW,KSU,D2,.3000000000000000E-03,-1,BRANCH_1,BRANCH_1,.000000000000000,.1249481266240455E-18,.1249481266240455E-18,1.000000000000000,.1084202172485504E-18,1.000000000000000,.000000000000000,1,1,1,1,0,-0.00000000000000000e+00,1.00000000000000000e+00,0.00000000000000000e+00,1.24948126624045489e-19,1.24948126624045489e-19,1.08420217248550395e-19,NULLSPACE,NULLSPACE_CONSISTENT
run1,SCLIP_LOW,KSU,D2,.1000000000000000E-03,-1,BRANCH_1,BRANCH_1,.000000000000000,.1249481266240455E-18,.1249481266240455E-18,1.000000000000000,.1084202172485504E-18,1.000000000000000,.000000000000000,1,1,1,1,0,-0.00000000000000000e+00,1.00000000000000000e+00,0.00000000000000000e+00,1.24948126624045489e-19,1.24948126624045489e-19,1.08420217248550395e-19,NULLSPACE,NULLSPACE_CONSISTENT
run1,SCLIP_LOW,KSU,D2,.3000000000000000E-04,-1,BRANCH_1,BRANCH_1,.000000000000000,.1249481266240455E-18,.1249481266240455E-18,1.000000000000000,.1084202172485504E-18,1.000000000000000,.000000000000000,1,1,1,1,0,-0.00000000000000000e+00,1.00000000000000000e+00,0.00000000000000000e+00,1.24948126624045489e-19,1.24948126624045489e-19,1.08420217248550395e-19,NULLSPACE,NULLSPACE_CONSISTENT
run1,SCLIP_LOW,KSU,D2,.1000000000000000E-04,-1,BRANCH_1,BRANCH_1,.000000000000000,.1249481266240455E-18,.1249481266240455E-18,1.000000000000000,.1084202172485504E-18,1.000000000000000,.000000000000000,1,1,1,1,0,-0.00000000000000000e+00,1.00000000000000000e+00,0.00000000000000000e+00,1.24948126624045489e-19,1.24948126624045489e-19,1.08420217248550395e-19,NULLSPACE,NULLSPACE_CONSISTENT
run1,SCLIP_LOW,KSU,D2,.3000000000000000E-05,-1,BRANCH_1,BRANCH_1,.000000000000000,.1249481266240455E-18,.1249481266240455E-18,1.000000000000000,.1084202172485504E-18,1.000000000000000,.000000000000000,1,1,1,1,0,-0.00000000000000000e+00,1.00000000000000000e+00,0.00000000000000000e+00,1.24948126624045489e-19,1.24948126624045489e-19,1.08420217248550395e-19,NULLSPACE,NULLSPACE_CONSISTENT
run1,SCLIP_LOW,KSU,D2,.1000000000000000E-05,-1,BRANCH_1,BRANCH_1,.000000000000000,.1249481266240455E-18,.1249481266240455E-18,1.000000000000000,.1084202172485504E-18,1.000000000000000,.000000000000000,1,1,1,1,0,-0.00000000000000000e+00,1.00000000000000000e+00,0.00000000000000000e+00,1.24948126624045489e-19,1.24948126624045489e-19,1.08420217248550395e-19,NULLSPACE,NULLSPACE_CONSISTENT
run1,SCLIP_LOW,KSU,D2,.3000000000000000E-06,-1,BRANCH_1,BRANCH_1,.000000000000000,.1249481266240455E-18,.1249481266240455E-18,1.000000000000000,.1084202172485504E-18,1.000000000000000,.000000000000000,1,1,1,1,0,-0.00000000000000000e+00,1.00000000000000000e+00,0.00000000000000000e+00,1.24948126624045489e-19,1.24948126624045489e-19,1.08420217248550395e-19,NULLSPACE,NULLSPACE_CONSISTENT
run1,SCLIP_LOW,KSU,D2,.1000000000000000E-06,-1,BRANCH_1,BRANCH_1,.000000000000000,.1249481266240455E-18,.1249481266240455E-18,1.000000000000000,.1084202172485504E-18,1.000000000000000,.000000000000000,1,1,1,1,0,-0.00000000000000000e+00,1.00000000000000000e+00,0.00000000000000000e+00,1.24948126624045489e-19,1.24948126624045489e-19,1.08420217248550395e-19,NULLSPACE,NULLSPACE_CONSISTENT
run1,SCLIP_LOW,KSU,D3,.1000000000000000E-01,-1,BRANCH_1,BRANCH_1,.2124875846841192E-02,.2124875846652620E-02,.1886940721620950E-12,.8880239871077867E-10,.1378311527411302E-12,.9075031479596663E-10,1.000000000000000,1,1,1,1,0,,1.00000000000000000e+00,2.12487584684119182e-03,2.12487584665262000e-03,1.88694072162094988e-13,1.37831152741130200e-13,ACTIVE_CLIP,CONSISTENT_NUMERICALLY
run1,SCLIP_LOW,KSU,D3,.3000000000000000E-02,-1,BRANCH_1,BRANCH_1,.2124875846694603E-02,.2124875846652620E-02,.5408472552118536E-13,.2545312264023239E-10,.5086361019868146E-13,.3348944375531267E-10,1.000000000000000,1,1,1,1,0,1.03787662411411752e+00,1.00000000000000000e+00,2.12487584669460291e-03,2.12487584665262000e-03,5.40847255211853578e-14,5.08636101986814574e-14,ACTIVE_CLIP,CONSISTENT_NUMERICALLY
run1,SCLIP_LOW,KSU,D3,.1000000000000000E-02,-1,BRANCH_1,BRANCH_1,.2124875846726713E-02,.2124875846652620E-02,.1120068934815321E-12,.5271220605856772E-10,.8787111663299818E-13,.5785579919771195E-10,1.000000000000000,1,1,1,1,0,-6.62661994350313810e-01,1.00000000000000000e+00,2.12487584672671308e-03,2.12487584665262000e-03,1.12006893481532099e-13,8.78711166329981808e-14,ACTIVE_CLIP,CONSISTENT_NUMERICALLY
run1,SCLIP_LOW,KSU,D3,.3000000000000000E-03,-1,BRANCH_1,BRANCH_1,.2124875846811074E-02,.2124875846652620E-02,.2102473619901363E-12,.9894571596061334E-10,.1212778792322733E-12,.7985136523731506E-10,1.000000000000000,1,1,1,1,0,-5.23038669273603762e-01,1.00000000000000000e+00,2.12487584681107398e-03,2.12487584665262000e-03,2.10247361990136306e-13,1.21277879232273289e-13,ACTIVE_CLIP,CONSISTENT_NUMERICALLY
run1,SCLIP_LOW,KSU,D3,.1000000000000000E-03,-1,BRANCH_1,BRANCH_1,.2124875848134169E-02,.2124875846652620E-02,.1533859818736712E-11,.7218585594464626E-09,.1213742431213638E-11,.7991481277967851E-09,.9999999999999998,1,1,1,1,0,-1.80888004226667132e+00,1.00000000000000000e+00,2.12487584813416883e-03,2.12487584665262000e-03,1.53385981873671198e-12,1.21374243121363801e-12,ACTIVE_CLIP,CONSISTENT_NUMERICALLY
run1,SCLIP_LOW,KSU,D3,.3000000000000000E-04,-1,BRANCH_1,BRANCH_1,.2124875844172589E-02,.2124875846652620E-02,.2848256094244924E-11,.1340434124060409E-08,.2487001056483695E-11,.1637482704785715E-08,1.000000000000000,1,1,1,1,0,-5.14064430755667989e-01,1.00000000000000000e+00,2.12487584417258906e-03,2.12487584665262000e-03,2.84825609424492400e-12,2.48700105648369489e-12,ACTIVE_CLIP,CONSISTENT_NUMERICALLY
run1,SCLIP_LOW,KSU,D3,.1000000000000000E-04,-1,BRANCH_1,BRANCH_1,.2124875839541130E-02,.2124875846652620E-02,.8313597567151104E-11,.3912509796865431E-08,.6406933794264602E-11,.4218431371978866E-08,1.000000000000000,1,1,1,1,0,-9.75035084013751829e-01,1.00000000000000000e+00,2.12487583954112979e-03,2.12487584665262000e-03,8.31359756715110435e-12,6.40693379426460208e-12,ACTIVE_CLIP,CONSISTENT_NUMERICALLY
run1,SCLIP_LOW,KSU,D3,.3000000000000000E-05,-1,BRANCH_1,BRANCH_1,.2124875821781896E-02,.2124875846652620E-02,.4342284403561094E-10,.2043547349084712E-07,.3786325268075041E-10,.2492979295285098E-07,1.000000000000000,1,1,1,1,0,-1.37303203322869893e+00,1.00000000000000000e+00,2.12487582178189603e-03,2.12487584665262000e-03,4.34228440356109371e-11,3.78632526807504079e-11,ACTIVE_CLIP,CONSISTENT_NUMERICALLY
run1,SCLIP_LOW,KSU,D3,.1000000000000000E-05,-1,BRANCH_1,BRANCH_1,.2124876025886253E-02,.2124875846652620E-02,.1886642406967921E-09,.8878835207249476E-07,.1656776352394751E-09,.1090848883932153E-06,.9999999999999998,1,1,1,1,0,-1.33712619384662168e+00,1.00000000000000000e+00,2.12487602588625315e-03,2.12487584665262000e-03,1.88664240696792097e-10,1.65677635239475096e-10,ACTIVE_CLIP,CONSISTENT_NUMERICALLY
run1,SCLIP_LOW,KSU,D3,.3000000000000000E-06,-1,BRANCH_1,BRANCH_1,.2124875602750252E-02,.2124875846652620E-02,.3148626356008771E-09,.1481793094391324E-06,.2229004233793297E-09,.1467613321761605E-06,.9999999999999957,1,1,1,1,0,-4.25397927148849719e-01,1.00000000000000000e+00,2.12487560275025208e-03,2.12487584665262000e-03,3.14862635600877117e-10,2.22900423379329693e-10,ACTIVE_CLIP,CONSISTENT_NUMERICALLY
run1,SCLIP_LOW,KSU,D3,.1000000000000000E-06,-1,BRANCH_1,BRANCH_1,.2124876232388391E-02,.2124875846652620E-02,.9296007219593860E-09,.4374846439477097E-06,.6840009025756849E-09,.4503575280378437E-06,.9999999999999211,1,1,1,1,0,-9.85442005009449229e-01,1.00000000000000000e+00,2.12487623238839102e-03,2.12487584665262000e-03,9.29600721959386017e-10,6.84000902575684910e-10,ACTIVE_CLIP,CONSISTENT_NUMERICALLY
run1,SCLIP_LOW,KUP,D1,.1000000000000000E-01,-1,BRANCH_1,BRANCH_1,7071067.811865474,7071067.811865475,.2550531912153429E-08,.3606996821432763E-15,.2328306436538696E-08,.9313225746154785E-15,1.000000000000000,1,1,1,1,0,,7.00000000000000000e+06,1.01015254455221060e+00,1.01015254455221082e+00,3.64361701736204122e-16,3.32615205219813719e-16,ACTIVE_CLIP,CONSISTENT_NUMERICALLY
run1,SCLIP_LOW,KUP,D1,.3000000000000000E-02,-1,BRANCH_1,BRANCH_1,7071067.811865407,7071067.811865475,.1569416710567693E-06,.2219490397099802E-13,.1545995473861694E-06,.6183981895446777E-13,.9999999999999999,1,1,1,1,0,-3.42164895184053375e+00,7.00000000000000000e+06,1.01015254455220105e+00,1.01015254455221082e+00,2.24202387223956115e-14,2.20856496265956293e-14,ACTIVE_CLIP,CONSISTENT_NUMERICALLY
run1,SCLIP_LOW,KUP,D1,.1000000000000000E-02,-1,BRANCH_1,BRANCH_1,7071067.811865351,7071067.811865475,.4725386105557900E-06,.6682705117929364E-13,.4651956260204315E-06,.1860782504081683E-12,1.000000000000000,1,1,1,1,0,-1.00330685906310380e+00,7.00000000000000000e+06,1.01015254455219305e+00,1.01015254455221082e+00,6.75055157936842790e-14,6.64565180029187827e-14,ACTIVE_CLIP,CONSISTENT_NUMERICALLY
run1,SCLIP_LOW,KUP,D1,.3000000000000000E-03,-1,BRANCH_1,BRANCH_1,7071067.811865063,7071067.811865475,.1575812864117941E-05,.2228535924197583E-12,.1551583409309387E-05,.6206333637237067E-12,1.000000000000000,1,1,1,1,0,-1.00036068833189273e+00,7.00000000000000000e+06,1.01015254455215198e+00,1.01015254455221082e+00,2.25116123445420126e-13,2.21654772758483847e-13,ACTIVE_CLIP,CONSISTENT_NUMERICALLY
run1,SCLIP_LOW,KUP,D1,.1000000000000000E-03,-1,BRANCH_1,BRANCH_1,7071067.811866710,7071067.811865475,.4729156765753657E-05,.6688037636716136E-12,.4657078534364700E-05,.1862831413742410E-11,1.000000000000000,1,1,1,1,0,-1.00033076361727691e+00,7.00000000000000000e+06,1.01015254455238712e+00,1.01015254455221082e+00,6.75593823679093878e-13,6.65296933480671497e-13,ACTIVE_CLIP,CONSISTENT_NUMERICALLY
run1,SCLIP_LOW,KUP,D1,.3000000000000000E-04,-1,BRANCH_1,BRANCH_1,7071067.811857243,7071067.811865475,.1735368566793592E-04,.2454181762875458E-11,.1552142202854156E-04,.6208568811416626E-11,.9999999999999999,1,1,1,1,0,-1.07980678351200066e+00,7.00000000000000000e+06,1.01015254455103465e+00,1.01015254455221082e+00,2.47909795256227418e-12,2.21734600407736605e-12,ACTIVE_CLIP,CONSISTENT_NUMERICALLY
run1,SCLIP_LOW,KUP,D1,.1000000000000000E-04,-1,BRANCH_1,BRANCH_1,7071067.811943677,7071067.811865475,.9055076786559318E-04,.1280581239974035E-10,.4656659439206123E-04,.1862663775647755E-10,1.000000000000000,1,1,1,1,0,-1.50381146023104373e+00,7.00000000000000000e+06,1.01015254456338255e+00,1.01015254455221082e+00,1.29358239807990256e-11,6.65237062743731778e-12,ACTIVE_CLIP,CONSISTENT_NUMERICALLY
run1,SCLIP_LOW,KUP,D1,.3000000000000000E-05,-1,BRANCH_1,BRANCH_1,7071067.812153589,7071067.811865475,.5037202115441761E-03,.7123679547781926E-10,.4656617529690266E-03,.1862647011529161E-09,.9999999999999997,1,1,1,1,0,-1.42537298818066716e+00,7.00000000000000000e+06,1.01015254459336989e+00,1.01015254455221082e+00,7.19600302205965783e-11,6.65231075670038081e-11,ACTIVE_CLIP,CONSISTENT_NUMERICALLY
run1,SCLIP_LOW,KUP,D1,.1000000000000000E-05,-1,BRANCH_1,BRANCH_1,7071067.811248089,7071067.811865475,.1018217626452310E-02,.1439977176776198E-09,.9313221089541912E-03,.3725288435816765E-09,1.000000000000000,1,1,1,1,0,-6.40615421711099753e-01,7.00000000000000000e+06,1.01015254446401270e+00,1.01015254455221082e+00,1.45459660921758575e-10,1.33046015564884460e-10,ACTIVE_CLIP,CONSISTENT_NUMERICALLY
run1,SCLIP_LOW,KUP,D1,.3000000000000000E-06,-1,BRANCH_1,BRANCH_1,7071067.811453885,7071067.811865475,.1576270450465758E-02,.2229183049016623E-09,.1552203670144081E-02,.6208814680094457E-09,.9999999999999999,1,1,1,1,0,-3.62971577968419279e-01,7.00000000000000000e+06,1.01015254449341230e+00,1.01015254455221082e+00,2.25181492923679735e-10,2.21743381449154402e-10,ACTIVE_CLIP,CONSISTENT_NUMERICALLY
run1,SCLIP_LOW,KUP,D1,.1000000000000000E-06,-1,BRANCH_1,BRANCH_1,7071067.814540812,7071067.811865475,.5107702205762183E-02,.7223381729218888E-09,.4656613338738680E-02,.1862645332026025E-08,1.000000000000000,1,1,1,1,0,-1.07015738553300244e+00,7.00000000000000000e+06,1.01015254493440176e+00,1.01015254455221082e+00,7.29671743680311855e-10,6.65230476962668535e-10,ACTIVE_CLIP,CONSISTENT_NUMERICALLY
run1,SCLIP_LOW,KUP,D2,.1000000000000000E-01,-1,BRANCH_1,BRANCH_1,.7033258428328305E-07,.8231806349783991E-10,.7025551342424193E-07,.9989041941252905,.4650792106986046E-07,.9987500000000000,.9363291775690444,1,1,1,1,0,,7.00000000000000000e+06,1.00475120404690065e-14,1.17597233568342727e-17,1.00365019177488475e-14,6.64398872426577988e-15,NULLSPACE,NULLSPACE_CONSISTENT
run1,SCLIP_LOW,KUP,D2,.3000000000000000E-02,-1,BRANCH_1,BRANCH_1,.2469541904935197E-06,.8231806349783991E-10,.2469907873075052E-06,1.000148192723162,.1552786367634932E-06,1.000375000000000,-.4444444444444444,1,1,1,1,0,-1.04421980714462626e+00,7.00000000000000000e+06,3.52791700705028153e-14,1.17597233568342727e-17,3.52843981867864591e-14,2.21826623947847429e-14,NULLSPACE,NULLSPACE_CONSISTENT
run1,SCLIP_LOW,KUP,D2,.1000000000000000E-02,-1,BRANCH_1,BRANCH_1,.9054986984762390E-06,.8231806349783991E-10,.9054987022179691E-06,1.000000004132231,.4657194949686527E-06,1.000125000000000,.000000000000000,1,1,1,1,0,-1.18252346156966670e+00,7.00000000000000000e+06,1.29356956925176987e-13,1.17597233568342727e-17,1.29356957459709869e-13,6.65313564240932417e-14,NULLSPACE,NULLSPACE_CONSISTENT
run1,SCLIP_LOW,KUP,D2,.3000000000000000E-03,-1,BRANCH_1,BRANCH_1,.1920754814949598E-05,.8231806349783991E-10,.1920801855030968E-05,1.000024490414396,.1552262498686711E-05,1.000037500000000,-.5714285714285715,1,1,1,1,0,-6.24608931250888011e-01,7.00000000000000000e+06,2.74393544992799724e-13,1.17597233568342727e-17,2.74400265004423976e-13,2.21751785526673014e-13,NULLSPACE,NULLSPACE_CONSISTENT
run1,SCLIP_LOW,KUP,D2,.1000000000000000E-03,-1,BRANCH_1,BRANCH_1,.1178615303437493E-04,.8231806349783991E-10,.1178619902931619E-04,1.000003902455800,.6402842700481415E-05,1.000000000000000,-.5587442366156625,1,1,1,1,0,-1.65134375450604542e+00,7.00000000000000000e+06,1.68373614776784711e-12,1.17597233568342727e-17,1.68374271847374127e-12,9.14691814354487890e-13,NULLSPACE,NULLSPACE_CONSISTENT
run1,SCLIP_LOW,KUP,D2,.3000000000000000E-04,-1,BRANCH_1,BRANCH_1,.2344419476109435E-04,.8231806349783991E-10,.2344423329960954E-04,1.000001643840430,.1552210111791889E-04,1.000003750000000,-.4681645887845223,1,1,1,1,0,-5.71188380876126556e-01,7.00000000000000000e+06,3.34917068015633530e-12,1.17597233568342727e-17,3.34917618565850602e-12,2.21744301684555580e-12,NULLSPACE,NULLSPACE_CONSISTENT
run1,SCLIP_LOW,KUP,D2,.1000000000000000E-04,-1,BRANCH_1,BRANCH_1,.5270927875615549E-04,.8231806349783991E-10,.5270922733250809E-04,.9999990243909875,.4656607052311301E-04,.9999987500000000,.6246950475544243,1,1,1,1,0,-7.37444856892777389e-01,7.00000000000000000e+06,7.52989696516506963e-12,1.17597233568342727e-17,7.52988961892972753e-12,6.65229578901614475e-12,NULLSPACE,NULLSPACE_CONSISTENT
run1,SCLIP_LOW,KUP,D2,.3000000000000000E-05,-1,BRANCH_1,BRANCH_1,.2344419476109435E-03,.8231806349783991E-10,.2344419476109579E-03,1.000000000000062,.1552204291025797E-03,1.000000000000000,.000000000000000,1,1,1,1,0,-1.23957739061480043e+00,7.00000000000000000e+06,3.34917068015633538e-11,1.17597233568342727e-17,3.34917068015654153e-11,2.21743470146542427e-11,NULLSPACE,NULLSPACE_CONSISTENT
run1,SCLIP_LOW,KUP,D2,.1000000000000000E-05,-1,BRANCH_1,BRANCH_1,.1412660477160429E-02,.8231806349783991E-10,.1412660438785953E-02,.9999999728353154,.9313225746154785E-03,1.000000000000000,.4661732373984519,1,1,1,1,0,-1.63480971494718630e+00,7.00000000000000000e+06,2.01808639594346998e-10,1.17597233568342727e-17,2.01808634112278988e-10,1.33046082087925495e-10,NULLSPACE,NULLSPACE_CONSISTENT
run1,SCLIP_LOW,KUP,D2,.3000000000000000E-06,-1,BRANCH_1,BRANCH_1,.2203706475673350E-02,.8231806349783991E-10,.2203706434674161E-02,.9999999813953493,.1552204291025798E-02,1.000000000000000,.4980582450917522,1,1,1,1,0,-3.69332198902920017e-01,7.00000000000000000e+06,3.14815210810478562e-10,1.17597233568342727e-17,3.14815204953451545e-10,2.21743470146542569e-10,NULLSPACE,NULLSPACE_CONSISTENT
run1,SCLIP_LOW,KUP,D2,.1000000000000000E-06,-1,BRANCH_1,BRANCH_1,.1370045623735038E-01,.8231806349783991E-10,.1370045627691849E-01,1.000000002888087,.6984919309616089E-02,1.000000000000000,-.4806734145008877,1,1,1,1,0,-1.66326962678430057e+00,7.00000000000000000e+06,1.95720803390719736e-09,1.17597233568342727e-17,1.95720803955978405e-09,9.97845615659441237e-10,NULLSPACE,NULLSPACE_CONSISTENT
run1,SCLIP_LOW,KUP,D3,.1000000000000000E-01,-1,BRANCH_1,BRANCH_1,6437264.263530854,6437264.263530838,.7491794048505979E-07,.1163816450871742E-13,.5308538675308228E-07,.2127251463783666E-13,.9999999999999998,1,1,1,1,0,,7.00000000000000000e+06,9.19609180504407764e-01,9.19609180504405432e-01,1.07025629264371117e-14,7.58362667901175404e-15,ACTIVE_CLIP,CONSISTENT_NUMERICALLY
run1,SCLIP_LOW,KUP,D3,.3000000000000000E-02,-1,BRANCH_1,BRANCH_1,6437264.263530573,6437264.263530838,.3745882552362013E-06,.5819059772928131E-13,.2323649823665619E-06,.9311390179193415E-13,1.000000000000000,1,1,1,1,0,-1.33676943801876891e+00,7.00000000000000000e+06,9.19609180504367574e-01,9.19609180504405432e-01,5.35126078908859030e-14,3.31949974809374110e-14,ACTIVE_CLIP,CONSISTENT_NUMERICALLY
run1,SCLIP_LOW,KUP,D3,.1000000000000000E-02,-1,BRANCH_1,BRANCH_1,6437264.263530834,6437264.263530838,.1048491789537805E-05,.1628784754849737E-12,.6454065442085266E-06,.2586289937546885E-12,1.000000000000000,1,1,1,1,0,-9.36891561789574445e-01,7.00000000000000000e+06,9.19609180504404766e-01,9.19609180504405432e-01,1.49784541362543562e-13,9.22009348869323675e-14,ACTIVE_CLIP,CONSISTENT_NUMERICALLY
run1,SCLIP_LOW,KUP,D3,.3000000000000000E-03,-1,BRANCH_1,BRANCH_1,6437264.263525876,6437264.263530838,.6441221534977981E-05,.1000614744289676E-11,.3439141437411308E-05,.1378141726821628E-11,1.000000000000000,1,1,1,1,0,-1.50781268006754021e+00,7.00000000000000000e+06,9.19609180503696555e-01,9.19609180504405432e-01,9.20174504996854373e-13,4.91305919630186835e-13,ACTIVE_CLIP,CONSISTENT_NUMERICALLY
run1,SCLIP_LOW,KUP,D3,.1000000000000000E-03,-1,BRANCH_1,BRANCH_1,6437264.263520570,6437264.263530838,.1282754045368372E-04,.1992700614507290E-11,.9641982614994049E-05,.3863760421851279E-11,1.000000000000000,1,1,1,1,0,-6.27042190524671361e-01,7.00000000000000000e+06,9.19609180502938495e-01,9.19609180504405432e-01,1.83250577909767405e-12,1.37742608785629278e-12,ACTIVE_CLIP,CONSISTENT_NUMERICALLY
run1,SCLIP_LOW,KUP,D3,.3000000000000000E-04,-1,BRANCH_1,BRANCH_1,6437264.263565723,6437264.263530838,.3933215659693860E-04,.6110073314770484E-11,.2098875120282173E-04,.8410667125155788E-11,.9999999999999998,1,1,1,1,0,-9.30625639382907321e-01,7.00000000000000000e+06,9.19609180509389001e-01,9.19609180504405432e-01,5.61887951384837115e-12,2.99839302897453321e-12,ACTIVE_CLIP,CONSISTENT_NUMERICALLY
run1,SCLIP_LOW,KUP,D3,.1000000000000000E-04,-1,BRANCH_1,BRANCH_1,6437264.263524503,6437264.263530838,.8259813138584034E-04,.1283124756176085E-10,.5555059760808945E-04,.2226038036096137E-10,.9999999999999998,1,1,1,1,0,-6.75347114858899644e-01,7.00000000000000000e+06,9.19609180503500490e-01,9.19609180504405432e-01,1.17997330551200493e-11,7.93579965829849317e-12,ACTIVE_CLIP,CONSISTENT_NUMERICALLY
run1,SCLIP_LOW,KUP,D3,.3000000000000000E-05,-1,BRANCH_1,BRANCH_1,6437264.263311832,6437264.263530838,.4836160320001183E-03,.7512757162075167E-10,.3557899035513401E-03,.1425730581274079E-09,1.000000000000000,1,1,1,1,0,-1.46789379742013271e+00,7.00000000000000000e+06,9.19609180473118903e-01,9.19609180504405432e-01,6.90880045714454755e-11,5.08271290787628688e-11,ACTIVE_CLIP,CONSISTENT_NUMERICALLY
run1,SCLIP_LOW,KUP,D3,.1000000000000000E-05,-1,BRANCH_1,BRANCH_1,6437264.264204680,6437264.263530838,.9295341393511120E-03,.1443989404815829E-09,.4746457561850548E-03,.1902012853608329E-09,1.000000000000000,1,1,1,1,0,-5.94743270575749272e-01,7.00000000000000000e+06,9.19609180600668541e-01,9.19609180504405432e-01,1.32790591335873146e-10,6.78065365978649633e-11,ACTIVE_CLIP,CONSISTENT_NUMERICALLY
run1,SCLIP_LOW,KUP,D3,.3000000000000000E-06,-1,BRANCH_1,BRANCH_1,6437264.263779630,6437264.263530838,.2963769523711139E-02,.4604082421141689E-09,.1780068501830101E-02,.7133136928560507E-09,1.000000000000000,1,1,1,1,0,-9.63089602589879634e-01,7.00000000000000000e+06,9.19609180539947113e-01,9.19609180504405432e-01,4.23395646244448402e-10,2.54295500261442999e-10,ACTIVE_CLIP,CONSISTENT_NUMERICALLY
run1,SCLIP_LOW,KUP,D3,.1000000000000000E-06,-1,BRANCH_1,BRANCH_1,6437264.268272232,6437264.263530838,.1034924616081693E-01,.1607708760975674E-08,.7405231706798077E-02,.2967443763990054E-08,1.000000000000000,1,1,1,1,0,-1.13821022154468188e+00,7.00000000000000000e+06,9.19609181181747504e-01,9.19609180504405432e-01,1.47846373725956158e-09,1.05789024382829671e-09,ACTIVE_CLIP,CONSISTENT_NUMERICALLY
run1,SCLIP_LOW,KUS,D1,.1000000000000000E-01,-1,BRANCH_1,BRANCH_1,.000000000000000,.000000000000000,.000000000000000,.000000000000000,.000000000000000,.000000000000000,1.000000000000000,1,1,1,1,0,,1.00000000000000000e+00,0.00000000000000000e+00,0.00000000000000000e+00,0.00000000000000000e+00,0.00000000000000000e+00,NULLSPACE,NULLSPACE_CONSISTENT
run1,SCLIP_LOW,KUS,D1,.3000000000000000E-02,-1,BRANCH_1,BRANCH_1,.000000000000000,.000000000000000,.000000000000000,.000000000000000,.000000000000000,.000000000000000,1.000000000000000,1,1,1,1,0,-0.00000000000000000e+00,1.00000000000000000e+00,0.00000000000000000e+00,0.00000000000000000e+00,0.00000000000000000e+00,0.00000000000000000e+00,NULLSPACE,NULLSPACE_CONSISTENT
run1,SCLIP_LOW,KUS,D1,.1000000000000000E-02,-1,BRANCH_1,BRANCH_1,.000000000000000,.000000000000000,.000000000000000,.000000000000000,.000000000000000,.000000000000000,1.000000000000000,1,1,1,1,0,-0.00000000000000000e+00,1.00000000000000000e+00,0.00000000000000000e+00,0.00000000000000000e+00,0.00000000000000000e+00,0.00000000000000000e+00,NULLSPACE,NULLSPACE_CONSISTENT
run1,SCLIP_LOW,KUS,D1,.3000000000000000E-03,-1,BRANCH_1,BRANCH_1,.000000000000000,.000000000000000,.000000000000000,.000000000000000,.000000000000000,.000000000000000,1.000000000000000,1,1,1,1,0,-0.00000000000000000e+00,1.00000000000000000e+00,0.00000000000000000e+00,0.00000000000000000e+00,0.00000000000000000e+00,0.00000000000000000e+00,NULLSPACE,NULLSPACE_CONSISTENT
run1,SCLIP_LOW,KUS,D1,.1000000000000000E-03,-1,BRANCH_1,BRANCH_1,.000000000000000,.000000000000000,.000000000000000,.000000000000000,.000000000000000,.000000000000000,1.000000000000000,1,1,1,1,0,-0.00000000000000000e+00,1.00000000000000000e+00,0.00000000000000000e+00,0.00000000000000000e+00,0.00000000000000000e+00,0.00000000000000000e+00,NULLSPACE,NULLSPACE_CONSISTENT
run1,SCLIP_LOW,KUS,D1,.3000000000000000E-04,-1,BRANCH_1,BRANCH_1,.000000000000000,.000000000000000,.000000000000000,.000000000000000,.000000000000000,.000000000000000,1.000000000000000,1,1,1,1,0,-0.00000000000000000e+00,1.00000000000000000e+00,0.00000000000000000e+00,0.00000000000000000e+00,0.00000000000000000e+00,0.00000000000000000e+00,NULLSPACE,NULLSPACE_CONSISTENT
run1,SCLIP_LOW,KUS,D1,.1000000000000000E-04,-1,BRANCH_1,BRANCH_1,.000000000000000,.000000000000000,.000000000000000,.000000000000000,.000000000000000,.000000000000000,1.000000000000000,1,1,1,1,0,-0.00000000000000000e+00,1.00000000000000000e+00,0.00000000000000000e+00,0.00000000000000000e+00,0.00000000000000000e+00,0.00000000000000000e+00,NULLSPACE,NULLSPACE_CONSISTENT
run1,SCLIP_LOW,KUS,D1,.3000000000000000E-05,-1,BRANCH_1,BRANCH_1,.000000000000000,.000000000000000,.000000000000000,.000000000000000,.000000000000000,.000000000000000,1.000000000000000,1,1,1,1,0,-0.00000000000000000e+00,1.00000000000000000e+00,0.00000000000000000e+00,0.00000000000000000e+00,0.00000000000000000e+00,0.00000000000000000e+00,NULLSPACE,NULLSPACE_CONSISTENT
run1,SCLIP_LOW,KUS,D1,.1000000000000000E-05,-1,BRANCH_1,BRANCH_1,.000000000000000,.000000000000000,.000000000000000,.000000000000000,.000000000000000,.000000000000000,1.000000000000000,1,1,1,1,0,-0.00000000000000000e+00,1.00000000000000000e+00,0.00000000000000000e+00,0.00000000000000000e+00,0.00000000000000000e+00,0.00000000000000000e+00,NULLSPACE,NULLSPACE_CONSISTENT
run1,SCLIP_LOW,KUS,D1,.3000000000000000E-06,-1,BRANCH_1,BRANCH_1,.000000000000000,.000000000000000,.000000000000000,.000000000000000,.000000000000000,.000000000000000,1.000000000000000,1,1,1,1,0,-0.00000000000000000e+00,1.00000000000000000e+00,0.00000000000000000e+00,0.00000000000000000e+00,0.00000000000000000e+00,0.00000000000000000e+00,NULLSPACE,NULLSPACE_CONSISTENT
run1,SCLIP_LOW,KUS,D1,.1000000000000000E-06,-1,BRANCH_1,BRANCH_1,.000000000000000,.000000000000000,.000000000000000,.000000000000000,.000000000000000,.000000000000000,1.000000000000000,1,1,1,1,0,-0.00000000000000000e+00,1.00000000000000000e+00,0.00000000000000000e+00,0.00000000000000000e+00,0.00000000000000000e+00,0.00000000000000000e+00,NULLSPACE,NULLSPACE_CONSISTENT
run1,SCLIP_LOW,KUS,D2,.1000000000000000E-01,-1,BRANCH_1,BRANCH_1,.000000000000000,.000000000000000,.000000000000000,.000000000000000,.000000000000000,.000000000000000,1.000000000000000,1,1,1,1,0,,1.00000000000000000e+00,0.00000000000000000e+00,0.00000000000000000e+00,0.00000000000000000e+00,0.00000000000000000e+00,NULLSPACE,NULLSPACE_CONSISTENT
run1,SCLIP_LOW,KUS,D2,.3000000000000000E-02,-1,BRANCH_1,BRANCH_1,.000000000000000,.000000000000000,.000000000000000,.000000000000000,.000000000000000,.000000000000000,1.000000000000000,1,1,1,1,0,-0.00000000000000000e+00,1.00000000000000000e+00,0.00000000000000000e+00,0.00000000000000000e+00,0.00000000000000000e+00,0.00000000000000000e+00,NULLSPACE,NULLSPACE_CONSISTENT
run1,SCLIP_LOW,KUS,D2,.1000000000000000E-02,-1,BRANCH_1,BRANCH_1,.000000000000000,.000000000000000,.000000000000000,.000000000000000,.000000000000000,.000000000000000,1.000000000000000,1,1,1,1,0,-0.00000000000000000e+00,1.00000000000000000e+00,0.00000000000000000e+00,0.00000000000000000e+00,0.00000000000000000e+00,0.00000000000000000e+00,NULLSPACE,NULLSPACE_CONSISTENT
run1,SCLIP_LOW,KUS,D2,.3000000000000000E-03,-1,BRANCH_1,BRANCH_1,.000000000000000,.000000000000000,.000000000000000,.000000000000000,.000000000000000,.000000000000000,1.000000000000000,1,1,1,1,0,-0.00000000000000000e+00,1.00000000000000000e+00,0.00000000000000000e+00,0.00000000000000000e+00,0.00000000000000000e+00,0.00000000000000000e+00,NULLSPACE,NULLSPACE_CONSISTENT
run1,SCLIP_LOW,KUS,D2,.1000000000000000E-03,-1,BRANCH_1,BRANCH_1,.000000000000000,.000000000000000,.000000000000000,.000000000000000,.000000000000000,.000000000000000,1.000000000000000,1,1,1,1,0,-0.00000000000000000e+00,1.00000000000000000e+00,0.00000000000000000e+00,0.00000000000000000e+00,0.00000000000000000e+00,0.00000000000000000e+00,NULLSPACE,NULLSPACE_CONSISTENT
run1,SCLIP_LOW,KUS,D2,.3000000000000000E-04,-1,BRANCH_1,BRANCH_1,.000000000000000,.000000000000000,.000000000000000,.000000000000000,.000000000000000,.000000000000000,1.000000000000000,1,1,1,1,0,-0.00000000000000000e+00,1.00000000000000000e+00,0.00000000000000000e+00,0.00000000000000000e+00,0.00000000000000000e+00,0.00000000000000000e+00,NULLSPACE,NULLSPACE_CONSISTENT
run1,SCLIP_LOW,KUS,D2,.1000000000000000E-04,-1,BRANCH_1,BRANCH_1,.000000000000000,.000000000000000,.000000000000000,.000000000000000,.000000000000000,.000000000000000,1.000000000000000,1,1,1,1,0,-0.00000000000000000e+00,1.00000000000000000e+00,0.00000000000000000e+00,0.00000000000000000e+00,0.00000000000000000e+00,0.00000000000000000e+00,NULLSPACE,NULLSPACE_CONSISTENT
run1,SCLIP_LOW,KUS,D2,.3000000000000000E-05,-1,BRANCH_1,BRANCH_1,.000000000000000,.000000000000000,.000000000000000,.000000000000000,.000000000000000,.000000000000000,1.000000000000000,1,1,1,1,0,-0.00000000000000000e+00,1.00000000000000000e+00,0.00000000000000000e+00,0.00000000000000000e+00,0.00000000000000000e+00,0.00000000000000000e+00,NULLSPACE,NULLSPACE_CONSISTENT
run1,SCLIP_LOW,KUS,D2,.1000000000000000E-05,-1,BRANCH_1,BRANCH_1,.000000000000000,.000000000000000,.000000000000000,.000000000000000,.000000000000000,.000000000000000,1.000000000000000,1,1,1,1,0,-0.00000000000000000e+00,1.00000000000000000e+00,0.00000000000000000e+00,0.00000000000000000e+00,0.00000000000000000e+00,0.00000000000000000e+00,NULLSPACE,NULLSPACE_CONSISTENT
run1,SCLIP_LOW,KUS,D2,.3000000000000000E-06,-1,BRANCH_1,BRANCH_1,.000000000000000,.000000000000000,.000000000000000,.000000000000000,.000000000000000,.000000000000000,1.000000000000000,1,1,1,1,0,-0.00000000000000000e+00,1.00000000000000000e+00,0.00000000000000000e+00,0.00000000000000000e+00,0.00000000000000000e+00,0.00000000000000000e+00,NULLSPACE,NULLSPACE_CONSISTENT
run1,SCLIP_LOW,KUS,D2,.1000000000000000E-06,-1,BRANCH_1,BRANCH_1,.000000000000000,.000000000000000,.000000000000000,.000000000000000,.000000000000000,.000000000000000,1.000000000000000,1,1,1,1,0,-0.00000000000000000e+00,1.00000000000000000e+00,0.00000000000000000e+00,0.00000000000000000e+00,0.00000000000000000e+00,0.00000000000000000e+00,NULLSPACE,NULLSPACE_CONSISTENT
run1,SCLIP_LOW,KUS,D3,.1000000000000000E-01,-1,BRANCH_1,BRANCH_1,.000000000000000,.000000000000000,.000000000000000,.000000000000000,.000000000000000,.000000000000000,1.000000000000000,1,1,1,1,0,,1.00000000000000000e+00,0.00000000000000000e+00,0.00000000000000000e+00,0.00000000000000000e+00,0.00000000000000000e+00,NULLSPACE,NULLSPACE_CONSISTENT
run1,SCLIP_LOW,KUS,D3,.3000000000000000E-02,-1,BRANCH_1,BRANCH_1,.000000000000000,.000000000000000,.000000000000000,.000000000000000,.000000000000000,.000000000000000,1.000000000000000,1,1,1,1,0,-0.00000000000000000e+00,1.00000000000000000e+00,0.00000000000000000e+00,0.00000000000000000e+00,0.00000000000000000e+00,0.00000000000000000e+00,NULLSPACE,NULLSPACE_CONSISTENT
run1,SCLIP_LOW,KUS,D3,.1000000000000000E-02,-1,BRANCH_1,BRANCH_1,.000000000000000,.000000000000000,.000000000000000,.000000000000000,.000000000000000,.000000000000000,1.000000000000000,1,1,1,1,0,-0.00000000000000000e+00,1.00000000000000000e+00,0.00000000000000000e+00,0.00000000000000000e+00,0.00000000000000000e+00,0.00000000000000000e+00,NULLSPACE,NULLSPACE_CONSISTENT
run1,SCLIP_LOW,KUS,D3,.3000000000000000E-03,-1,BRANCH_1,BRANCH_1,.000000000000000,.000000000000000,.000000000000000,.000000000000000,.000000000000000,.000000000000000,1.000000000000000,1,1,1,1,0,-0.00000000000000000e+00,1.00000000000000000e+00,0.00000000000000000e+00,0.00000000000000000e+00,0.00000000000000000e+00,0.00000000000000000e+00,NULLSPACE,NULLSPACE_CONSISTENT
run1,SCLIP_LOW,KUS,D3,.1000000000000000E-03,-1,BRANCH_1,BRANCH_1,.000000000000000,.000000000000000,.000000000000000,.000000000000000,.000000000000000,.000000000000000,1.000000000000000,1,1,1,1,0,-0.00000000000000000e+00,1.00000000000000000e+00,0.00000000000000000e+00,0.00000000000000000e+00,0.00000000000000000e+00,0.00000000000000000e+00,NULLSPACE,NULLSPACE_CONSISTENT
run1,SCLIP_LOW,KUS,D3,.3000000000000000E-04,-1,BRANCH_1,BRANCH_1,.000000000000000,.000000000000000,.000000000000000,.000000000000000,.000000000000000,.000000000000000,1.000000000000000,1,1,1,1,0,-0.00000000000000000e+00,1.00000000000000000e+00,0.00000000000000000e+00,0.00000000000000000e+00,0.00000000000000000e+00,0.00000000000000000e+00,NULLSPACE,NULLSPACE_CONSISTENT
run1,SCLIP_LOW,KUS,D3,.1000000000000000E-04,-1,BRANCH_1,BRANCH_1,.000000000000000,.000000000000000,.000000000000000,.000000000000000,.000000000000000,.000000000000000,1.000000000000000,1,1,1,1,0,-0.00000000000000000e+00,1.00000000000000000e+00,0.00000000000000000e+00,0.00000000000000000e+00,0.00000000000000000e+00,0.00000000000000000e+00,NULLSPACE,NULLSPACE_CONSISTENT
run1,SCLIP_LOW,KUS,D3,.3000000000000000E-05,-1,BRANCH_1,BRANCH_1,.000000000000000,.000000000000000,.000000000000000,.000000000000000,.000000000000000,.000000000000000,1.000000000000000,1,1,1,1,0,-0.00000000000000000e+00,1.00000000000000000e+00,0.00000000000000000e+00,0.00000000000000000e+00,0.00000000000000000e+00,0.00000000000000000e+00,NULLSPACE,NULLSPACE_CONSISTENT
run1,SCLIP_LOW,KUS,D3,.1000000000000000E-05,-1,BRANCH_1,BRANCH_1,.000000000000000,.000000000000000,.000000000000000,.000000000000000,.000000000000000,.000000000000000,1.000000000000000,1,1,1,1,0,-0.00000000000000000e+00,1.00000000000000000e+00,0.00000000000000000e+00,0.00000000000000000e+00,0.00000000000000000e+00,0.00000000000000000e+00,NULLSPACE,NULLSPACE_CONSISTENT
run1,SCLIP_LOW,KUS,D3,.3000000000000000E-06,-1,BRANCH_1,BRANCH_1,.000000000000000,.000000000000000,.000000000000000,.000000000000000,.000000000000000,.000000000000000,1.000000000000000,1,1,1,1,0,-0.00000000000000000e+00,1.00000000000000000e+00,0.00000000000000000e+00,0.00000000000000000e+00,0.00000000000000000e+00,0.00000000000000000e+00,NULLSPACE,NULLSPACE_CONSISTENT
run1,SCLIP_LOW,KUS,D3,.1000000000000000E-06,-1,BRANCH_1,BRANCH_1,.000000000000000,.000000000000000,.000000000000000,.000000000000000,.000000000000000,.000000000000000,1.000000000000000,1,1,1,1,0,-0.00000000000000000e+00,1.00000000000000000e+00,0.00000000000000000e+00,0.00000000000000000e+00,0.00000000000000000e+00,0.00000000000000000e+00,NULLSPACE,NULLSPACE_CONSISTENT
run1,SCLIP_LOW,KUU,D1,.1000000000000000E-01,-1,BRANCH_1,BRANCH_1,.1176097276106986E-06,.1708785405576776E-10,.1176064878780289E-06,.9999724535313910,.9312861948274076E-07,.9999609375000000,.1896627516358176,1,1,1,1,0,,2.50000000000000029e+05,4.70438910442794386e-13,6.83514162230710327e-17,4.70425951512115473e-13,3.72514477930962992e-13,NULLSPACE,NULLSPACE_CONSISTENT
run1,SCLIP_LOW,KUU,D1,.3000000000000000E-02,-1,BRANCH_1,BRANCH_1,.4033911757150159E-06,.1708785405576776E-10,.4033944132256398E-06,1.000008025734867,.3104444961839666E-06,1.000011718750000,-.1894422599838651,1,1,1,1,0,-1.02375283628030456e+00,2.50000000000000029e+05,1.61356470286006353e-12,6.83514162230710327e-17,1.61357765290255913e-12,1.24177798473586616e-12,NULLSPACE,NULLSPACE_CONSISTENT
run1,SCLIP_LOW,KUU,D1,.1000000000000000E-02,-1,BRANCH_1,BRANCH_1,.1176097276106986E-05,.1708785405576776E-10,.1176094035297238E-05,.9999972444373322,.9313189366366714E-06,.9999960937500000,.1896627516358176,1,1,1,1,0,-9.73991754943704047e-01,2.50000000000000029e+05,4.70438910442794325e-12,6.83514162230710327e-17,4.70437614118895127e-12,3.72527574654668535e-12,NULLSPACE,NULLSPACE_CONSISTENT
run1,SCLIP_LOW,KUU,D1,.3000000000000000E-03,-1,BRANCH_1,BRANCH_1,.8502326523343990E-05,.1708785405576776E-10,.8502327312048490E-05,1.000000092763375,.5044663036339140E-05,.9999998197115385,-.4615485139777182E-01,1,1,1,1,0,-1.64301146343365656e+00,2.50000000000000029e+05,3.40093060933759546e-11,6.83514162230710327e-17,3.40093092481939555e-11,2.01786521453565577e-11,NULLSPACE,NULLSPACE_CONSISTENT
run1,SCLIP_LOW,KUU,D1,.1000000000000000E-03,-1,BRANCH_1,BRANCH_1,.8394828241933113E-05,.1708785405576776E-10,.8394827737453599E-05,.9999999399059161,.4656612873077393E-05,1.000000000000000,.2952371245053815E-01,1,1,1,1,0,1.15820266251610241e-02,2.50000000000000029e+05,3.35793129677324464e-11,6.83514162230710327e-17,3.35793109498143949e-11,1.86264514923095675e-11,NULLSPACE,NULLSPACE_CONSISTENT
run1,SCLIP_LOW,KUU,D1,.3000000000000000E-04,-1,BRANCH_1,BRANCH_1,.4251993377850376E-04,.1708785405576776E-10,.4251993070737705E-04,.9999999277720720,.3104408218253715E-04,.9999998828125000,.1797259054613942,1,1,1,1,0,-1.34750315566643430e+00,2.50000000000000029e+05,1.70079735114015039e-10,6.83514162230710327e-17,1.70079722829508173e-10,1.24176328730148583e-10,NULLSPACE,NULLSPACE_CONSISTENT
run1,SCLIP_LOW,KUU,D1,.1000000000000000E-04,-1,BRANCH_1,BRANCH_1,.1899568465547720E-03,.1708785405576776E-10,.1899568484498821E-03,1.000000009976530,.9313226473750545E-04,1.000000078125000,-.1109038840370369,1,1,1,1,0,-1.36246792845787068e+00,2.50000000000000029e+05,7.59827386219087915e-10,6.83514162230710327e-17,7.59827393799528316e-10,3.72529058950021758e-10,NULLSPACE,NULLSPACE_CONSISTENT
run1,SCLIP_LOW,KUU,D1,.3000000000000000E-05,-1,BRANCH_1,BRANCH_1,.4394582027610595E-03,.1708785405576776E-10,.4394582053309908E-03,1.000000005847954,.3104408654811171E-03,1.000000023437500,-.1503951872430201,1,1,1,1,0,-6.96648363399344217e-01,2.50000000000000029e+05,1.75783281104423779e-09,6.83514162230710327e-17,1.75783282132396302e-09,1.24176346192446834e-09,NULLSPACE,NULLSPACE_CONSISTENT
run1,SCLIP_LOW,KUU,D1,.1000000000000000E-05,-1,BRANCH_1,BRANCH_1,.1899568465547720E-02,.1708785405576776E-10,.1899568465882151E-02,1.000000000176056,.1164153218269348E-02,1.000000000000000,-.1957127365359474E-01,1,1,1,1,0,-1.33244404289092677e+00,2.50000000000000029e+05,7.59827386219087873e-09,6.83514162230710327e-17,7.59827386352860349e-09,4.65661287307739092e-09,NULLSPACE,NULLSPACE_CONSISTENT
run1,SCLIP_LOW,KUU,D1,.3000000000000000E-06,-1,BRANCH_1,BRANCH_1,.5502428747902637E-02,.1708785405576776E-10,.5502428743669342E-02,.9999999992306497,.3104408582051595E-02,1.000000000000000,.2477370967312006,1,1,1,1,0,-8.83377800185269013e-01,2.50000000000000029e+05,2.20097149916105440e-08,6.83514162230710327e-17,2.20097149746773661e-08,1.24176343282063791e-08,NULLSPACE,NULLSPACE_CONSISTENT
run1,SCLIP_LOW,KUU,D1,.1000000000000000E-06,-1,BRANCH_1,BRANCH_1,.2604589578908679E-01,.1708785405576776E-10,.2604589578473714E-01,.9999999998330005,.1484295353293419E-01,1.000000000000000,.2545465818204466,1,1,1,1,0,-1.41512218263785816e+00,2.50000000000000029e+05,1.04183583156347139e-07,6.83514162230710327e-17,1.04183583138948540e-07,5.93718141317367554e-08,NULLSPACE,NULLSPACE_CONSISTENT
run1,SCLIP_LOW,KUU,D2,.1000000000000000E-01,-1,BRANCH_1,BRANCH_1,.1765765635310383E-06,.1064536255464157E-10,.1765744651639237E-06,.9999881163894424,.9313589544035494E-07,1.000039062500000,.1971445807490868,1,1,1,1,0,,2.50000000000000029e+05,7.06306254124153102e-13,4.25814502185662744e-17,7.06297860655694708e-13,3.72543581761419705e-13,NULLSPACE,NULLSPACE_CONSISTENT
run1,SCLIP_LOW,KUU,D2,.3000000000000000E-02,-1,BRANCH_1,BRANCH_1,.5885885451034609E-06,.1064536255464157E-10,.5885906438715242E-06,1.000003565764371,.3104481341627737E-06,1.000023437500000,-.1971445807490868,1,1,1,1,0,-1.00001283204996483e+00,2.50000000000000029e+05,2.35435418041384334e-12,4.25814502185662744e-17,2.35436257548609659e-12,1.24179253665109474e-12,NULLSPACE,NULLSPACE_CONSISTENT
run1,SCLIP_LOW,KUU,D2,.1000000000000000E-02,-1,BRANCH_1,BRANCH_1,.1765765635310383E-05,.1064536255464157E-10,.1765763416741224E-05,.9999987435653325,.9313262125942856E-06,1.000003906250000,.2084099853633203,1,1,1,1,0,-9.99995610650344924e-01,2.50000000000000029e+05,7.06306254124153122e-12,4.25814502185662744e-17,7.06305366696489555e-12,3.72530485037714212e-12,NULLSPACE,NULLSPACE_CONSISTENT
run1,SCLIP_LOW,KUU,D2,.3000000000000000E-03,-1,BRANCH_1,BRANCH_1,.8677085774251375E-05,.1064536255464157E-10,.8677084309999557E-05,.9999998312507384,.4656616511056200E-05,1.000000781250000,.1375489295821567,1,1,1,1,0,-1.32237408513970323e+00,2.50000000000000029e+05,3.47083430970054952e-11,4.25814502185662744e-17,3.47083372399982267e-11,1.86264660442247979e-11,NULLSPACE,NULLSPACE_CONSISTENT
run1,SCLIP_LOW,KUU,D2,.1000000000000000E-03,-1,BRANCH_1,BRANCH_1,.2049909864196127E-04,.1064536255464157E-10,.2049909848701217E-04,.9999999924411750,.9313229384133592E-05,1.000000390625000,.1455580902588705E-01,1,1,1,1,0,-7.82528426584724102e-01,2.50000000000000029e+05,8.19963945678450670e-11,4.25814502185662744e-17,8.19963939480486765e-11,3.72529175365343653e-11,NULLSPACE,NULLSPACE_CONSISTENT
run1,SCLIP_LOW,KUU,D2,.3000000000000000E-04,-1,BRANCH_1,BRANCH_1,.5911413943620912E-04,.1064536255464157E-10,.5911413728689444E-04,.9999999636412760,.3104408945849476E-04,1.000000117187500,.2019015875937403,1,1,1,1,0,-8.79662059357728232e-01,2.50000000000000029e+05,2.36456557744836463e-10,4.25814502185662744e-17,2.36456549147577728e-10,1.24176357833979018e-10,NULLSPACE,NULLSPACE_CONSISTENT
run1,SCLIP_LOW,KUU,D2,.1000000000000000E-04,-1,BRANCH_1,BRANCH_1,.2010482833624182E-03,.1064536255464157E-10,.2010482833624185E-03,1.000000000000002,.1164153218269348E-03,1.000000000000000,.000000000000000,1,1,1,1,0,-1.11420107181869654e+00,2.50000000000000029e+05,8.04193133449672658e-10,4.25814502185662744e-17,8.04193133449673899e-10,4.65661287307739154e-10,NULLSPACE,NULLSPACE_CONSISTENT
run1,SCLIP_LOW,KUU,D2,.3000000000000000E-05,-1,BRANCH_1,BRANCH_1,.4399932793049983E-03,.1064536255464157E-10,.4399932764975546E-03,.9999999936193488,.3104408582051595E-03,1.000000000000000,.2637245781149790,1,1,1,1,0,-6.50524952348366270e-01,2.50000000000000029e+05,1.75997311721999311e-09,4.25814502185662744e-17,1.75997310599021807e-09,1.24176343282063775e-09,NULLSPACE,NULLSPACE_CONSISTENT
run1,SCLIP_LOW,KUU,D2,.1000000000000000E-05,-1,BRANCH_1,BRANCH_1,.2770219937500263E-02,.1064536255464157E-10,.2770219938876200E-02,1.000000000496689,.1396983861923218E-02,1.000000000000000,-.1292522493233325,1,1,1,1,0,-1.67476967918144526e+00,2.50000000000000029e+05,1.10808797500010512e-08,4.25814502185662744e-17,1.10808797555047983e-08,5.58793544769287109e-09,NULLSPACE,NULLSPACE_CONSISTENT
run1,SCLIP_LOW,KUU,D2,.3000000000000000E-06,-1,BRANCH_1,BRANCH_1,.5474993594115934E-02,.1064536255464157E-10,.5474993592117605E-02,.9999999996350079,.3104408582051595E-02,1.000000000000000,.1877183305653625,1,1,1,1,0,-5.65846990481061241e-01,2.50000000000000029e+05,2.18999743764637331e-08,4.25814502185662744e-17,2.18999743684704188e-08,1.24176343282063791e-08,NULLSPACE,NULLSPACE_CONSISTENT
run1,SCLIP_LOW,KUU,D2,.1000000000000000E-06,-1,BRANCH_1,BRANCH_1,.2430823284413328E-01,.1064536255464157E-10,.2430823284535287E-01,1.000000000050172,.1396983862287016E-01,1.000000000260417,-.1145656710157525,1,1,1,1,0,-1.35682442591434227e+00,2.50000000000000029e+05,9.72329313765331135e-08,4.25814502185662744e-17,9.72329313814114674e-08,5.58793544914806311e-08,NULLSPACE,NULLSPACE_CONSISTENT
run1,SCLIP_LOW,KUU,D3,.1000000000000000E-01,-1,BRANCH_1,BRANCH_1,261830.2593054035,261830.2593053722,.1569904572393697E-06,.5995886711331297E-12,.7959897629916668E-07,.5852223175029287E-12,1.000000000000000,1,1,1,1,0,,2.50000000000000029e+05,1.04732103722161396e+00,1.04732103722148873e+00,6.27961828957478756e-13,3.18395905196666669e-13,ACTIVE_CLIP,CONSISTENT_NUMERICALLY
run1,SCLIP_LOW,KUU,D3,.3000000000000000E-02,-1,BRANCH_1,BRANCH_1,261830.2593051173,261830.2593053722,.6737018940204692E-06,.2573048263435174E-11,.3797176759690046E-06,.2791735128504553E-11,.9999999999999999,1,1,1,1,0,-1.20983023247168564e+00,2.50000000000000029e+05,1.04732103722046910e+00,1.04732103722148873e+00,2.69480757608187643e-12,1.51887070387601807e-12,ACTIVE_CLIP,CONSISTENT_NUMERICALLY
run1,SCLIP_LOW,KUU,D3,.1000000000000000E-02,-1,BRANCH_1,BRANCH_1,261830.2593061388,261830.2593053722,.1948535283435091E-05,.7441978969882209E-11,.1558661097078584E-05,.1145948480542456E-10,1.000000000000000,1,1,1,1,0,-9.66715486650415512e-01,2.50000000000000029e+05,1.04732103722455494e+00,1.04732103722148873e+00,7.79414113374036354e-12,6.23464438831433537e-12,ACTIVE_CLIP,CONSISTENT_NUMERICALLY
run1,SCLIP_LOW,KUU,D3,.3000000000000000E-03,-1,BRANCH_1,BRANCH_1,261830.2593061274,261830.2593053722,.2585639447763040E-05,.9875250685750403E-11,.1696447725407779E-05,.1247251052133455E-10,1.000000000000000,1,1,1,1,0,-2.34967842542538552e-01,2.50000000000000029e+05,1.04732103722450942e+00,1.04732103722148873e+00,1.03425577910521577e-11,6.78579090163111537e-12,ACTIVE_CLIP,CONSISTENT_NUMERICALLY
run1,SCLIP_LOW,KUU,D3,.1000000000000000E-03,-1,BRANCH_1,BRANCH_1,261830.2593202117,261830.2593053722,.1739503059211088E-04,.6643628829331452E-10,.1072118175216019E-04,.7882356184223672E-10,.9999999999999999,1,1,1,1,0,-1.73510868301177479e+00,2.50000000000000029e+05,1.04732103728084680e+00,1.04732103722148873e+00,6.95801223684435119e-11,4.28847270086407544e-11,ACTIVE_CLIP,CONSISTENT_NUMERICALLY
run1,SCLIP_LOW,KUU,D3,.3000000000000000E-04,-1,BRANCH_1,BRANCH_1,261830.2593351684,261830.2593053722,.5548485602603951E-04,.2119115497457208E-09,.2453128490742529E-04,.1803572868638128E-09,1.000000000000000,1,1,1,1,0,-9.63415076885252630e-01,2.50000000000000029e+05,1.04732103734067339e+00,1.04732103722148873e+00,2.21939424104158003e-10,9.81251396297011609e-11,ACTIVE_CLIP,CONSISTENT_NUMERICALLY
run1,SCLIP_LOW,KUU,D3,.1000000000000000E-04,-1,BRANCH_1,BRANCH_1,261830.2595926762,261830.2593053722,.3945773820339344E-03,.1506996871361508E-08,.2684620558284223E-03,.1973768929860823E-08,1.000000000000000,1,1,1,1,0,-1.78562098234281486e+00,2.50000000000000029e+05,1.04732103837070456e+00,1.04732103722148873e+00,1.57830952813573743e-09,1.07384822331368915e-09,ACTIVE_CLIP,CONSISTENT_NUMERICALLY
run1,SCLIP_LOW,KUU,D3,.3000000000000000E-05,-1,BRANCH_1,BRANCH_1,261830.2597566893,261830.2593053722,.5708559378123632E-03,.2180251963019255E-08,.3782548301387578E-03,.2780980088620128E-08,1.000000000000000,1,1,1,1,0,-3.06752449238660740e-01,2.50000000000000029e+05,1.04732103902675711e+00,1.04732103722148873e+00,2.28342375124945251e-09,1.51301932055503104e-09,ACTIVE_CLIP,CONSISTENT_NUMERICALLY
run1,SCLIP_LOW,KUU,D3,.1000000000000000E-05,-1,BRANCH_1,BRANCH_1,261830.2602888110,261830.2593053722,.1835069170139911E-02,.7008621417997080E-08,.1016086462186649E-02,.7470403482416065E-08,1.000000000000000,1,1,1,1,0,-1.06288686823394207e+00,2.50000000000000029e+05,1.04732104115524383e+00,1.04732103722148873e+00,7.34027668055964301e-09,4.06434584874659581e-09,ACTIVE_CLIP,CONSISTENT_NUMERICALLY
run1,SCLIP_LOW,KUU,D3,.3000000000000000E-06,-1,BRANCH_1,BRANCH_1,261830.2556169076,261830.2593053722,.5087928706380682E-02,.1943216463933085E-07,.3371546801645309E-02,.2478806291946133E-07,.9999999999999999,1,1,1,1,0,-8.47019662295983577e-01,2.50000000000000029e+05,1.04732102246763037e+00,1.04732103722148873e+00,2.03517148255227249e-08,1.34861872065812351e-08,ACTIVE_CLIP,CONSISTENT_NUMERICALLY
run1,SCLIP_LOW,KUU,D3,.1000000000000000E-06,-1,BRANCH_1,BRANCH_1,261830.2255961236,261830.2593053722,.4038308322561775E-01,.1542338281784270E-06,.2199799829395488E-01,.1617322249676787E-06,.9999999999999964,1,1,1,1,0,-1.88559710534247849e+00,2.50000000000000029e+05,1.04732090238449427e+00,1.04732103722148873e+00,1.61532332902470969e-07,8.79919931758195015e-08,ACTIVE_CLIP,CONSISTENT_NUMERICALLY
