benchmark,direction_id,sign,point_id,amplitude,z1_norm,root_linear_norm,operator_variation_norm,nonlinear_norm,linear_solve_norm,root_fraction,operator_fraction,nonlinear_fraction,linear_solve_fraction,decomposition_closure,linear_solve_relative_residual,z1_u_norm,root_u_norm,operator_u_norm,nonlinear_u_norm,residual_u_norm,z1_p_norm,root_p_norm,operator_p_norm,nonlinear_p_norm,residual_p_norm,z1_s_norm,root_s_norm,operator_s_norm,nonlinear_s_norm,residual_s_norm,condition_number,branch_preserving,branch_margin_gate_pass,finite,pass
N1,FIELD_U,-1,1,.1000000000000000E-01,5.71117751324292030E-18,4.58964700493634333E-18,1.50231471708028227E-18,5.66460514805666330E-19,8.67361805394612116E-19,8.63490752420154273E-01,9.25168771154405989E-02,1.31534114912908746E-02,3.08389589731142763E-02,3.84651698277017099E-19,5.21842393029509106E-17,5.71117750625307881E-18,4.58964691090016141E-18,1.50231459873715923E-18,5.66460426827922001E-19,4.04700354331684136E-04,9.47227440488858425E-25,1.79954979620603709E-24,1.27521315185558160E-24,4.55292060699677677E-25,5.07480291578817134E-09,2.82558926840293499E-22,9.29076162142962256E-22,5.96301593772398628E-22,3.15708127529642068E-22,1.12338683239753563E-10,4.59335163722473953E+03,1,1,1,1
N1,FIELD_U,-1,2,.7500000000000000E-02,4.28338313493217771E-18,4.88733520890612108E-18,9.69739942417810867E-19,2.31925222975158826E-18,4.46501784059519986E-18,4.76370339690054434E-01,1.87547390991584656E-02,1.07274481599208424E-01,3.97600439611578760E-01,1.48400972960020839E-18,1.38758030541651935E-16,4.28338312968979717E-18,4.88733518481277060E-18,9.69739903612216062E-19,2.31925207249295682E-18,3.03525265748763075E-04,7.10420580198936682E-25,1.21984080396468112E-24,5.98509532353919663E-25,1.26793494162808327E-24,3.80610218684112789E-09,2.11919195075621656E-22,4.85286584238436354E-22,2.74339772574873561E-22,8.54074488519531126E-22,8.42540124298151655E-11,4.59335164425464154E+03,1,1,1,1
N1,FIELD_U,-1,3,.5000000000000000E-02,2.85558875662145630E-18,2.29482350246817167E-18,6.13317380384525757E-19,2.83230257402822235E-19,8.67361787249090671E-19,8.13326478525494667E-01,5.80947486830323961E-02,1.23892674227530728E-02,1.16189505368719803E-01,1.92325852718877412E-19,5.21842393029503559E-17,2.85558875312653594E-18,2.29482345545008070E-18,6.13317366673349675E-19,2.83230213413949734E-19,2.02350177165842068E-04,4.73613720068238129E-25,8.99774898103018547E-25,3.42451753942050553E-25,2.27646030522834138E-25,2.53740145789408567E-09,1.41279463352574374E-22,4.64538081071481128E-22,1.29686112380436496E-22,1.57854064354745672E-22,5.61693416198767813E-11,4.59335165128454355E+03,1,1,1,1
N1,FIELD_U,-1,4,.3000000000000000E-02,1.71335325397286430E-18,9.45185578452152637E-19,7.81829355960712880E-19,8.89218851291297873E-19,9.19976285550164178E-19,2.84360675373708904E-01,1.94562577156458721E-01,2.51682306922931143E-01,2.69394440546901315E-01,1.50873564625574520E-19,1.28505896938569829E-16,1.71335325187591217E-18,9.45185540846313772E-19,7.81829305173187690E-19,8.89218830150872934E-19,1.21410106299505227E-04,2.84168232111419302E-25,4.42182149727951633E-25,3.47416916293328735E-25,3.10438323551322240E-25,1.52244087473645140E-09,8.47676779981685706E-23,2.66624823186627640E-22,2.81805310241920566E-22,1.93899026109092826E-22,3.37016049719260714E-11,4.59335165690846497E+03,1,1,1,1
N1,FIELD_U,-1,5,.2000000000000000E-02,1.14223550264859623E-18,9.07108629501459110E-19,5.93842004655336655E-19,1.78374506961954796E-19,7.96722696347846160E-19,4.46694254212797903E-01,1.91440401510747205E-01,1.72725850829622204E-02,3.44592759193492693E-01,1.99422256396733541E-19,6.03608022197939067E-17,1.14223550125062801E-18,9.07108618400024510E-19,5.93841986766417738E-19,1.78374498554206151E-19,8.09400708663368272E-05,1.89445487956818851E-25,3.31041511737801705E-25,2.46446365883974107E-25,1.27143401543714584E-25,1.01496058315763427E-09,5.65117853204460888E-23,1.41916539578569476E-22,1.45761180936798147E-22,5.47671416463568751E-23,2.24677366479507132E-11,4.59335165972042068E+03,1,1,1,1
N1,FIELD_U,-1,6,.1000000000000000E-02,5.71117751324279627E-19,4.53554314750729555E-19,9.38947039155932045E-20,8.91872534809892182E-20,9.38948104055938853E-20,8.89377425917597719E-01,3.81162081526042196E-02,3.43900713187001855E-02,3.81162946110979173E-02,9.97111254788847529E-20,6.03608022197931179E-17,5.71117750625295421E-19,4.53554309200012255E-19,9.38946624210724520E-20,8.91872492771149079E-20,4.04700354331684136E-05,9.47227439716161241E-26,1.65520755868900852E-25,9.82054870161197149E-26,6.35717007708645504E-26,5.07480291578817134E-10,2.82558926605245763E-23,7.09582697892847379E-23,8.82735527382117767E-23,2.73835708271076273E-23,1.12338683239753566E-11,4.59335166253238367E+03,1,1,1,1
N1,FIELD_U,-1,7,.7500000000000000E-03,4.28338313493226620E-19,2.36296394613038159E-19,7.66646740251740609E-20,2.22304712822829957E-19,1.21217497749873556E-19,4.43753699034760474E-01,4.67109158594074744E-02,3.92758086299664688E-01,1.16777298806167287E-01,1.80032231811236449E-19,1.28505896938570101E-16,4.28338312968988586E-19,2.36296385211578443E-19,7.66646708341687093E-20,2.22304707537723626E-19,3.03525265748763068E-05,7.10420580489867700E-26,1.10545537431987908E-25,1.02991019485553068E-25,7.76095809051784000E-26,3.80610218684112851E-10,2.11919194945894881E-23,6.66562057966569101E-23,2.21193163276843556E-23,4.84747565905202450E-23,8.42540124298151784E-12,4.59335166323537032E+03,1,1,1,1
N1,FIELD_U,-1,8,.5000000000000000E-03,2.85558875662179151E-19,2.26777157375364777E-19,2.71050565893304488E-20,4.45936267404946091E-20,6.06087655025463724E-20,8.89377520703259261E-01,1.27053949767711449E-02,3.43900749838321820E-02,6.35270093361374605E-02,4.98555627394057597E-20,6.03608022197931179E-17,2.85558875312687047E-19,2.26777154600006127E-19,2.71050543121376109E-20,4.45936246385574419E-20,2.02350177165842068E-05,4.73613720044819263E-26,8.27603779344504262E-26,1.08229502275395870E-26,3.17858503851835847E-26,2.53740145789408567E-10,1.41279463267593855E-23,3.54791348946423689E-23,1.11106597073835046E-23,1.36917854145356247E-23,5.61693416198767829E-12,4.59335166393836425E+03,1,1,1,1
N1,FIELD_U,-1,9,.3000000000000000E-03,1.71335325397299854E-19,9.77286635357654657E-20,3.83323451358886297E-20,5.47728980066184981E-20,3.83323437342723428E-20,6.16596326129374206E-01,9.48610205975015941E-02,1.93681639612779705E-01,9.48610136603445508E-02,4.98364485214036472E-20,6.44266724964475141E-17,1.71335325187604626E-19,9.77286631466484612E-20,3.83323354170843547E-20,5.47728966275813022E-20,1.21410106299505224E-05,2.84168232582264746E-26,3.64199098156561482E-26,4.85726240387552955E-26,2.09466327356133904E-26,1.52244087473645114E-10,8.47676779622217036E-24,8.72091981800401759E-24,2.72962756809521355E-23,1.22909432586680075E-23,3.37016049719260649E-12,4.59335166450075394E+03,1,1,1,1
N1,FIELD_U,-1,10,.2000000000000000E-03,1.14223550264846267E-19,1.49077799505048388E-19,1.86515345650587009E-24,3.48761965718012670E-20,8.88698639193609169E-20,7.09168173909251465E-01,1.11007527259347372E-10,3.88133852904806384E-02,2.52018440689260270E-01,3.11225017093087438E-20,1.14240610830294466E-16,1.14223550125049440E-19,1.49077798716756860E-19,0.00000000000000000E+00,3.48761920687628274E-20,8.09400708663368272E-06,1.89445487326688406E-26,3.96984672728187172E-26,1.16613878414396447E-26,2.65805253136043117E-26,1.01496058315763427E-10,5.65117853369634154E-24,1.53307518599046885E-23,1.86511700124936026E-24,1.77227814065980308E-23,2.24677366479507140E-12,4.59335166478195242E+03,1,1,1,1
N1,FIELD_U,-1,11,.1000000000000000E-03,5.71117751324240122E-20,7.45388997525241939E-20,2.60830551070510147E-24,1.74380982859006335E-20,4.44349351919654401E-20,7.09168147370764057E-01,8.68360745362698017E-10,3.88133838380063448E-02,2.52018467922868861E-01,1.55612629071510593E-20,1.14240610830294466E-16,5.71117750625256108E-20,7.45388993583784298E-20,0.00000000000000000E+00,1.74380960343814137E-20,4.04700354331684136E-06,9.47227436633442028E-27,1.98492336364093586E-26,4.16518914895110754E-27,1.32902626569530530E-26,5.07480291578817134E-11,2.82558926654647316E-24,7.66537592995234425E-24,2.60830218501882072E-24,8.86139070373150621E-24,1.12338683239753570E-12,4.59335166506314727E+03,1,1,1,1
N1,FIELD_U,-1,12,.7499999999999999E-04,4.28338313492941426E-20,2.44321658839413664E-20,7.88021201352419965E-24,1.36932245016503514E-20,9.58308396694406461E-21,6.81217274902476189E-01,7.08659347705924122E-08,2.13979994924419076E-01,1.04802659307169935E-01,1.31566498561802821E-20,6.44266724964645855E-17,4.28338312968703416E-20,2.44321657866621153E-20,0.00000000000000000E+00,1.36932241568910554E-20,3.03525265748763060E-06,7.10420576626690464E-27,9.10497745391403706E-27,1.31539702122244638E-26,5.23665818398962347E-27,3.80610218684112786E-11,2.11919194487062878E-24,2.18022995450100440E-24,7.88020103494566706E-24,3.07273581497584906E-24,8.42540124298151623E-13,4.59335166513344757E+03,1,1,1,1
N1,FIELD_U,-1,13,.5000000000000000E-04,2.85558875662250964E-20,3.72694498762620969E-20,2.09090532625987549E-24,8.71904914295031526E-21,2.22174662468647375E-20,7.09168168109007957E-01,2.23209156738022931E-09,3.88133849730282962E-02,2.52018444685872256E-01,7.78062560106357184E-21,1.14240610830294466E-16,2.85558875312758897E-20,3.72694496791892149E-20,0.00000000000000000E+00,8.71904801719070536E-21,2.02350177165842068E-06,4.73613718996051353E-27,9.92461681820467929E-27,3.71199861187802194E-27,6.64513132851425226E-27,2.53740145789408567E-11,1.41279463605694202E-24,3.83268796497617213E-24,2.09090203128894143E-24,4.43069535197387654E-24,5.61693416198767850E-13,4.59335166520374696E+03,1,1,1,1
N1,FIELD_U,-1,14,.3000000000000000E-04,1.71335325397424769E-20,2.16283856604541622E-20,1.66056830707061059E-24,1.04901474896607416E-20,7.57609333132639754E-21,7.36408767693648048E-01,4.34094447117627147E-09,1.73234317470146532E-01,9.03569104952610530E-02,9.31366121932911703E-21,1.92072817767356787E-16,1.71335325187729546E-20,2.16283854819255450E-20,0.00000000000000000E+00,1.04901468444922853E-20,1.21410106299505215E-06,2.84168238445272216E-27,3.75295310454180690E-27,1.89503142989719946E-27,5.56028424377178468E-27,1.52244087473645127E-11,8.47676779309319174E-25,2.77894898145269264E-24,1.66056722577052970E-24,3.67910222143619544E-24,3.37016049719260690E-13,4.59335166525998193E+03,1,1,1,1
N1,FIELD_U,-1,15,.2000000000000000E-04,1.14223550264201020E-20,1.29016214934508933E-20,1.19364642409050271E-24,1.69259287964797772E-21,6.10804262562755037E-21,8.05574942941203687E-01,6.89554757150969020E-09,1.38650798621600870E-02,1.80559970301088807E-01,7.56579497220509371E-21,1.56705584072857589E-16,1.14223550124404190E-20,1.29016214789598864E-20,0.00000000000000000E+00,1.69259282731391259E-21,8.09400708663368208E-07,1.89445480550779389E-27,2.19689594540391072E-27,3.15540960178466672E-27,6.12314006558653745E-28,1.01496058315763424E-11,5.65117853561984299E-25,6.11481936229293495E-25,1.19364225341359685E-24,4.20903972510549881E-25,2.24677366479507110E-13,4.59335166528810532E+03,1,1,1,1
N1,FIELD_U,-1,16,.1000000000000000E-04,5.71117751320753526E-21,6.45081074672544664E-21,9.00009054884982767E-25,8.46296439819004671E-22,3.05402147469593248E-21,8.05574920444073306E-01,1.56809038976551025E-08,1.38650794747894601E-02,1.80559984400233353E-01,3.78289747401604322E-21,1.56705584072973921E-16,5.71117750621769377E-21,6.45081073947994321E-21,0.00000000000000000E+00,8.46296413651972107E-22,4.04700354331684104E-07,9.47227395960594986E-28,1.09844797270195536E-27,1.35834057664638499E-27,3.06157003282216731E-28,5.07480291578817118E-12,2.82558928589357276E-25,3.05740968114646747E-25,9.00008029845199539E-25,2.10451986258865203E-25,1.12338683239753555E-13,4.59335166531622508E+03,1,1,1,1
N1,FIELD_U,-1,17,.7500000000000000E-05,4.28338313489290871E-21,5.40709641511354055E-21,6.99314577555559939E-25,2.62253687240464656E-21,1.89402338741303630E-21,7.36408757985349327E-01,1.23178774896568283E-08,1.73234315184953996E-01,9.03569145118192363E-02,2.32841530658672395E-21,1.92072817767543624E-16,4.28338312965052740E-21,5.40709637048138625E-21,0.00000000000000000E+00,2.62253671111253289E-21,3.03525265748763038E-07,7.10420590172899584E-28,9.38238276135451725E-28,1.05316894045687092E-27,1.39007106094377359E-27,3.80610218684112818E-12,2.11919197835689742E-25,6.94737245363173161E-25,6.99313784518004546E-25,9.19775555366994468E-25,8.42540124298151724E-14,4.59335166532325366E+03,1,1,1,1
N1,FIELD_U,-1,18,.5000000000000000E-05,2.85558875658407086E-21,3.22540537336272332E-21,3.59778945636378897E-25,4.23148219904517910E-22,1.52701055467654436E-21,8.05574959802533797E-01,1.00232563426919962E-08,1.38650801518773771E-02,1.80559950022332522E-01,1.89144870535386549E-21,1.56705584073206635E-16,2.85558875308915011E-21,3.22540536973997161E-21,0.00000000000000000E+00,4.23148206821001628E-22,2.02350177165842052E-07,4.73613784385208129E-28,5.49223986350977680E-28,5.72592835110887266E-28,1.53078501643640209E-28,2.53740145789408559E-12,1.41279463749601012E-25,1.52870484057323374E-25,3.59778489991647050E-25,1.05225993131830266E-25,5.61693416198767774E-14,4.59335166533028132E+03,1,1,1,1
N1,FIELD_U,-1,19,.3000000000000000E-05,1.71335325397468576E-21,1.62654591132545177E-21,3.69147205203859467E-25,4.29268473074150072E-22,2.99471465570147566E-22,9.06167240702320465E-01,4.66739841746361839E-08,6.31151606990281722E-02,3.07175519246672794E-02,3.02154104592279246E-22,1.15776929934382984E-16,1.71335325187773324E-21,1.62654588027674595E-21,0.00000000000000000E+00,4.29268472978015041E-22,1.21410106299505252E-07,2.84168204906945046E-28,4.50587735996522089E-28,6.07074645298879135E-28,5.59991024703702630E-29,1.52244087473645131E-12,8.47676804712890855E-26,3.17811400692189017E-25,3.69146706026473099E-25,9.08473301506880373E-27,3.37016049719260677E-14,4.59335166533591018E+03,1,1,1,1
N1,FIELD_U,-1,20,.2000000000000000E-05,1.14223550265633021E-21,1.64027225888939581E-21,7.85128935296307743E-26,4.19604260391332606E-22,4.49207166462595203E-22,8.76853984024495992E-01,2.00898810854984420E-09,5.73819335009960393E-02,6.57640804655199723E-02,3.76075780874309791E-22,4.53377139548045791E-17,1.14223550125836198E-21,1.64027224920244535E-21,0.00000000000000000E+00,4.19604250958312715E-22,8.09400708663368261E-08,1.89445420255062787E-28,3.90189335675072023E-28,1.50778309817467901E-28,1.85755407655523153E-28,1.01496058315763428E-12,5.65117848843863110E-26,1.78264746734078524E-25,7.85127487501006185E-26,8.89732323443044696E-26,2.24677366479507097E-14,4.59335166533871961E+03,1,1,1,1
N1,FIELD_U,-1,21,.1000000000000000E-05,5.71117751322164157E-22,8.20136129444697905E-22,1.59438421599038149E-26,2.09802130195666303E-22,2.24603562885771930E-22,8.76853995942663222E-01,3.31391503565951780E-10,5.73819342809291852E-02,6.57640694450160879E-02,1.88037888162415951E-22,4.53377139548045791E-17,5.71117750623180139E-22,8.20136124601222673E-22,0.00000000000000000E+00,2.09802125479156357E-22,4.04700354331684131E-08,9.47227846519316412E-29,1.95094667837536012E-28,3.22673531040983847E-29,9.28777038277652981E-29,5.07480291578817138E-13,2.82558906182589217E-26,8.91323733670392621E-26,1.59438095083279886E-26,4.44866161721671581E-26,1.12338683239753548E-14,4.59335166534153177E+03,1,1,1,1
N1,FIELD_U,1,1,.1000000000000000E-01,5.71117751324296344E-18,4.58964700493634333E-18,7.51157301468893080E-18,5.66460514805663923E-19,6.77431174237065837E-18,1.70288837580170133E-01,4.56130798806551496E-01,2.59398163418394492E-03,3.70986381979094504E-01,3.84651699692075781E-19,5.21842393029514652E-17,5.71117750625312273E-18,4.58964691090016141E-18,7.51157299368579731E-18,5.66460426827916801E-19,4.04700354331684136E-04,9.47227439550175492E-25,1.79954979620603709E-24,1.22722043332076658E-24,4.55292062083661931E-25,5.07480291578817134E-09,2.82558926295462588E-22,9.29076162142962256E-22,5.61722039743244314E-22,3.15708132249059576E-22,1.12338683239753563E-10,4.59335169346394741E+03,1,1,1,1
N1,FIELD_U,1,2,.7500000000000000E-02,4.28338313493222008E-18,4.88733520890612108E-18,1.98737542940125414E-18,2.31925222975158094E-18,6.20936512137468238E-18,3.32809832401596395E-01,5.50315476429434902E-02,7.49458966425777251E-02,5.37212723312882501E-01,1.76419099662429007E-18,1.38758030541651664E-16,4.28338312968983954E-18,4.88733518481277060E-18,1.98737540962015672E-18,2.31925207249294680E-18,3.03525265748763075E-04,7.10420579785445708E-25,1.21984080396468112E-24,3.50667606434029374E-25,1.26793494389003599E-24,3.80610218684112789E-09,2.11919194770912174E-22,4.85286584238436354E-22,2.80401157186866948E-22,8.54074494937378386E-22,8.42540124298151655E-11,4.59335168643404540E+03,1,1,1,1
N1,FIELD_U,1,3,.5000000000000000E-02,2.85558875662147556E-18,2.29482350246817167E-18,2.33544297108656082E-18,2.83230257402851317E-19,2.41463289151149486E-18,3.16647096441791176E-01,3.27955912889498657E-01,4.82343272970605415E-03,3.50573557939004077E-01,1.21652524371206275E-18,5.21842393029525684E-17,2.85558875312655481E-18,2.29482345545008070E-18,2.33544295323508458E-18,2.83230213413978141E-19,2.02350177165842068E-04,4.73613719885253791E-25,8.99774898103018547E-25,5.50441233255391484E-25,2.27646030868837870E-25,2.53740145789408567E-09,1.41279463217514446E-22,4.64538081071481128E-22,2.88759250795266527E-22,1.57854065534607031E-22,5.61693416198767813E-11,4.59335167940414522E+03,1,1,1,1
N1,FIELD_U,1,4,.3000000000000000E-02,1.71335325397289936E-18,9.45185578452152637E-19,2.16840679428876342E-19,8.89218851291317903E-19,3.75578650257833575E-19,4.77188553385495817E-01,2.51152417594555886E-02,4.22350649559567581E-01,7.53455552954810093E-02,4.44044113863804326E-19,1.28505896938570101E-16,1.71335325187594702E-18,9.45185540846313772E-19,2.16840434497100887E-19,8.89218830150892771E-19,1.21410106299505227E-04,2.84168231928434963E-25,4.42182149727951633E-25,5.59671022998973309E-25,3.10438323736360571E-25,1.52244087473645140E-09,8.47676779467846092E-23,2.66624823186627640E-22,3.25917124408142149E-22,1.93899026783721682E-22,3.37016049719260714E-11,4.59335167378022743E+03,1,1,1,1
N1,FIELD_U,1,5,.2000000000000000E-02,1.14223550264860451E-18,9.07108629501459110E-19,1.53329367931020045E-19,1.78374506961978533E-19,2.16840589073109562E-19,8.89377490552984207E-01,2.54107935272659159E-02,3.43900738179940962E-02,5.08216421017557568E-02,1.99422253224480500E-19,6.03608022197931179E-17,1.14223550125063610E-18,9.07108618400024510E-19,1.53329341668337419E-19,1.78374498554229888E-19,8.09400708663368272E-05,1.89445487956818851E-25,3.31041511737801705E-25,7.13212191762500000E-26,1.27143401535760574E-25,1.01496058315763427E-09,5.65117853012733175E-23,1.41916539578569476E-22,8.97422714647529823E-23,5.47671416777788147E-23,2.24677366479507132E-11,4.59335167096826171E+03,1,1,1,1
N1,FIELD_U,1,6,.1000000000000000E-02,5.71117751324305146E-19,4.53554314750729555E-19,6.11716994832964370E-23,8.91872534809892543E-20,1.21217581138366967E-19,9.00822767863732388E-01,1.63863354502227801E-08,3.48326349753934200E-02,6.43445807745387371E-02,7.47744145115108738E-20,6.03608022197931179E-17,5.71117750625321035E-19,4.53554309200012255E-19,0.00000000000000000E+00,8.91872492771149199E-20,4.04700354331684136E-05,9.47227439716161241E-26,1.65520755868900852E-25,9.22451161103139914E-26,6.35717007688750492E-26,5.07480291578817134E-10,2.82558926530326747E-23,7.09582697892847379E-23,6.11716299318015825E-23,2.73835708349621277E-23,1.12338683239753566E-11,4.59335166815630328E+03,1,1,1,1
N1,FIELD_U,1,7,.7500000000000000E-03,4.28338313493263021E-19,2.36296394613038159E-19,5.42102070527467607E-20,2.22304712822852972E-19,1.53329364247572884E-19,4.23950533357412229E-01,2.23132652181358034E-02,3.75230675325977703E-01,1.78505526098474282E-01,1.54325545903412585E-19,1.28505896938571136E-16,4.28338312969024986E-19,2.36296385211578443E-19,5.42101086242752217E-20,2.22304707537746641E-19,3.03525265748763068E-05,7.10420580625733725E-26,1.10545537431987908E-25,1.40494409464602454E-25,7.76095809167465730E-26,3.80610218684112851E-10,2.11919194889061111E-23,6.66562057966569101E-23,1.03303563427028337E-22,4.84747566326883895E-23,8.42540124298151784E-12,4.59335166745331571E+03,1,1,1,1
N1,FIELD_U,1,8,.5000000000000000E-03,2.85558875662170484E-19,2.26777157375364777E-19,3.37383513868813658E-23,4.45936267404946151E-20,6.06087450871491718E-20,9.00822851657260171E-01,1.99383169062906123E-08,3.48326382154862044E-02,6.43444901889367871E-02,3.73872054898915765E-20,6.03608022197931179E-17,2.85558875312678429E-19,2.26777154600006127E-19,0.00000000000000000E+00,4.45936246385574539E-20,2.02350177165842068E-05,4.73613720044819263E-26,8.27603779344504262E-26,5.38727268725953833E-26,3.17858503846862323E-26,2.53740145789408567E-10,1.41279463275924084E-23,3.54791348946423689E-23,3.37383083754058302E-23,1.36917854164992616E-23,5.61693416198767829E-12,4.59335166675032360E+03,1,1,1,1
N1,FIELD_U,1,9,.3000000000000000E-03,1.71335325397347088E-19,9.77286635357654657E-20,5.14183822651506427E-23,5.47728980066355546E-20,3.83323870161356487E-20,6.81217004192417930E-01,1.88572508329319017E-07,2.13979909890822162E-01,1.04802897344251536E-01,5.26265979861805272E-20,6.44266724964304426E-17,1.71335325187651883E-19,9.77286631466484612E-20,0.00000000000000000E+00,5.47728966275983587E-20,1.21410106299505224E-05,2.84168232582264746E-26,3.64199098156561482E-26,7.60379855513168071E-26,2.09466327365487378E-26,1.52244087473645114E-10,8.47676779737163339E-24,8.72091981800401759E-24,5.14183260422771006E-23,1.22909432619773092E-23,3.37016049719260649E-12,4.59335166618793392E+03,1,1,1,1
N1,FIELD_U,1,10,.2000000000000000E-03,1.14223550264886495E-19,1.49077799505048388E-19,1.33401099363187120E-23,3.48761965718376972E-20,8.88698642076628675E-20,7.09168168801236565E-01,5.67861079827227772E-09,3.88133850109956616E-02,2.52018440509156949E-01,3.11225086421095795E-20,1.14240610830216935E-16,1.14223550125089668E-19,1.49077798716756860E-19,0.00000000000000000E+00,3.48761920687992516E-20,8.09400708663368272E-06,1.89445487326688406E-26,3.96984672728187172E-26,1.93779292389427177E-26,2.65805253148216773E-26,1.01496058315763427E-10,5.65117853254786886E-24,1.53307518599046885E-23,1.33400958620591483E-23,1.77227814100661388E-23,2.24677366479507140E-12,4.59335166590673816E+03,1,1,1,1
N1,FIELD_U,1,11,.1000000000000000E-03,5.71117751324592928E-20,7.45388997525241939E-20,6.68294097083956956E-25,1.74380982859188486E-20,4.44349323084488454E-20,7.09168171141900672E-01,5.70057323808473154E-11,3.88133851391022286E-02,2.52018443661991220E-01,1.55612515358109853E-20,1.14240610830216935E-16,5.71117750625608793E-20,7.45388993583784298E-20,0.00000000000000000E+00,1.74380960343996258E-20,4.04700354331684136E-06,9.47227436633442028E-27,1.98492336364093586E-26,6.66822806393617932E-27,1.32902626572599472E-26,5.07480291578817134E-11,2.82558926732217087E-24,7.66537592995234425E-24,6.68260828518138281E-25,8.86139070460057122E-24,1.12338683239753570E-12,4.59335166562554059E+03,1,1,1,1
N1,FIELD_U,1,12,.7499999999999999E-04,4.28338313493414182E-20,2.44321658839413664E-20,9.91695399984327831E-25,1.36932245016674259E-20,9.58308388638466597E-21,6.81217323612993586E-01,1.12232424382053402E-09,2.13980010225616135E-01,1.04802665039066004E-01,1.31566487727933127E-20,6.44266724963962998E-17,4.28338312969176171E-20,2.44321657866621153E-20,0.00000000000000000E+00,1.36932241569081270E-20,3.03525265748763060E-06,7.10420576626690464E-27,9.10497745391403706E-27,1.63169964205627988E-27,5.23665818405193959E-27,3.80610218684112786E-11,2.11919194601910109E-24,2.18022995450100440E-24,9.91694057613714946E-25,3.07273581518649764E-24,8.42540124298151623E-13,4.59335166555524029E+03,1,1,1,1
N1,FIELD_U,1,13,.5000000000000000E-04,2.85558875662303807E-20,3.72694498762620969E-20,3.17641270913230223E-24,8.71904914295031526E-21,2.22174659832953897E-20,7.09168170279245613E-01,5.15130328931446017E-09,3.88133850918072829E-02,2.52018439477643741E-01,7.78062671364359776E-21,1.14240610830294466E-16,2.85558875312811800E-20,3.72694496791892149E-20,0.00000000000000000E+00,8.71904801719070536E-21,2.02350177165842068E-06,4.73613718996051353E-27,9.92461681820467929E-27,6.00272191672929982E-27,6.64513132858970229E-27,2.53740145789408567E-11,1.41279462853620263E-24,3.83268796497617213E-24,3.17640703721465825E-24,4.43069535219012342E-24,5.61693416198767850E-13,4.59335166548494090E+03,1,1,1,1
N1,FIELD_U,1,14,.3000000000000000E-04,1.71335325397338764E-20,2.16283856604541622E-20,2.74777974262582355E-25,1.04901474896607416E-20,7.57609303233290413E-21,7.36408776054852665E-01,1.18859686517968457E-10,1.73234319437053558E-01,9.03569043892340773E-02,9.31366121688729666E-21,1.92072817767356787E-16,1.71335325187643542E-20,2.16283854819255450E-20,0.00000000000000000E+00,1.04901468444922853E-20,1.21410106299505215E-06,2.84168238445272216E-27,3.75295310454180690E-27,1.59872899249647009E-27,5.56028424381195266E-27,1.52244087473645127E-11,8.47676779510780722E-25,2.77894898145269264E-24,2.74773323314795112E-25,3.67910222154264968E-24,3.37016049719260690E-13,4.59335166542870320E+03,1,1,1,1
N1,FIELD_U,1,15,.2000000000000000E-04,1.14223550265014018E-20,1.29016214934508933E-20,3.85993903781345479E-25,1.69259287966791580E-21,6.10804157790415798E-21,8.05574997815110438E-01,7.21071411345752906E-10,1.38650808069439909E-02,1.80559920656874207E-01,7.56579481980686207E-21,1.56705584072624875E-16,1.14223550125217204E-20,1.29016214789598864E-20,0.00000000000000000E+00,1.69259282733385067E-21,8.09400708663368208E-07,1.89445480550779389E-27,2.19689594540391072E-27,1.03684200052251113E-27,6.12314006552822371E-28,1.01496058315763424E-11,5.65117852299526049E-25,6.11481936229293495E-25,3.85992511216252157E-25,4.20903972515267930E-25,2.24677366479507110E-13,4.59335166540058253E+03,1,1,1,1
N1,FIELD_U,1,16,.1000000000000000E-04,5.71117751325493496E-21,6.45081074672544664E-21,1.42960768370431987E-24,8.46296439828973427E-22,3.05402077552306489E-21,8.05574967802722308E-01,3.95649943863731677E-08,1.38650802902251773E-02,1.80559912342058176E-01,3.78289768734111454E-21,1.56705584072741232E-16,5.71117750626509271E-21,6.45081073947994321E-21,0.00000000000000000E+00,8.46296413661940769E-22,4.04700354331684104E-07,9.47227395960594986E-28,1.09844797270195536E-27,2.59178058306890796E-27,3.06157003278346233E-28,5.07480291578817118E-12,2.82558927700663573E-25,3.05740968114646747E-25,1.42960533434225831E-24,2.10451986258044102E-25,1.12338683239753555E-13,4.59335166537246096E+03,1,1,1,1
N1,FIELD_U,1,17,.7500000000000000E-05,4.28338313496532293E-21,5.40709641511354055E-21,4.58682326002997198E-25,2.62253687242572421E-21,1.89402329691286373E-21,7.36408769510663475E-01,5.29925400495408551E-09,1.73234317898977280E-01,9.03569072911053345E-02,2.32841530717215324E-21,1.92072817767169975E-16,4.28338312972294237E-21,5.40709637048138625E-21,0.00000000000000000E+00,2.62253671113361016E-21,3.03525265748763038E-07,7.10420590172899584E-28,9.38238276135451725E-28,6.27824742707973146E-28,1.39007106095216129E-27,3.80610218684112818E-12,2.11919193585416292E-25,6.94737245363173161E-25,4.58681896332973049E-25,9.19775555377717731E-25,8.42540124298151724E-14,4.59335166536543329E+03,1,1,1,1
N1,FIELD_U,1,18,.5000000000000000E-05,2.85558875666849016E-21,3.22540537336272332E-21,5.59681252754969840E-26,4.23148219924455423E-22,1.52701042144172210E-21,8.05574993062989297E-01,2.42559833464353128E-10,1.38650807256432470E-02,1.80559925968807600E-01,1.89144870315881128E-21,1.56705584072275828E-16,2.85558875317356979E-21,3.22540536973997161E-21,0.00000000000000000E+00,4.23148206840939141E-22,2.02350177165842052E-07,4.73613784385208129E-28,5.49223986350977680E-28,3.52878433559216954E-29,1.53078501634228842E-28,2.53740145789408559E-12,1.41279460849261464E-25,1.52870484057323374E-25,5.59681141510220648E-26,1.05225993124624210E-25,5.61693416198767774E-14,4.59335166535840563E+03,1,1,1,1
N1,FIELD_U,1,19,.3000000000000000E-05,1.71335325401104070E-21,1.62654591132545177E-21,6.39346465059998599E-26,4.29268473074814368E-22,2.99471437553665118E-22,9.06167286936033212E-01,1.40006520960808541E-09,6.31151639194328651E-02,3.07175477444685818E-02,3.02154099604600715E-22,1.15776929934520073E-16,1.71335325191408855E-21,1.62654588027674595E-21,0.00000000000000000E+00,4.29268472978679242E-22,1.21410106299505252E-07,2.84168204906945046E-28,4.50587735996522089E-28,9.10472685885434447E-29,5.59991024701971858E-29,1.52244087473645131E-12,8.47676750460331306E-26,3.17811400692189017E-25,6.39345816772272522E-26,9.08473301909701997E-27,3.37016049719260677E-14,4.59335166535278313E+03,1,1,1,1
N1,FIELD_U,1,20,.2000000000000000E-05,1.14223550264573232E-21,1.64027225888939581E-21,1.23558211650307419E-25,4.19604260370329532E-22,4.49207069505568900E-22,8.76854006321394208E-01,4.97552185610144795E-09,5.73819349543761015E-02,6.57640537487078763E-02,3.76075776556640000E-22,4.53377139565262988E-17,1.14223550124776410E-21,1.64027224920244535E-21,0.00000000000000000E+00,4.19604250937309640E-22,8.09400708663368261E-08,1.89445420255062787E-28,3.90189335675072023E-28,2.01443279091511619E-28,1.85755407650056990E-28,1.01496058315763428E-12,5.65117837942310593E-26,1.78264746734078524E-25,1.23558047438552016E-25,8.89732323404351188E-26,2.24677366479507097E-14,4.59335166534996824E+03,1,1,1,1
N1,FIELD_U,1,21,.1000000000000000E-05,5.71117751346546637E-22,8.20136129444697905E-22,3.63975231057808826E-26,2.09802130195666303E-22,2.24603539072427614E-22,8.76854006946733322E-01,1.72702674490309337E-09,5.73819350010431675E-02,6.57640563251967181E-02,1.88037891567086521E-22,4.53377139548045791E-17,5.71117750647562619E-22,8.20136124601222673E-22,0.00000000000000000E+00,2.09802125479156357E-22,4.04700354331684131E-08,9.47227846519316412E-29,1.95094667837536012E-28,9.30028176441888336E-29,9.28777038277727082E-29,5.07480291578817138E-13,2.82558919691826087E-26,8.91323733670392621E-26,3.63974042853575429E-26,4.44866161721970391E-26,1.12338683239753548E-14,4.59335166534715881E+03,1,1,1,1
N1,FIELD_P,-1,1,.1000000000000000E-01,3.76368960614964042E-14,8.01655804654704518E-15,7.50306173842684152E-14,6.32083964286716194E-15,2.94352997362418123E-14,9.73678515667644566E-03,8.52936587492759912E-01,6.05325890226784177E-03,1.31273368448295763E-01,6.36308120896289150E-15,1.80799322594161000E-16,3.22752649396566160E-16,4.52136794010773130E-16,8.50870628389176939E-16,1.29363817192193918E-16,1.90526659862759913E-02,2.57672376909612315E-17,7.71232871133017363E-18,5.57360065918350117E-17,4.60190225212399509E-18,9.71103766876529884E-03,3.76355033435272776E-14,8.00379383499760654E-15,7.50257719569468756E-14,6.31951403322582981E-15,4.84612312941535596E-03,3.93874484689180681E+04,1,1,1,1
N1,FIELD_P,-1,2,.7500000000000000E-02,2.02686374695993210E-14,4.59838597579042137E-15,3.72489264635777680E-14,9.02134610321812775E-15,7.60104619046607620E-15,1.36615285571294303E-02,8.96429152543948726E-01,5.25812783025347910E-02,3.73280405963869813E-02,4.95510021856787860E-15,8.44933483759623728E-17,2.54893602665138346E-16,2.38733895155684288E-16,3.92490491010619176E-16,1.00460626253045491E-16,1.42894994897069926E-02,1.54010010741147249E-17,5.17245120080559735E-18,2.62403805410223253E-17,6.90198786870300747E-18,7.28327825157397326E-03,2.02670288136799148E-14,4.59218172064198614E-15,3.72468493344862613E-14,9.02078408671802612E-15,3.63459234706151740E-03,2.81828310071523847E+04,1,1,1,1
N1,FIELD_P,-1,3,.5000000000000000E-02,4.90552336580184582E-15,4.00827902327352259E-15,3.70263834875545601E-15,9.07839719964889997E-16,1.46791235242322174E-15,4.90502610400296912E-01,4.18550650197997809E-01,2.51619208263944676E-02,6.57848185753109188E-02,4.34832117665122462E-16,6.11613144845226396E-17,8.25493698829110969E-17,2.26068397005386565E-16,2.21481105819877332E-17,9.80302766452752605E-17,9.52633299313799566E-03,4.11193325528361470E-18,3.85616435566508681E-18,2.46283390634508756E-18,7.66207031687686742E-19,4.85551883438264942E-03,4.90482702915859328E-15,4.00189691749880327E-15,3.70257128727068908E-15,9.02531126850240603E-16,2.42306156470767798E-03,1.03583354270164418E+04,1,1,1,1
N1,FIELD_P,-1,4,.3000000000000000E-02,1.93623406168188652E-15,1.70603168374617060E-15,8.42613358656742033E-16,6.05858536738552223E-16,1.56890981101321085E-16,7.25419737773683182E-01,1.76958677230699107E-01,9.14866333964005768E-02,6.13495159921716767E-03,1.50845433516255593E-16,1.25860853109321175E-16,3.94074825806516345E-17,7.32193402091619627E-17,1.33895556773945793E-17,6.52861121240990338E-17,5.71579979588279774E-03,1.74861255819400141E-18,1.56365861034637538E-18,4.96843852405039181E-19,7.64890981470027531E-19,2.91331130062958939E-03,1.93583220716257159E-15,1.70445903122864146E-15,8.42506822009023068E-16,6.02330229230183701E-16,1.45383693882460726E-03,6.88859261608195357E+03,1,1,1,1
N1,FIELD_P,-1,5,.2000000000000000E-02,1.09989030822833965E-15,1.74247204898523942E-15,3.07317636763561331E-16,7.36862683577950365E-17,3.22190944382270973E-16,9.37133414051291580E-01,2.91504156923532050E-02,1.67587996636161455E-03,3.20402902899935976E-02,4.78912388033418921E-17,7.64516431056533118E-17,2.43640085699189580E-17,4.80684246091321149E-17,1.14071263065524367E-17,1.23522127104069101E-17,3.81053319725519835E-03,1.02977339558782171E-18,1.96432181848447588E-18,7.27304927709162046E-19,2.89579916512547347E-19,1.94220753375305959E-03,1.09961994561202405E-15,1.74180779923911486E-15,3.07104995665828767E-16,7.26429977983136414E-17,9.69224625883071474E-04,5.90305655219163418E+03,1,1,1,1
N1,FIELD_P,-1,6,.1000000000000000E-02,4.78448627049736304E-16,8.71236024492619712E-16,3.92737412510364370E-16,3.49955879338171941E-17,1.25266180331220767E-17,8.29858661801550546E-01,1.68630850780312064E-01,1.33893369333205328E-03,1.71553724805363882E-04,2.68025595809301739E-17,1.30383043311671341E-16,1.14700731676578789E-17,2.40342123045660575E-17,1.46526703529019409E-17,6.15756834076970919E-18,1.90526659862759917E-03,4.64037761165648724E-19,9.82160909242237939E-19,4.54363505756309907E-19,1.43341364036580948E-19,9.71103766876529797E-04,4.78310893474382859E-16,8.70903899619557431E-16,3.92463715508414782E-16,3.44493103010152932E-17,4.84612312941535737E-04,5.16570722971790838E+03,1,1,1,1
N1,FIELD_P,-1,7,.7500000000000000E-03,3.47468816375363132E-16,4.26507920936542650E-16,1.22150244751580506E-16,1.14428603685383341E-16,4.18663639981647921E-17,8.59373166114003162E-01,7.04881754935729188E-02,6.18581295066426493E-02,8.28052888578137934E-03,4.85943716476929654E-17,1.55763595573160976E-16,8.48959273360141059E-18,1.83048350522904907E-17,4.29056339531531233E-18,1.60078521537216897E-17,1.42894994897069944E-03,3.39950431661481501E-19,3.90914652586593845E-19,2.37845886307336821E-19,1.64756422615580633E-19,7.28327825157397348E-04,3.47364922814922976E-16,4.26114757807160365E-16,1.22074636136898505E-16,1.13303251789753687E-16,3.63459234706151816E-04,5.00950809062282224E+03,1,1,1,1
N1,FIELD_P,-1,8,.5000000000000000E-03,2.24514383061334659E-16,4.35618012246309856E-16,2.06661577402235557E-16,1.71330945778411677E-17,7.50301032280657517E-17,7.96002254580347124E-01,1.79152189298589920E-01,1.23132944350391694E-03,2.36142266775590352E-02,8.52265701659677139E-17,7.84249131377786993E-17,5.58891583834637164E-18,1.20171061522830287E-17,6.14800036504780666E-18,3.07500351280054781E-18,9.52633299313799587E-04,2.21567646125055635E-19,4.91080454621118969E-19,1.71427415457846739E-19,7.13740321471179105E-20,4.85551883438264898E-04,2.24444699489521892E-16,4.35451949809778716E-16,2.06570037223535403E-16,1.68547378786218399E-17,2.42306156470767868E-04,4.86256626263375347E+03,1,1,1,1
N1,FIELD_P,-1,9,.3000000000000000E-03,1.31462958793417849E-16,2.16201291555269678E-16,4.33406688058359834E-17,1.68389784306639921E-17,8.89544479113943973E-17,8.22681475593795009E-01,3.30602678520202850E-02,4.99052955105618815E-03,1.39267727003128478E-01,2.29857470810018520E-17,1.59918379110230092E-16,3.32114320471394605E-18,7.69125307700927168E-18,2.85310443200962046E-18,1.96586124324097363E-18,5.71579979588279644E-04,1.30635665603848105E-19,2.41010272229067926E-19,3.83323354170843547E-20,4.95557610211671600E-20,2.91331130062958917E-04,1.31420936219677471E-16,2.16064307580684884E-16,4.32466403119279660E-17,1.67237593975529277E-17,1.45383693882460672E-04,4.75113869972061457E+03,1,1,1,1
N1,FIELD_P,-1,10,.2000000000000000E-03,8.65970348083832785E-17,6.90021548557892190E-17,3.68708617531721682E-17,2.30900813157371378E-18,5.67701217852230548E-17,5.09287617382948032E-01,1.45413385720704530E-01,5.70280779902295463E-04,3.44728716116445177E-01,3.92655113904911744E-17,8.57718120625357236E-17,2.20373133512662338E-18,4.17697476210876433E-18,1.10114557064933746E-18,5.80754753935085738E-19,3.81053319725519835E-04,8.63485278374834032E-20,5.46319835365211135E-20,5.62878727387231859E-20,1.23265879961140582E-20,1.94220753375305981E-04,8.65689467981369550E-17,6.88755927156013448E-17,3.68543722851055554E-17,2.23474618753085824E-18,9.69224625883071420E-05,4.69733853970730797E+03,1,1,1,1
N1,FIELD_P,-1,11,.1000000000000000E-03,4.27878090590821380E-17,3.45010774278946095E-17,1.73597066017606279E-17,1.14812832428984673E-18,1.15818945366367654E-17,7.31542895786303715E-01,1.85207787311791688E-01,8.10131173115416600E-04,8.24391857287891938E-02,3.77015633085616497E-17,7.33963945558336203E-17,1.09680173096072912E-18,2.08848738105438217E-18,8.18253762686865578E-19,2.90365471097681271E-19,1.90526659862759917E-04,4.28117045948529045E-20,2.73159917682605567E-20,1.51521859939408760E-20,6.16410858695274119E-21,9.71103766876529905E-05,4.27737278852028789E-17,3.44377963578006724E-17,1.73404049690403677E-17,1.11078735408545303E-18,4.84612312941535710E-05,4.64475647043325716E+03,1,1,1,1
N1,FIELD_P,-1,12,.7499999999999999E-04,3.19964422053308468E-17,5.40503228888174194E-17,9.17910890086099907E-18,4.14438973645234863E-18,3.08833419724414839E-17,7.34647816904318685E-01,2.11876920283152193E-02,4.31920468926511557E-03,2.39845286378101041E-01,3.62459577472051812E-18,1.55545439169782806E-16,8.21665299948474112E-19,1.92281326925231792E-18,3.29175175677928760E-19,4.91762256835023580E-19,1.42894994897069911E-04,3.20417577752899101E-20,6.02525680572669815E-20,1.36579958841302784E-20,1.23493302078626058E-20,7.28327825157397293E-05,3.19858742769319371E-17,5.40160768951712209E-17,9.17319450228389429E-18,4.11509218176306571E-18,3.63459234706151681E-05,4.63179645499419803E+03,1,1,1,1
N1,FIELD_P,-1,13,.5000000000000000E-04,2.12683705639725177E-17,1.72505387139473048E-17,9.32338028971250754E-18,5.72502282052630274E-19,1.44507396998479553E-17,5.01266746845481226E-01,1.46423360140638503E-01,5.52100340902916494E-04,3.51757792672977243E-01,9.52243391515904795E-18,7.17514485488818157E-17,5.47156403985304385E-19,1.04424369052719108E-18,2.30217129033582024E-19,1.45179838976923931E-19,9.52633299313799587E-05,2.13167428687305387E-20,1.36579958841302784E-20,1.59817856852547307E-20,3.08225344121398440E-21,4.85551883438264953E-05,2.12613205589987772E-17,1.72188981789003362E-17,9.32052384164245918E-18,5.53779899440046559E-19,2.42306156470767855E-05,4.61890938983977867E+03,1,1,1,1
N1,FIELD_P,-1,14,.3000000000000000E-04,1.27311296389648606E-17,8.89623704826037407E-18,3.13296582708512018E-19,2.03769843784096456E-18,4.02651589695361984E-18,7.94559043049278824E-01,9.85427771226011313E-04,4.16862958792228941E-02,1.62769233300272376E-01,2.03592992842914962E-18,1.10768361297803058E-16,3.27997535879425801E-19,5.38337838714726478E-19,1.34780614236786715E-19,1.28957327952620223E-19,5.71579979588279698E-05,1.27688275887397425E-20,9.62044494666049827E-21,4.79154192713554433E-21,2.81996590600442026E-21,2.91331130062958938E-05,1.27268973617935879E-17,8.87992868424558032E-18,2.82782559378661988E-19,2.03361180635319835E-18,1.45383693882460689E-05,4.60865184977241279E+03,1,1,1,1
N1,FIELD_P,-1,15,.2000000000000000E-04,8.47748886070842538E-18,8.99761910813526462E-18,2.43938818564271577E-18,2.68064806849935271E-19,3.05488635188708588E-18,8.40572187624121669E-01,6.17847992041930388E-02,7.46104070280897459E-04,9.68969091014044992E-02,1.65382411450478968E-19,9.47461351553022620E-17,2.18566589783006499E-19,6.17562779207778563E-19,1.20467996079551633E-19,2.19900508432672395E-19,3.81053319725519889E-05,8.50550281791516724E-21,1.13641394954556570E-20,4.33975245383023430E-21,9.96614097432447688E-23,1.94220753375305981E-05,8.47466658256759213E-18,8.97639330049388653E-18,2.43640787815227643E-18,1.53305241691693930E-19,9.69224625883071487E-06,4.60354034344810680E+03,1,1,1,1
N1,FIELD_P,-1,16,.1000000000000000E-04,4.23379004282015112E-18,4.49880955406763231E-18,1.15354894080086785E-18,1.33996841223672200E-19,9.44531844515883278E-19,9.00321845010862098E-01,5.91935817798751526E-02,7.98714725780226131E-04,3.96858584834825154E-02,8.30923351346913539E-20,9.47461351553022620E-17,1.09234188887036746E-19,3.08781389603889282E-19,6.67141064240676265E-20,1.09950773338696795E-19,1.90526659862759945E-05,4.24923485371970902E-21,5.68206974772782849E-21,3.51799204617019912E-21,4.97997575213905437E-23,9.71103766876529905E-06,4.23237852308420133E-18,4.48819665024694326E-18,1.15161278672946566E-18,7.65896756758290904E-20,4.84612312941535744E-06,4.59844029477241202E+03,1,1,1,1
N1,FIELD_P,-1,17,.7500000000000000E-05,3.17441487748981998E-18,2.22405926206509352E-18,2.27481276928951455E-18,5.08196217869668965E-19,1.29050812091526174E-18,4.10667153666264939E-01,4.29624037832323613E-01,2.14417444109788712E-02,1.38267064090432629E-01,4.63843610016581052E-19,1.10768361297803058E-16,8.19164472717335932E-20,1.34584459678681620E-19,3.12319042814728308E-20,3.22331519732088996E-20,1.42894994897069925E-05,3.18626770947884971E-21,2.40511123666512457E-21,2.25102093437589760E-21,7.05592919317643880E-22,7.28327825157397344E-06,3.17335616623680753E-18,2.21998217106139508E-18,2.27459724707086048E-18,5.07172477476390978E-19,3.63459234706151723E-06,4.59716706835726200E+03,1,1,1,1
N1,FIELD_P,-1,18,.5000000000000000E-05,2.11565849280772139E-18,2.24940477703381615E-18,1.49322267254590652E-19,6.69895498432035048E-20,9.34675356759412155E-20,9.93028747797390365E-01,4.37598420803869074E-03,8.80725790268096251E-04,1.71454220430291367E-03,3.93059076653840902E-20,9.47461351553022620E-17,5.46048387082294421E-20,1.54390694801944641E-19,3.36061853234451835E-20,5.49755162325548317E-20,9.52633299313799723E-06,2.12373976491037638E-21,2.84103487386391424E-21,1.74620315495385645E-21,2.48921613520190528E-23,4.85551883438264953E-06,2.11495263765137269E-18,2.24409832512347163E-18,1.45480976696608976E-19,3.82791298691525853E-20,2.42306156470767872E-06,4.59589455504576654E+03,1,1,1,1
N1,FIELD_P,-1,19,.3000000000000000E-05,1.26909856002713569E-18,2.21467209734744026E-18,2.88871059639809028E-19,5.15866812152833515E-19,9.88653418244433769E-20,9.31737884978660280E-01,1.58519595516488261E-02,5.05533644328975545E-02,1.85679103679325160E-03,7.24554916845967681E-20,1.68236648017680932E-16,3.27599641698073807E-20,1.44458086232090888E-19,1.51695623667739451E-20,8.54926081656812222E-20,5.71579979588279783E-06,1.27403338517163940E-21,1.52701036166638221E-21,4.36550788738464112E-22,3.53311741519871893E-22,2.91331130062958946E-06,1.26867502405047611E-18,2.20995520957571122E-18,2.88472152726108947E-19,5.08733188420580081E-19,1.45383693882460702E-06,4.59487705742963044E+03,1,1,1,1
N1,FIELD_P,-1,20,.2000000000000000E-05,8.45966894465701220E-19,8.21829098776814119E-19,2.27363649418171232E-20,2.20971528648206158E-19,3.25932217916645637E-19,8.12778737079439928E-01,6.22087346639183295E-04,5.87600213541467908E-02,1.27839154219774154E-01,7.53674011704111322E-20,1.05239298252999215E-16,2.18389967594629820E-20,4.87435086346670139E-20,5.73822023062529153E-21,4.00663936689055572E-20,3.81053319725519771E-06,8.49285455753132566E-22,9.98861605328420668E-22,5.29395592033937712E-23,2.21046861324869250E-22,1.94220753375305922E-06,8.45684529518364654E-19,8.20381703987714525E-19,2.20002799244783428E-20,2.17308655395449864E-19,9.69224625883071276E-07,4.59436847952754306E+03,1,1,1,1
N1,FIELD_P,-1,21,.1000000000000000E-05,4.22934052118444801E-19,4.10914549388407059E-19,2.83420533172207711E-19,1.10473556502744443E-19,1.33190339835612665E-19,6.04935273488531933E-01,2.87785224552697727E-01,4.37242674828612204E-02,6.35552344759090782E-02,3.08695642051522674E-20,1.05239298252999215E-16,1.09190088132349023E-20,2.43717543173335069E-20,3.18536686021926321E-21,2.00330857935190637E-20,1.90526659862759885E-06,4.24607668546885801E-22,4.99430802664210334E-22,2.59349814512351652E-22,1.10520513458995992E-22,9.71103766876529609E-07,4.22792865829346365E-19,4.10190851993857263E-19,2.83402513749010401E-19,1.08641934561064761E-19,4.84612312941535638E-07,4.59386001551175286E+03,1,1,1,1
N1,FIELD_P,1,1,.1000000000000000E-01,1.88399406061004204E-15,8.01655804654704518E-15,5.35634778131665772E-15,5.26134467322135351E-16,2.08796708011353456E-16,6.88978399220877114E-01,3.07586491265376460E-01,2.96772209560032746E-03,4.67387418146070872E-04,1.41960855413527949E-16,1.48090540035805960E-16,8.61539963534843143E-17,4.52136794010773130E-16,8.51410001000609478E-17,1.84234732452263585E-16,1.90526659862759913E-02,2.58927685717966035E-18,7.71232871133017363E-18,5.63785129692462306E-18,8.91834427985191733E-19,9.71103766876529884E-03,1.88202136145464522E-15,8.00379383499760654E-15,5.35566809830021070E-15,4.92822732525543109E-16,4.84612312941535596E-03,2.31539370003777594E+03,1,1,1,1
N1,FIELD_P,1,2,.7500000000000000E-02,1.65447715624771441E-15,4.59838597579042137E-15,1.48662318540744222E-15,9.03356213131239832E-16,2.09934718731280114E-16,8.73213625603135091E-01,9.12665141874552249E-02,3.36998316826199115E-02,1.82002852678973402E-03,3.94571362150564321E-16,6.60103480406766346E-17,6.69638169295643482E-17,2.38733895155684288E-16,5.10056272045752522E-17,1.78371858007280716E-17,1.42894994897069926E-02,2.11161881151508305E-18,5.17245120080559735E-18,1.93947980722443212E-18,1.12926997275740378E-18,7.28327825157397326E-03,1.65312009510311823E-15,4.59218172064198614E-15,1.48574666743779570E-15,9.03179388247347620E-16,3.63459234706151740E-03,2.52292951347887310E+03,1,1,1,1
N1,FIELD_P,1,3,.5000000000000000E-02,1.32040550622615285E-15,4.00827902327352259E-15,2.10737690087332395E-15,3.17421127225690909E-16,9.33639244668558768E-16,7.47973364482722669E-01,2.06754357693733598E-01,4.69074581909555404E-03,4.05815320044482439E-02,6.34859850489294480E-16,1.60147011761700414E-16,4.67663977552586456E-17,2.26068397005386565E-16,6.07083942829523545E-17,9.26445668069595797E-17,9.52633299313799566E-03,1.56087392868275801E-18,3.85616435566508681E-18,1.76495326557930757E-18,4.64526379715732724E-19,4.85551883438264942E-03,1.31957613216741638E-15,4.00189691749880327E-15,2.10650154952186345E-15,3.03599967828755858E-16,2.42306156470767798E-03,2.96468648444245218E+03,1,1,1,1
N1,FIELD_P,1,4,.3000000000000000E-02,9.35319997914631979E-16,1.70603168374617060E-15,6.42723493051171574E-16,3.37409362364413458E-16,3.27820305433144555E-16,8.21039808946278926E-01,1.16530169805180314E-01,3.21147309688939453E-02,3.03152902796468178E-02,1.30578942694792893E-16,1.07212194019394293E-16,2.94638920052165524E-17,7.32193402091619627E-17,1.37196837717165435E-17,6.30123470544680340E-17,5.71579979588279774E-03,1.03755409997520512E-18,1.56365861034637538E-18,4.96843852405039181E-19,5.72075345573319259E-19,2.91331130062958939E-03,9.34855229994688442E-16,1.70445903122864146E-15,6.42576852947015088E-16,3.31472766090438175E-16,1.45383693882460726E-03,3.45206211992204726E+03,1,1,1,1
N1,FIELD_P,1,5,.2000000000000000E-02,6.84173409708006893E-16,1.74247204898523942E-15,8.11918438228889306E-16,6.36872574224994636E-17,2.35708150277156049E-16,8.08570096079484268E-01,1.75554045988975893E-01,1.08016755744837862E-03,1.47956903740914577E-02,4.18433590417938603E-17,9.18834397703020188E-17,2.02395452986909918E-17,4.80684246091321149E-17,1.22253171118787990E-17,1.22461013800966105E-17,3.81053319725519835E-03,7.34592069606030192E-19,1.96432181848447588E-18,7.53110897724733285E-19,2.81224015486008760E-19,1.94220753375305959E-03,6.83873581688950561E-16,1.74180779923911486E-15,8.11826043424038278E-16,6.24981653494022376E-17,9.69224625883071474E-04,3.76281584863947000E+03,1,1,1,1
N1,FIELD_P,1,6,.1000000000000000E-02,3.78447424260614761E-16,8.71236024492619712E-16,3.64311862968891583E-16,3.26175464506419196E-17,1.24205141462176405E-16,8.35715607725795784E-01,1.46128016829701890E-01,1.17135744676753577E-03,1.69850179977347505E-02,2.20746166579221571E-17,7.44260738346464518E-17,1.04786921248973323E-17,2.40342123045660575E-17,1.83128952207048370E-17,6.13209708213377138E-18,1.90526659862759917E-03,3.93052699766229893E-19,9.82160909242237939E-19,3.63652463854581023E-19,1.41333718019092375E-19,9.71103766876529797E-04,3.78302121921646841E-16,8.70903899619557431E-16,3.63851122198881617E-16,3.20356324522432447E-17,4.84612312941535737E-04,4.13624495484221006E+03,1,1,1,1
N1,FIELD_P,1,7,.7500000000000000E-03,2.91526432336111758E-16,4.26507920936542650E-16,4.79774158621839631E-17,9.94839662318160335E-17,1.11094902271130992E-16,8.81128737490018188E-01,1.11495892540214546E-02,4.79392622544950117E-02,5.97824110014653909E-02,2.81112431235996427E-17,1.05937709570377373E-16,7.93505858347823599E-18,1.83048350522904907E-17,1.12162954907982142E-17,1.58814144923905606E-17,1.42894994897069944E-03,3.00241894624490447E-19,3.90914652586593845E-19,2.23514003834093626E-19,1.54008407466241104E-19,7.28327825157397348E-04,2.91418265471989656E-16,4.26114757807160365E-16,4.66473706629444524E-17,9.82080266187261795E-17,3.63459234706151816E-04,4.24166612909294599E+03,1,1,1,1
N1,FIELD_P,1,8,.5000000000000000E-03,1.99748052513870489E-16,4.35618012246309856E-16,1.72359556026590608E-16,1.65458208720135034E-17,6.98207369919616759E-18,8.63370180995382763E-01,1.35162470272254809E-01,1.24555245922325364E-03,2.21796273139300120E-04,5.24307196921174638E-17,6.21157588484077834E-17,5.34343659806412526E-18,1.20171061522830287E-17,9.38123227664652332E-18,3.06869859862565185E-18,9.52633299313799587E-04,2.03988768366952363E-19,4.91080454621118969E-19,2.48791327040325258E-19,7.08769609441064084E-20,4.85551883438264898E-04,1.99676464704753836E-16,4.35451949809778716E-16,1.72103884725274646E-16,1.62586055274109539E-17,2.42306156470767868E-04,4.35267865640381206E+03,1,1,1,1
N1,FIELD_P,1,9,.3000000000000000E-03,1.22564844303008188E-16,2.16201291555269678E-16,8.48065375764864022E-18,1.61730345543905060E-17,1.37176557580902141E-17,9.88962946049285030E-01,1.52167574053921123E-03,5.53409335210876350E-03,3.98128485806704784E-03,5.73082149230196760E-17,1.42738284309418188E-16,3.23295030774717905E-18,7.69125307700927168E-18,1.46527215546904829E-18,1.96888835941703935E-18,5.71579979588279644E-04,1.24319978663756419E-19,2.41010272229067926E-19,0.00000000000000000E+00,4.91513768380629390E-20,2.91331130062958917E-04,1.22522135289388350E-16,2.16064307580684884E-16,8.35311113702715442E-18,1.60526667400720790E-17,1.45383693882460672E-04,4.44581905519603970E+03,1,1,1,1
N1,FIELD_P,1,10,.2000000000000000E-03,8.26447780769405849E-17,6.90021548557892190E-17,3.42526435651907828E-17,2.25999068687199597E-18,5.57690226389100316E-17,5.26119949968051226E-01,1.29642576575674406E-01,5.64381490549192497E-04,3.43673091965725153E-01,3.67756965048222821E-17,1.05721187958777939E-16,2.16455937468508312E-18,4.17697476210876433E-18,1.93857245521426346E-18,5.80664469500898402E-19,3.81053319725519835E-04,8.35433163770171880E-20,5.46319835365211135E-20,8.67785151114910411E-20,1.23328227351497406E-20,1.94220753375305981E-04,8.26163848556356904E-17,6.88755927156013448E-17,3.41976314608074179E-17,2.18408666954651307E-18,9.69224625883071420E-05,4.49391946651733087E+03,1,1,1,1
N1,FIELD_P,1,11,.1000000000000000E-03,4.18001136304372835E-17,3.45010774278946095E-17,1.83120006392085119E-17,1.13588015795036904E-18,1.11051627146139794E-17,7.21291287140452986E-01,2.03196844892312156E-01,7.81826518271308904E-04,7.47300414489636133E-02,3.72619577210706136E-17,7.17514485488818157E-17,1.08701246949464762E-18,2.08848738105438217E-18,6.69245502672395838E-19,2.90342914803277430E-19,1.90526659862759917E-04,4.21106655427057434E-20,2.73159917682605567E-20,6.77626357803440271E-21,6.16566667866298314E-21,9.71103766876529905E-05,4.17859561348125562E-17,3.44377963578006724E-17,1.82997658987697909E-17,1.09812873088873329E-18,4.84612312941535710E-05,4.54308510261419633E+03,1,1,1,1
N1,FIELD_P,1,12,.7499999999999999E-04,3.14408937631038594E-17,5.40503228888174194E-17,9.82623024084411096E-18,4.10281674675312724E-18,5.88005057085754678E-18,9.51794198862468521E-01,3.14572200261716076E-02,5.48416745428820501E-03,1.12644136570716497E-02,1.45356879949595564E-17,1.59918379110230092E-16,8.16159146107004046E-19,1.92281326925231792E-18,3.16676670330102555E-19,4.91951248112916232E-19,1.42894994897069911E-04,3.16474449400708342E-20,6.02525680572669815E-20,1.55263703876574744E-20,1.23240852962790645E-20,7.28327825157397293E-05,3.14302829021667914E-17,5.40160768951712209E-17,9.82111376394604844E-18,4.07319743492009899E-18,3.63459234706151681E-05,4.55554710204781532E+03,1,1,1,1
N1,FIELD_P,1,13,.5000000000000000E-04,2.10214697431584705E-17,1.72505387139473048E-17,9.37718602990932724E-18,5.69440627450276731E-19,1.51698874505638994E-17,4.83115626810273202E-01,1.42754834493095450E-01,5.26432459188635972E-04,3.73603106237442639E-01,9.88481325181267453E-18,7.21662002608979493E-17,5.44709321549221677E-19,1.04424369052719108E-18,2.59154038493550586E-19,1.45174200828721391E-19,9.52633299313799587E-05,2.11414995862797438E-20,1.36579958841302784E-20,2.20228566286118088E-20,3.08264292708098217E-21,4.85551883438264953E-05,2.10144006565626279E-17,1.72188981789003362E-17,9.37357839982389375E-18,5.50615634464996829E-19,2.42306156470767855E-05,4.56807847479316570E+03,1,1,1,1
N1,FIELD_P,1,14,.3000000000000000E-04,1.26422471124624163E-17,8.89623704826037407E-18,1.34715713890120509E-17,2.02465070092570714E-18,9.57291432870042519E-18,2.22083465299107274E-01,5.09260563218644879E-01,1.15028047635892163E-02,2.57153166718658621E-01,1.84810696940231250E-18,1.01390138360826584E-16,3.27116604089450976E-19,5.38337838714726478E-19,1.56689778532214842E-19,1.28891716698550405E-19,5.71579979588279698E-05,1.27057412726228249E-20,9.62044494666049827E-21,1.48653678942085513E-20,2.82635971945792557E-21,2.91331130062958938E-05,1.26380079658161310E-17,8.87992868424558032E-18,1.34706519153079231E-17,2.02054185747689821E-18,1.45383693882460689E-05,4.57815391108964923E+03,1,1,1,1
N1,FIELD_P,1,15,.2000000000000000E-04,8.43798576128233616E-18,8.99761910813526462E-18,2.32322873249075064E-18,2.67781571050374595E-19,1.85443321527756953E-18,9.00873484397463287E-01,6.00609968324856899E-02,7.97939503073328768E-04,3.82675792669776790E-02,1.67293102810420730E-19,1.05017508126063381E-16,2.18175067027224553E-19,6.17562779207778563E-19,1.72257883707658183E-19,2.19904647537669334E-19,3.81053319725519889E-05,8.47746463096439332E-21,1.13641394954556570E-20,4.86583382918406996E-21,9.94150705259940672E-23,1.94220753375305981E-05,8.43516043002885240E-18,8.97639330049388653E-18,2.31682871370161594E-18,1.52803487860009212E-19,9.69224625883071487E-06,4.58320851147788017E+03,1,1,1,1
N1,FIELD_P,1,16,.1000000000000000E-04,4.22391430481611996E-18,4.49880955406763231E-18,1.06907849668873329E-18,1.33926032694737016E-19,8.95822004216988212E-19,9.11570820446166219E-01,5.14771371337267580E-02,8.07839724193189549E-04,3.61442026959137991E-02,8.29680585369783021E-20,9.66948457627098972E-17,1.09136308570734485E-19,3.08781389603889282E-19,4.06104346167660735E-20,1.09951808111085539E-19,1.90526659862759945E-05,4.24222533334703051E-21,5.68206974772782849E-21,2.43291691459203498E-21,4.97381731028116964E-23,9.71103766876529905E-06,4.22250202180011050E-18,4.48819665024694326E-18,1.06830412598555751E-18,7.64642377361399510E-20,4.84612312941535744E-06,4.58827441693264427E+03,1,1,1,1
N1,FIELD_P,1,17,.7500000000000000E-05,3.16885977788560028E-18,2.22405926206509352E-18,2.31734591395132928E-18,5.07380742960217561E-19,1.40248626556158542E-18,3.94423521636254937E-01,4.28205093444533835E-01,2.05275943087442868E-02,1.56843790610466910E-01,5.06685885162807344E-19,1.10768361297803058E-16,8.18613896243837566E-20,1.34584459678681620E-19,4.98173918223894362E-20,3.22290513231176432E-20,1.42894994897069925E-05,3.18232485643202783E-21,2.40511123666512457E-21,3.06135331665660201E-21,7.05992530373953271E-22,7.28327825157397344E-06,3.16780063728739847E-18,2.21998217106139508E-18,2.31680835212902438E-18,5.06355614318851322E-19,3.63459234706151723E-06,4.58954266414956965E+03,1,1,1,1
N1,FIELD_P,1,18,.5000000000000000E-05,2.11318956060988796E-18,2.24940477703381615E-18,5.78995124380253301E-19,6.69718477372793022E-20,4.67268328601226134E-19,9.00663584423535446E-01,5.96729063797808643E-02,7.98384211363773670E-04,3.88651249853199099E-02,4.57177949101416699E-20,9.47461351553022620E-17,5.45803686524207055E-20,1.54390694801944641E-19,3.15473308862031658E-20,5.49757749254107409E-20,9.52633299313799723E-06,2.12198738646503448E-21,2.84103487386391424E-21,9.52912065661087881E-22,2.48767652714827045E-23,4.85551883438264953E-06,2.11248351463340647E-18,2.24409832512347163E-18,5.78134250783203935E-19,3.82477704166197537E-20,2.42306156470767872E-06,4.59081162089398367E+03,1,1,1,1
N1,FIELD_P,1,19,.3000000000000000E-05,1.26820974461273943E-18,2.21467209734744026E-18,8.58412279875373777E-19,5.15566819429043828E-19,4.93565144871641645E-19,7.97386568740436119E-01,1.19795882593123931E-01,4.32135521801942438E-02,3.96039964862455601E-02,7.61616925687112019E-20,1.65128081894307897E-16,3.27511549514959069E-20,1.44458086232090888E-19,4.06550166603601755E-20,8.54899751677042715E-20,5.71579979588279783E-06,1.27340252905785673E-21,1.52701036166638221E-21,5.70176502254659321E-22,3.53126315227354620E-22,2.91331130062958946E-06,1.26778613994082288E-18,2.20995520957571122E-18,8.57448824572020200E-19,5.08429429462743729E-19,1.45383693882460702E-06,4.59182729754910179E+03,1,1,1,1
N1,FIELD_P,1,20,.2000000000000000E-05,8.45571865417044170E-19,8.21829098776814119E-19,2.66302004068166875E-19,2.20873899235430240E-19,2.86208089630503221E-20,8.48577064114720780E-01,8.90998822086367798E-02,6.12938719416767502E-02,1.02918173496568521E-03,5.48424110870801040E-20,1.05239298252999215E-16,2.18350815515910330E-20,4.87435086346670139E-20,5.26146378188961749E-21,4.00655056406621023E-20,3.81053319725519771E-06,8.49005075275806383E-22,9.98861605328420668E-22,5.29395592033937712E-23,2.21023539097854026E-22,1.94220753375305922E-06,8.45289469938480516E-19,8.20381703987714525E-19,2.66250017027223655E-19,2.17209543459343043E-19,9.69224625883071276E-07,4.59233530640096069E+03,1,1,1,1
N1,FIELD_P,1,21,.1000000000000000E-05,4.22835294859676242E-19,4.10914549388407059E-19,1.44855553831172676E-19,1.10449149150476571E-19,1.77402462707165381E-20,8.34458834610798506E-01,1.03698430035518402E-01,6.02874102980070770E-02,1.55532505567593346E-03,3.06813149222409666E-20,1.05239298252999215E-16,1.09180300113140281E-20,2.43717543173335069E-20,4.56615845831477748E-21,2.00328637864666063E-20,1.90526659862759885E-06,4.24537573430237109E-22,4.99430802664210334E-22,1.49735685222985760E-22,1.10514682902834083E-22,9.71103766876529609E-07,4.22694100937770576E-19,4.10190851993857263E-19,1.44783490950777590E-19,1.08617156577964031E-19,4.84612312941535638E-07,4.59284342898659361E+03,1,1,1,1
N1,FIELD_S,-1,1,.1000000000000000E-01,5.54566639810229404E-05,5.36493344848174308E-16,1.10911593512661065E-04,5.54549295318525120E-05,5.34789506814560986E-18,1.87183468922866998E-23,8.00005004190999069E-01,1.99994995809000931E-01,1.85996412738092699E-27,4.76867154409275085E-18,1.97775156880999648E-16,2.36199690376323449E-07,5.68657759825957878E-18,4.72387146611982026E-07,2.36187456621273953E-07,1.53046967035480335E-06,2.23460688561915759E-08,3.96903206101388647E-19,4.46909235411512892E-08,2.23448546982914759E-08,2.74859019732816190E-05,5.54561564685433279E-05,5.36463059650379002E-16,1.10910578524425841E-04,5.54544220560951388E-05,1.51765945065627448E-04,4.56819579269873702E+03,1,1,1,1
N1,FIELD_S,-1,2,.7500000000000000E-02,3.12055431571361676E-05,4.02935415525541238E-16,6.24103528775534654E-05,3.12048097202551419E-05,3.25904322667738110E-18,3.33464521004228166E-23,8.00003760587261081E-01,1.99996239412738835E-01,2.18151896973005375E-27,2.05118982021584734E-18,1.18059477730781711E-16,1.32850031436850766E-07,4.18561431299883698E-18,2.65694894135542540E-07,1.32844862819510754E-07,1.14828226539736139E-06,1.25706552501868574E-08,2.93881232754248842E-19,2.51407974088087537E-08,1.25701421627333975E-08,2.06119781745747457E-05,3.12052578354940342E-05,4.02913568090458317E-16,6.24097822497746179E-05,3.12045244141178721E-05,1.13837667627742018E-04,4.57447053761993266E+03,1,1,1,1
N1,FIELD_S,-1,3,.5000000000000000E-02,1.38740949674065054E-05,2.68246672424087154E-16,2.77479721109538209E-05,1.38738771433235819E-05,3.33182242696052863E-18,7.47648624443301022E-23,8.00002512029460489E-01,1.99997487970539539E-01,1.15343346170170635E-26,2.39073762181446550E-18,9.07237065438618508E-17,5.90389875921200057E-08,2.84328879912978939E-18,1.18076441492965595E-07,5.90374539236187315E-08,7.65808296104652680E-07,5.58739879791567649E-09,1.98451603050694323E-19,1.11746453126072188E-08,5.58724651540390857E-09,1.37396865795951504E-05,1.38739682262694160E-05,2.68231529825189501E-16,2.77477186332775367E-05,1.38737504067842838E-05,7.59005852313971314E-05,4.58075475304970314E+03,1,1,1,1
N1,FIELD_S,-1,4,.3000000000000000E-02,4.99610411199201841E-06,1.65210641277776467E-16,9.99216108601229669E-06,4.99605697386015179E-06,1.89046030948845213E-18,2.18699599053557654E-22,8.00001509608000871E-01,1.99998490391999101E-01,2.86356522918466673E-26,1.20458570945175556E-18,7.76536534194834006E-17,2.12524582084437020E-08,1.75749986755566442E-18,4.25045847574742170E-08,2.12521265511164130E-08,4.59622682739683774E-07,2.01159060948536101E-09,1.21830163048781785E-19,4.02314828154243903E-09,2.01155767208328269E-09,8.24302849015774327E-06,4.99605850490032460E-06,1.65201248006911392E-16,9.99206987282269556E-06,4.99601136776223176E-06,4.55445788095317332E-05,4.58578895589618242E+03,1,1,1,1
N1,FIELD_S,-1,5,.2000000000000000E-02,2.22080849155103895E-06,1.11337666926454046E-16,4.44160300332979731E-06,2.22079451167098443E-06,1.40580820076925982E-18,5.02684264191070278E-22,8.00001007202735925E-01,1.99998992797264075E-01,8.01425584184603239E-26,2.36613309911783151E-19,3.36281158992847405E-17,9.44518620838180229E-09,1.19227605949782211E-18,1.88902740911170286E-08,9.44508788272942943E-09,3.06461034162419148E-07,8.94068511414566297E-10,8.37883261642075036E-20,1.78812725707416819E-09,8.94058745625667530E-10,5.49509117425180477E-06,2.22078822611346413E-06,1.11331251380465340E-16,4.44156247274919576E-06,2.22077424652795685E-06,3.03644618522420275E-05,4.58830833723327578E+03,1,1,1,1
N1,FIELD_S,-1,6,.1000000000000000E-02,5.55281569021631693E-07,5.56688334632270230E-17,1.11056138901442563E-06,5.55279819937673266E-07,2.42660923952009233E-19,2.01015414459171777E-21,8.00000504001330048E-01,1.99999495998670007E-01,3.81948504462289013E-26,3.94550054637513896E-19,2.06210441801736229E-17,2.36120881591297222E-09,5.96138029748911057E-19,4.72240533448004960E-09,2.36119651828297228E-09,1.53253476798302542E-07,2.23524189465141083E-10,4.18941630821037518E-20,4.47047157429420841E-10,2.23522967936550208E-10,2.74741501087025581E-06,5.55276503757352805E-07,5.56656256902326699E-17,1.11055125852269706E-06,5.55274754710224323E-07,1.51829356120588408E-05,4.59082924000836829E+03,1,1,1,1
N1,FIELD_S,-1,7,.7500000000000000E-03,3.12357054888502443E-07,4.13026603194441168E-17,6.24713371767305799E-07,3.12356316838060383E-07,7.70743345156693931E-20,3.49691148593101642E-21,8.00000378076029639E-01,1.99999621923970250E-01,1.21772200887870555E-26,2.55092098713606226E-19,1.83246622686502075E-17,1.32816761724949431E-09,4.39374966888916105E-19,2.65633004601455787E-09,1.32816242853536191E-09,1.14944412961673946E-07,1.25733349740694436E-10,3.04575407621954462E-20,2.51466184090899943E-10,1.25732834329982647E-10,2.06053677510526979E-06,3.12354205831335278E-07,4.13003120017278481E-17,6.24707673668509441E-07,3.12353467796431825E-07,1.13873338411331735E-05,4.59145970355839381E+03,1,1,1,1
N1,FIELD_S,-1,8,.5000000000000000E-03,1.38830323233020101E-07,2.78344167316135115E-17,2.77660427775876542E-07,1.38830104515366331E-07,3.47142027684503705E-19,8.03945108725581365E-21,8.00000252100888432E-01,1.99999747899111513E-01,1.25047939162099515E-24,3.77248883980755078E-19,3.06981259908218295E-17,5.90291232879409958E-10,2.98069014874455529E-19,1.18058092838768900E-09,5.90289695345354545E-10,7.66324789940262320E-08,5.58819302018219635E-11,2.09470815410518759E-20,1.11763707685434669E-10,5.58817774691087272E-11,1.37367486137203471E-06,1.38829057053828282E-07,2.78328128451163350E-17,2.77657895422096582E-07,1.38828838340778666E-07,7.59164398307496863E-06,4.59209026228602306E+03,1,1,1,1
N1,FIELD_S,-1,9,.3000000000000000E-03,4.99803464353284798E-08,1.60449057151477384E-17,9.99606456450225908E-08,4.99802991935483330E-08,9.78218011227647335E-20,2.06113435777226925E-20,8.00000151284892991E-01,1.99999848715106981E-01,7.66131420259910561E-25,2.30147693908958056E-19,3.96217414524880877E-17,2.12503263702964522E-10,1.68448102220152794E-19,4.25006195418899690E-10,2.12502931615732111E-10,4.59808652137440327E-08,2.01176220081866013E-11,1.17054604887686903E-20,4.02352110346190624E-11,2.01175890184445169E-11,8.24197082248170156E-07,4.99798906305291219E-08,1.60440171910601557E-17,9.99597340364180006E-08,4.99798433897433852E-08,4.55502867295873313E-06,4.59259477780781071E+03,1,1,1,1
N1,FIELD_S,-1,10,.2000000000000000E-03,2.22138050973089386E-08,1.09880191091564464E-17,4.44275962127632640E-08,2.22137911043448266E-08,5.59189919277322410E-20,4.89354089098178381E-20,8.00000100867564234E-01,1.99999899132435766E-01,1.26736899081016429E-24,1.90413066255421467E-19,3.83684128099278427E-17,9.44455437990971716E-11,1.11777207860944704E-19,1.88890989290226815E-10,9.44454454317421466E-11,3.06543694255907113E-08,8.94119358905364052E-12,8.07994875231774062E-21,1.78823774112352418E-11,8.94118381657950762E-12,5.49462109973776365E-07,2.22136025217780081E-08,1.09874475886539817E-17,4.44271910619958066E-08,2.22135885291084485E-08,3.03669987643271276E-06,4.59284705841835603E+03,1,1,1,1
N1,FIELD_S,-1,11,.1000000000000000E-03,5.55353072091014130E-09,5.49400955457822321E-18,1.11070597020665774E-08,5.55352897573231585E-09,8.16397020824785187E-20,1.95735961055177115E-19,8.00000050435725418E-01,1.99999949564274498E-01,4.32209814296629458E-23,1.00300950983705924E-19,6.86213876657142753E-17,2.36112981396670839E-11,5.58886039304723519E-20,4.72225840375497718E-11,2.36112858673978060E-11,1.53274143578934647E-08,2.23530545951581457E-12,4.03997437615887031E-21,4.47060970215003618E-12,2.23530423993830105E-12,2.74729749224390636E-07,5.55348007812239977E-09,5.49372379432699083E-18,1.11069584165277682E-08,5.55347833298132761E-09,1.51835698547612534E-06,4.59309935426349512E+03,1,1,1,1
N1,FIELD_S,-1,12,.7499999999999999E-04,3.12387220217559478E-09,4.01122642878693460E-18,6.24774367382748690E-09,3.12387146761914178E-09,1.35979048984244367E-20,3.29759986594981103E-19,8.00000037829423638E-01,1.99999962170576306E-01,3.78954963337399839E-24,7.96303337239106216E-20,3.43224029478061939E-17,1.32813428517437869E-11,4.21120255550381985E-20,2.65626805595919811E-11,1.32813376838268305E-11,1.14956038272921049E-08,1.25736031386042230E-12,2.92636512219217258E-21,2.51472011601678592E-12,1.25735980014931043E-12,2.06047067087825164E-07,3.12384371576148091E-09,4.01100429776503893E-18,6.24768670101467365E-09,3.12384298122050818E-09,1.13876906047177597E-06,4.59316243060531633E+03,1,1,1,1
N1,FIELD_S,-1,13,.5000000000000000E-04,1.38839261018067470E-09,2.74700477728911161E-18,2.77678500683101584E-09,1.38839239390821239E-09,2.91683540605729478E-20,7.82932495325850660E-19,8.00000025239501311E-01,1.99999974760498717E-01,8.82732944778525956E-23,5.04397047972867853E-20,1.71788484205261511E-17,5.90281355217252364E-12,2.79443019652361759E-20,1.18056255984880745E-11,5.90281203004118835E-12,7.66376459088704159E-09,5.58827247167906128E-13,2.01998718807943516E-21,1.11765434424207601E-12,5.58827095718578979E-13,1.37364548171571752E-07,1.38837994962062985E-09,2.74686189716349542E-18,2.77675968571544214E-09,1.38837973335272779E-09,7.59180254558565627E-07,4.59322550789938396E+03,1,1,1,1
N1,FIELD_S,-1,14,.3000000000000000E-04,4.99822769095165192E-10,1.61260026506863233E-18,9.99645494150789963E-10,4.99822723433863457E-10,6.77889430701617164E-21,2.08185953240675940E-18,8.00000015135945985E-01,1.99999984864054098E-01,3.67888061866515215E-23,2.32126085109518350E-20,2.58202379722190060E-16,2.12501129457286234E-12,1.68056660406249734E-20,4.25002227642498642E-12,2.12501097205230534E-12,4.59827253347246739E-09,2.01177935803910813E-13,1.17668264623301107E-21,4.02355840250229108E-13,2.01177903622304461E-13,8.24186505571934855E-08,4.99818211313268259E-10,1.61251226349020488E-18,9.99636378587936600E-10,4.99818165652934221E-10,4.55508575572682893E-07,4.59327597042026991E+03,1,1,1,1
N1,FIELD_S,-1,15,.2000000000000000E-04,2.22143770360514017E-10,1.11185592577260646E-18,4.44287528881443033E-10,2.22143757416572537E-10,7.94885916602425626E-21,5.01024285032658657E-18,8.00000010118346871E-01,1.99999989881653101E-01,2.56077459007306756E-22,1.29854714392883889E-20,9.09762569022971237E-17,9.44449110892876091E-13,1.17155373693150156E-20,1.88889813623039438E-12,9.44449018911611945E-13,3.06551961530571191E-09,8.94124439853302633E-14,8.10301197741980659E-22,1.78824879272897861E-13,8.94124347495015784E-14,5.49457409228791536E-08,2.22141744684056595E-10,1.11179390593390874E-18,4.44283477528787511E-10,2.22141731740391859E-10,3.03672524661058727E-07,4.59330120190926573E+03,1,1,1,1
N1,FIELD_S,-1,16,.1000000000000000E-04,5.55360217785420178E-11,5.55927962886303229E-19,1.11072042881379968E-10,5.55360205503708110E-11,8.47791680465102680E-22,2.00409132995480386E-17,8.00000005130042213E-01,1.99999994869957759E-01,4.66078179939445046E-23,1.44896756578454218E-21,8.85730954356637807E-17,2.36112188343505708E-13,5.85776868465750782E-21,4.72224370771171377E-13,2.36112179207553781E-13,1.53276210415177380E-09,2.23531179275507756E-14,4.05150598870990329E-22,4.47062351750819309E-14,2.23531169711424879E-14,2.74728574038146606E-08,5.55355153605269789E-11,5.55896952966954370E-19,1.11071030045369148E-10,5.55355141323837929E-11,1.51836332803527453E-07,4.59332643355062282E+03,1,1,1,1
N1,FIELD_S,-1,17,.7500000000000000E-05,3.12390233316031803E-11,4.03150066267158084E-19,6.24780467119063994E-11,3.12390229850119445E-11,4.32152450030804898E-21,3.33095352414847657E-17,8.00000003799772985E-01,1.99999996200226876E-01,3.82744590324984162E-21,8.05630230841694275E-21,1.15248009847810600E-16,1.32813093061305053E-13,4.20141651015624336E-21,2.65626185608245280E-13,1.32813090234013028E-13,1.14957200870779360E-09,1.25736297823381585E-14,2.94170661558252769E-22,2.51472594369192237E-14,1.25736294656658278E-14,2.06046406045563220E-08,3.12387384716251578E-11,4.03128065872551219E-19,6.24774769919530169E-11,3.12387381250429047E-11,1.13877262816336187E-07,4.59333274148476903E+03,1,1,1,1
N1,FIELD_S,-1,18,.5000000000000000E-05,1.38840152424417948E-11,2.77963981443151614E-19,2.77680308011082593E-11,1.38840152876842155E-11,1.52958401945386105E-21,8.01635370023646590E-17,8.00000002601435556E-01,1.99999997398564361E-01,2.42742879182055868E-21,3.55889152250562971E-21,9.11339884272586853E-17,5.90280353419230589E-14,2.92888434232875391E-21,1.18056072302573575E-13,5.90280353863057619E-14,7.66381626201282139E-10,5.58828029968706529E-15,2.02575299435495165E-22,1.11765607114549894E-14,5.58828028007472732E-15,1.37364254375011013E-08,1.38838886380769804E-11,2.77948476483477185E-19,2.77677775923745851E-11,1.38838886833196321E-11,7.59181840200188008E-08,4.59333904942844947E+03,1,1,1,1
N1,FIELD_S,-1,19,.3000000000000000E-05,4.99824685776648665E-12,1.64441099837003239E-19,9.99649398533985360E-12,4.99824696398618698E-12,1.14224681073665496E-21,2.16478771961155709E-16,8.00000001836403074E-01,1.99999998163596787E-01,1.04451451195160781E-20,6.46077576229454305E-22,2.68201068212609214E-17,2.12500907924815817E-14,1.72490914735733611E-21,4.25001831151416586E-14,2.12500913688310709E-14,4.59829113510938713E-10,2.01178100557283602E-15,1.19543736767395178E-22,4.02356213569951438E-15,2.01178104906855400E-15,8.24185447904316599E-09,4.99820128021581904E-12,1.64432009393948681E-19,9.99640283023442286E-12,4.99820138643402091E-12,4.55509146403931199E-08,4.59334409579022940E+03,1,1,1,1
N1,FIELD_S,-1,20,.2000000000000000E-05,2.22144333104925964E-12,1.09959310196093756E-19,4.44288685983020760E-12,2.22144341939940063E-12,9.47338988881794760E-22,4.90030930730348161E-16,8.00000001514791781E-01,1.99999998485207747E-01,3.63722613693521996E-20,7.21991606743439039E-22,1.11319814562962565E-16,9.44448424395790213E-15,1.16516982085216988E-21,1.88889696085616161E-14,9.44448473942986096E-15,3.06552788270692914E-10,8.94124902595279929E-16,8.11954959000748477E-23,1.78824990038263169E-15,8.94124942910423937E-16,5.49456939154294574E-09,2.22142307436500135E-12,1.09953106756384039E-19,4.44284634645869168E-12,2.22142316271382523E-12,3.03672778363894444E-08,4.59334661897341539E+03,1,1,1,1
N1,FIELD_S,-1,21,.1000000000000000E-05,5.55360886948706917E-13,5.49796550980468780E-20,1.11072187713563616E-12,5.55360935916013452E-13,1.50129863076538602E-22,1.96012315055281461E-15,8.00000001527973237E-01,1.99999998472024848E-01,1.46154944691693605E-20,2.36817517308542446E-22,2.16094827201557497E-16,2.36112081961345446E-15,5.82584910426084941E-22,4.72224224951951861E-15,2.36112110721356204E-15,1.53276417100383569E-10,2.23531219838671518E-16,4.05977479500374239E-23,4.47062490132030719E-16,2.23531243824193875E-16,2.74728456519522333E-09,5.55355822779165036E-13,5.49765533781920194E-20,1.11071174879487885E-12,5.55355871745685587E-13,1.51836396229251053E-08,4.59334914215812023E+03,1,1,1,1
N1,FIELD_S,1,1,.1000000000000000E-01,5.56155630713697717E-05,5.36493344848174308E-16,1.11232893377155898E-04,5.56173303070745382E-05,6.37411349247876074E-18,1.86101312704750745E-23,7.99994915921728778E-01,2.00005084078271167E-01,2.62700163119982696E-27,6.25785577667731374E-18,9.32831681624455934E-17,2.36024088187106003E-07,5.68657759825957878E-18,4.72060552928167107E-07,2.36036465139062378E-07,1.53506268190293582E-06,2.23601964905140196E-08,3.96903206101388647E-19,4.47216236279395811E-08,2.23614271515454518E-08,2.74597867234640363E-05,5.56150577487510753E-05,5.36463059650379002E-16,1.11231882694956129E-04,5.56168249474916764E-05,1.51906891144464609E-04,4.61865990734539810E+03,1,1,1,1
N1,FIELD_S,1,2,.7500000000000000E-02,3.12725787685582543E-05,4.02935415525541238E-16,6.25459013471545117E-05,3.12733225792454980E-05,1.23244519238973995E-18,3.32017589191380407E-23,7.99996194476287004E-01,2.00003805523712941E-01,3.10617156815888137E-28,9.68400877957011998E-18,2.20066711438258988E-17,1.32775949557135177E-07,4.18561431299883698E-18,2.65557112912804642E-07,1.32781163482712627E-07,1.15086583364020265E-06,1.25766153586574093E-08,2.93881232754248842E-19,2.51537490218547810E-08,1.25771336677820765E-08,2.05972883465518454E-05,3.12722943707628541E-05,4.02913568090458317E-16,6.25453325359828587E-05,3.12730381658686828E-05,1.13916949798627929E-04,4.61231850061446403E+03,1,1,1,1
N1,FIELD_S,1,3,.5000000000000000E-02,1.38939573832298233E-05,2.68246672424087154E-16,2.77881346393701068E-05,1.38941772564528827E-05,1.84015355881875409E-18,7.45484314634186776E-23,7.99997467998914136E-01,2.00002532001085920E-01,3.50814839182642309E-27,2.23943881025024942E-18,9.37813629636091966E-17,5.90170374690961174E-08,2.84328879912978939E-18,1.18035617530333773E-07,5.90185800873616604E-08,7.66956548417984453E-07,5.58916475879339978E-09,1.98451603050694323E-19,1.11784828305402139E-08,5.58931807274430132E-09,1.37331577671403659E-05,1.38938309158249138E-05,2.68231529825189501E-16,2.77878816999474921E-05,1.38940507844350605E-05,7.59358217522797588E-05,4.60598666981274164E+03,1,1,1,1
N1,FIELD_S,1,4,.3000000000000000E-02,5.00039439535509115E-06,1.65210641277776467E-16,1.00008361942342358E-05,5.00044179904735520E-06,7.83695709962389131E-19,2.18319520896737399E-22,7.99998483202579491E-01,2.00001516797420509E-01,4.91260079861440747E-27,2.11579582753594054E-18,1.48912968831635661E-16,2.12477169898929334E-08,1.75749986755566442E-18,4.24957667927922234E-08,2.12480498070503536E-08,4.60036053528422892E-07,2.01197205742985441E-09,1.21830163048781785E-19,4.02397718573735683E-09,2.01200512850102918E-09,8.24067811767398990E-06,5.00034884738952680E-06,1.65201248006911392E-16,1.00007450973073910E-05,5.00039625008605788E-06,4.55572639571395974E-05,4.60092808796238387E+03,1,1,1,1
N1,FIELD_S,1,5,.2000000000000000E-02,2.22207968686651309E-06,1.11337666926454046E-16,4.44417340595799906E-06,2.22209371920366786E-06,1.12698318242745690E-18,5.02101685155576371E-22,7.99998989601710897E-01,2.00001010398289020E-01,5.14448987237998691E-26,8.17587992105415432E-19,1.58251810030493716E-16,9.44378140422781427E-09,1.19227605949782211E-18,1.88876613619393832E-08,9.44387995899243166E-09,3.06644754506850419E-07,8.94181533114911964E-10,8.37883261642075036E-20,1.78837285834465569E-09,8.94191325308429800E-10,5.49404656425902286E-06,2.22205943894778742E-06,1.11331251380465340E-16,4.44413290982561846E-06,2.22207347099000785E-06,3.03700996956358094E-05,4.59840108819582747E+03,1,1,1,1
N1,FIELD_S,1,6,.1000000000000000E-02,5.55440468522695303E-07,5.56688334632270230E-17,1.11088268935196804E-06,5.55442220885142715E-07,4.60202299305324521E-19,2.00898898659221186E-21,7.99999495199668287E-01,2.00000504800331658E-01,1.37293786472756738E-25,1.10761669641801478E-18,1.09785623280817388E-16,2.36103321591017497E-09,5.96138029748911057E-19,4.72207874339744053E-09,2.36104552786045554E-09,1.53299406883492440E-07,2.23538317219223867E-10,4.18941630821037518E-20,4.47077857586343997E-10,2.23539540398092125E-10,2.74715385837205948E-06,5.55435405448271234E-07,5.56656256902326699E-17,1.11087256316626677E-06,5.55437157773864560E-07,1.51843450729091633E-05,4.59587561436517535E+03,1,1,1,1
N1,FIELD_S,1,7,.7500000000000000E-03,3.12424090651815042E-07,4.13026603194441168E-17,6.24848920349612042E-07,3.12424829738399842E-07,5.58339650869946977E-20,3.49539117351642822E-21,7.99999621475335321E-01,2.00000378524664624E-01,6.38758474914615540E-27,3.12441047681570154E-19,1.69683228374510826E-16,1.32809353621471250E-09,4.39374966888916105E-19,2.65619226540139659E-09,1.32809872944973022E-09,1.14970248634517969E-07,1.25739309905066962E-10,3.04575407621954462E-20,2.51479135721788463E-10,1.25739825837081156E-10,2.06038987682503414E-06,3.12421242518492260E-07,4.13003120017278481E-17,6.24843224067421094E-07,3.12421981589530882E-07,1.13881266628616364E-05,4.59524448420300541E+03,1,1,1,1
N1,FIELD_S,1,8,.5000000000000000E-03,1.38850185711019585E-07,2.78344167316135115E-17,2.77700590317307305E-07,1.38850404634298411E-07,2.30022930521532621E-19,8.03712077133359528E-21,7.99999747697986097E-01,2.00000252302013820E-01,5.48881392816876954E-25,2.58756786744167936E-19,1.11483445177032822E-16,5.90269283117077904E-10,2.98069014874455529E-19,1.18054010449712060E-09,5.90270821547403879E-10,7.66439615152663268E-08,5.58836961910957235E-11,2.09470815410518759E-20,1.11767545203260381E-10,5.58838490270945440E-11,1.37360957324748563E-06,1.38848919805558931E-07,2.78328128451163350E-17,2.77698058501780784E-07,1.38849138724232068E-07,7.59199634828766784E-06,4.59461344932386055E+03,1,1,1,1
N1,FIELD_S,1,9,.3000000000000000E-03,4.99846367509760398E-08,1.60449057151477384E-17,9.99693207542868062E-08,4.99846840190634484E-08,2.93230737594922987E-19,2.06077587264132780E-20,7.99999848645270073E-01,2.00000151354729927E-01,6.88296257038757932E-24,4.04946295130900436E-19,2.56207903264729887E-17,2.12498522676048953E-10,1.68448102220152794E-19,4.24997377458229015E-10,2.12498854875132467E-10,4.59849989213860591E-08,2.01180034721367653E-11,1.17054604887686903E-20,4.02360399394020439E-11,2.01180364749171129E-11,8.24173578523332381E-07,4.99841810053022816E-08,1.60440171910601557E-17,9.99684092619449656E-08,4.99842282723951014E-08,4.55515552443531315E-06,4.59410869001252468E+03,1,1,1,1
N1,FIELD_S,1,10,.2000000000000000E-03,2.22150763140776746E-08,1.09880191091564464E-17,4.44301666155393802E-08,2.22150903121860030E-08,8.68349039800452905E-20,4.89297346473591918E-20,7.99999899103988943E-01,2.00000100896011057E-01,3.05578437041209296E-24,9.48665585170229314E-20,7.27822839222679729E-17,9.44441391217399356E-11,1.11777207860944704E-19,1.88888376569107137E-10,9.44442375097458994E-11,3.06562066289865557E-08,8.94130662144706466E-12,8.07994875231774062E-21,1.78826230124106036E-11,8.94131639638576442E-12,5.49451663873848512E-07,2.22148737560652450E-08,1.09874475886539817E-17,4.44297614992201108E-08,2.22148877538789912E-08,3.03675625486674955E-06,4.59385633321774367E+03,1,1,1,1
N1,FIELD_S,1,11,.1000000000000000E-03,5.55368963088271864E-09,5.49400955457822321E-18,1.11073810021755053E-08,5.55369137676752212E-09,5.07282935596112578E-20,1.95724612536206312E-19,7.99999949543905853E-01,2.00000050456094092E-01,1.66865720525672523E-23,4.05595325146549258E-20,1.91858286068618076E-17,2.36111226018667996E-11,5.58886039304723519E-20,4.72222574482698957E-11,2.36111348773106513E-11,1.53278736587423332E-08,2.23531959251584307E-12,4.03997437615887031E-21,4.47064040236227177E-12,2.23532081242434637E-12,2.74727137699408673E-07,5.55363899028466068E-09,5.49372379432699083E-18,1.11072797209427122E-08,5.55364073613270425E-09,1.51837108008463496E-06,4.59360399166206116E+03,1,1,1,1
N1,FIELD_S,1,12,.7499999999999999E-04,3.12393924589765156E-09,4.01122642878693460E-18,6.24787922240275286E-09,3.12393998048660986E-09,2.87627887143920036E-20,3.29745647191688008E-19,7.99999962172355805E-01,2.00000037827644195E-01,1.69545667832144946E-23,3.73001580870411579E-20,9.44830264732674503E-17,1.32812688174721149E-11,4.21120255550381985E-20,2.65625427787335233E-11,1.32812739853914899E-11,1.14958621840195868E-08,1.25736627797054754E-12,2.92636512219217258E-21,2.51473306764800729E-12,1.25736679169528991E-12,2.06045598105022810E-07,3.12391076040725399E-09,4.01100429776503893E-18,6.24782225140654570E-09,3.12391149498073244E-09,1.13877698868906254E-06,4.59354090865411945E+03,1,1,1,1
N1,FIELD_S,1,13,.5000000000000000E-04,1.38841247786065456E-09,2.74700477728911161E-18,2.77682516921147148E-09,1.38841269408452311E-09,2.60520210298337323E-20,7.82909798337405790E-19,7.99999974767433897E-01,2.00000025232566020E-01,7.04167114609809606E-23,4.21138529275429294E-20,9.28469338655686112E-19,5.90279163420941885E-12,2.79443019652361759E-20,1.18055847764059685E-11,5.90279315660120213E-12,7.66387941609925209E-09,5.58829015836895855E-13,2.01998718807943516E-21,1.11765818177606452E-12,5.58829167306183279E-13,1.37363895290326261E-07,1.38839981757425223E-09,2.74686189716349542E-18,2.77679984863414171E-09,1.38840003379355908E-09,7.59183778210692980E-07,4.59347782659853146E+03,1,1,1,1
N1,FIELD_S,1,14,.3000000000000000E-04,4.99827062516764070E-10,1.61260026506863233E-18,9.99654169153621272E-10,4.99827108241051060E-10,1.51619345876954486E-20,2.08182332097962981E-18,7.99999984849646517E-01,2.00000015150353372E-01,1.84034672593230433E-22,2.48152298183850335E-20,1.14361354063085163E-16,2.12500657214857725E-12,1.68056660406249734E-20,4.25001345792044375E-12,2.12500689509252794E-12,4.59831387054886297E-09,2.01178318835229841E-13,1.17668264623301107E-21,4.02356669101680260E-13,2.01178351058139283E-13,8.24184155199451136E-08,4.99822504793941378E-10,1.61251226349020488E-18,9.99645053707032280E-10,4.99822550517259325E-10,4.55509844087448737E-07,4.59342736163974223E+03,1,1,1,1
N1,FIELD_S,1,15,.2000000000000000E-04,2.22145043672738746E-10,1.11185592577260646E-18,4.44290099221821002E-10,2.22145056656300032E-10,1.04601093423134999E-20,5.01018475230122268E-18,7.99999989851114424E-01,2.00000010148885438E-01,4.43434173843322946E-22,1.45216395184430032E-20,1.94242847624182096E-16,9.44447718778646960E-13,1.17155373693150156E-20,1.88889552328084323E-12,9.44447810966293073E-13,3.06553798733966606E-09,8.94125580761360973E-14,8.10301197741980659E-22,1.78825124855436702E-13,8.94125673315360426E-14,5.49456364618798706E-08,2.22143018013765079E-10,1.11179390593390874E-18,4.44286047903613986E-10,2.22143030997049104E-10,3.03673088445399143E-07,4.59340212938890909E+03,1,1,1,1
N1,FIELD_S,1,16,.1000000000000000E-04,5.55361817209158167E-11,5.55927962886303229E-19,1.11072364145844898E-10,5.55361829724966290E-11,2.08362215912084435E-21,2.00407971091274450E-17,7.99999994816645077E-01,2.00000005183354840E-01,2.81524300131035258E-22,2.81187217380273570E-21,9.36176237447092106E-17,2.36112019024530153E-13,5.85776868465750782E-21,4.72224044050911478E-13,2.36112028269349530E-13,1.53276669716026213E-09,2.23531325833236271E-14,4.05150598870990329E-22,4.47062658621197258E-14,2.23531335496320025E-14,2.74728312885648415E-08,5.55356753050732191E-11,5.55896952966954370E-19,1.11071351314140328E-10,5.55356765566257586E-11,1.51836473749612544E-07,4.59337689729044450E+03,1,1,1,1
N1,FIELD_S,1,17,.7500000000000000E-05,3.12390911694086304E-11,4.03150066267158084E-19,6.24781822549801664E-11,3.12390914928699769E-11,3.17169048311187939E-21,3.33093904010843014E-17,7.99999996257203416E-01,2.00000003742796667E-01,2.06164939907034584E-21,1.12998459300564066E-20,1.63613296887373760E-16,1.32813023709820661E-13,4.20141651015624336E-21,2.65626047924937757E-13,1.32813026471094292E-13,1.14957459227506822E-09,1.25736361416467949E-14,2.94170661558252769E-22,2.51472723927459862E-14,1.25736364519302247E-14,2.06046259147282980E-08,3.12388063103414954E-11,4.03128065872551219E-19,6.24776125368429365E-11,3.12388066337939238E-11,1.13877342098509063E-07,4.59337058928964325E+03,1,1,1,1
N1,FIELD_S,1,18,.5000000000000000E-05,1.38840356307887688E-11,2.77963981443151614E-19,2.77680709502016004E-11,1.38840355920080521E-11,3.71660270944247269E-21,8.01633046593335010E-17,7.99999997305515187E-01,2.00000002694484647E-01,1.43314734414986580E-20,7.25141432891019933E-22,8.59436813050854915E-17,5.90280165360221177E-14,2.92888434232875391E-21,1.18056031477582292E-13,5.90280164820028919E-14,7.66382774453404273E-10,5.58828233061032564E-15,2.02575299435495165E-22,1.11765645452810888E-14,5.58828234991766869E-15,1.37364189086886465E-08,1.38839090266890077E-11,2.77948476483477185E-19,2.77678177420060622E-11,1.38839089879081601E-11,7.59182192565400802E-08,4.59336428129834439E+03,1,1,1,1
N1,FIELD_S,1,19,.3000000000000000E-05,4.99825146206490186E-12,1.64441099837003239E-19,9.99650265057749322E-12,4.99825135163455655E-12,9.23810796676428706E-22,2.16478395708711984E-16,7.99999998313278060E-01,2.00000001686721746E-01,6.83218916494266153E-21,1.26388809193260233E-21,1.78945925663227427E-17,2.12500879152451292E-14,1.72490914735733611E-21,4.25001742705281681E-14,2.12500872889519346E-14,4.59829526881702673E-10,2.01178154414999236E-15,1.19543736767395178E-22,4.02356296110365004E-15,2.01178149667893804E-15,8.24185212867068168E-09,4.99820588456823605E-12,1.64432009393948681E-19,9.99641149558834920E-12,4.99820577413956611E-12,4.55509273255407767E-08,4.59335923491218273E+03,1,1,1,1
N1,FIELD_S,1,20,.2000000000000000E-05,2.22144481290181290E-12,1.09959310196093756E-19,4.44288942604876600E-12,2.22144472135283565E-12,1.03772681340905817E-21,4.90030362982799668E-16,7.99999998800282719E-01,2.00000001199716809E-01,4.36440509181673048E-20,1.56711092168331195E-21,1.34013285125611497E-17,9.44448406924055970E-15,1.16516982085216988E-21,1.88889669875505020E-14,9.44448356145098907E-15,3.06552971991032406E-10,8.94125119502477938E-16,8.11954959000748477E-23,1.78825014272131038E-15,8.94125078099336378E-16,5.49456834693295271E-09,2.22142455623172291E-12,1.09953106756384039E-19,4.44284891271169682E-12,2.22142446468408619E-12,3.03672834742328467E-08,4.59335671172138882E+03,1,1,1,1
N1,FIELD_S,1,21,.1000000000000000E-05,5.55361151706505740E-13,5.49796550980468780E-20,1.11072219742371851E-12,5.55361099382072856E-13,2.38823410050634289E-22,1.96012201541997773E-15,7.99999999613820179E-01,2.00000000386177851E-01,3.69856175640380984E-20,6.37280559234829198E-22,1.55138383123394237E-16,2.36112127161336271E-15,5.82584910426084941E-22,4.72224194093646431E-15,2.36112096562517406E-15,1.53276463030468442E-10,2.23531286907354657E-16,4.05977479500374239E-23,4.47062521044931418E-16,2.23531261260792924E-16,2.74728430404272507E-09,5.55356087537429450E-13,5.49765533781920194E-20,1.11071206908718132E-12,5.55356035213830714E-13,1.51836410323859542E-08,4.59335418853210922E+03,1,1,1,1
N1,SVD_MIN,-1,1,.1000000000000000E-01,3.19075453590273106E-05,2.39765384569930381E-16,6.38206449914577404E-05,3.19130996323938989E-05,3.70128726663352061E-18,1.12908192915671664E-23,7.99972150345222177E-01,2.00027849654777823E-01,2.69065537737850566E-27,3.15033740833262013E-18,9.64798162225500026E-16,1.62476968569388434E-07,2.34552966933749417E-18,3.24948110792702753E-07,1.62471142287870564E-07,4.28244760011255808E-09,1.32872959532855773E-08,1.71097799035456299E-19,2.65750003910250191E-08,1.32877044389040509E-08,3.55363297917788120E-06,3.19071289137840781E-05,2.39753850551101727E-16,6.38198122029540828E-05,3.19126832891239939E-05,4.53051407410429018E-06,4.56433830138644680E+03,1,1,1,1
N1,SVD_MIN,-1,2,.7500000000000000E-02,1.79746675022043426E-05,1.79244305600087618E-16,3.59516806235921223E-05,1.79770131212736302E-05,2.04870421614576036E-18,1.98852471756183452E-23,7.99979121895025846E-01,2.00020878104974070E-01,2.59775853930201249E-27,1.21022019831270110E-18,1.11297703721579011E-15,9.15039115420993307E-08,1.74451694661844008E-18,1.83005373140264626E-07,9.15014616174996691E-08,3.20136177182298532E-09,7.48376098295654331E-09,1.28370035470780239E-19,1.49676950674215371E-08,7.48393408475860649E-09,2.66552421616620851E-06,1.79744330325686460E-05,1.79235770067848227E-16,3.59512117273156067E-05,1.79767786946298228E-05,3.39322952498413997E-06,4.57155974717504978E+03,1,1,1,1
N1,SVD_MIN,-1,3,.5000000000000000E-02,8.00062939285676959E-06,1.19882692284965191E-16,1.60019544998497524E-05,8.00132510688895702E-06,2.29885965679306396E-18,4.49003107841516265E-23,7.99986087360463949E-01,2.00013912639536051E-01,1.65105404459746178E-26,1.03066773002662446E-18,1.14901440789695807E-15,4.07177069125961892E-08,1.17276483466874709E-18,8.14346903063256551E-08,4.07169833967988222E-08,2.13064875891123317E-09,3.33042012912533438E-09,8.55488995177281493E-20,6.66089177696455467E-09,3.33047164783955446E-09,1.77721592846569752E-06,8.00052508642334160E-06,1.19876925275550863E-16,1.60017458997134798E-05,8.00122081318552621E-06,2.25905287613208404E-06,4.57880239609592809E+03,1,1,1,1
N1,SVD_MIN,-1,4,.3000000000000000E-02,2.88365912603365281E-06,7.29290792211731977E-17,5.76746865030837573E-06,2.88380952420386480E-06,8.11914072039839334E-19,1.27913514766975930E-22,7.99991655348263664E-01,2.00008344651736364E-01,1.58538632974788650E-26,3.81697494278085416E-19,3.65358824458113645E-16,1.46726095197814715E-08,7.10685503081878732E-19,2.93450631737526321E-08,1.46724536537849159E-08,1.27813724893496510E-09,1.20019399505207565E-09,5.13112899299656731E-20,2.40039915788277672E-09,1.20020516279213894E-09,1.06642550966077312E-06,2.88362154750262314E-06,7.29255983130436336E-17,5.76739349599462659E-06,2.88377194842107206E-06,1.35394534199149369E-06,4.58461184220224641E+03,1,1,1,1
N1,SVD_MIN,-1,5,.2000000000000000E-02,1.28239036171318805E-06,4.83570744966296510E-17,2.56482530432064293E-06,1.28243494255937093E-06,8.27731940441424023E-19,2.84375007940176380E-22,7.99994437874516073E-01,2.00005562125483899E-01,8.33202982910928845E-26,7.62265866105736756E-19,1.40434008863948339E-15,6.52432849382166133E-09,4.78427622637162243E-19,1.30486108671856127E-08,6.52428237298893995E-09,8.52335133506740487E-10,5.33696188859546768E-10,3.48278323510355269E-20,1.06739569262692967E-09,5.33699503734877396E-10,7.10982336432849541E-07,1.28237365386261902E-06,4.83546952002034790E-17,2.56479188943359500E-06,1.28241823552287891E-06,9.02135142276812071E-07,4.58752169021879308E+03,1,1,1,1
N1,SVD_MIN,-1,6,.1000000000000000E-02,3.20788827784042319E-07,2.41785372483148255E-17,6.41583230485259216E-07,3.20794402676747650E-07,4.97198074613965327E-19,1.13616790349019415E-21,7.99997219441997753E-01,2.00002780558002247E-01,4.80442420101300892E-25,2.13465919485054538E-19,2.77679708483663027E-15,1.63187519711267342E-09,2.39213811318581122E-19,3.26374463686827862E-09,1.63186943954177695E-09,4.26398522431244676E-10,1.33493284483372353E-10,1.74139161755177634E-20,2.66986984070113112E-10,1.33493699569747161E-10,3.55507170701129659E-07,3.20784649249218290E-07,2.41773476001017395E-17,6.41574873517344790E-07,3.20790224243657095E-07,4.50820153776492290E-07,4.59043496265052272E+03,1,1,1,1
N1,SVD_MIN,-1,7,.7500000000000000E-03,1.80470627426643162E-07,1.82322698052932994E-17,3.60943607022418219E-07,1.80472979577376045E-07,1.36546411297678510E-19,2.04122850673626788E-21,7.99997914680236177E-01,2.00002085319763823E-01,1.14490836349118452E-25,1.16714699659590395E-19,9.65022498304286877E-16,9.18041403208498970E-10,1.77671375770469683E-19,1.83608037842611432E-09,9.18038975058003611E-10,3.19854973021191366E-10,7.50997159065214906E-11,1.28278224824914183E-20,1.50199607018477452E-10,7.50998910993527405E-11,2.66633378978676238E-07,1.80468276779551758E-07,1.82313995782609084E-17,3.60938905771151077E-07,1.80470628973200572E-07,3.38068739305218834E-07,4.59116381650825315E+03,1,1,1,1
N1,SVD_MIN,-1,8,.5000000000000000E-03,8.02211319458476384E-08,1.20892686241574128E-17,1.60442960897049703E-07,8.02218289392282485E-08,1.22054156085947266E-19,4.54200859437617424E-21,7.99998609885121725E-01,2.00001390114878330E-01,4.62970203170220794E-25,2.63382157636071699E-20,1.42428449493807612E-15,4.08068017745137122E-10,1.19606905659290561E-19,8.16135316258100406E-10,4.08067298406126963E-10,2.13277440282360695E-10,3.33819831434636330E-11,8.70695808775888172E-21,6.67640182187151910E-11,3.33820350666607187E-11,1.77757586750857494E-07,8.02200871154425415E-08,1.20886738000508698E-17,1.60440871248954665E-07,8.02207841215386381E-08,2.25348246116736075E-07,4.59189288484863027E+03,1,1,1,1
N1,SVD_MIN,-1,9,.3000000000000000E-03,2.88830540594050629E-08,7.37811510250238396E-18,5.77662586937517463E-08,2.88832046268747676E-08,2.39804192874286415E-19,1.30506428562512387E-20,7.99999165962744674E-01,2.00000834037255298E-01,1.37865181581398231E-23,1.48114943661063863E-19,8.99799677077090886E-16,1.46918779421988769E-10,7.27109777385317855E-20,2.93837403634432767E-10,1.46918624137249092E-10,1.27987513995994935E-10,1.20187617519477585E-11,5.44652770532857981E-21,2.40375347319564205E-11,1.20187729746222929E-11,1.06655512473846935E-07,2.88826778921230629E-08,7.37775480175547946E-18,5.77655063619336684E-08,2.88828284623389675E-08,1.35194110927524809E-07,4.59247629401028189E+03,1,1,1,1
N1,SVD_MIN,-1,10,.2000000000000000E-03,1.28376789549816290E-08,4.88568408191568564E-18,2.56754025235229661E-08,1.28377235635902806E-08,1.15051304567740685E-19,2.89671605052288234E-20,7.99999444091562095E-01,2.00000555908437933E-01,1.60634290108804444E-23,5.29788053177530547E-20,1.31436649447123732E-15,6.53004121469511452E-11,4.79408271150107908E-20,1.30600778275185067E-10,6.53003660828983104E-11,8.53323524382036518E-11,5.34194923570588709E-12,3.58775162201911855E-21,1.06839017967813505E-11,5.34195255737962936E-12,7.11039951361415618E-08,1.28375117632246009E-08,4.88544754893736926E-18,2.56750681408226405E-08,1.28375563726471486E-08,9.01244620818949457E-08,4.59276805010335102E+03,1,1,1,1
N1,SVD_MIN,-1,11,.1000000000000000E-03,3.20961126894471122E-09,2.44284204095784282E-18,6.41922811580270180E-09,3.20961684449803975E-09,8.75993242518824530E-20,1.15855055302462016E-19,7.99999722175002481E-01,2.00000277824997574E-01,1.48979231542588697E-22,6.60895912249624872E-21,2.64333236548031479E-15,1.63258973227021272E-11,2.39704135575053954E-20,3.26517889040244150E-11,1.63258915590439454E-11,4.26699565709143592E-11,1.33555665220802263E-12,1.79387581100955928E-21,2.67111372090452947E-12,1.33555706699379937E-12,3.55521576490146305E-08,3.20956946943073971E-09,2.44272377446868463E-18,6.41914451687643252E-09,3.20957504508582510E-09,4.50597585653252177E-08,4.59305984054611963E+03,1,1,1,1
N1,SVD_MIN,-1,12,.7499999999999999E-04,1.80543327505038238E-09,1.84452877562559599E-18,3.61086890351491668E-09,1.80543562661380495E-09,2.51484288801405653E-20,2.08755199463790308E-19,7.99999791765325541E-01,2.00000208234674515E-01,3.88050411167015309E-23,3.60764986302719389E-20,1.15546430393638403E-15,9.18342895231925891E-12,1.81777444346329464E-20,1.83668554847836970E-11,9.18342651499774232E-12,3.20031889915470075E-11,7.51260369258137275E-13,1.36163192633214495E-21,1.50252091444083175E-12,7.51260543798124890E-13,2.66641482524249013E-08,1.80540976260229763E-09,1.84443870043886987E-18,3.61082187866163236E-09,1.80541211420867052E-09,3.37943553495753235E-08,4.59313279352458085E+03,1,1,1,1
N1,SVD_MIN,-1,13,.5000000000000000E-04,8.02426761241627289E-10,1.22142102047892141E-18,1.60485421980797465E-09,8.02427457306581583E-10,2.88625863766785034E-20,4.63393048477851128E-19,7.99999861459273265E-01,2.00000138540726763E-01,2.58755283294352982E-22,1.01274411529694804E-20,1.38139517281659316E-15,4.08157363254326440E-12,1.19852067787526977E-20,8.16314654725595073E-12,4.08157290277614294E-12,2.13359437688144268E-11,3.33897832216865267E-13,8.96937905504779638E-22,6.67795716553797502E-13,3.33897883420372344E-13,1.77761188455224139E-08,8.02416311166246918E-10,1.22136188723434232E-18,1.60483331966992498E-09,8.02417007243957060E-10,2.25292611873743618E-08,4.59320574865031631E+03,1,1,1,1
N1,SVD_MIN,-1,14,.3000000000000000E-04,2.88877081908038917E-10,7.36361109755888833E-19,5.77754314860470229E-10,2.88877232213670103E-10,4.81169420485575678E-21,1.29952678080106859E-18,7.99999917159598062E-01,2.00000082840401883E-01,5.54880655979409939E-23,4.55228103215012212E-21,5.21295733998869138E-16,1.46938080484912218E-12,7.30882952849438421E-21,2.93876145956904295E-12,1.46938064742454784E-12,1.28018002612509835E-11,1.20204467839588718E-13,5.24559723523850772E-22,2.40408947231860408E-13,1.20204478877540101E-13,1.06656809124443353E-08,2.88873319852561115E-10,7.36324649736068545E-19,5.77746790752240599E-10,2.88873470160945882E-10,1.35174083722008707E-08,4.59326411429712334E+03,1,1,1,1
N1,SVD_MIN,-1,15,.2000000000000000E-04,1.28390580315780213E-10,4.73061733835634830E-19,2.56781205718971128E-10,1.28390624912815604E-10,1.44559835694585541E-20,2.71518313887653629E-18,7.99999945034406079E-01,2.00000054965593921E-01,2.53547178191112199E-21,4.83020066275964781E-21,1.33125562307462508E-15,6.53061312246481357E-13,4.61755897624787737E-21,1.30612258332179013E-12,6.53061266305760627E-13,8.53461183374522078E-12,5.34244852797719827E-14,3.26857406319491673E-22,1.06848974215968787E-13,5.34244885917507497E-14,7.11045714335231895E-09,1.28388908284826640E-10,4.73039084360810371E-19,2.56777861657859058E-10,1.28388952882675150E-10,9.01155613510393617E-09,4.59329329763590795E+03,1,1,1,1
N1,SVD_MIN,-1,16,.1000000000000000E-04,3.20978369739573780E-11,2.36530866917817415E-19,6.41956794243893580E-11,3.20978422113885315E-11,3.59555035345817664E-21,1.08606050642972433E-17,7.99999975084241033E-01,2.00000024915758995E-01,2.50962669028251671E-21,2.41279090613755176E-21,7.42045455662563119E-16,1.63266125812131272E-13,2.30877948812393869E-21,3.26532244821496672E-13,1.63266116774756968E-13,4.26734518874350978E-12,1.33561909094158647E-14,1.63428703159745837E-22,2.67123821621632057E-14,1.33561910868872042E-14,3.55523017254169572E-09,3.20974189646312892E-11,2.36519542180405186E-19,6.41948434058429561E-11,3.20974242021765420E-11,4.50575334449629580E-09,4.59332248131810593E+03,1,1,1,1
N1,SVD_MIN,-1,17,.7500000000000000E-05,1.80550603524794612E-11,1.84090277438972208E-19,3.61101229332795198E-11,1.80550623946522577E-11,3.05659194544115697E-21,2.07918794582989185E-17,7.99999983552312943E-01,2.00000016447687112E-01,5.73201044197209375E-21,8.84571826333508183E-22,2.06865092082191460E-15,9.18373086360838373E-14,1.82720738212359605E-21,1.83674613672923934E-13,9.18373031544810307E-14,3.20051626777715588E-12,7.51286722216045716E-15,1.31139930880962693E-22,1.50257345317534387E-14,7.51286717769504059E-15,2.66642292956904676E-09,1.80548252220076719E-11,1.84081162434017136E-19,3.61096526723832328E-11,1.80548272642349654E-11,3.37931037281404754E-09,4.59332977729234972E+03,1,1,1,1
N1,SVD_MIN,-1,18,.5000000000000000E-05,8.02448318135387718E-12,1.18265433458908707E-19,1.60489670990464388E-11,8.02448380153857889E-12,2.16001386731867232E-21,4.34421653040594178E-17,7.99999989950142543E-01,2.00000010049857402E-01,1.44913513659651686E-20,2.13767144086781149E-22,1.67080783495193867E-15,4.08166306241478565E-14,1.15438974406196934E-21,8.16332609624449337E-14,4.08166292364394520E-14,2.13368243272940348E-12,3.33905639031426732E-15,8.17143515798729183E-23,6.67811285832680101E-15,3.33905638962950608E-15,1.77761548648801123E-09,8.02437867882605468E-12,1.18259771090202593E-19,1.60487580940018025E-11,8.02437929902589121E-12,2.25287049150785245E-09,4.59333707328822857E+03,1,1,1,1
N1,SVD_MIN,-1,19,.3000000000000000E-05,2.88881736092587478E-12,7.42545705646985331E-20,5.77763495042909744E-12,2.88881751454675178E-12,1.20838288113368719E-21,1.32140568127252799E-16,7.99999995643094319E-01,2.00000004356905570E-01,3.49944293826579758E-20,4.68095401523859618E-22,5.79422305974147308E-16,1.46940009530169662E-14,7.12876614388230444E-22,2.93880025427145254E-14,1.46940009091502666E-14,1.28021182312711557E-12,1.20206152477590451E-15,5.39847076527279532E-23,2.40412311835062550E-15,1.20206154017655966E-15,1.06656938794501302E-09,2.88877973998898362E-12,7.42511288960093309E-20,5.77755970855502511E-12,2.88877989361207760E-12,1.35172081152968613E-09,4.59334291010037759E+03,1,1,1,1
N1,SVD_MIN,-1,20,.2000000000000000E-05,1.28391962964937182E-12,4.81443351270975986E-20,2.56783931671199449E-12,1.28391963972214523E-12,2.81521027766137142E-22,2.81219018523215152E-16,8.00000004644241036E-01,1.99999995355758658E-01,9.61559094681768272E-21,6.30791147668576613E-22,1.48268071762185212E-15,6.53067062394049745E-15,4.63685380163105397E-22,1.30613413544548521E-14,6.53067028207506156E-15,8.53475336907466605E-13,5.34249869033321542E-16,3.49458158753494209E-23,1.06849975121193032E-15,5.34249849208503788E-16,7.11046290647423260E-10,1.28390290922532734E-12,4.81420894798767444E-20,2.56780587586410585E-12,1.28390291929997906E-12,9.01146713228493439E-10,4.59334582851147024E+03,1,1,1,1
N1,SVD_MIN,-1,21,.1000000000000000E-05,3.20980109543969183E-13,2.40721675635487993E-20,6.41960229299550480E-13,3.20980095862180314E-13,1.06784666284713083E-22,1.12487469167195501E-15,8.00000018730225970E-01,1.99999981269772975E-01,2.21356123030278628E-20,1.02089678804639098E-22,9.14833733877662973E-16,1.63266854655940745E-15,2.31842690081552699E-22,3.26533714789331229E-15,1.63266837254221240E-15,4.26738062640504886E-13,1.33562543786454402E-16,1.74729079376747105E-23,2.67125091850253246E-16,1.33562531152107176E-16,3.55523161332423092E-10,3.20975929436028647E-13,2.40710447399383722E-20,6.41951869083521984E-13,3.20975915754951999E-13,4.50573109385390769E-10,4.59334874692608446E+03,1,1,1,1
N1,SVD_MIN,1,1,.1000000000000000E-01,3.22906830798322514E-05,2.39765384569930381E-16,6.45757657695052856E-05,3.22850826901045738E-05,6.99444233273762542E-18,1.10290698977784242E-23,8.00027752036817863E-01,1.99972247963182193E-01,9.38581760540160636E-27,2.14248316449194839E-18,9.39318949873952490E-16,1.64065861869625043E-07,2.34552966933749417E-18,3.28137395879267738E-07,1.64071534078398662E-07,4.36038892197021623E-09,1.34260105355039623E-08,1.71097799035456299E-19,2.68515977982317115E-08,1.34255872642201352E-08,3.55683472304802830E-06,3.22902634844835981E-05,2.39753850551101727E-16,6.45749264773807710E-05,3.22846629933193138E-05,4.48106916033888190E-06,4.62270865243522530E+03,1,1,1,1
N1,SVD_MIN,1,2,.7500000000000000E-02,1.81363014565548283E-05,1.79244305600087618E-16,3.62702427027509596E-05,1.81339412464340731E-05,3.70626062046558075E-18,1.95384947583773314E-23,8.00020823192532204E-01,1.99979176807467768E-01,8.35357311497482277E-27,1.09440289462699941E-18,2.34105529744533143E-15,9.21742164994893912E-08,1.74451694661844008E-18,1.84350834154837849E-07,9.21766176781533769E-08,3.24542983897272413E-09,7.54228037504693283E-09,1.28370035470780239E-19,1.50843829697297797E-08,7.54210259523010295E-09,2.66732519701163367E-06,1.81360656579880124E-05,1.79235770067848227E-16,3.62697710627982335E-05,1.81337054050451779E-05,3.36541655928613030E-06,4.61533686879640754E+03,1,1,1,1
N1,SVD_MIN,1,3,.5000000000000000E-02,8.04852045414528561E-06,1.19882692284965191E-16,1.60963423117962349E-05,8.04782185778377762E-06,1.06481191913624388E-18,4.43768123389411094E-23,8.00013888237371962E-01,1.99986111762628094E-01,3.50097440189510630E-27,6.13516867179552107E-19,1.00309579955328802E-15,4.09163137990503219E-08,1.17276483466874709E-18,8.18333414781809974E-08,4.09170276844125943E-08,2.15030737286968751E-09,3.34775903425511266E-09,8.55488995177281493E-20,6.69546562546494632E-09,3.34770659137820297E-09,1.77801636437111396E-06,8.04841575395863776E-06,1.19876925275550863E-16,1.60961328987270842E-05,8.04771714490068187E-06,2.24669149401123703E-06,4.60798683829631409E+03,1,1,1,1
N1,SVD_MIN,1,4,.3000000000000000E-02,2.89400354207327437E-06,7.29290792211731977E-17,5.78785631226642830E-06,2.89385277026942247E-06,1.42084970071308244E-18,1.27016602285254939E-22,8.00008335871613574E-01,1.99991664128386371E-01,4.82120180747342369E-26,4.23634361364917050E-19,5.97497099958085922E-16,1.47155083869106308E-08,7.10685503081878732E-19,2.94311713896699657E-08,1.47156630039642376E-08,1.28522789234252796E-09,1.20393917929313213E-09,5.13112899299656731E-20,2.40786707095349797E-09,1.20392789172246477E-09,1.06671366658195241E-06,2.89396587849200909E-06,7.29255983130436336E-17,5.78778098236009121E-06,2.89381510394427146E-06,1.34949523262551077E-06,4.60212241365982845E+03,1,1,1,1
N1,SVD_MIN,1,5,.2000000000000000E-02,1.28545536895515893E-06,4.83570744966296510E-17,2.57086608325134487E-06,1.28541071434516012E-06,1.91904054071192280E-19,2.83044117207961325E-22,8.00005558218220614E-01,1.99994441781779303E-01,4.45761333414468149E-27,3.07084952507880422E-19,2.26873586386268130E-15,6.53703924890691491E-09,4.78427622637162243E-19,1.30741243717709943E-08,6.53708512342480773E-09,8.55488419121971564E-10,5.34805871299669946E-10,3.48278323510355269E-20,1.06960840404412892E-09,5.34802532781611070E-10,7.11110406174933172E-07,1.28543863590456223E-06,4.83546952002034790E-17,2.57083261633694945E-06,1.28539398048134424E-06,9.00157314252701301E-07,4.59919538496908808E+03,1,1,1,1
N1,SVD_MIN,1,6,.1000000000000000E-02,3.21171953296229816E-07,2.41785372483148255E-17,6.42338327060440975E-07,3.21166373788425820E-07,1.12142026761661943E-19,1.13350612226416568E-21,8.00002779583783852E-01,1.99997220416216009E-01,2.43837571987311592E-26,1.04153353854854322E-19,1.45512303918532235E-15,1.63346403973253556E-09,2.39213811318581122E-19,3.26693382134265648E-09,1.63346978184592591E-09,4.27187127556694261E-10,1.33631994637383125E-10,1.74139161755177634E-20,2.67263572689789206E-10,1.33631578069710130E-10,3.55539188136551226E-07,3.21167771611406458E-07,2.41773476001017395E-17,6.42329963589116636E-07,3.21162192001922880E-07,4.50325696524580356E-07,4.59627180415935345E+03,1,1,1,1
N1,SVD_MIN,1,7,.7500000000000000E-03,1.80632258459441241E-07,1.82322698052932994E-17,3.61262163309293239E-07,1.80629904868003358E-07,2.02905901911436911E-19,2.03764085764556392E-21,8.00002084754611764E-01,1.99997915245388236E-01,2.52368717838696864E-25,1.17390786177242688E-19,1.45083650183422128E-15,9.18711695891621836E-10,1.77671375770469683E-19,1.83742581508252533E-09,9.18714119367361075E-10,3.20298586693829449E-10,7.51582342303560394E-11,1.28278224824914183E-20,1.50316292801751875E-10,7.51580585834827535E-11,2.66651388786092713E-07,1.80629906483444875E-07,1.82313995782609084E-17,3.61257459314401783E-07,1.80627552849107289E-07,3.37790607080848224E-07,4.59554144699809694E+03,1,1,1,1
N1,SVD_MIN,1,8,.5000000000000000E-03,8.02690226050413412E-08,1.20892686241574128E-17,1.60537347909917327E-07,8.02683253170490004E-08,1.63307050538537506E-19,4.53668503359243416E-21,8.00001389883215230E-01,1.99998610116784797E-01,8.27843882034375247E-25,5.50230445718163459E-20,3.16222736017567547E-16,4.08266622836720439E-10,1.19606905659290561E-19,8.16533963862015117E-10,4.08267341146252886E-10,2.13474609309236075E-10,3.33993218954061896E-11,8.70695808775888172E-21,6.67985917617486864E-11,3.33992698751164015E-11,1.77765591109706679E-07,8.02679773808871554E-08,1.20886738000508698E-17,1.60535257448897611E-07,8.02672800801829412E-08,2.25224631788390307E-07,4.59481130486979600E+03,1,1,1,1
N1,SVD_MIN,1,9,.3000000000000000E-03,2.88933984454105421E-08,7.37811510250238396E-18,5.77866462822126502E-08,2.88932478441478359E-08,2.90225388327930218E-20,1.30414629303874274E-20,8.00000833930397004E-01,1.99999166069603052E-01,2.01793076169862283E-25,1.66638814656072023E-20,4.82873727371376737E-16,1.46961678169037332E-10,7.27109777385317855E-20,2.93923511466029236E-10,1.46961833368728186E-10,1.28058496208766279E-10,1.20225069253735493E-11,5.44652770532857981E-21,2.40450026134462903E-11,1.20224956932790578E-11,1.06658394043032160E-07,2.88930221930785462E-08,7.37775480175547946E-18,5.77858937748030144E-08,2.88928715890699214E-08,1.35149609768140087E-07,4.59422734592901907E+03,1,1,1,1
N1,SVD_MIN,1,10,.2000000000000000E-03,1.28407439518849784E-08,4.88568408191568564E-18,2.56814432786006531E-08,1.28406993316854684E-08,9.87280283439706545E-20,2.89535751129469879E-20,8.00000555921677514E-01,1.99999444078322458E-01,1.18231272141664017E-23,1.02375913472979179E-20,1.99438500313232306E-15,6.53131228243371641E-11,4.79408271150107908E-20,1.30626291592554661E-10,6.53131688179176875E-11,8.53639002776508812E-11,5.34305891222649305E-12,3.58775162201911855E-21,1.06861144936033349E-11,5.34305558513712418E-12,7.11052758335571614E-08,1.28405767349281891E-08,4.88544754893736926E-18,2.56811088438736316E-08,1.28405321139150461E-08,9.01046837886711596E-08,4.59393541802977506E+03,1,1,1,1
N1,SVD_MIN,1,11,.1000000000000000E-03,3.20999439177695550E-09,2.44284204095784282E-18,6.41998320493248480E-09,3.20998881555262964E-09,1.94750902412116174E-20,1.15827884668741295E-19,8.00000277823866512E-01,1.99999722176133404E-01,7.36175417663511520E-24,2.99751419384074854E-20,1.09070953923357786E-15,1.63274861419627688E-11,2.39704135575053954E-20,3.26549780196434614E-11,1.63274919009432507E-11,4.26778435591756099E-11,1.33569536058680455E-12,1.79387581100955928E-21,2.67139030425884133E-12,1.33569494549018905E-12,3.55524778233685237E-08,3.20995258911306905E-09,2.44272377446868463E-18,6.41989959950306133E-09,3.20994701278700411E-09,4.50548139919946741E-08,4.59364352450342903E+03,1,1,1,1
N1,SVD_MIN,1,12,.7499999999999999E-04,1.80559490355665255E-09,1.84452877562559599E-18,3.61118745365597021E-09,1.80559255193236810E-09,1.02495640356051202E-20,2.08718480305444424E-19,8.00000208223238363E-01,1.99999791776761637E-01,6.44467202315341886E-24,1.25178479501522660E-20,1.95705501105147823E-15,9.18409922187137792E-12,1.81777444346329464E-20,1.83682008638423866E-11,9.18410165951644492E-12,3.20076254247736138E-11,7.51318885862103968E-13,1.36163192633214495E-21,1.50263759586250253E-12,7.51318711327321371E-13,2.66643283504989597E-08,1.80557138977974826E-09,1.84443870043886987E-18,3.61114042605927605E-09,1.80556903811251226E-09,3.37915740270748777E-08,4.59357055649190352E+03,1,1,1,1
N1,SVD_MIN,1,13,.5000000000000000E-04,8.02474649853763623E-10,1.22142102047892141E-18,1.60494860236339407E-09,8.02473953717220052E-10,9.73748589752382604E-21,4.63338708860092328E-19,8.00000138557244389E-01,1.99999861442755666E-01,2.94483853716793577E-23,4.76905745761909122E-21,9.61530638785651533E-16,4.08177221711395080E-12,1.19852067787526977E-20,8.16354515127799921E-12,4.08177294562085128E-12,2.13379155176547156E-11,3.33915169514382582E-13,8.96937905504779638E-22,6.67830286879655594E-13,3.33915118252433458E-13,1.77761988891108872E-08,8.02464199384712489E-10,1.22136188723434232E-18,1.60492770141258486E-09,8.02463503235418963E-10,2.25280250440401940E-08,4.59349759062824342E+03,1,1,1,1
N1,SVD_MIN,1,14,.3000000000000000E-04,2.88887425155441277E-10,7.36361109755888833E-19,5.77774699873294759E-10,2.88887275448304990E-10,4.80256065746333601E-21,1.29943535134318356E-18,8.00000082510601396E-01,1.99999917489398660E-01,5.52737217715247684E-23,4.65411319005037032E-21,1.39327825070103599E-15,1.46942369240528617E-12,7.30882952849438421E-21,2.93884754224777674E-12,1.46942385672361605E-12,1.28025100909698068E-11,1.20208212204004598E-13,5.24559723523850772E-22,2.40416413281531742E-13,1.20208201613428276E-13,1.06657097281361857E-08,2.88883663014955933E-10,7.36324649736068545E-19,5.77767175589568732E-10,2.88883513305038510E-10,1.35169633606004505E-08,4.59343921948366551E+03,1,1,1,1
N1,SVD_MIN,1,15,.2000000000000000E-04,1.28393645396391890E-10,4.73061733835634830E-19,2.56787245599011092E-10,1.28393600671053935E-10,5.79137931235529496E-21,2.71505578672100399E-18,8.00000055151527167E-01,1.99999944848472722E-01,4.06918223667113295E-22,3.27891181329391582E-21,2.08047731829325715E-15,6.53074023776521179E-13,4.61755897624787737E-21,1.30614808791217197E-12,6.53074068688836385E-13,8.53492731363918677E-12,5.34255950058736788E-14,3.26857406319491673E-22,1.06851186315787768E-13,5.34255916106039039E-14,7.11046995032647386E-09,1.28391973340235313E-10,4.73039084360810371E-19,2.56783901485905551E-10,1.28391928614087859E-10,9.01135835217040249E-09,4.59341003442701549E+03,1,1,1,1
N1,SVD_MIN,1,16,.1000000000000000E-04,3.20982200308641549E-11,2.36530866917817415E-19,6.41964339686341949E-11,3.20982141776578266E-11,3.65896814977362918E-21,1.08603504797701781E-17,8.00000027980711792E-01,1.99999972019288152E-01,2.59887536208118794E-21,3.12681601442991011E-21,1.24752496500645081E-15,1.63267713999709083E-13,2.30877948812393869E-21,3.26535428685576450E-13,1.63267716943681436E-13,4.26742405871984107E-12,1.33563295718133679E-14,1.63428703159745837E-22,2.67126583777168014E-14,1.33563289611139639E-14,3.55523337428523466E-09,3.20978020183905211E-11,2.36519542180405186E-19,6.41955979436044161E-11,3.20977961650932482E-11,4.50570389876290989E-09,4.59338084971392618E+03,1,1,1,1
N1,SVD_MIN,1,17,.7500000000000000E-05,1.80552215309105419E-11,1.84090277438972208E-19,3.61104406680063060E-11,1.80552193242289989E-11,3.64989815762191572E-21,2.07915144582004629E-17,8.00000017896637217E-01,1.99999982103362839E-01,8.17308307458135454E-21,7.88327275792106141E-22,6.04126663708092777E-16,9.18379744556655233E-14,1.82720738212359605E-21,1.83675950953860507E-13,9.18379783148938747E-14,3.20056063213907497E-12,7.51292542032807426E-15,1.31139930880962693E-22,1.50258506364641101E-14,7.51292534945273843E-15,2.66642473054978741E-09,1.80549863991268409E-11,1.84081162434017136E-19,3.61099704043974223E-11,1.80549841923969596E-11,3.37928255958901714E-09,4.59337355358910372E+03,1,1,1,1
N1,SVD_MIN,1,18,.5000000000000000E-05,8.02453097161295641E-12,1.18265433458908707E-19,1.60490611492337736E-11,8.02453029549869607E-12,1.53559415396189878E-21,4.34416572989591316E-17,8.00000011130597488E-01,1.99999988869402401E-01,7.32392063794179601E-21,1.54062105584904197E-21,1.06316722460427580E-15,4.08168284219747679E-14,1.15438974406196934E-21,8.16336565181239432E-14,4.08168291914035678E-14,2.13370215022366402E-12,3.33907366288884667E-15,8.17143515798729183E-23,6.67814720390937413E-15,3.33907362222776625E-15,1.77761628692389596E-09,8.02442646869421029E-12,1.18259771090202593E-19,1.60488521433876477E-11,8.02442579256724821E-12,2.25285813007450556E-09,4.59336625748605366E+03,1,1,1,1
N1,SVD_MIN,1,19,.3000000000000000E-05,2.88882774792645070E-12,7.42545705646985331E-20,5.77765523356868754E-12,2.88882756032220483E-12,4.24029560556265193E-22,1.32139642091524869E-16,8.00000006254400153E-01,1.99999993745599652E-01,4.30902498445740145E-21,7.67212625407138869E-22,1.87532231433675084E-15,1.46940443679144861E-14,7.12876614388230444E-22,2.93880877906731763E-14,1.46940441242275585E-14,1.28021892142506288E-12,1.20206530083623504E-15,5.39847076527279532E-23,2.40413051215579414E-15,1.20206526403874152E-15,1.06656967610193141E-09,2.88879012690242607E-12,7.42511288960093309E-20,5.77757999152206647E-12,2.88878993929699194E-12,1.35171636141368111E-09,4.59336042061908574E+03,1,1,1,1
N1,SVD_MIN,1,20,.2000000000000000E-05,1.28392265989090409E-12,4.81443351270975986E-20,2.56784522814937818E-12,1.28392261579209315E-12,4.91746190211017644E-22,2.81217721952887913E-16,7.99999999571960441E-01,2.00000000428039254E-01,2.93382568718162760E-20,1.61037205172755440E-22,4.20787746859305801E-16,6.53068302605715023E-15,4.63685380163105397E-22,1.30613656424413623E-14,6.53068306646376305E-15,8.53478491706556070E-13,5.34250955925677962E-16,3.49458158753494209E-23,1.06850187314982887E-15,5.34250952698094293E-16,7.11046418717164793E-10,1.28390593944278615E-12,4.81420894798767444E-20,2.56781178725404904E-12,1.28390589534319690E-12,9.01144735399157920E-10,4.59335750219064903E+03,1,1,1,1
N1,SVD_MIN,1,21,.1000000000000000E-05,3.20980441632892175E-13,2.40721675635487993E-20,6.41960885695275202E-13,3.20980468026307719E-13,1.71046826923351973E-22,1.12487232970517137E-15,7.99999974898237709E-01,2.00000025101761264E-01,5.67940556035482568E-20,1.14654798454010074E-22,1.02864596814008114E-15,1.63266965970568213E-15,2.31842690081552699E-22,3.26533941642254975E-15,1.63266996429090217E-15,4.26738851340277606E-13,1.33562647210606536E-16,1.74729079376747105E-23,2.67125299704459841E-16,1.33562669301885149E-16,3.55523193349858475E-10,3.20976261523571322E-13,2.40710447399383722E-20,6.41952525476169417E-13,3.20976287915772095E-13,4.50572614928056941E-10,4.59335458376558199E+03,1,1,1,1
N1,LEGACY,-1,1,.1000000000000000E-01,2.38778678950654043E-02,4.84482151440510917E-15,4.77645137676898715E-02,2.38866458726303930E-02,2.35066505854552045E-15,8.23005811678845463E-27,7.99941190557587611E-01,2.00058809442412305E-01,1.93744258583143927E-27,3.93957257357407846E-15,1.63880108098663255E-16,2.39470720127383624E-04,2.09328191265629550E-16,4.79009961616164918E-04,2.39539241497329443E-04,1.17940714116673163E-02,1.68883407049009661E-05,5.57495028101069998E-18,3.37815899021776976E-05,1.68932491979470226E-05,5.94264361619429356E-03,2.38766610683392062E-02,4.84029401325099645E-15,4.77620998672031935E-02,2.38854387988658261E-02,2.94097182214766517E-03,1.42861446185011810E+04,1,1,1,1
N1,LEGACY,-1,2,.7500000000000000E-02,8.96111725786780632E-03,1.48683316749655955E-15,1.79246992525652141E-02,8.96358199470084077E-03,1.50185895273728907E-15,5.50410645162024337E-27,7.99955997776129024E-01,2.00044002223871031E-01,5.61591646501336582E-27,6.41745343833685817E-17,9.97982355352442683E-17,8.88947848639505306E-05,1.66918127064551986E-16,1.77805779108310347E-04,8.89109942480549267E-05,8.84555370433614228E-03,6.29199507349119725E-06,2.03703094193551088E-18,1.25851712217906272E-05,6.29317614856375594E-06,4.45678801961046488E-03,8.96067411734620574E-03,1.47743258977526808E-15,1.79238129317757858E-02,8.96313881443107537E-03,2.20685865399165198E-03,9.33628268080138514E+03,1,1,1,1
N1,LEGACY,-1,3,.5000000000000000E-02,3.02395411934775491E-03,2.42241075720255459E-15,6.04846136231116174E-03,3.02450724296679605E-03,3.37783321688848481E-16,1.28315716004797794E-25,7.99970736164644647E-01,2.00029263835355298E-01,2.49494331635825820E-27,4.04367261855828216E-16,1.13674351526872859E-16,2.96713282929414472E-05,1.04664095632814775E-16,5.93456402703555416E-05,2.96743119783027303E-05,5.89703589996962065E-03,2.10781610987928950E-06,2.78747514050534999E-18,4.21585470200396152E-06,2.10803859218513324E-06,2.97106224372820820E-03,3.02380781223093517E-03,2.42014700662549822E-15,6.04816874540724334E-03,3.02436093317919258E-03,1.47199251500647332E-03,6.93936762245021418E+03,1,1,1,1
N1,LEGACY,-1,4,.3000000000000000E-02,9.19531567795411073E-04,6.41913607071569793E-16,1.83916385112086194E-03,9.19632283326553062E-04,4.31197607660109253E-16,9.74524569383992474E-26,7.99982476196035242E-01,2.00017523803964620E-01,4.39736296658666568E-26,1.03753825948694305E-16,7.50280203525597199E-17,8.94396481318558618E-06,3.20350094911548541E-17,1.78883812409368865E-05,8.94441642790604473E-06,3.53822158658902543E-03,6.37226691573883307E-07,7.83706449064090114E-19,1.27448792564677166E-06,6.37261234081763885E-07,1.78257506804282745E-03,9.19487848537353311E-04,6.41113268397041525E-16,1.83907641297658612E-03,9.19588564440257166E-04,8.83557242295891125E-04,5.75997337454281751E+03,1,1,1,1
N1,LEGACY,-1,5,.2000000000000000E-02,3.80096815576263115E-04,6.33111359661088492E-16,7.60221357625665136E-04,3.80124542050163240E-04,3.77837931619966466E-16,5.54834847658632230E-25,7.99988329051585900E-01,2.00011670948414017E-01,1.97612598281242912E-25,2.76005032525266504E-16,1.89843044094526607E-16,3.68097131337472993E-06,3.93613920841099999E-17,7.36205467616775711E-06,3.68108336285576141E-06,2.35881440659719112E-03,2.62639426617320057E-07,9.52926747452403741E-19,5.25287563305913640E-07,2.62648136691450783E-07,1.18836262176179883E-03,3.80078900600832410E-04,6.31885880896010453E-16,7.60185527890481789E-04,3.80106627290393738E-04,5.89158760486869983E-04,5.30974784241179350E+03,1,1,1,1
N1,LEGACY,-1,6,.1000000000000000E-02,8.89397415424275840E-05,3.16555679830544246E-16,1.77882723686288144E-04,8.89429821441360013E-05,1.52696849714024705E-16,2.53349179208184185E-24,7.99994170347167910E-01,2.00005829652832035E-01,5.89494062937197096E-25,1.11295495351386555E-16,1.35863393597450702E-16,8.57576380554262922E-07,1.96806960420549999E-17,1.71516444927721780E-06,8.57588068743920951E-07,1.17940721106821233E-03,6.12777998803240684E-08,4.76463373726201870E-19,1.22556526126816930E-07,6.12787262471302543E-08,5.94170933235676005E-04,8.89355858664942899E-05,3.15942940448005227E-16,1.77874412372499983E-04,8.89388265062798875E-05,2.94639686785610176E-04,4.92535243428442118E+03,1,1,1,1
N1,LEGACY,-1,7,.7500000000000000E-03,4.92512475007494483E-05,1.60478401767892448E-16,9.85038405448685866E-05,4.92525930442665763E-05,5.17822607776587662E-17,2.12331519709200157E-24,7.99995628855094232E-01,2.00004371144905796E-01,2.21076867425354983E-25,6.23470449055864467E-17,7.07448408231225720E-17,4.74375348633958900E-07,8.00875237278871353E-18,9.48755406001900892E-07,4.74380057368930373E-07,8.84555409758044204E-04,3.39086519687812749E-08,1.95926612266022528E-19,6.78176791816576165E-08,3.39090272130411292E-08,4.45626254214542123E-04,4.92489512437778592E-05,1.60278317099260381E-16,9.84992480480479017E-05,4.92502968044171348E-05,2.20991073393678829E-04,4.83788039995540203E+03,1,1,1,1
N1,LEGACY,-1,8,.5000000000000000E-03,2.15563988097290508E-05,1.58277839915272123E-16,4.31131901328955241E-05,2.15567913234573986E-05,6.01413224724557363E-17,1.07822231530509606E-23,7.99997086631721532E-01,2.00002913368278523E-01,1.55673264999104108E-24,7.35129654922059102E-17,1.01156141448235956E-16,2.07400283121297592E-07,9.84034802102749997E-18,4.14801897935405676E-07,2.07401614823333385E-07,5.89703607476641163E-04,1.48304983053458246E-08,2.38231686863100935E-19,2.96611033469521032E-08,1.48306050420222942E-08,2.97082872360554778E-04,2.15553959560702415E-05,1.57971470224002613E-16,4.31111844309526888E-05,2.15557884751732269E-05,1.47334921352849587E-04,4.75349456686466237E+03,1,1,1,1
N1,LEGACY,-1,9,.3000000000000000E-03,7.66745663621708914E-06,1.30966607631732036E-16,1.53349970237670294E-05,7.66754038770390210E-06,1.59457807230080580E-17,5.83502609801359390E-23,7.99998252328341208E-01,2.00001747671658708E-01,8.64994251835093323E-25,8.20741429899546473E-18,8.99926110769158140E-17,7.37067594769040459E-08,6.28336142612355018E-18,1.47413795978541320E-07,7.37070365065966392E-08,3.53822164952207656E-04,5.27205641746598789E-09,1.31571239356408528E-19,1.05441351459566196E-08,5.27207872864638488E-09,1.78249100811834934E-04,7.66710054631462605E-06,1.30815726779167209E-16,1.53342848451733434E-05,7.66718429901263006E-06,8.84045716704640348E-05,4.68809994738078331E+03,1,1,1,1
N1,LEGACY,-1,10,.2000000000000000E-03,3.38756343824283049E-06,1.16224246247060032E-16,6.77515154203231317E-06,3.38758810387364219E-06,1.57880837523526943E-17,2.35420785196905866E-22,7.99998835002934561E-01,2.00001164997065439E-01,4.34420359204262459E-24,1.57649186238270890E-17,1.38286973145604630E-16,3.25502957419116272E-08,2.50761124881467519E-18,6.51006720216494704E-08,3.25503762832689911E-08,2.35881443456881554E-04,2.32857814248080546E-09,1.18342355748454057E-19,4.65716278768845277E-09,2.32858464529723593E-09,1.18832526342188275E-04,3.38740625022900634E-06,1.16197131189237637E-16,6.77483716637085925E-06,3.38743091622598064E-06,5.89375874210860387E-05,4.65608059076976133E+03,1,1,1,1
N1,LEGACY,-1,11,.1000000000000000E-03,8.41913030365702749E-07,5.81121231235300158E-17,1.68382912540616433E-06,8.41916095114454884E-07,8.96158568481133025E-18,9.52855667629847400E-22,7.99999417551673031E-01,2.00000582448327024E-01,2.26601802109261708E-23,2.50965160337166273E-17,8.76393443573642378E-17,8.08623398336839118E-09,1.25380562440733760E-18,1.61724778427896305E-08,8.08624386029422589E-09,1.17940721806146360E-04,5.78555883755945161E-10,5.91711778742270285E-20,1.15711256697930207E-09,5.78556683297062111E-10,5.94161594057313736E-05,8.41873998168738126E-07,5.80985655946188187E-17,1.68375106105891422E-06,8.41877062964164530E-07,2.94693968713286526E-05,4.62450082040118104E+03,1,1,1,1
N1,LEGACY,-1,12,.7499999999999999E-04,4.72882211378071842E-07,3.27416519079330090E-17,9.45765713760583856E-07,4.72883502428259469E-07,9.58565896207329769E-19,9.58790654669692310E-22,7.99999563157397620E-01,2.00000436842602325E-01,8.21800811120335203E-25,1.26497499772712919E-17,1.38223876947074595E-16,4.54134976867600835E-09,1.57084035653088754E-18,9.08270368401784736E-09,4.54135391683520773E-09,8.84555413691796345E-05,3.24937431844441275E-10,3.28928098391021320E-20,6.49875199581920640E-10,3.24937767786374321E-10,4.45621000983892717E-05,4.72860292682478653E-07,3.27039316947918022E-17,9.45721876389184484E-07,4.72861583752441005E-07,2.21021607469716006E-05,4.61667350648632691E+03,1,1,1,1
N1,LEGACY,-1,13,.5000000000000000E-04,2.09862566125186538E-07,2.90560615617650079E-17,4.19725514166693430E-07,2.09862948065708556E-07,3.16553018871592472E-18,3.83382763283118020E-21,7.99999708788914243E-01,2.00000291211085757E-01,4.55042550093448196E-23,1.63533607097199162E-18,8.85290786147947250E-17,2.01520791082839254E-09,6.26902812203668798E-19,4.03041704355429942E-09,2.01520913345816851E-09,5.89703609224997044E-05,1.44195076316033999E-10,2.95855889371135143E-20,2.88390251711618099E-10,1.44195175424758941E-10,2.97080537616790118E-05,2.09852840832580575E-07,2.90492827973094093E-17,4.19706063587378865E-07,2.09853222778993998E-07,1.47348492271852265E-05,4.60887296707188307E+03,1,1,1,1
N1,LEGACY,-1,14,.3000000000000000E-04,7.54622984466158827E-08,1.53900315495433351E-17,1.50924679288865668E-07,7.54623808580789514E-08,1.90548119329619886E-18,8.31856451332753240E-21,7.99999825232459827E-01,2.00000174767540201E-01,1.27520116923766950E-22,1.30293998958802842E-18,1.69520257864771718E-16,7.24564807923589462E-10,8.95164760683267188E-19,1.44912987845652133E-09,7.24565071322914680E-10,3.53822165581622051E-05,5.18466179601594273E-11,1.46281878814929377E-20,1.03693257249500361E-10,5.18466393026243687E-11,1.78248260311398554E-05,7.54588020353719344E-08,1.53639687959618516E-17,1.50917686467659332E-07,7.54588844481096951E-08,8.84094572642449351E-06,4.60265172119748604E+03,1,1,1,1
N1,LEGACY,-1,15,.2000000000000000E-04,3.35192348057473164E-08,4.35968435997495588E-18,6.70384940066496055E-08,3.35192592067563786E-08,1.58582009672751738E-18,3.38338578236672242E-21,7.99999883496838593E-01,2.00000116503161463E-01,4.47660998764041342E-22,1.69331313332867140E-19,1.54183041631560327E-16,3.21826993388084222E-10,1.62969667345848611E-19,6.43654064421088713E-10,3.21827071180738328E-10,2.35881443736622649E-05,2.30288353556341226E-11,4.08424496318751946E-21,4.60576770184094187E-11,2.30288416670093299E-11,1.18832152788065165E-05,3.35176818861610886E-08,4.35663539042212040E-18,6.70353881678575604E-08,3.35177062875494033E-08,5.89397588100864216E-06,4.59954746952035021E+03,1,1,1,1
N1,LEGACY,-1,16,.1000000000000000E-04,8.37492441323781432E-09,2.17984217998747794E-18,1.67498518714977766E-08,8.37492746026969687E-09,3.87908723696287012E-19,1.35493392829944005E-20,7.99999941749136467E-01,2.00000058250863477E-01,4.29068969417351314E-22,5.15487268384191578E-19,6.49988083371945128E-17,8.04063658095891551E-11,8.14848336729243057E-20,1.60812741273156995E-10,8.04063754880666288E-11,1.17940721876081988E-05,5.75368725144925388E-12,2.04212248159375973E-21,1.15073752886464803E-11,5.75368803826844228E-12,5.94160660176071999E-06,8.37453644322281579E-09,2.17831769521106020E-18,1.67490759315156204E-08,8.37453949030239357E-09,2.94699397220754092E-06,4.59644745378401603E+03,1,1,1,1
N1,LEGACY,-1,17,.7500000000000000E-05,4.71020872709882317E-09,3.84750788738583376E-18,9.42041873607375558E-09,4.71021001508333697E-09,8.64056073792552105E-19,1.33446929551872662E-19,7.99999956041259841E-01,2.00000043958740187E-01,6.73028418775349304E-21,1.44651089490498099E-18,1.64716521552649546E-16,4.52215018474540538E-11,2.23791190170816797E-19,9.04430076465812329E-11,4.52215060161688317E-11,8.84555414085184805E-06,3.23595428444441563E-12,3.65704697037323442E-21,6.47190889622567484E-12,3.23595461836844982E-12,4.45620475676265967E-06,4.70999053047969969E-09,3.84099219899046289E-18,9.41998234285672745E-09,4.70999181848362742E-09,2.21024661010083707E-06,4.59567311070221422E+03,1,1,1,1
N1,LEGACY,-1,18,.5000000000000000E-05,2.09312120667411822E-09,1.08992108999373897E-18,4.18624279362698519E-09,2.09312158744437313E-09,1.43632310977447020E-18,5.42289577772835143E-20,7.99999970856022702E-01,2.00000029143977270E-01,9.41771278641696540E-20,8.53004089350686995E-19,1.21475684984489187E-16,2.00953001852717082E-11,4.07424168364621528E-20,4.01906015543105146E-11,2.00953013939172359E-11,5.89703609399836469E-06,1.43798207294104152E-12,1.02106124079687986E-21,2.87596424395637714E-12,1.43798217110323285E-12,2.97080304146987916E-06,2.09302424662184399E-09,1.08915884760553010E-18,4.18604887352862073E-09,2.09302462739806660E-09,1.47349849403089997E-06,4.59489903169136414E+03,1,1,1,1
N1,LEGACY,-1,19,.3000000000000000E-05,7.53435853096327653E-10,8.28766012853874473E-19,1.50687178697584143E-09,7.53435934345249345E-10,2.05293576648255601E-20,2.41992128462159121E-19,7.99999982647036867E-01,2.00000017352963050E-01,1.48486884932424774E-22,3.67354626226112551E-19,8.35067357985084362E-17,7.23340257745301393E-12,1.39326621169821031E-20,1.44668053882643852E-11,7.23340280103979375E-12,3.53822165644564315E-06,5.17610255338320847E-13,7.94093388050906568E-22,1.03522053034452340E-12,5.17610275446902309E-13,1.78248176262342916E-06,7.53400952148168609E-10,8.28648510771444972E-19,1.50680198508101165E-09,7.53401033398693687E-10,8.84099458321199316E-07,4.59427995852346430E+03,1,1,1,1
N1,LEGACY,-1,20,.2000000000000000E-05,3.34840875549259273E-10,9.82886058872843895E-19,6.69681774466365267E-10,3.34840900136902663E-10,3.97997849181141668E-20,1.72329398126755925E-18,7.99999987668201240E-01,2.00000012331798704E-01,2.82562465375041237E-21,2.73623707273366761E-19,1.30497094199544423E-16,3.21464440362148622E-12,4.45666829924135258E-20,6.42928883839409268E-12,3.21464449258847211E-12,2.35881443764596970E-06,2.30034939954350500E-13,1.15044617412323537E-21,4.60069885083601375E-13,2.30034946424631265E-13,1.18832115432945600E-06,3.34825365054500037E-10,9.81874478722838347E-19,6.69650753477626620E-10,3.34825389642423790E-10,5.89399759515040497E-07,4.59397048526248273E+03,1,1,1,1
N1,LEGACY,-1,21,.1000000000000000E-05,8.37053436223104842E-11,4.91443029436421948E-19,1.67410690140064546E-10,8.37053468918904634E-11,5.56177690318485432E-20,6.89397919825869506E-18,7.99999993035156565E-01,2.00000006964843408E-01,8.82979738748125048E-20,1.69757268224406912E-19,1.58019648361497508E-16,8.03610812427803763E-13,2.22833414962067629E-20,1.60722161909615228E-12,8.03610829115206097E-13,1.17940721883075553E-06,5.75052199085570504E-14,5.75223087061617686E-22,1.15010440271907130E-13,5.75052208110734376E-14,5.94160566788313721E-07,8.37014662580107117E-11,4.90937239361419173E-19,1.67402935411654141E-10,8.37014695275813206E-11,2.94699940074647802E-07,4.59366105420567692E+03,1,1,1,1
N1,LEGACY,1,1,.1000000000000000E-01,5.52603240421228534E-03,4.84482151440510917E-15,1.10500743518620048E-02,5.52404194767745424E-03,1.73657655663847528E-16,1.53796495979625663E-25,8.00057640752784183E-01,1.99942359247215817E-01,1.97596271010555754E-28,9.17129532945178132E-16,1.39064625635732542E-16,5.08564426823922375E-05,2.09328191265629550E-16,1.01714048166779886E-04,5.08576055207084758E-05,1.17940729658001231E-02,3.69135711862168451E-06,5.57495028101069998E-18,7.38268737256713429E-06,3.69133025586052733E-06,5.94056833345290875E-03,5.52579714869488522E-03,4.84029401325099645E-15,1.10496037453843184E-02,5.52380659669957780E-03,2.95303524964482794E-03,2.75514689661488546E+03,1,1,1,1
N1,LEGACY,1,2,.7500000000000000E-02,3.36617051692039270E-03,1.48683316749655955E-15,6.73142925051474147E-03,3.36525873360214332E-03,9.30487288306522470E-16,3.90322355826690868E-26,8.00043343946006180E-01,1.99956656053993875E-01,1.52869144159682599E-26,9.58175187458522877E-16,1.13563305226859620E-16,3.13000046035790826E-05,1.66918127064551986E-16,6.25997632118728933E-05,3.12997586172280974E-05,8.84555457853576123E-03,2.26398698509711143E-06,2.03703094193551088E-18,4.52791114828537014E-06,2.26392416366553721E-06,4.45562067310004573E-03,3.36602423239329212E-03,1.47743258977526808E-15,6.73113664415987776E-03,3.36511241176923976E-03,2.21364433199185921E-03,3.05879791003075707E+03,1,1,1,1
N1,LEGACY,1,3,.5000000000000000E-02,1.64216637026057873E-03,2.42241075720255459E-15,3.28403541989437777E-03,1.64186904963454822E-03,1.06969883621705817E-15,4.35296947632391651E-25,8.00028970984280940E-01,1.99971029015719004E-01,8.48815097685546479E-26,4.24960493026439045E-16,1.06373032869365839E-16,1.54307844515990862E-05,1.04664095632814775E-16,3.08612171490629063E-05,1.54304326988754072E-05,5.89703628850275687E-03,1.11219333245874338E-06,2.78747514050534999E-18,2.22434854381065420E-06,1.11215521142936224E-06,2.97054342306694473E-03,1.64209349354170562E-03,2.42014700662549822E-15,3.28388965659177998E-03,1.64179616304989764E-03,1.47500837190594732E-03,3.44001878272320118E+03,1,1,1,1
N1,LEGACY,1,4,.3000000000000000E-02,6.44617835824603754E-04,6.41913607071569793E-16,1.28916549906775944E-03,6.44547663242950992E-04,8.49366362350372018E-17,1.98351394334326368E-25,8.00017418325238427E-01,1.99982581674761628E-01,3.47273951845240091E-27,3.09683926979351672E-16,1.50235918045092258E-16,6.10906393186630063E-06,3.20350094911548541E-17,1.22179906547056563E-05,6.10892672301028438E-06,3.53822172646094937E-03,4.39058201017089420E-07,7.83706449064090114E-19,8.78103882309610561E-07,4.39045681301198623E-07,1.78238829260662229E-03,6.44588737745989708E-04,6.41113268397041525E-16,1.28910730105160709E-03,6.44518563305302426E-04,8.84642950781635868E-04,3.82291477160405157E+03,1,1,1,1
N1,LEGACY,1,5,.2000000000000000E-02,3.00605593631370852E-04,6.33111359661088492E-16,6.01189348865185458E-04,3.00583755233157579E-04,2.16699611894081766E-17,8.87225374007879723E-25,8.00011624061976900E-01,1.99988375938022989E-01,1.03941746274124597E-27,4.99713358112896397E-17,1.09374094313415076E-16,2.86110913876373565E-06,3.93613920841099999E-17,5.72216684853952955E-06,2.86105770976529874E-06,2.35881446876248964E-03,2.05331437724290962E-07,9.52926747452403741E-19,4.10658411536718039E-07,2.05326973813170771E-07,1.18827961045707572E-03,3.00591907435921553E-04,6.31885880896010453E-16,6.01161975972509528E-04,3.00570068535910566E-04,5.89641297591913800E-04,4.04888563372333192E+03,1,1,1,1
N1,LEGACY,1,6,.1000000000000000E-02,7.91452066016715638E-05,3.16555679830544246E-16,1.58287535367996799E-04,7.91423287659720834E-05,1.73659493869562822E-17,3.19963126708162640E-24,8.00005817930390606E-01,1.99994182069609450E-01,9.62934558761371981E-27,2.57456093275260651E-17,1.51650101913142574E-16,7.56545607977035068E-07,1.96806960420549999E-17,1.51308326297044694E-06,7.56537654974156906E-07,1.17940722660953706E-03,5.42160141312985689E-08,4.76463373726201870E-19,1.08431363525846861E-07,5.42153493941681731E-08,5.94150180409533661E-04,7.91415720553246123E-05,3.15942940448005227E-16,1.58280266219619329E-04,7.91386941639404947E-05,2.94760321061911517E-04,4.30373380693178933E+03,1,1,1,1
N1,LEGACY,1,7,.7500000000000000E-03,4.51277669560648566E-05,1.60478401767892448E-16,9.02543029122606841E-05,4.51265359559942879E-05,8.30141795044370252E-18,2.52923803892248609E-24,8.00004364551462510E-01,1.99995635448537407E-01,6.76801142925255894E-27,4.95680004664185277E-17,7.07441673697028023E-17,4.31840897580248174E-07,8.00875237278871353E-18,8.63678265833737410E-07,4.31837368245282811E-07,8.84555418500039287E-04,3.09356189509464568E-08,1.95926612266022528E-19,6.18709452686011862E-08,3.09353263173585988E-08,4.45614580749840246E-04,4.51256900985187883E-05,1.60278317099260381E-16,9.02501491744881493E-05,4.51244590757675232E-05,2.21058930174101640E-04,4.37261491466966618E+03,1,1,1,1
N1,LEGACY,1,8,.5000000000000000E-03,2.03364382284733152E-05,1.58277839915272123E-16,4.06725065358655384E-05,2.03360683072413598E-05,1.10480198051315250E-17,1.21151813948570978E-23,8.00002910436186987E-01,1.99997089563813041E-01,5.90280695003140763E-26,4.09176395820790021E-18,5.75368899112626140E-17,1.94816022581423813E-07,9.84034802102749997E-18,3.89630946097664400E-07,1.94814923506017668E-07,5.89703611361972347E-04,1.39508983489952288E-08,2.38231686863100935E-19,2.79017062557674776E-08,1.39508079065531021E-08,2.97077684154021604E-04,2.03355002866979339E-05,1.57971470224002613E-16,4.06706306458438913E-05,2.03351303589951110E-05,1.47365079921927443E-04,4.44376766621539900E+03,1,1,1,1
N1,LEGACY,1,9,.3000000000000000E-03,7.40414504194482649E-06,1.30966607631732036E-16,1.48082092582690832E-05,7.40406421619369841E-06,1.00234315850682773E-17,6.25758857987592924E-23,8.00001746616864295E-01,1.99998253383135566E-01,3.66537750554015374E-25,9.86390762309586685E-18,1.38914827131210501E-16,7.09906050607697568E-08,6.28336142612355018E-18,1.41980963222512092E-07,7.09903581560905341E-08,3.53822166350926850E-04,5.08220613997932890E-09,1.31571239356408528E-19,1.01643920789966006E-08,5.08218593890506548E-09,1.78247233057483200E-04,7.40380296248691403E-06,1.30815726779167209E-16,1.48075250980000791E-05,7.40372213538264489E-06,8.84154287553322494E-05,4.50240177190972281E+03,1,1,1,1
N1,LEGACY,1,10,.2000000000000000E-03,3.30956367845330514E-06,1.16224246247060032E-16,6.61910326922062643E-06,3.30953959065687455E-06,1.76730968986008256E-17,2.46652647873391528E-22,8.00001164527441633E-01,1.99998835472558395E-01,5.70318714343779085E-24,2.28133845242376108E-17,7.51192949968041072E-17,3.17456984940998034E-08,2.50761124881467519E-18,6.34913224001330299E-08,3.17456239025416905E-08,2.35881444078534538E-04,2.27233946517302264E-09,1.18342355748454057E-19,4.54467284441069869E-09,2.27233337910724455E-09,1.18831696229143092E-04,3.30941064070898445E-06,1.16197131189237637E-16,6.61879719333775982E-06,3.30938655251835531E-06,5.89424127921386049E-05,4.53231052186406941E+03,1,1,1,1
N1,LEGACY,1,11,.1000000000000000E-03,8.32164446691364851E-07,5.81121231235300158E-17,1.66432586472535275E-06,8.32161417996860013E-07,5.65072839173992974E-18,9.75319850725433275E-22,8.00000582334245092E-01,1.99999417665754881E-01,9.22194322506780671E-24,1.51442457246456287E-17,1.13545122173619481E-16,7.98567351556027780E-09,1.25380562440733760E-18,1.59713375260648759E-08,7.98566400953714756E-09,1.17940721961559599E-04,5.71527043002267272E-10,5.91711778742270285E-20,1.14305331250936443E-09,5.71526269467742074E-10,5.94159518774700811E-05,8.32125933205117384E-07,5.80985655946188187E-17,1.66424883770443019E-06,8.32122904462192331E-07,2.94706032140917993E-05,4.56262439718018504E+03,1,1,1,1
N1,LEGACY,1,12,.7499999999999999E-04,4.68769612942027908E-07,3.27416519079330090E-17,9.37537946292816884E-07,4.68768333310742741E-07,1.72273554790257361E-17,9.75694122782640796E-22,8.00000436776742485E-01,1.99999563223257487E-01,2.70115649012533683E-22,2.46618146462672879E-17,1.39228109130306876E-16,4.49892669410701402E-09,1.57084035653088754E-18,8.99784935921934617E-09,4.49892266355920212E-09,8.84555414565995875E-05,3.21972200803375858E-10,3.28928098391021320E-20,6.43944073946932810E-10,3.21971873103172651E-10,4.45619833637422849E-05,4.68747913073030769E-07,3.27039316947918022E-17,9.37494546534480475E-07,4.68746633421416494E-07,2.21028393147758691E-05,4.57026713077378281E+03,1,1,1,1
N1,LEGACY,1,13,.5000000000000000E-04,2.08644036455603826E-07,2.90560615617650079E-17,4.17287693245341501E-07,2.08643656765932264E-07,4.68642011801377344E-18,3.87875622773638142E-21,8.00000291185921752E-01,1.99999708814078303E-01,1.00902384454699463E-22,9.78924945724047100E-18,1.38993384584032879E-16,2.00263829514606808E-09,6.26902812203668798E-19,4.00527539143458635E-09,2.00263709578396333E-09,5.89703609613530109E-05,1.43316502252703483E-10,2.95855889371135143E-20,2.86632907046730096E-10,1.43316404767255456E-10,2.97080018796136869E-05,2.08634375999561318E-07,2.90492827973094093E-17,4.17268372327251286E-07,2.08633996303888289E-07,1.47351508128760140E-05,4.57793583167846464E+03,1,1,1,1
N1,LEGACY,1,14,.3000000000000000E-04,7.51990980442562890E-08,1.53900315495433351E-17,1.50398113989125855E-07,7.51990159250355616E-08,5.81806832740336749E-18,8.37691910968697227E-21,8.00000174766128169E-01,1.99999825233871720E-01,1.19718960173316608E-21,1.19176817161251346E-18,1.72385526268155726E-16,7.21849791329289832E-10,8.95164760683267188E-19,1.44369932305498165E-09,7.21849530829471096E-10,3.53822165721493956E-05,5.16568473973211708E-11,1.46281878814929377E-20,1.03313673680761887E-10,5.16568262653306884E-11,1.78248073535963382E-05,7.51956156376057850E-08,1.53639687959618516E-17,1.50391149174529337E-07,7.51955335170972366E-08,8.84105429727317878E-06,4.58408957771169207E+03,1,1,1,1
N1,LEGACY,1,15,.2000000000000000E-04,3.34412496864751966E-08,4.35968435997495588E-18,6.68824750321856560E-08,3.34412253414599290E-08,2.68197972337127506E-19,3.39919025671094191E-21,8.00000116499348546E-01,1.99999883500651454E-01,1.28640096824670785E-23,2.06552799202466359E-19,9.45490554042580577E-17,3.21022545862290251E-10,1.62969667345848611E-19,6.42045014690409245E-10,3.21022468739560624E-10,2.35881443798787955E-05,2.29726071732867662E-11,4.08424496318751946E-21,4.59452080819305529E-11,2.29726009037780325E-11,1.18832069776760646E-05,3.34397009163889685E-08,4.35663539042212040E-18,6.68793774916296791E-08,3.34396765709908419E-08,5.89402413471916857E-06,4.58717273589376964E+03,1,1,1,1
N1,LEGACY,1,16,.1000000000000000E-04,8.36517628511104419E-09,2.17984217998747794E-18,1.67303495288429828E-08,8.36517324043095358E-09,3.90995628973917574E-19,1.35809482366223397E-20,8.00000058298478756E-01,1.99999941701521244E-01,4.36942002534104796E-22,7.69216950158820065E-19,1.14535788327252032E-16,8.03058099422313247E-11,8.14848336729243057E-20,1.60611610393678325E-10,8.03058002620749846E-11,1.17940721891623297E-05,5.74665873642959613E-12,2.04212248159375973E-21,1.14933166919991915E-11,5.74665795232456988E-12,5.94160452647810659E-06,8.36478883378337934E-09,2.17831769521106020E-18,1.67295746261384325E-08,8.36478578905573413E-09,2.94700603563517252E-06,4.59026009558005353E+03,1,1,1,1
N1,LEGACY,1,17,.7500000000000000E-05,4.70609624065428530E-09,3.84750788738583376E-18,9.41219119739374736E-09,4.70609495296440992E-09,4.91438814877523696E-20,1.33680347833239450E-19,8.00000043907817204E-01,1.99999956092182768E-01,2.18095868846880228E-23,1.08138903962728514E-19,1.22118038840994571E-16,4.51790798779185764E-11,2.23791190170816797E-19,9.03581557565328483E-11,4.51790757121243858E-11,8.84555414172604874E-06,3.23298913341757635E-12,3.65704697037323442E-21,6.46597793586968669E-12,3.23298880002864724E-12,4.45620358941618963E-06,4.70587826285625961E-09,3.84099219899046289E-18,9.41175524177684772E-09,4.70587697514696038E-09,2.21025339577888011E-06,4.59103259299076490E+03,1,1,1,1
N1,LEGACY,1,18,.5000000000000000E-05,2.09190269135714197E-09,1.08992108999373897E-18,4.18380500233093821E-09,2.09190231047025790E-09,5.23896650416068063E-19,5.42921756731291064E-20,8.00000029170798821E-01,1.99999970829201124E-01,1.25440673364300008E-20,6.64516860856976164E-20,1.16916698061582424E-16,2.00827306885023409E-11,4.07424168364621528E-20,4.01654602146135528E-11,2.00827295008359715E-11,5.89703609438689871E-06,1.43710350894834213E-12,1.02106124079687986E-21,2.87420692009603628E-12,1.43710341092937380E-12,2.97080252264922581E-06,2.09180579614094472E-09,1.08915884760553010E-18,4.18361121189215125E-09,2.09180541524788699E-09,1.47350150988780766E-06,4.59180535366550339E+03,1,1,1,1
N1,LEGACY,1,19,.3000000000000000E-05,7.53172653198450912E-10,8.28766012853874473E-19,1.50634522446824012E-09,7.53172570874524675E-10,2.58757518024678459E-19,2.42161351577533526E-19,8.00000017572426558E-01,1.99999982427573386E-01,2.36062455430493331E-20,1.70502277619325603E-19,1.20986396500781522E-16,7.23068754831853968E-12,1.39326621169821031E-20,1.44613748545943095E-11,7.23068730391365867E-12,3.53822165658551455E-06,5.17420484943882064E-13,7.94093388050906568E-22,1.03484094869541461E-12,5.17420463719224737E-13,1.78248157584799418E-06,7.53137766255028842E-10,8.28648510771444972E-19,1.50627545057993911E-09,7.53137683929650180E-10,8.84100544029686172E-07,4.59242375184560660E+03,1,1,1,1
N1,LEGACY,1,20,.2000000000000000E-05,3.34762890139608433E-10,9.82886058872843895E-19,6.69525757549083383E-10,3.34762866451429143E-10,6.61913874953378854E-20,1.72409727145577279E-18,8.00000011779669284E-01,1.99999988220330716E-01,7.81912910278682436E-21,8.79809683754461502E-20,1.17780889596539235E-16,3.21383994204590710E-12,4.45666829924135258E-20,6.42767984656231557E-12,3.21383985371370156E-12,2.35881443770813515E-06,2.29978711499370164E-13,1.15044617412323537E-21,4.59957418440369611E-13,2.29978705827375488E-13,1.18832107131815130E-06,3.34747383794470791E-10,9.81874478722838347E-19,6.69494744858118646E-10,3.34747360106046140E-10,5.89400242052145732E-07,4.59273301417277708E+03,1,1,1,1
N1,LEGACY,1,21,.1000000000000000E-05,8.36955957136370608E-11,4.91443029436421948E-19,1.67391188664590784E-10,8.36955926551554479E-11,1.08260693948291704E-19,6.89558573739911198E-18,8.00000006412341924E-01,1.99999993587657937E-01,3.34631189299672597E-19,8.54384454495928368E-20,1.55040038326482218E-16,8.03510251941265084E-13,2.22833414962067629E-20,1.60702051238759860E-12,8.03510239604199664E-13,1.17940721884629689E-06,5.74981914076697587E-14,5.75223087061617686E-22,1.14996382539346268E-13,5.74981907017674226E-14,5.94160546035487494E-07,8.36917188680791302E-11,4.90937239361419173E-19,1.67383434973265465E-10,8.36917158095747698E-11,2.94700060708924137E-07,4.59304231866948066E+03,1,1,1,1
N2,FIELD_U,-1,1,.1000000000000000E-01,7.27942000244464056E-09,1.12519166365359821E-17,1.45587747778091191E-08,7.27935477949123707E-09,1.52855965892833511E-18,4.77852785295091872E-19,8.00001433500792225E-01,1.99998566499207803E-01,8.81872697826099368E-21,5.13765191791933977E-18,1.79031596367008613E-16,3.34812283218274725E-11,1.06052486763242126E-17,6.69621670262236008E-11,3.34809500643678957E-11,1.00426160377380808E-03,3.26120591496027915E-12,3.07049368468196253E-21,6.52238340420609696E-12,3.26117749214782912E-12,3.70290910036241610E-07,7.27934227412595104E-09,3.75956368225719144E-18,1.45586193218200759E-08,7.27927705176867676E-09,7.60097857988114641E-07,1.40689195342719413E+04,1,1,1,1
N2,FIELD_U,-1,2,.7500000000000000E-02,4.09464829647395238E-09,1.04657552809372304E-17,8.18926907289040893E-09,4.09462077902748523E-09,4.94987177228608600E-18,1.30659634778391366E-18,8.00001075156317798E-01,1.99998924843682174E-01,2.92272655919009766E-19,3.40525944382227060E-18,2.03571560988135096E-16,1.88331087179403350E-11,1.01417826685918562E-17,3.76660944069916973E-11,1.88329873150917424E-11,7.53196202830355948E-04,1.83441934420510645E-12,2.20111462658971623E-21,3.66882669451044812E-12,1.83440735229257564E-12,2.77717479659713611E-07,4.09460457440504591E-09,2.58384849761160371E-18,8.18918162902998274E-09,4.09457705722851261E-09,5.70071808021379074E-07,1.40687794018127533E+04,1,1,1,1
N2,FIELD_U,-1,3,.5000000000000000E-02,1.81983237391829348E-09,5.62595831826799107E-18,3.63965659186131781E-09,1.81982421968246440E-09,3.25515694059415008E-18,1.91144839866774978E-18,8.00000716770440934E-01,1.99999283229559094E-01,6.39901932723934939E-19,2.39357228865240266E-18,1.20703080133038958E-16,8.37023420564724966E-12,5.30262433816210629E-18,1.67404292850729063E-11,8.37020167910473372E-12,5.02130801886904038E-04,8.15293493866015766E-13,1.53524684234098127E-21,1.63058343253716419E-12,8.15289939959493634E-13,1.85144517863223773E-07,1.81981294193577842E-09,1.87978184112859572E-18,3.63961772799075214E-09,1.81980478776407652E-09,3.80046815038610308E-07,1.40686392693741236E+04,1,1,1,1
N2,FIELD_U,-1,4,.3000000000000000E-02,6.55136396765371699E-10,5.12580392818928814E-18,1.31027103039916480E-09,6.55134634578226148E-10,1.19904715857502854E-18,1.22431147944512991E-17,8.00000430138176788E-01,1.99999569861823129E-01,6.69947037374643173E-19,5.29058413339810711E-19,1.00585967259305531E-16,3.01327402784970874E-12,5.01796844844355080E-18,6.02653816445732787E-12,3.01326677899817699E-12,3.01278481132142412E-04,2.93504508246490212E-13,8.97641100502423403E-22,5.87008247496343440E-13,2.93503739995125289E-13,1.11086485801919078E-07,6.55129401264705293E-10,1.04587654859749784E-18,1.31025703942484439E-09,6.55127639092428313E-10,2.28027581676655841E-07,1.40685271634381934E+04,1,1,1,1
N2,FIELD_U,-1,5,.2000000000000000E-02,2.91171008128676786E-10,8.95167832178462765E-19,5.82341492812314921E-10,2.91170485490999396E-10,6.02908274994154812E-19,1.89035602879173927E-18,8.00000286748734579E-01,1.99999713251265365E-01,8.57505987402848165E-19,2.16497836895528514E-18,1.50878842072880196E-16,1.33923071428600305E-12,4.39204348430045191E-19,2.67845799311531834E-12,1.33922822492487452E-12,2.00852320754761599E-04,1.30446192784040921E-13,6.44501570614495568E-22,2.60892157009893877E-13,1.30445964809404342E-13,7.40575822294400690E-08,2.91167899019714502E-10,7.80015751574898306E-19,5.82335274604704779E-10,2.91167376388008374E-10,1.52018218669333325E-07,1.40684711104751041E+04,1,1,1,1
N2,FIELD_U,-1,6,.1000000000000000E-02,7.27925711846237845E-11,4.47583916089231383E-19,1.45585076343853694E-10,7.27925055791833539E-11,4.22366565958947034E-19,7.56145359581016115E-18,8.00000143279485987E-01,1.99999856720514013E-01,6.73341547850903469E-18,5.40634633358151430E-19,1.50878840274381635E-16,3.34807213977835279E-13,2.19602174215022596E-19,6.69613447161415409E-13,3.34806822334136684E-13,1.00426160377380799E-04,3.26114844460230196E-14,3.22250785307247784E-22,6.52229398901280585E-14,3.26114557435052364E-14,3.70287536288556144E-08,7.27917939076175771E-11,3.90007875787449153E-19,1.45583521793660423E-10,7.27917283032908289E-11,7.60090247772479246E-08,1.40684150575154399E+04,1,1,1,1
N2,FIELD_U,-1,7,.7500000000000000E-03,4.09457959182466587E-11,1.28145098204732204E-18,8.18915637152432413E-11,4.09457680807288062E-11,1.92161800580608109E-19,1.95891555077690182E-16,8.00000107669345817E-01,1.99999892330653961E-01,4.40499922500096868E-18,1.89144066566858243E-19,1.62189912519838343E-16,1.88329021495353464E-13,1.25449211211088770E-18,3.76657181523721275E-13,1.88329008182170291E-13,7.53196202830356030E-05,1.83439510751503474E-14,2.24410275125605851E-22,3.66878897227121487E-14,1.83439388559623084E-14,2.77715581930486060E-08,4.09453586998310007E-11,2.61469137149374459E-19,8.18906892820795536E-11,4.09453308620826038E-11,5.70067527284355258E-08,1.40684010442760573E+04,1,1,1,1
N2,FIELD_U,-1,8,.5000000000000000E-03,1.81981202692262670E-11,2.23791958044615691E-19,3.63962319933172670E-11,1.81981119077703648E-11,1.19548512073370657E-19,3.02458733336930004E-17,8.00000071899982124E-01,1.99999928100017765E-01,8.63108765359833589E-18,1.37880865921950360E-19,1.34950125624695284E-16,8.37017916870246282E-14,1.09801087107511298E-19,1.67403491983385278E-13,8.37017024257089979E-14,5.02130801886903997E-05,8.15286319651908571E-15,1.61125392653623892E-22,1.63057225580621622E-14,8.15285949736617784E-15,1.85143674429720602E-08,1.81979259497920245E-11,1.95003937893724576E-19,3.63958433547796092E-11,1.81979175886590556E-11,3.80044912492942389E-08,1.40683870310368584E+04,1,1,1,1
N2,FIELD_U,-1,9,.3000000000000000E-03,6.55132008807146068E-12,4.29599075374439674E-19,1.31026381819747778E-11,6.55131820774997246E-12,2.33309009456158178E-19,8.60001461507066207E-16,8.00000043141840589E-01,1.99999956858158329E-01,2.53650389193455070E-16,1.97083410271668345E-19,9.73918762895183551E-17,3.01326640581399765E-14,4.11152270518870323E-19,6.02652390666079159E-14,3.01328323983461955E-14,3.01278481132142351E-05,2.93502963712927951E-15,1.03028360814829881E-22,5.87005833496538565E-15,2.93502878373983347E-15,1.11086182166350152E-08,6.55125013295374352E-12,1.24535799651779018E-19,1.31024982721280570E-11,6.55124825183827096E-12,2.28026896761402080E-08,1.40683758204456517E+04,1,1,1,1
N2,FIELD_U,-1,10,.2000000000000000E-03,2.91169711742912459E-12,3.30281948756702778E-19,5.82339355302270852E-12,2.91169651886249334E-12,1.41441688609076794E-19,2.57340059181245552E-15,8.00000028316007472E-01,1.99999971683989503E-01,4.71946299115769640E-16,4.06532984998757363E-20,1.68687650746803811E-16,1.33923092328585158E-14,3.20305035816742350E-19,2.67844367395573481E-14,1.33924115954847289E-14,2.00852320754761579E-05,1.30445737953373349E-15,6.63642585799631171E-23,2.60891441535229662E-15,1.30445709501151720E-15,7.40574472804077090E-09,2.91166602619349680E-12,8.05657824435771852E-20,5.82333137138017966E-12,2.91166542714977944E-12,1.52017914262817605E-08,1.40683702151500402E+04,1,1,1,1
N2,FIELD_U,-1,11,.1000000000000000E-03,7.27924118519385283E-13,1.65140974378351389E-19,1.45584809323151468E-12,7.27924015404186082E-13,3.27537942306195763E-20,1.02936063514017351E-14,8.00000013720794878E-01,1.99999986279194464E-01,4.04931071906485075E-16,8.42849713995293547E-20,8.43438775314604364E-17,3.34808906469486279E-15,1.60152517908371175E-19,6.69608682160629365E-15,3.34814110032572876E-15,1.00426160377380789E-05,3.26114295681934067E-16,3.31821292899815585E-23,6.52228505684772408E-16,3.26114238951103634E-16,3.70287198916248710E-09,7.27916345654708570E-13,4.02828912217885926E-20,1.45583254792063589E-12,7.27916242299091223E-13,7.60089486756849078E-09,1.40683646098545978E+04,1,1,1,1
N2,FIELD_U,-1,12,.7499999999999999E-04,4.09457295419106847E-13,1.07399768843609919E-19,8.18914505871943187E-13,4.09457243338593794E-13,4.28501791956300636E-20,1.37600355580339277E-14,8.00000007500552557E-01,1.99999992499431456E-01,2.19037335499620313E-15,4.90320621462618504E-20,7.95202153665128936E-17,1.88330462945910727E-15,1.02788067629717581E-19,3.76658413031973933E-15,1.88334853698409955E-15,7.53196202830355877E-06,1.83439286188874999E-16,2.57570902037074702E-23,3.66878518176874634E-16,1.83439255183746624E-16,2.77715392158601518E-09,4.09452923161662992E-13,3.11339499129447545E-20,8.18905761471752570E-13,4.09452870878649874E-13,5.70067099213156047E-09,1.40683632085306581E+04,1,1,1,1
N2,FIELD_U,-1,13,.5000000000000000E-04,1.81981016538800623E-13,8.25704871891756944E-20,3.63961986768192072E-13,1.81980990373213865E-13,3.24573573250951407E-20,4.11744332392661509E-14,8.00000005294373651E-01,1.99999994705578832E-01,6.36215505335841371E-15,4.95615013632273603E-20,1.33359329767233656E-16,8.37028363536740047E-16,8.00762589541855875E-20,1.67404904894528905E-15,8.37054490831304919E-16,5.02130801886903946E-06,8.15285731185523574E-17,1.65910646449907793E-23,1.63057114439522174E-16,8.15285557020283519E-17,1.85143590086677930E-09,1.81979073294446770E-13,2.01414456108942963E-20,3.63958100314320211E-13,1.81979047008411756E-13,3.80044722239117325E-09,1.40683618072068766E+04,1,1,1,1
N2,FIELD_U,-1,14,.3000000000000000E-04,6.55131679517013165E-14,1.96667637193054582E-20,1.31026309754690177E-13,6.55131538988862862E-14,1.52516789750408854E-20,1.80234850437754179E-14,8.00000004779273799E-01,1.99999995220697363E-01,1.08394758265763507E-14,1.06850719951101627E-20,7.02865562307527263E-17,3.01333164788059679E-16,1.59863444454854297E-20,6.02644021509761870E-16,3.01335774577756386E-16,3.01278481132142385E-06,2.93502889201393713E-17,9.47472929318391087E-24,5.87005594573623616E-17,2.93502791379937337E-17,1.11086151802859738E-09,6.55124683701672500E-14,1.14550555079751319E-20,1.31024910693958028E-13,6.55124543052024113E-14,2.28026828270036938E-09,1.40683606861477056E+04,1,1,1,1
N2,FIELD_U,-1,15,.2000000000000000E-04,2.91169648303649638E-14,2.52732963700495855E-20,5.82339143158576698E-14,2.91169565348515549E-14,1.41634853159246135E-20,1.50682148818873579E-13,8.00000006847560230E-01,1.99999993152241817E-01,4.73236569780715207E-14,4.44419292775742165E-21,1.39470549941253751E-16,1.33927491300524443E-16,2.39731461551588710E-20,2.67839662469041737E-16,1.33933517259233560E-16,2.00852320754761604E-06,1.30445742189344262E-17,6.48181101419042509E-24,2.60891372487509019E-17,1.30445682051130946E-17,7.40574337855241601E-10,2.91166538977071975E-14,8.00173298841438618E-21,5.82332925208491066E-14,2.91166455743897423E-14,1.52017883822213515E-09,1.40683601256181573E+04,1,1,1,1
N2,FIELD_U,-1,16,.1000000000000000E-04,7.27924317152331777E-15,1.26366481850247927E-20,1.45584784576979612E-14,7.27923932834202703E-15,2.72698563534757082E-21,6.02728596861826296E-13,7.99999995625717553E-01,2.00000004373651619E-01,2.80687911308838166E-14,4.66529083658555594E-21,7.45502741133998679E-17,3.34831070565167145E-17,1.19865730775794355E-20,6.69629367994135260E-17,3.34861217440947004E-17,1.00426160377380802E-06,3.26114500077675404E-18,3.24090550709521254E-24,6.52228427490027192E-18,3.26114214631269665E-18,3.70287165179042526E-10,7.27916543270201933E-15,4.00086649420719309E-21,1.45583229950485241E-14,7.27916157561320549E-15,7.60089410655345490E-10,1.40683595650885673E+04,1,1,1,1
N2,FIELD_U,-1,17,.7500000000000000E-05,4.09457508182164595E-15,4.91669092982636455E-21,8.18914386794350951E-15,4.09457184757787936E-15,1.93286958574018183E-21,2.88375796042947055E-13,8.00000006751609094E-01,1.99999993248057922E-01,4.45674815691790832E-14,4.21824583689338629E-21,7.02865729883558485E-17,1.88347110682640966E-17,3.99658611137135742E-21,3.76648553314077688E-17,1.88353646593456877E-17,7.53196202830355962E-07,1.83439465235295356E-18,2.36868232329597772E-24,3.66878475920348631E-18,1.83439231496766095E-18,2.77715373181423491E-10,4.09453135161155729E-15,2.86376387699378298E-21,8.18905642846402988E-15,4.09452811432774402E-15,5.70067056406061240E-10,1.40683594249562284E+04,1,1,1,1
N2,FIELD_U,-1,18,.5000000000000000E-05,1.81981165526275219E-15,6.31832409251239636E-21,3.63961938785920730E-15,1.81980987626139559E-15,2.94024621438868663E-21,2.41091460415775641E-12,7.99999967935963729E-01,2.00000032061103228E-01,5.22090064963743707E-13,7.82788445912090629E-22,1.39470529158540048E-16,8.37139309911735014E-18,5.99328653878971776E-21,1.67381995119654594E-17,8.37290186251621531E-18,5.02130801886904010E-07,8.15286892868213593E-19,1.62045275354760627E-24,1.63057095428564624E-18,8.15285569500432009E-19,1.85143581652376733E-10,1.81979221773119455E-15,2.00043324710359654E-21,3.63958053385223161E-15,1.81979043177019584E-15,3.80044703213742276E-10,1.40683592848238331E+04,1,1,1,1
N2,FIELD_U,-1,19,.3000000000000000E-05,6.55132686719072834E-16,5.68294524311460509E-21,1.31026297300434084E-15,6.55131641822614171E-16,1.24090615489279084E-21,1.50494265626867817E-11,7.99999924120870731E-01,2.00000075863362298E-01,7.17547881210061066E-13,9.08807922832142116E-22,1.31787299478602987E-16,3.01399785605033692E-18,5.51050018011021047E-21,6.02687265276959594E-18,3.01644866715954088E-18,3.01278481132142385E-07,2.93503634700548673E-19,1.12624026737149713E-24,5.87005531598312021E-19,2.93502846303760743E-19,1.11086148766511348E-10,6.55125687849508024E-16,1.38933550045592443E-21,1.31024898040666581E-15,6.55124631662336154E-16,2.28026821420902021E-10,1.40683591727179173E+04,1,1,1,1
N2,FIELD_U,-1,20,.2000000000000000E-05,2.91170393019409769E-16,2.88218248350610778E-21,5.82339142898805346E-16,2.91169611719838038E-16,3.66869938988930629E-22,1.95966098339669924E-11,7.99999955726217848E-01,2.00000044253868137E-01,3.17513541530825427E-13,8.73768601914123585E-22,1.14131091421321502E-16,1.33971940980436178E-18,2.76748476401864360E-21,2.67817444397436228E-18,1.33997636772746625E-18,2.00852320754761599E-07,1.30446271516984036E-19,6.56220680033966751E-25,2.60891375026418045E-19,1.30445702625296243E-19,7.40574324360359860E-11,2.91167281655667483E-16,8.04986657360559650E-22,5.82332925970576794E-16,2.91166499165569948E-16,1.52017880778153566E-10,1.40683591166649621E+04,1,1,1,1
N2,FIELD_U,-1,21,.1000000000000000E-05,7.27927846988057938E-17,1.44109124175305389E-21,1.45584796150004352E-16,7.27924124623263007E-17,5.63136784814316880E-22,7.83864262431944784E-11,7.99999936680124257E-01,2.00000063229519659E-01,1.19697671233131370E-11,6.78725420298522899E-22,6.58936229009474893E-17,3.35053425049288018E-19,1.38374238200932180E-21,6.69363267880464767E-19,3.35181898993744313E-19,1.00426160377380799E-07,3.26117143328436532E-20,3.28110340016983376E-25,6.52228574306925637E-20,3.26114295196233655E-20,3.70287161805322162E-11,7.27920062911110095E-17,4.02493328680279825E-22,1.45583242747346424E-16,7.27916334593110276E-17,7.60089403045195630E-11,1.40683590606119906E+04,1,1,1,1
N2,FIELD_U,1,1,.1000000000000000E-01,7.27905794398594330E-09,1.12519166365359821E-17,1.45581811118970064E-08,7.27912316445682887E-09,1.04499457756522303E-17,4.77890046011295431E-19,7.99998566479251938E-01,2.00001433520748007E-01,4.12195310664359131E-19,5.37299636417175612E-18,1.94627868254535801E-16,3.34800474968639469E-11,1.06052486763242126E-17,6.69603852601725784E-11,3.34803257415993598E-11,1.00426160377380808E-03,3.26107813480712948E-12,3.07049368468196253E-21,6.52218469392565478E-12,3.26110655660452793E-12,3.70283412879930218E-07,7.27898021728963619E-09,3.75956368225719144E-18,1.45580256578530388E-08,7.27904543716442647E-09,7.60080946544318358E-07,1.40677984751789772E+04,1,1,1,1
N2,FIELD_U,1,2,.7500000000000000E-02,4.09449555010554504E-09,1.04657552809372304E-17,8.18901861966040304E-09,4.09452306677636245E-09,2.28733825442453088E-18,1.30667275878918946E-18,7.99998924846931025E-01,2.00001075153069002E-01,6.24146404288105157E-20,1.89167022927844941E-18,7.19734421606034403E-17,1.88326089361095177E-11,1.01417826685918562E-17,3.76653426720157762E-11,1.88327303343622302E-11,7.53196202830355948E-04,1.83436543487934700E-12,2.20111462658971623E-21,3.66874286338469512E-12,1.83437742643251631E-12,2.77713262509288609E-07,4.09445182872850650E-09,2.58384849761160371E-18,8.18893117662079313E-09,4.09447934512940412E-09,5.70062295334243937E-07,1.40679386074925642E+04,1,1,1,1
N2,FIELD_U,1,3,.5000000000000000E-02,1.81978711379353004E-09,5.62595831826799107E-18,3.63958238371303160E-09,1.81979526802890830E-09,2.24743349744358135E-18,1.91152291992892998E-18,7.99999283227952884E-01,2.00000716772047005E-01,3.05042385492821220E-19,9.51095027349438598E-19,1.32223587283699025E-16,8.37008475196838262E-12,5.30262433816210629E-18,1.67402078645415417E-11,8.37011727847232642E-12,5.02130801886904038E-04,8.15277519243775346E-13,1.53524684234098127E-21,1.63055859378763295E-12,8.15281073169081304E-13,1.85142643574145991E-07,1.81976768202229532E-09,1.87978184112859572E-18,3.63954352007962109E-09,1.81977583619354682E-09,3.80042587177661423E-07,1.40680787398272478E+04,1,1,1,1
N2,FIELD_U,1,4,.3000000000000000E-02,6.55126619004491368E-10,5.12580392818928814E-18,1.31025500115861497E-09,6.55128381180470188E-10,1.41284878127590032E-18,1.22434011871594979E-17,7.99999569866308935E-01,2.00000430133691065E-01,9.30185283082181048E-19,3.73614626545127897E-18,1.10186373087950516E-16,3.01324079776864501E-12,5.01796844844355080E-18,6.02649356315196669E-12,3.01324804641667054E-12,3.01278481132142412E-04,2.93501056589869566E-13,8.97641100502423403E-22,5.87002882180344000E-13,2.93501824829225427E-13,1.11085811057851102E-07,6.55119623553806006E-10,1.04587654859749784E-18,1.31024101022068141E-09,6.55121385714916978E-10,2.28026059646714270E-07,1.40681908457098943E+04,1,1,1,1
N2,FIELD_U,1,5,.2000000000000000E-02,2.91168109987837907E-10,8.95167832178462765E-19,5.82336743404784829E-10,2.91168632598909240E-10,4.84353054748574740E-19,1.89038550843300485E-18,7.99999713269362367E-01,2.00000286730637605E-01,5.53433610532635000E-19,1.64397194603228633E-19,1.50878839375424664E-16,1.33922031925922459E-12,4.39204348430045191E-19,2.67844296887360205E-12,1.33922280853672932E-12,2.00852320754761599E-04,1.30445169363135388E-13,6.44501570614495568E-22,2.60890567275384039E-13,1.30445397329679946E-13,7.40572823431876308E-08,2.91165000896199681E-10,7.80015751574898306E-19,5.82330525216276562E-10,2.91165523501299855E-10,1.52017542211581536E-07,1.40682468986563235E+04,1,1,1,1
N2,FIELD_U,1,6,.1000000000000000E-02,7.27922083517159134E-11,4.47583916089231383E-19,1.45584482745611963E-10,7.27922739780217682E-11,2.24677448846144159E-19,7.56151254820564463E-18,7.99999856665087883E-01,2.00000143334912089E-01,1.90536727339343527E-18,2.13470117531367783E-19,6.74752387671187213E-17,3.34805544506859372E-13,2.19602174215022596E-19,6.69611347018976563E-13,3.34805936195600940E-13,1.00426160377380799E-04,3.26113560999944446E-14,3.22250785307247784E-22,6.52227412104875687E-14,3.26113848089727841E-14,3.70286786572925016E-08,7.27914310785716184E-11,3.90007875787449153E-19,1.45582928198828874E-10,7.27914967037637908E-11,7.60088556628099576E-08,1.40683029516059996E+04,1,1,1,1
N2,FIELD_U,1,7,.7500000000000000E-03,4.09456425986933162E-11,1.28145098204732204E-18,8.18913132474919769E-11,4.09456704216156444E-11,1.36363644822867008E-19,1.95892700593999562E-16,7.99999892166378346E-01,2.00000107833621432E-01,2.21825494682280586E-18,1.28953465392544299E-19,1.68312382429580786E-16,1.88328155270854219E-13,1.25449211211088770E-18,3.76657055193159082E-13,1.88328168485001320E-13,7.53196202830356030E-05,1.83438967450206574E-14,2.24410275125605851E-22,3.66878058802792410E-14,1.83439089546581626E-14,2.77715160215443591E-08,4.09452053826490558E-11,2.61469137149374459E-19,8.18904388122723835E-11,4.09452332058022320E-11,5.70066576015641842E-08,1.40683169648440180E+04,1,1,1,1
N2,FIELD_U,1,8,.5000000000000000E-03,1.81980746126579144E-11,2.23791958044615691E-19,3.63961577864831420E-11,1.81980829662057308E-11,1.96834107546817156E-19,3.02459912421585800E-17,7.99999928379881875E-01,2.00000071620118125E-01,2.33980454773156298E-17,7.06198267869124819E-19,1.16870271284513985E-16,8.37013978830889332E-14,1.09801087107511298E-19,1.67403189896099539E-13,8.37014871217389994E-14,5.02130801886903997E-05,8.15284693544440134E-15,1.61125392653623892E-22,1.63056977182124730E-14,8.15285063208175958E-15,1.85143487000812819E-08,1.81978802945547413E-11,1.95003937893724576E-19,3.63957691485536816E-11,1.81978886477796438E-11,3.80044489706847537E-08,1.40683309780821273E+04,1,1,1,1
N2,FIELD_U,1,9,.3000000000000000E-03,6.55131007248587856E-12,4.29599075374439674E-19,1.31026221480293829E-11,6.55131194999138225E-12,1.22933745955420585E-19,8.60003473936792734E-16,7.99999957212755297E-01,2.00000042787243676E-01,7.04232008121261603E-17,8.66292251816328756E-20,1.25732375139098626E-16,3.01324841972825392E-14,4.11152270518870323E-19,6.02650639459407604E-14,3.01323158695053918E-14,3.01278481132142351E-05,2.93502601168683450E-15,1.03028360814829881E-22,5.87005296781388919E-15,2.93502686533735721E-15,1.11086114691943355E-08,6.55124011809011074E-12,1.24535799651779018E-19,1.31024822388193262E-11,6.55124199638950345E-12,2.28026744558407905E-08,1.40683421886728211E+04,1,1,1,1
N2,FIELD_U,1,10,.2000000000000000E-03,2.91169406337505612E-12,3.30281948756702778E-19,5.82338880584907853E-12,2.91169465736754983E-12,1.49444873532929750E-19,2.57340460640161130E-15,7.99999972036292251E-01,2.00000027963704669E-01,5.26866324621907736E-16,6.09493297463872205E-20,8.43438373132259199E-17,1.33922011122726230E-14,3.20305035816742350E-19,2.67845505189818883E-14,1.33920987244493690E-14,2.00852320754761579E-05,1.30445624291600026E-15,6.63642585799631171E-23,2.60891282609373820E-15,1.30445652439018699E-15,7.40574172917824669E-09,2.91166297260462897E-12,8.05657824435771852E-20,5.82332662363324000E-12,2.91166356707427059E-12,1.52017846617042428E-08,1.40683477939681870E+04,1,1,1,1
N2,FIELD_U,1,11,.1000000000000000E-03,7.27923677797262191E-13,1.65140974378351389E-19,1.45584749906279697E-12,7.27923780952796948E-13,1.02706241322092143E-19,1.02936143992945284E-14,7.99999986186938017E-01,2.00000013813047689E-01,3.98154732185559163E-15,5.54886933835438726E-20,8.43438448541435050E-17,3.34803852194014437E-15,1.60152517908371175E-19,6.69614853140152659E-15,3.34798649627264685E-15,1.00426160377380789E-05,3.26114110019007986E-16,3.31821292899815585E-23,6.52228305943462812E-16,3.26114167350747839E-16,3.70287123944685584E-09,7.27915905160434862E-13,4.02828912217885926E-20,1.45583195346182839E-12,7.27916008556334956E-13,7.60089317642411217E-09,1.40683533992636239E+04,1,1,1,1
N2,FIELD_U,1,12,.7499999999999999E-04,4.09457083496719919E-13,1.07399768843609919E-19,8.18914259216429746E-13,4.09457142811968927E-13,2.07586130145448638E-20,1.37600435405334557E-14,7.99999989680956314E-01,2.00000010319029364E-01,5.14055228121750175E-16,1.45969271218922471E-20,1.12458526835936053E-16,1.88326710763779947E-15,1.02788067629717581E-19,3.76655092319961063E-15,1.88322323733072906E-15,7.53196202830355877E-06,1.83439188728529057E-16,2.57570902037074702E-23,3.66878435843598724E-16,1.83439223371510967E-16,2.77715349987097301E-09,4.09452711409639070E-13,3.11339499129447545E-20,8.18905514966378771E-13,4.09452770927283887E-13,5.70067004086284708E-09,1.40683548005874763E+04,1,1,1,1
N2,FIELD_U,1,13,.5000000000000000E-04,1.81980931693601635E-13,8.25704871891756944E-20,3.63961911830786337E-13,1.81980958544213924E-13,2.49537019704355860E-20,4.11744496839588038E-14,7.99999995377377870E-01,2.00000004622577110E-01,3.76052150807485945E-15,2.07727443278424837E-20,1.19280198630940134E-16,8.37003535340190396E-16,8.00762589541855875E-20,1.67402920090329904E-15,8.36977407345155102E-16,5.02130801886903946E-06,8.15285283234199863E-17,1.65910646449907793E-23,1.63057089065304092E-16,8.15285455842159465E-17,1.85143571343787149E-09,1.81978988562559611E-13,2.01414456108942963E-20,3.63958025467417446E-13,1.81979015533623387E-13,3.80044679960507860E-09,1.40683562019113488E+04,1,1,1,1
N2,FIELD_U,1,14,.3000000000000000E-04,6.55131337598390666E-14,1.96667637193054582E-20,1.31026294458787893E-13,6.55131482486319853E-14,4.51295174958459323E-20,1.80234890320313262E-14,7.99999995021425381E-01,2.00000004978461654E-01,9.49061698676667069E-14,1.07335456468849196E-20,1.57165518573110333E-16,3.01318320734500047E-16,1.59863444454854297E-20,6.02669725503099927E-16,3.01315711258431805E-16,3.01278481132142385E-06,2.93502677829245814E-17,9.47472929318391087E-24,5.87005543662013128E-17,2.93502776422852248E-17,1.11086145055419041E-09,6.55124342462248512E-14,1.14550555079751319E-20,1.31024895279667639E-13,6.55124487471700522E-14,2.28026813049737519E-09,1.40683573229704052E+04,1,1,1,1
N2,FIELD_U,1,15,.2000000000000000E-04,2.91169464934214402E-14,2.52732963700495855E-20,5.82339092228093118E-14,2.91169548299610309E-14,1.17072881577279898E-20,1.50682173433532207E-13,7.99999997597883983E-01,2.00000002401933025E-01,3.23333505981525341E-14,9.14850746992662254E-21,1.90066270619263360E-16,1.33917610224039457E-16,2.39731461551588710E-20,2.67856644755818944E-16,1.33911585188464763E-16,2.00852320754761604E-06,1.30445617699973486E-17,6.48181101419042509E-24,2.60891352429484150E-17,1.30445677648852682E-17,7.40574307866616442E-10,2.91166356060216401E-14,8.00173298841438618E-21,5.82332873496360051E-14,2.91166439703581774E-14,1.52017877057635993E-09,1.40683578835000153E+04,1,1,1,1
N2,FIELD_U,1,16,.1000000000000000E-04,7.27923469429794821E-15,1.26366481850247927E-20,1.45584774234803529E-14,7.27923873404955885E-15,2.66083543664274505E-21,6.02728685052487928E-13,7.99999999018761732E-01,2.00000000980608911E-01,2.67235471314691894E-14,2.28549912444041059E-21,1.58144674015261593E-16,3.34781686523024864E-17,1.19865730775794355E-20,6.69629240427983700E-17,3.34751561718646653E-17,1.00426160377380802E-06,3.26113900035049089E-18,3.24090550709521254E-24,6.52228379361905244E-18,3.26114196977954668E-18,3.70287157681886288E-10,7.27915697810310062E-15,4.00086649420719309E-21,1.45583219608787649E-14,7.27916103175082585E-15,7.60089393743901633E-10,1.40683584440295472E+04,1,1,1,1
N2,FIELD_U,1,17,.7500000000000000E-05,4.09456909945385104E-15,4.91669092982636455E-21,8.18914407674973415E-15,4.09457197371504284E-15,1.11449012841632692E-21,2.88375780724702665E-13,8.00000005053067897E-01,1.99999994946628901E-01,1.48171752625267917E-14,1.48226730447185557E-21,9.94002766140266909E-17,1.88310084586801259E-17,3.99658611137135742E-21,3.76643821020801673E-17,1.88303530931820784E-17,7.53196202830355962E-07,1.83439029349190061E-18,2.36868232329597772E-24,3.66878491743494233E-18,1.83439243121434839E-18,2.77715368964273094E-10,4.09452538621205790E-15,2.86376387699378298E-21,8.18905663944897632E-15,4.09452826351699535E-15,5.70067046893373973E-10,1.40683585841618915E+04,1,1,1,1
N2,FIELD_U,1,18,.5000000000000000E-05,1.81980774719072224E-15,6.31832409251239636E-21,3.63961942083852983E-15,1.81980975752305399E-15,4.73397073974467505E-21,2.41091463212512833E-12,7.99999991714137604E-01,2.00000008282098074E-01,1.35340935334630708E-12,2.72609900903417597E-21,2.10859594854058847E-16,8.36892535248778480E-18,5.99328653878971776E-21,1.67413729164416052E-17,8.36741952104781465E-18,5.02130801886904010E-07,8.15284044683873325E-19,1.62045275354760627E-24,1.63057094530139066E-18,8.15285538878888725E-19,1.85143579778087674E-10,1.81978832096915688E-15,2.00043324710359654E-21,3.63958055223624058E-15,1.81979033824673482E-15,3.80044698985881286E-10,1.40683587242942613E+04,1,1,1,1
N2,FIELD_U,1,19,.3000000000000000E-05,6.55130366322631696E-16,5.68294524311460509E-21,1.31026311523100899E-15,6.55131305623102809E-16,9.60329161185913142E-22,1.50494270381681114E-11,8.00000123073681624E-01,1.99999876910839230E-01,4.29747398476250185E-13,2.53029114706351962E-21,1.38915940769428070E-16,3.01251734128506419E-18,5.51050018011021047E-21,6.02751083800658084E-18,3.01006977637180842E-18,3.01278481132142385E-07,2.93501940501304597E-19,1.12624026737149713E-24,5.87005605755455861E-19,2.93502680095175841E-19,1.11086148091767275E-10,6.55123374238703933E-16,1.38933550045592443E-21,1.31024911969914531E-15,6.55124324799155613E-16,2.28026819898872090E-10,1.40683588364002044E+04,1,1,1,1
N2,FIELD_U,1,20,.2000000000000000E-05,2.91168746869417069E-16,2.88218248350610778E-21,5.82339122832215332E-16,2.91169533493698738E-16,2.01850343646049609E-21,1.95966130201640252E-11,8.00000030663806760E-01,1.99999969306985104E-01,9.61163021481610898E-12,2.22275596736147967E-21,1.14131183258308447E-16,1.33873193430119480E-18,2.76748476401864360E-21,2.67902351562219561E-18,1.33847524906387555E-18,2.00852320754761599E-07,1.30445091997389725E-19,6.56220680033966751E-25,2.60891359061547535E-19,1.30445675032898114E-19,7.40574321361497458E-11,2.91165640030537843E-16,8.04986657360559650E-22,5.82332901998243156E-16,2.91166427843032179E-16,1.52017880101695807E-10,1.40683588924531832E+04,1,1,1,1
N2,FIELD_U,1,21,.1000000000000000E-05,7.27919669332736593E-17,1.44109124175305389E-21,1.45584770851553057E-16,7.27923844624292176E-17,3.55852047325746131E-22,7.83864600985244863E-11,8.00000004168403778E-01,1.99999995748430193E-01,4.77966030963170683E-12,1.60264238515209344E-22,6.58936150458174844E-17,3.34559608264038228E-19,1.38374238200932180E-21,6.69757956517309346E-19,3.34431349295196225E-19,1.00426160377380799E-07,3.26111190052444292E-20,3.28110340016983376E-25,6.52228320838266755E-20,3.26114182166533893E-20,3.70287161055606562E-11,7.27911907884342949E-17,4.02493328680279825E-22,1.45583215633400091E-16,7.27916089112894794E-17,7.60089401354051234E-11,1.40683589485060929E+04,1,1,1,1
N2,FIELD_P,-1,1,.1000000000000000E-01,1.80399039746950678E-14,7.69803675484368144E-15,2.42377016398903956E-14,1.56965772545949882E-15,4.81501030846666430E-15,8.81351168221531506E-02,8.73719229390843788E-01,3.66436686654405793E-03,3.44812869204589589E-02,1.79651694395235841E-15,8.97762150733958331E-17,2.05473649240867389E-16,3.32012088152339665E-16,3.50431071607645830E-16,1.69634113893288356E-16,2.12802747352840958E-02,1.47614995554781922E-17,5.81843942167329637E-18,1.93947980722443212E-17,1.56184287303908699E-18,1.13689437273358090E-02,1.80387277293554549E-14,7.69087147194696473E-15,2.42351604634713570E-14,1.56046377822273270E-15,2.66824532759254865E-03,2.83707365579271864E+04,1,1,1,1
N2,FIELD_P,-1,2,.7500000000000000E-02,5.43410931945458889E-14,8.00158831098882317E-15,3.45240551960583362E-14,2.94412023324828166E-15,2.78168785587023131E-14,3.14099141291334233E-02,5.84733462788808556E-01,4.25231499031768906E-03,3.79604308091740228E-01,2.94327006800191846E-15,1.11255645880370375E-16,6.28801776154258079E-16,1.40508996133858028E-16,4.74030596716320456E-16,7.35595068222704503E-17,1.59602060514630710E-02,4.38251398428034795E-17,6.25463444138550152E-18,2.71665671961008901E-17,2.38347837304509293E-18,8.52670779550185505E-03,5.43374373453675573E-14,8.00035209225859115E-15,3.45207900279163081E-14,2.94320017426759920E-15,2.00118399569441116E-03,1.16023225876845478E+05,1,1,1,1
N2,FIELD_P,-1,3,.5000000000000000E-02,1.70772517502219721E-14,3.84901837742184072E-15,8.81929584391690059E-15,1.20331381608170414E-15,4.34519670450819599E-15,1.31194363450242185E-01,6.88783967867162561E-01,1.28225090330707486E-02,1.67199159649524420E-01,1.26666775680555819E-15,1.47598494735373698E-16,2.01024674700080440E-16,1.66006044076169832E-16,1.15502979063384963E-16,1.05084466406846917E-16,1.06401373676420479E-02,1.35987076648718615E-17,2.90921971083664818E-18,7.23090511102001252E-18,9.27143408883436974E-19,5.68447186366790452E-03,1.70760631146576323E-14,3.84543573597348236E-15,8.81853649753566850E-15,1.19871620298476033E-15,1.33412266379627433E-03,5.56519603337834342E+04,1,1,1,1
N2,FIELD_P,-1,4,.3000000000000000E-02,4.63173560645507031E-15,3.94593871110146421E-15,3.46858899860317169E-16,2.54448195208270276E-16,3.56936646565615064E-16,9.80327337831565448E-01,7.57488645760508086E-03,4.07632866034726357E-03,8.02144705048207611E-03,2.53135723202909025E-16,9.15518343867826545E-17,5.53280669216381906E-17,1.46767667840107832E-16,5.85475581050137462E-17,2.58743436982303245E-17,6.38408242058522910E-03,3.65730445459829765E-18,3.50316442985262667E-18,4.84869951806108031E-19,1.58389463808014290E-19,3.41068311820074245E-03,4.63140369188851369E-15,3.94320672692731600E-15,3.41881623889584598E-16,2.53129171167034054E-16,8.00473598277764574E-04,2.54972469074225774E+04,1,1,1,1
N2,FIELD_P,-1,5,.2000000000000000E-02,2.41388299542081385E-15,1.56959605786071239E-15,1.80844204711000954E-15,2.06640616259901638E-16,9.61064167537505524E-16,3.67682139589447843E-01,4.88096763278917656E-01,6.37276805959935931E-03,1.37848329072035147E-01,2.01954371874344663E-16,1.00030660957835589E-16,2.90561572278786338E-17,6.21514237394686815E-17,1.24390155663600093E-17,2.59294239854944664E-17,4.25605494705681882E-03,1.89934161345850685E-18,1.38845624178385666E-18,1.26438614240994873E-18,1.58020655853856529E-19,2.27378874546716164E-03,2.41370736581930030E-15,1.56836445304282219E-15,1.80839882492078158E-15,2.05007278625722754E-16,5.33649065518509644E-04,2.00635597496447299E+04,1,1,1,1
N2,FIELD_P,-1,6,.1000000000000000E-02,9.88532707087749000E-16,7.84798028930356196E-16,1.34253626610973876E-16,8.50892316627689749E-17,7.55438312513913448E-17,9.52122293976621514E-01,2.78630708604950747E-02,1.11924749548490826E-02,8.82216020803431450E-03,8.27103346924699527E-17,1.11802833041031471E-16,1.19928232391336718E-17,3.10757118697343407E-17,9.94693552077075021E-18,1.27730979987913199E-17,2.12802747352840941E-03,7.75484079646601976E-19,6.94228120891928329E-19,1.08420217248550443E-19,6.44207622109246602E-20,1.13689437273358082E-03,9.88459652083700505E-16,7.84182226521411093E-16,1.33884588272888647E-16,8.41250329119640501E-17,2.66824532759254822E-04,1.65393535304654979E+04,1,1,1,1
N2,FIELD_P,-1,7,.7500000000000000E-03,7.09078785363125591E-16,9.86484677775366053E-16,3.26380632663574820E-16,4.14592519261017858E-17,5.07943489027119171E-17,8.97762194711321571E-01,9.82719072091542134E-02,1.58570920774085645E-03,2.38018887178328324E-03,4.11700075861055459E-17,9.51143301755420403E-17,8.61966889144414380E-18,3.66919169600269579E-17,1.46446588796742607E-17,6.28854253569749839E-18,1.59602060514630727E-03,5.55888260271640674E-19,8.75791107463156668E-19,4.12851887326716366E-19,2.17525951386229529E-20,8.52670779550185613E-04,7.09026174515785742E-16,9.85801681731829001E-16,3.26051653726050716E-16,4.09795477021562910E-17,2.00118399569441144E-04,1.58436444572531145E+04,1,1,1,1
N2,FIELD_P,-1,8,.5000000000000000E-03,4.52915843446454440E-16,3.92399014465178098E-16,3.53311432217953043E-16,3.91057338485387233E-17,3.00822997576388634E-16,4.15222920734434175E-01,3.36620750294601978E-01,4.12388345722762128E-03,2.44032445513736262E-01,4.80204359136410163E-17,6.72302340774966202E-17,5.51676761776281711E-18,1.55378559348671704E-17,2.30996392338562771E-18,6.35037818781368958E-18,1.06401373676420470E-03,3.54843815849425134E-19,3.47114060445964165E-19,2.29994012502506092E-19,2.94627583589074418E-20,5.68447186366790409E-04,4.52882104532439174E-16,3.92091113260705546E-16,3.53303805959301943E-16,3.85866589464591704E-17,1.33412266379627411E-04,1.52041071453970690E+04,1,1,1,1
N2,FIELD_P,-1,9,.3000000000000000E-03,2.62914699405824206E-16,2.36216298586633904E-16,1.25169806484072712E-16,6.23120025560121862E-17,9.98674350148532237E-18,7.39556191392195639E-01,2.07658933304407628E-01,5.14629733373686976E-02,1.32190196602801008E-03,4.39981108301920781E-17,1.12628469925228901E-16,3.20761896241473117E-18,6.20339941298215091E-18,2.44009692541467450E-18,4.56629307592680101E-18,6.38408242058522779E-04,2.05886257869513860E-19,1.48460496691604434E-19,1.14997006251253046E-19,4.63873920420803533E-20,3.41068311820074191E-04,2.62895051218343945E-16,2.36134782514507428E-16,1.25145967405839106E-16,6.21444484913581942E-17,8.00473598277764493E-05,1.47284905710026651E+04,1,1,1,1
N2,FIELD_P,-1,10,.2000000000000000E-03,1.72467963794359983E-16,2.41125377113424067E-16,3.88055981187955779E-17,5.64798597711025502E-17,2.86496208902522497E-17,9.13339386208075199E-01,2.36556622005486550E-02,5.01110572974719989E-02,1.28938942939041089E-02,5.45728167781885336E-17,1.05610810701302429E-16,2.10585267366293097E-18,4.24899675367863013E-18,3.03267413081726308E-18,6.82266302025698938E-19,4.25605494705681925E-04,1.35027167539565034E-19,1.78255663782851396E-19,6.91046004272909632E-20,4.30271471702854447E-20,2.27378874546716164E-04,1.72455054108464779E-16,2.41087871407079539E-16,3.86868525151367488E-17,5.64757224045973080E-17,5.33649065518509752E-05,1.45016694006412672E+04,1,1,1,1
N2,FIELD_P,-1,11,.1000000000000000E-03,8.48724477627730579E-17,1.20562688556712034E-16,6.77389178901013820E-18,2.78078385551130135E-17,4.10142464276957563E-17,8.53179834569417817E-01,2.69334038377175549E-03,4.53888522034089914E-02,9.87379728434013143E-02,2.78849864558124713E-17,9.17938714477454782E-17,1.03714331340711396E-18,2.12449837683931506E-18,5.44942762855890732E-19,3.36331344565014122E-19,2.12802747352840963E-04,6.64327557180533709E-20,8.91278318914256978E-20,4.54565579818226279E-20,2.11832478967764627E-20,1.13689437273358082E-04,8.48660845666928563E-17,1.20543935703539770E-16,6.75178354627622865E-18,2.78057964749061187E-17,2.66824532759254876E-05,1.42817283854431298E+04,1,1,1,1
N2,FIELD_P,-1,12,.7499999999999999E-04,6.34038838015333820E-17,5.90540746466584760E-17,1.50190215700592465E-17,1.50531398267918642E-17,1.44579747968937264E-17,8.40620092045688105E-01,5.43730018932379530E-02,5.46203174896884858E-02,5.03865885713854697E-02,9.93183178762043077E-18,1.05482626638163160E-16,7.74954424613444446E-19,1.55084985324553773E-18,6.53301218675004051E-19,1.13612124978832671E-18,1.59602060514630695E-04,4.96257991017545027E-20,3.71151241729011086E-20,1.91661677085421773E-20,1.11754510555059150E-20,8.52670779550185478E-05,6.33991282592921937E-17,5.90336956286268570E-17,1.50047938705467748E-17,1.50102006069212990E-17,2.00118399569441123E-05,1.42277815911774323E+04,1,1,1,1
N2,FIELD_P,-1,13,.5000000000000000E-04,4.21035482228503051E-17,6.02813442783560168E-17,1.64725103283950385E-18,1.37983363656778463E-17,5.76893143667673095E-18,9.41353707738488921E-01,7.02921063550481623E-04,4.93219723867877810E-02,8.62139881117282222E-03,1.12966890237562181E-17,1.00893637138219943E-16,5.14715572230078932E-19,1.06224918841965753E-18,5.40047926041210845E-19,1.66993525769544511E-19,1.06401373676420481E-04,3.29523675686759785E-20,4.45639159457128489E-20,1.22160828933310577E-20,1.05110044484790706E-20,5.68447186366790409E-05,4.21003890121582684E-17,6.02719678517698848E-17,1.55616032917181841E-18,1.37973218104646765E-17,1.33412266379627438E-05,1.41742407972571800E+04,1,1,1,1
N2,FIELD_P,-1,14,.3000000000000000E-04,2.51831280203563414E-17,3.67678425240122890E-17,1.52989422507340802E-18,3.09651105995410333E-18,6.50041433285445229E-18,9.61463665833984460E-01,1.66463642468246339E-03,6.81933230234901301E-03,3.00523654389840342E-02,3.23542957211479546E-18,6.78232885153441016E-17,3.07913669868476540E-19,7.65716154992258215E-19,1.82798918841888896E-19,3.42974772144965804E-19,6.38408242058522888E-05,1.97087344078922123E-20,3.19635713705094614E-20,4.79154192713554433E-21,5.29409884016528616E-21,3.41068311820074191E-05,2.51812378096739480E-17,3.67598544742856022E-17,1.51892657370564195E-18,3.07745365888873543E-18,8.00473598277764662E-06,1.41316974100002735E+04,1,1,1,1
N2,FIELD_P,-1,15,.2000000000000000E-04,1.67625371120826536E-17,2.49115420994030744E-17,8.94862154817530388E-18,4.35352728554985123E-18,4.52912222980886512E-18,8.38482222837325319E-01,1.08194433469943604E-01,2.56079713793380577E-02,2.77153723133929941E-02,8.23854566824451279E-18,3.92566433178161707E-17,2.04971936766083800E-19,1.03329749641770135E-18,4.98047102230471608E-20,5.05541235539085597E-19,4.25605494705681925E-05,1.31183563560589272E-20,2.21527861135854775E-20,6.33861416786991018E-21,3.79182997412916470E-21,2.27378874546716150E-05,1.67612787354608786E-17,2.48900931157015958E-17,8.94848070486143404E-18,4.32407371667298417E-18,5.33649065518509718E-06,1.41105213373171973E+04,1,1,1,1
N2,FIELD_P,-1,16,.1000000000000000E-04,8.36820044704541182E-18,1.24557710497015372E-17,9.51296056943225218E-18,2.17331590123701564E-18,5.30830770641232439E-18,5.56989867607644573E-01,3.24890830607609704E-01,1.69571076131918609E-02,1.01162194171553838E-01,2.28210577723644259E-18,3.51663529734728767E-17,1.02334504500297846E-19,5.16648748208850673E-19,2.12708771712074358E-19,2.52732577565610008E-19,2.12802747352840963E-05,6.54880985039700221E-21,1.10763930567927388E-20,8.76177693562046758E-21,1.89313241546489797E-21,1.13689437273358075E-05,8.36757213797462565E-18,1.24450465578507979E-17,9.51057816356474124E-18,2.15857005141282411E-18,2.66824532759254859E-06,1.40894086302172218E+04,1,1,1,1
N2,FIELD_P,-1,17,.7500000000000000E-05,6.27370465968405873E-18,9.19196063100307226E-18,4.54835554532511011E-18,7.71529796544757967E-19,3.16711563602560473E-18,7.29603497770457854E-01,1.78640287291358640E-01,5.14015248306612903E-03,8.66160624551174235E-02,7.76029320083776801E-19,6.78232885153441016E-17,7.67225323521786603E-20,1.91429038748064554E-19,4.99621512807285664E-20,8.57177237451278312E-20,1.59602060514630722E-05,4.90966702057612729E-21,7.99089284262736534E-21,5.15230027348652609E-21,1.32204884029151363E-21,8.52670779550185478E-06,6.27323359242589310E-18,9.18996361857140056E-18,4.54807820996198098E-18,7.66752209634385996E-19,2.00118399569441166E-06,1.40841403209787568E+04,1,1,1,1
N2,FIELD_P,-1,18,.5000000000000000E-05,4.18084054526365969E-18,6.22788552485076861E-18,8.10290705256854392E-19,1.08579796827045482E-18,2.92981649641963243E-19,9.52801167825731210E-01,1.61288258557512054E-02,2.89613690484082330E-02,2.10863727010932641E-03,4.49407282002031974E-19,3.51663529734728767E-17,5.11294717754146564E-20,2.58324374104425336E-19,8.97273869317197564E-20,1.26356800229172662E-19,1.06401373676420481E-05,3.27181875181800247E-21,5.53819652839636938E-21,9.47011624621304748E-22,9.45872132744022555E-22,5.68447186366790375E-06,4.18052661003832822E-18,6.22252327892539896E-18,8.05306852217860354E-19,1.07842027626616934E-18,1.33412266379627430E-06,1.40788759498998625E+04,1,1,1,1
N2,FIELD_P,-1,19,.3000000000000000E-05,2.50772282537006218E-18,4.69401775397405092E-18,7.96989498748680751E-19,3.23964641623768800E-19,1.76409252048634617E-19,9.66180080413428177E-01,2.78531181832512575E-02,4.60218263223820950E-03,1.36461877108235352E-03,1.24381313509878760E-18,1.62556524124258991E-17,3.06686253025261548E-20,1.15768977642956432E-19,3.56976100834341660E-20,3.45135092594445626E-20,6.38408242058522837E-06,1.96247122955408992E-21,3.93893089518010913E-21,7.92326770983738772E-22,3.02200394768311117E-22,3.41068311820074234E-06,2.50753451681342432E-18,4.69258827335858426E-18,7.96189245071981879E-19,3.22120808666463845E-19,8.00473598277764599E-07,1.40746672855428715E+04,1,1,1,1
N2,FIELD_P,-1,20,.2000000000000000E-05,1.67155483346178457E-18,2.63854584546991377E-18,3.33846085141954511E-19,3.44285697458264721E-19,3.08898303193725668E-19,9.55346595727154968E-01,1.52941113193461788E-02,1.62655829924676643E-02,1.30937099610312132E-02,1.82268468800381522E-20,9.39634361799972844E-17,2.04427323102435161E-20,1.04620482083438872E-19,5.15961440919091623E-20,2.16248875661447218E-20,4.25605494705681891E-06,1.30810757337403438E-21,2.08557676273596592E-21,4.73505812310652374E-22,2.57328204554552318E-22,2.27378874546716142E-06,1.67142931194224381E-18,2.63647006122670326E-18,3.29834537718083390E-19,3.43605790833435362E-19,5.33649065518509697E-07,1.40725638967552004E+04,1,1,1,1
N2,FIELD_P,-1,21,.1000000000000000E-05,8.35647264029851576E-19,1.31927292273495688E-18,3.96013019552008354E-19,1.72114150881553510E-19,2.85150082921813339E-19,8.66669321673112503E-01,7.80913722439865732E-02,1.47508580293180189E-02,4.04884480535828914E-02,2.00274026833679507E-19,9.39634361799972844E-17,1.02198576634351442E-20,5.23102410417194362E-20,2.29557224651928438E-20,1.08121502071654138E-20,2.12802747352840946E-06,6.53950528231746729E-22,1.04278838136798296E-21,4.49207055668957211E-22,1.28646212369066092E-22,1.13689437273358071E-06,8.35584512026534696E-19,1.31823503061335163E-18,3.95346866275453780E-19,1.71774159266543651E-19,2.66824532759254849E-07,1.40704611365223245E+04,1,1,1,1
N2,FIELD_P,1,1,.1000000000000000E-01,3.15927799994214918E-15,7.69803675484368144E-15,3.61353882233764114E-15,3.01499651094940053E-16,4.79902676062469402E-16,8.15816056082977914E-01,1.79761936397663274E-01,1.25142813744212600E-03,3.17057938191664997E-03,4.52906163204585907E-16,8.23588109227112500E-17,4.22904321770724682E-17,3.32012088152339665E-16,4.71282977458937184E-17,1.85645595052217364E-16,2.12802747352840958E-02,2.50911867150708046E-18,5.81843942167329637E-18,2.60208521396521064E-18,6.72214481647275284E-19,1.13689437273358090E-02,3.15899393867545024E-15,7.69087147194696473E-15,3.61323054526630252E-15,2.37565361060423491E-16,2.66824532759254865E-03,5.63698467936228735E+03,1,1,1,1
N2,FIELD_P,1,2,.7500000000000000E-02,2.82575546778322435E-15,8.00158831098882317E-15,3.55104949756913979E-15,1.88556067377112771E-16,1.62862654197122893E-15,8.07144666218740037E-01,1.58968994577938838E-01,4.48208407875353083E-04,3.34381307954457960E-02,1.59182503415282396E-16,9.09049027094770463E-17,3.69249398281026685E-17,1.40508996133858028E-16,4.21787037894731465E-17,1.01627736984288703E-16,1.59602060514630710E-02,2.21925060598534088E-18,6.25463444138550152E-18,1.93947980722443212E-18,1.20262619938873876E-19,8.52670779550185505E-03,2.82551333167129593E-15,8.00035209225859115E-15,3.55079846366289251E-15,1.58824365753736837E-16,2.00118399569441116E-03,6.63205984669681857E+03,1,1,1,1
N2,FIELD_P,1,3,.5000000000000000E-02,2.31973680550632908E-15,3.84901837742184072E-15,1.65835935857973631E-15,1.73000795463717492E-16,1.52698568287190796E-16,8.40881649665311870E-01,1.56096152170074887E-01,1.69875639956189057E-03,1.32344176505127089E-03,1.45752258539930127E-16,8.61473810672951505E-17,2.96188106674032638E-17,1.66006044076169832E-16,1.43903301677699611E-17,9.34169120195344036E-17,1.06401373676420479E-02,1.81107841576780956E-18,2.90921971083664818E-18,1.30104260698260532E-18,3.30163928790722891E-19,5.68447186366790452E-03,2.31954700165147098E-15,3.84543573597348236E-15,1.65829641134351848E-15,1.45610599791339712E-16,1.33412266379627433E-03,8.05170916669842427E+03,1,1,1,1
N2,FIELD_P,1,4,.3000000000000000E-02,1.69909430644664091E-15,3.94593871110146421E-15,6.98202718709616129E-16,1.10379697332737698E-16,9.69338466677607940E-16,9.15384393777892713E-01,2.86593214861901140E-02,7.16277370803252117E-04,5.52400073651138912E-02,4.84542875142578282E-16,6.79221586599521273E-17,2.13121931208508114E-17,1.46767667840107832E-16,5.01740141504356027E-17,2.47091100700182080E-17,6.38408242058522910E-03,1.32495650663000048E-18,3.50316442985262667E-18,9.93687704810078361E-19,4.27573286241820013E-20,3.41068311820074245E-03,1.69896012228481302E-15,3.94320672692731600E-15,6.96396882030840562E-16,1.07578509167144334E-16,8.00473598277764574E-04,9.71397013328042704E+03,1,1,1,1
N2,FIELD_P,1,5,.2000000000000000E-02,1.27072031636457338E-15,1.56959605786071239E-15,6.98059431597536666E-16,1.11795200099123098E-16,4.03688534536298563E-16,7.88013842663942810E-01,1.55862933780978347E-01,3.99764627143518823E-03,5.21255772836436843E-02,1.07264296796730497E-16,9.15707481013500761E-17,1.58022013760663393E-17,6.21514237394686815E-17,1.57976940482183156E-17,2.49301791380853062E-17,4.25605494705681882E-03,9.91413027111613756E-19,1.38845624178385666E-18,8.11342613487348503E-19,8.23430624303780355E-20,2.27378874546716164E-03,1.27062167066108301E-15,1.56836445304282219E-15,6.97880179277358820E-16,1.08980026394592219E-16,5.33649065518509644E-04,1.08316450216462199E+04,1,1,1,1
N2,FIELD_P,1,6,.1000000000000000E-02,7.22382591290583090E-16,7.84798028930356196E-16,9.76822070700403158E-16,6.30365658887953819E-17,9.16210747063577708E-16,2.55192317626087961E-01,3.95350885845342004E-01,1.64640577244346649E-03,3.47810390756126575E-01,6.05532376164127848E-17,9.94054632022027728E-17,8.90783997589536763E-18,3.10757118697343407E-17,2.63813456173745264E-17,1.25407472180139447E-17,2.12802747352840941E-03,5.64273804903383238E-19,6.94228120891928329E-19,1.02856449274708039E-18,4.68333205377343676E-20,1.13689437273358082E-03,7.22327446648495168E-16,7.84182226521411093E-16,9.76465219281221835E-16,6.17765012355539885E-17,2.66824532759254822E-04,1.22397048480399098E+04,1,1,1,1
N2,FIELD_P,1,7,.7500000000000000E-03,5.60855162693482523E-16,9.86484677775366053E-16,4.73828826107250654E-16,3.42025973436987986E-17,5.41786609050973170E-17,8.09764991449603455E-01,1.86819095508120342E-01,9.73411525202163967E-04,2.44250151707406903E-03,3.30910231363047953E-17,1.01866239034610097E-16,6.90165240268126550E-18,3.66919169600269579E-17,1.84293076436159331E-17,6.23027373131812439E-18,1.59602060514630727E-03,4.38275635189175480E-19,8.75791107463156668E-19,5.14282246373540194E-19,1.59259433105317093E-20,8.52670779550185613E-04,5.60812525384832061E-16,9.85801681731829001E-16,4.73470012338398568E-16,3.36303598055740261E-17,2.00118399569441144E-04,1.26508131547432840E+04,1,1,1,1
N2,FIELD_P,1,8,.5000000000000000E-03,3.87502417009199483E-16,3.92399014465178098E-16,5.43251259773546973E-17,3.36875021385694649E-17,4.41160309358453356E-17,9.62300365458058637E-01,1.84440511955385640E-02,7.09238748886090002E-03,1.21631958575419679E-02,6.31799126771718007E-17,9.01988241243031657E-17,4.75860006381623976E-18,1.55378559348671704E-17,2.31332030837887513E-18,6.29328860235043891E-18,1.06401373676420470E-03,3.02943934360538581E-19,3.47114060445964165E-19,7.66646708341687093E-20,2.51421324850910059E-20,5.68447186366790409E-04,3.87473079243418939E-16,3.92091113260705546E-16,5.42757955642710621E-17,3.30944358884816515E-17,1.33412266379627411E-04,1.30904898689018391E+04,1,1,1,1
N2,FIELD_P,1,9,.3000000000000000E-03,2.39450438064497076E-16,2.36216298586633904E-16,4.68821850614417239E-17,5.70143251310378810E-17,1.43733125879235744E-16,6.81246693408793402E-01,2.68349244571365435E-02,3.96874013715471305E-02,2.52230980762522983E-01,4.06419411757521971E-17,8.75388843112551625E-17,2.93566259024109529E-18,6.20339941298215091E-18,2.90806850830774295E-18,4.51130963846934558E-18,6.38408242058522779E-04,1.87270214536204050E-19,1.48460496691604434E-19,6.06087439757635038E-20,4.21340904371118994E-20,3.41068311820074191E-04,2.39432368539223560E-16,2.36134782514507428E-16,4.67918661763603103E-17,5.68355485608432742E-17,8.00473598277764493E-05,1.34648602867323352E+04,1,1,1,1
N2,FIELD_P,1,10,.2000000000000000E-03,1.62051094169201391E-16,2.41125377113424067E-16,7.88115088074770450E-18,5.31736182815057497E-17,1.92460466221359816E-17,9.46907459478878444E-01,1.01158174145114300E-03,4.60483555110762846E-02,6.03260326859403340E-03,4.46267933386910934E-17,8.63249530168286919E-17,1.98511919246613411E-18,4.24899675367863013E-18,1.51398584241352183E-18,6.45597408849697971E-19,4.25605494705681925E-04,1.26762758706384046E-19,1.78255663782851396E-19,6.91046004272909632E-20,4.05055493540272776E-20,2.27378874546716164E-04,1.62038885315932994E-16,2.41087871407079539E-16,7.73405525117848598E-18,5.31696835088703582E-17,5.33649065518509752E-05,1.36601906193759169E+04,1,1,1,1
N2,FIELD_P,1,11,.1000000000000000E-03,8.22699808667820782E-17,1.20562688556712034E-16,2.24329904413794441E-17,2.69818322434686824E-17,1.80368979330050980E-17,9.03269148300701374E-01,3.12727210542970702E-02,4.52412091867015614E-02,2.02169214582999975E-02,2.81899762098827929E-17,9.49241024638618733E-17,1.00698030926284687E-18,2.12449837683931506E-18,8.37126041835862106E-19,3.27170572417073681E-19,2.12802747352840963E-04,6.43680592226852284E-20,8.91278318914256978E-20,2.24743237688912823E-20,2.05532939258962428E-20,1.13689437273358082E-04,8.22637927598186850E-17,1.20543935703539770E-16,2.24173543273481093E-17,2.69798407740546031E-17,2.66824532759254876E-05,1.38612709123411096E+04,1,1,1,1
N2,FIELD_P,1,12,.7499999999999999E-04,6.19401396587864996E-17,5.90540746466584760E-17,4.96277798621861948E-17,1.47226603508270386E-17,2.15742458724554799E-17,5.25801893965087586E-01,3.71340316312132324E-01,3.26809742650306587E-02,7.01768154577494391E-02,1.05827277208262488E-17,1.22214833813721729E-16,7.57989404160218245E-19,1.55084985324553773E-18,4.39634280596455342E-19,1.13269147523619831E-18,1.59602060514630695E-04,4.84645225469289841E-20,3.71151241729011086E-20,6.39271427410189228E-20,1.09101218591448837E-20,8.52670779550185478E-05,6.19354825944160269E-17,5.90336956286268570E-17,4.96257913697037119E-17,1.46790196810612246E-17,2.00118399569441123E-05,1.39124692973960136E+04,1,1,1,1
N2,FIELD_P,1,13,.5000000000000000E-04,4.14530408140664427E-17,6.02813442783560168E-17,1.03514828098347094E-17,1.35918693875463214E-17,3.71720101137365790E-18,9.22399847530258610E-01,2.71993481434292736E-02,4.68934030257444484E-02,3.50740130056775845E-03,1.29571845262917477E-18,1.04684382180843130E-16,5.07176093012133054E-19,1.06224918841965753E-18,3.03235809765400958E-19,1.64703735591597798E-19,1.06401373676420481E-04,3.24362812282743955E-20,4.45639159457128489E-20,2.03287907341032081E-20,1.03535437751588907E-20,5.68447186366790409E-05,4.14499253682198482E-17,6.02719678517698848E-17,1.03470203994312637E-17,1.35908674826786640E-17,1.33412266379627438E-05,1.39640472708678772E+04,1,1,1,1
N2,FIELD_P,1,14,.3000000000000000E-04,2.49489537468975342E-17,3.67678425240122890E-17,1.81379267661336523E-17,3.06895586311964592E-18,6.04465786098010692E-18,7.82871492342527620E-01,1.90515130729307036E-01,5.45425539810976811E-03,2.11591215300556690E-02,3.35290891059776530E-18,7.17019857119717043E-17,3.05199555005792842E-19,7.65716154992258215E-19,3.35849593431789654E-19,3.42699332959600387E-19,6.38408242058522888E-05,1.95229500657467740E-20,3.19635713705094614E-20,1.39696252396308516E-20,5.27845948678731023E-21,3.41068311820074191E-05,2.49470792909887042E-17,3.67598544742856022E-17,1.81348117518156204E-17,3.04975726818232887E-18,8.00473598277764662E-06,1.40055858001520101E+04,1,1,1,1
N2,FIELD_P,1,15,.2000000000000000E-04,1.66584608229488752E-17,2.49115420994030744E-17,9.60658195634218234E-18,4.32606988196463522E-18,1.18210258073895260E-18,8.46655962055185118E-01,1.25905160314474462E-01,2.55324686421585338E-02,1.90640898818180966E-03,4.54616602736980814E-18,3.51663529734728767E-17,2.03765677056474163E-19,1.03329749641770135E-18,2.55016777531991793E-19,5.05238284582144958E-19,4.25605494705681925E-05,1.30357864734496795E-20,2.21527861135854775E-20,9.87801673757772448E-21,3.76966937379390935E-21,2.27378874546716150E-05,1.66572094483694130E-17,2.48900931157015958E-17,9.60319143576143271E-18,4.29646374231493073E-18,5.33649065518509718E-06,1.40264478694541667E+04,1,1,1,1
N2,FIELD_P,1,16,.1000000000000000E-04,8.34218154961982469E-18,1.24557710497015372E-17,1.70147963401016038E-18,2.16645159679800762E-18,2.18574504754613611E-18,9.26178376859296937E-01,1.72825138689819101E-02,2.80189195720633201E-02,2.85201896996578538E-02,2.44688723555934465E-18,3.51663529734728767E-17,1.02032941607263723E-19,5.16648748208850673E-19,1.13760450025680334E-19,2.52656840340809996E-19,2.12802747352840963E-05,6.52816752016106664E-21,1.10763930567927388E-20,1.69406589450860068E-21,1.88759230268490684E-21,1.13689437273358075E-05,8.34155499104772525E-18,1.24450465578507979E-17,1.69767153333677852E-18,2.15166760427649083E-18,2.66824532759254859E-06,1.40473721778923446E+04,1,1,1,1
N2,FIELD_P,1,17,.7500000000000000E-05,6.25906904422576082E-18,9.19196063100307226E-18,2.74609076167069506E-18,7.69807629596279164E-19,6.32802847168551578E-19,9.08261781197249762E-01,8.10633417044142601E-02,6.37028922698090836E-03,4.30458787135502060E-03,8.48157461953644130E-19,7.07522486041167962E-17,7.65529033917253624E-20,1.91429038748064554E-19,9.33649892143495533E-20,8.57005091301467797E-20,1.59602060514630722E-05,4.89805572133686540E-21,7.99089284262736534E-21,2.07479851609881321E-21,1.32107140450402385E-21,8.52670779550185478E-06,6.25859896162213157E-18,9.18996361857140056E-18,2.74450234930365114E-18,7.65021218065107019E-19,2.00118399569441166E-06,1.40526130125354939E+04,1,1,1,1
N2,FIELD_P,1,18,.5000000000000000E-05,4.17433583183506914E-18,6.22788552485076861E-18,2.46228965550011807E-18,1.08408189506422170E-18,1.11768507528234765E-18,8.20464842703196195E-01,1.28249893993407860E-01,2.48601025969092879E-02,2.64251607064865703E-02,3.73924959951938788E-19,3.51663529734728767E-17,5.10540811793356619E-20,2.58324374104425336E-19,9.81229961572365882E-20,1.26337865955124097E-19,1.06401373676420481E-05,3.26665817803466112E-21,5.53819652839636938E-21,2.87242847742890248E-21,9.44487106880461337E-22,5.68447186366790375E-06,4.17402233423366595E-18,6.22252327892539896E-18,2.46033208619541037E-18,1.07669466738534751E-18,1.33412266379627430E-06,1.40578577589374454E+04,1,1,1,1
N2,FIELD_P,1,19,.3000000000000000E-05,2.50538112937496089E-18,4.69401775397405092E-18,3.14884450983922864E-18,3.23668763887082340E-19,9.27868216596061666E-19,6.69420827968205012E-01,3.01239692915390711E-01,3.18281461274620399E-03,2.61566645036580420E-02,3.58898968371288695E-19,1.62556524124258991E-17,3.06414846976984684E-20,1.15768977642956432E-19,1.76558300703857826E-20,3.45104095879788687E-20,6.38408242058522837E-06,1.96061342366606934E-21,3.93893089518010913E-21,2.58483869475461212E-21,3.02023657282472043E-22,3.41068311820074234E-06,2.50519297836287996E-18,4.69258827335858426E-18,3.14879394966042483E-18,3.21823568322725918E-19,8.00473598277764599E-07,1.40620563754705690E+04,1,1,1,1
N2,FIELD_P,1,20,.2000000000000000E-05,1.67051407980288247E-18,2.63854584546991377E-18,5.01497327076585338E-19,3.44056218862985410E-19,1.08398978719681176E-18,8.18392080951942491E-01,2.95644207555278565E-02,1.39152480885910007E-02,1.38128250203938596E-01,3.63064496212565997E-20,9.39634361799972844E-17,2.04306698206152324E-20,1.04620482083438872E-19,2.80711847110036420E-20,2.16225400423526869E-20,4.25605494705681891E-06,1.30728188196215706E-21,2.08557676273596592E-21,9.47011624621304748E-22,2.57185170159663920E-22,2.27378874546716142E-06,1.67038862830313640E-18,2.63647006122670326E-18,5.00710176472241461E-19,3.43376005795686928E-19,5.33649065518509697E-07,1.40641566243142024E+04,1,1,1,1
N2,FIELD_P,1,21,.1000000000000000E-05,8.35387075632588554E-19,1.31927292273495688E-18,3.56256284581127814E-19,1.72056781236602744E-19,1.47113250687945622E-19,9.07140536721826152E-01,6.61500756495141673E-02,1.54293938394813330E-02,1.12799937891784052E-02,1.86810234892622539E-19,9.39634361799972844E-17,1.02168420411962483E-20,5.23102410417194362E-20,1.32835070538226833E-20,1.08115633262586035E-20,2.12802747352840946E-06,6.53744105392859823E-22,1.04278838136798296E-21,4.23516473627150170E-22,1.28610453773560697E-22,1.13689437273358071E-06,8.35324341134219577E-19,1.31823503061335163E-18,3.56008299591030803E-19,1.71716713010975302E-19,2.66824532759254849E-07,1.40662575005816943E+04,1,1,1,1
N2,FIELD_S,-1,1,.1000000000000000E-01,3.27073350339867228E-05,6.97946913325709875E-16,6.54140244151456263E-05,3.27066893824177503E-05,2.61521340625665799E-17,9.10740701877053651E-23,8.00003158464827058E-01,1.99996841535172970E-01,1.27868694729834597E-25,5.17453575694834960E-18,1.56728724446508385E-16,2.59204835630635624E-07,8.37559230839262269E-18,5.18413573677237661E-07,2.59208738045349222E-07,5.44662150522139033E-07,2.05948065831625249E-08,5.79498979665942366E-19,4.11900465139992148E-08,2.05952399311067114E-08,1.28709709979277525E-05,3.27063014376829692E-05,6.97896415992589968E-16,6.54119571709329281E-05,3.27056557345082298E-05,4.28009698743909062E-05,1.39349627723812700E+04,1,1,1,1
N2,FIELD_S,-1,2,.7500000000000000E-02,1.84364850308006093E-05,5.28079804741307098E-16,3.68726972960940703E-05,1.84362122653869531E-05,7.04817409790932908E-18,1.64089417832494087E-22,8.00002367194273312E-01,1.99997632805726633E-01,2.92303962059461455E-26,2.18690777827986839E-18,2.25129542243019839E-16,1.46118799195020097E-07,6.38991978865624450E-18,2.92239241891123793E-07,1.46120442692094504E-07,4.08617435873926695E-07,1.16077231509026053E-08,4.34839815358578185E-19,2.32156288908999479E-08,1.16079057398479687E-08,9.65229264811710433E-06,1.84359023334422103E-05,5.28040964334251805E-16,3.68715318796148886E-05,1.84356295462660043E-05,3.21042595594488408E-05,1.39680923512903209E+04,1,1,1,1
N2,FIELD_S,-1,3,.5000000000000000E-02,8.21122721211534500E-06,3.48973456662854938E-16,1.64223734918098840E-05,8.21114627947493380E-06,3.38766819962596897E-18,3.61246612764603346E-22,8.00001577025541089E-01,1.99998422974458884E-01,3.40424436975316887E-26,2.34624208297746309E-18,1.61118110170879537E-16,6.50827930789503707E-08,4.18779615419631135E-18,1.30166072281690785E-07,6.50832791991482927E-08,2.72492192064169559E-07,5.16932015436628541E-09,2.89749489832971183E-19,1.03386943411398056E-08,5.16937418655440248E-09,6.43423803210210480E-06,8.21096765534719024E-06,3.48948207996294984E-16,1.64218543718279891E-05,8.21088671626117510E-06,2.14051948236876857E-05,1.40013676139572672E+04,1,1,1,1
N2,FIELD_S,-1,4,.3000000000000000E-02,2.96102451911297070E-06,2.07680445569517266E-16,5.92203153742369325E-06,2.96100701812048699E-06,1.16786272762313328E-18,9.83875808757571353E-22,8.00000945685070963E-01,1.99999054314928981E-01,3.11123391914476662E-26,5.51423379103400070E-19,2.62673558221309796E-16,2.34706065842773008E-08,2.49943964496277971E-18,4.69413180279543028E-08,2.34707114413473967E-08,1.63533996372153374E-07,1.86394280548940850E-09,1.70946007515241553E-19,3.72789727032884520E-09,1.86395446468509430E-09,3.86024342737787918E-06,2.96093091090149928E-06,2.07665334254123738E-16,5.92184431960893128E-06,2.96091340851720449E-06,1.28442475009876452E-05,1.40280933554761887E+04,1,1,1,1
N2,FIELD_S,-1,5,.2000000000000000E-02,1.31712105239013870E-06,1.38729392398121744E-16,2.63423691658549691E-06,1.31711586406204920E-06,2.18256949855615835E-19,2.21879732718008039E-21,8.00000630280180869E-01,1.99999369719818992E-01,5.49182676046605345E-27,2.06610672164199843E-18,2.59436264537215996E-16,1.04404718683577717E-08,1.67348717643988583E-18,2.08809747861862744E-08,1.04405029162271737E-08,1.09035559831229893E-07,8.29084697351526750E-10,1.14689865961384269E-19,1.65817284768319671E-09,8.29088150224552454E-10,2.57339582098081405E-06,1.31707941135492546E-06,1.38719251014619363E-16,2.63415363410273606E-06,1.31707422261450921E-06,8.56320856967337222E-06,1.40414915719073597E+04,1,1,1,1
N2,FIELD_S,-1,6,.1000000000000000E-02,3.29558284049334445E-07,6.93646961990608720E-17,6.59115919313437350E-07,3.29557635195371000E-07,3.09718370811625936E-18,8.86020015562599722E-21,8.00000315051170752E-01,1.99999684948829221E-01,1.76644649801418178E-23,2.68718806402752128E-18,4.24725643644375503E-17,2.61239481508484677E-09,8.36743588219942915E-19,5.22479350984599286E-09,2.61239869395070224E-09,5.45242283312077087E-08,2.07437888976644839E-10,5.73449329806921347E-20,4.14876209437722624E-10,2.07438320406413968E-10,1.28664801186264089E-06,3.29547864426996578E-07,6.93596255073096816E-17,6.59095080017221780E-07,3.29547215521497531E-07,4.28179274715062901E-06,1.40549134343003261E+04,1,1,1,1
N2,FIELD_S,-1,7,.7500000000000000E-03,1.85415673930710408E-07,5.19201113923793165E-17,3.70831074162849202E-07,1.85415400180651632E-07,7.08894821985976377E-19,1.56822765465261272E-20,8.00000236270621112E-01,1.99999763729378860E-01,2.92348914229844752E-24,3.53610039094437179E-19,8.40192561577741541E-17,1.46979262241164759E-09,6.24859911240694928E-19,2.93958688181352353E-09,1.46979425879600315E-09,4.08943803994616949E-08,1.16707282897436110E-10,4.27365018788103882E-20,2.33414747839818025E-10,1.16707464902059031E-10,9.64976652905187140E-07,1.85409811574891445E-07,5.19163335635309345E-17,3.70819349429465929E-07,1.85409537803090498E-07,3.21137989835219588E-06,1.40582726018297053E+04,1,1,1,1
N2,FIELD_S,-1,8,.5000000000000000E-03,8.24243689238721190E-08,3.46823480995304360E-17,1.64848656778923179E-07,8.24242878214994364E-08,1.51116065126584439E-18,3.54108402952732254E-20,8.00000157498975129E-01,1.99999842501024816E-01,6.72265029171051071E-23,4.04826932836651309E-19,4.02445340555865968E-16,6.53383690797074309E-10,4.18371794109971458E-19,1.30676786698949710E-09,6.53384175798098141E-10,2.72637263865143659E-08,5.18803394189532620E-11,2.86724664903460673E-20,1.03760732800472574E-10,5.18803933551187895E-11,6.43311531275839088E-07,8.24217628462383563E-08,3.46798127536548408E-17,1.64843444617210500E-07,8.24216817374225984E-08,2.14094349124236198E-06,1.40616332520690812E+04,1,1,1,1
N2,FIELD_S,-1,9,.3000000000000000E-03,2.96777867563561221E-08,2.02362599142482914E-17,5.93555560255111266E-08,2.96777692490462504E-08,3.07890732449090025E-19,9.29881870640501037E-20,8.00000094494503489E-01,1.99999905505496511E-01,2.15258602526977003E-23,1.89566848877446451E-19,1.58556019310013672E-16,2.35259192417835264E-10,2.43339044479283325E-19,4.70518489962579527E-10,2.35259297311391494E-10,1.63586227780330475E-08,1.86799289349822869E-11,1.66887975471272871E-20,3.73598695448592580E-11,1.86799405940324816E-11,3.85983924848351420E-07,2.96768483995249200E-08,2.02347899151555489E-17,5.93536793104550620E-08,2.96768308908226121E-08,1.28457740321941587E-06,1.40643228404635374E+04,1,1,1,1
N2,FIELD_S,-1,10,.2000000000000000E-03,1.31912419436033369E-08,1.34482926953068756E-17,2.63824787218860241E-08,1.31912367647040559E-08,5.08043616800537955E-20,2.07870630613303292E-19,8.00000062980924520E-01,1.99999937019075508E-01,2.96661252771460186E-24,9.36173184464344424E-20,6.50527013739530472E-17,1.04568768746717879E-10,1.62731399232867711E-19,2.09137568828323989E-10,1.04568799925408328E-10,1.09058775026024831E-08,8.30285897868938531E-12,1.12028348724195047E-20,1.66057214293552183E-11,8.30286243988910745E-12,2.57321618593207001E-07,1.31908248585831619E-08,1.34473034251049308E-17,2.63816445514317629E-08,1.31908196792707853E-08,8.56388705004358377E-07,1.40656679908994538E+04,1,1,1,1
N2,FIELD_S,-1,11,.1000000000000000E-03,3.29808915642278353E-09,6.72414634765343780E-18,6.59617767745915249E-09,3.29808851429352803E-09,2.03343826335453041E-20,8.31341818818854295E-19,8.00000031478695472E-01,1.99999968521304444E-01,7.60269023741601595E-24,3.79354326921433194E-20,6.01227790017866603E-17,2.61444744892730452E-11,8.13656996164338555E-20,5.22889530151139188E-11,2.61444784471786921E-11,5.45300324388224197E-09,2.07588185811189904E-12,5.60141743620975237E-21,4.15176415835157053E-12,2.07588229487246526E-12,1.28660310310430986E-07,3.29798487578123044E-09,6.72365171255246541E-18,6.59596911612367834E-09,3.29798423360002056E-09,4.28196237275691057E-07,1.40670133789105184E+04,1,1,1,1
N2,FIELD_S,-1,12,.7499999999999999E-04,1.85521434188478825E-09,5.05906497856207286E-18,3.71042842025635813E-09,1.85521407331302274E-09,1.51837662180091000E-20,1.48724459480058363E-18,8.00000023598811061E-01,1.99999976401188884E-01,1.33967946652794242E-23,1.31208766337451324E-20,6.62224391754458123E-17,1.47065878746265625E-11,6.08347611198208313E-20,2.94131775052366162E-11,1.47065895710993846E-11,4.08976452534375677E-09,1.16770704745156275E-12,4.17219938678182179E-21,2.33541428493541385E-12,1.16770723351454031E-12,9.64951391729167795E-08,1.85515568270383858E-09,5.05869747878888723E-18,3.71031110187208645E-09,1.85515541411001506E-09,3.21147531353106943E-07,1.40673497630417132E+04,1,1,1,1
N2,FIELD_S,-1,13,.5000000000000000E-04,8.24557126226313464E-10,3.36207317382671890E-18,1.64911417797875224E-09,8.24557048523748840E-10,2.20656838737753344E-19,3.32508588521704824E-18,8.00000015704189327E-01,1.99999984295810590E-01,1.43226483226301580E-20,8.83250251586302934E-20,1.28667295576148701E-16,6.53640393435196198E-12,4.06828498082169278E-20,1.30728084302881041E-11,6.53640445839935071E-12,2.72651774520339213E-09,5.18991355549749776E-13,2.80070871810487619E-21,1.03798277027263430E-12,5.18991412134664455E-13,6.43300304086738200E-08,8.24531054892522759E-10,3.36182585627623270E-18,1.64906203530432715E-09,8.24530977183311221E-10,2.14098589833311895E-07,1.40676861620261971E+04,1,1,1,1
N2,FIELD_S,-1,14,.3000000000000000E-04,2.96845581580345953E-10,2.04136913639334398E-18,5.93691149861218220E-10,2.96845566226851027E-10,2.89491318441069148E-20,9.45827486661552764E-18,8.00000009382665023E-01,1.99999990617335033E-01,1.90212884081780860E-21,1.56916137497867695E-20,5.45761624623622428E-17,2.35314649553294835E-12,2.46699597624774559E-20,4.70629314439752745E-12,2.35314662524783793E-12,1.63591451671808675E-09,1.86839895932827808E-13,1.69806259137659805E-21,3.73679806832305736E-13,1.86839909271992348E-13,3.85979883060344551E-08,2.96836195731244451E-10,2.04121935633779002E-18,5.93672378161369748E-10,2.96836180376227357E-10,1.28459266987132949E-07,1.40679552919088983E+04,1,1,1,1
N2,FIELD_S,-1,15,.2000000000000000E-04,1.31932484132850133E-10,1.37252664607376900E-18,2.63864965815704513E-10,1.31932480290880428E-10,2.54133364992628648E-20,2.16455236487947415E-17,8.00000006347420745E-01,1.99999993652579200E-01,7.42078589826922157E-21,5.65479158447291981E-21,3.87770242499085063E-17,1.04585201365707642E-12,1.66234528807521692E-20,2.09170409016233169E-12,1.04585206029996312E-12,1.09061096767928068E-09,8.30406220401854017E-14,1.13537567404162245E-21,1.66081249704805548E-13,8.30406265545654106E-14,2.57319822242997136E-08,1.31928312606829687E-10,1.37242550468829067E-18,2.63856622763084386E-10,1.31928308764365870E-10,8.56395490205039906E-08,1.40680898604153608E+04,1,1,1,1
N2,FIELD_S,-1,16,.1000000000000000E-04,3.29833994009511186E-11,6.86263323036884501E-19,6.59667995251747606E-11,3.29833994593574628E-11,1.47695665198029393E-20,8.65806292844418903E-17,8.00000002941891108E-01,1.99999997058108808E-01,4.01027965089122145E-20,6.50131878556167912E-21,1.56504689660176863E-16,2.61465282092790969E-13,8.31172644037608461E-21,5.22930583946072833E-13,2.61465294065866879E-13,5.45306128773875843E-10,2.07603223815695997E-14,5.67687837020811227E-22,4.15206462733653830E-14,2.07603233620644457E-14,1.28659861222882358E-08,3.29823565100788068E-11,6.86212752344145336E-19,6.59647137432953842E-11,3.29823565683914599E-11,4.28197933581374804E-08,1.40682244312987659E+04,1,1,1,1
N2,FIELD_S,-1,17,.7500000000000000E-05,1.85532012095982319E-11,5.10342284098335994E-19,3.71064032090895967E-11,1.85532014848866345E-11,3.17035939033881700E-21,1.51326635129345751E-16,8.00000002063827709E-01,1.99999997936172180E-01,5.83995179164887371E-21,7.52498925470104359E-21,6.48024194362808313E-17,1.47074540467972018E-13,6.16748994061936399E-21,2.94149094850156218E-13,1.47074548402937844E-13,4.08979717505649231E-10,1.16777047286207875E-14,4.24515647844149513E-22,2.33554104723633726E-14,1.16777053374252734E-14,9.64948865611712339E-09,1.85526145821713145E-11,5.10304839084447504E-19,3.71052299541497933E-11,1.85526148574051329E-11,3.21148485525829382E-08,1.40682580743910457E+04,1,1,1,1
N2,FIELD_S,-1,18,.5000000000000000E-05,8.24588453132774487E-12,3.43131661518442251E-19,1.64917696577902076E-11,8.24588478550244640E-12,1.84689479423763262E-21,3.46319586025862480E-16,8.00000001683948803E-01,1.99999998316050809E-01,1.00332072100838430E-20,3.88937993641216453E-21,1.64296333110495310E-16,6.53666039933240998E-14,4.15586322018804230E-21,1.30733216353526125E-13,6.53666083540303946E-14,2.72653225620613843E-10,5.19010136275523892E-15,2.83843918510405614E-22,1.03802033108569257E-14,5.19010167857474149E-15,6.43299181367871386E-09,8.24562380744600960E-12,3.43106376172072668E-19,1.64912482099788543E-11,8.24562406159397801E-12,2.14099013910421926E-08,1.40682917176317624E+04,1,1,1,1
N2,FIELD_S,-1,19,.3000000000000000E-05,2.96852335713178875E-12,2.03462112880901193E-19,5.93704710975934664E-12,2.96852355159937713E-12,2.71218185206937461E-21,9.39541780487705123E-16,8.00000000353607521E-01,1.99999999646391452E-01,1.66950071149950680E-19,4.37051625963534752E-22,6.67777509788410156E-17,2.35320175110203693E-14,2.45631254887525281E-21,4.70640398913216768E-14,2.35320200316022863E-14,1.63591974068463610E-10,1.86843942977094571E-15,1.69099191004145477E-22,3.73687919642420182E-15,1.86843960559691065E-15,3.85979478881553155E-09,2.96842949637058857E-12,2.03447215051193137E-19,5.93685938821063726E-12,2.96842969082423322E-12,1.28459419654991811E-08,1.40683186323314221E+04,1,1,1,1
N2,FIELD_S,-1,20,.2000000000000000E-05,1.31934477869364683E-12,1.37086448177662318E-19,2.63868983424322741E-12,1.31934491623321546E-12,2.19059857877743871E-21,2.15924711418221971E-15,8.00000000215474460E-01,1.99999999784523375E-01,5.51364629633453820E-19,4.44945988017926700E-21,1.09398055241538528E-16,1.04586829978979090E-14,1.65115402416595412E-21,2.09173692748670378E-14,1.04586846627834252E-14,1.09061328944342720E-10,8.30418153717345822E-16,1.13614094537425740E-22,1.66083653159489671E-15,8.30418267892890605E-16,2.57319642607978861E-09,1.31930306276527193E-12,1.37076456972716143E-19,2.63860640236909631E-12,1.31930320029591949E-12,8.56396168729077437E-09,1.40683320897168942E+04,1,1,1,1
N2,FIELD_S,-1,21,.1000000000000000E-05,3.29836440125409568E-13,6.85432240888311590E-20,6.59673017990875673E-13,3.29836508127649442E-13,1.48620450564196720E-21,8.63697381444954993E-15,8.00000000841901926E-01,1.99999999158089387E-01,4.06059516218859409E-18,2.85295109579913783E-22,2.05866244041228456E-16,2.61467263946919469E-15,8.25577012082977062E-22,5.22934687974284183E-15,2.61467344015974918E-15,5.45306709215221418E-11,2.07604678746455901E-16,5.68070472687128700E-23,4.15209467727128727E-16,2.07604733432894898E-16,1.28659816314127830E-09,3.29826011136005917E-13,6.85382284863580717E-20,6.59652160003663885E-13,3.29826079134014113E-13,4.28198103212439252E-09,1.40683455471260877E+04,1,1,1,1
N2,FIELD_S,1,1,.1000000000000000E-01,3.32648705663343925E-05,6.97946913325709875E-16,6.65303941148995037E-05,3.32655235512317268E-05,1.42280251489272232E-17,8.80426024818208680E-23,7.99996859236619118E-01,2.00003140763380827E-01,3.65878877483920401E-26,1.92794483533098058E-18,1.65694286564700950E-16,2.63771098713797892E-07,8.37559230839262269E-18,5.27538349596653837E-07,2.63767250898156007E-07,5.45952021012851674E-07,2.09291542548649258E-08,5.79498979665942366E-19,4.18578795812287354E-08,2.09287253277712707E-08,1.28609912747138452E-05,3.32638181899337290E-05,6.97896415992589968E-16,6.65282894135380270E-05,3.32644712262702698E-05,4.28386656755564308E-05,1.42041324143615730E+04,1,1,1,1
N2,FIELD_S,1,2,.7500000000000000E-02,1.86716875351219284E-05,5.28079804741307098E-16,3.73436501547241029E-05,1.86719626207495179E-05,4.42326638420034168E-18,1.59975801253403520E-22,7.99997642763027872E-01,2.00002357236972184E-01,1.12238373741837792E-26,3.66272926904603712E-18,2.13144690070761284E-16,1.48045125793804924E-07,6.38991978865624450E-18,2.96088625356788212E-07,1.48043499571365526E-07,4.09342987988704840E-07,1.17487712708155226E-08,4.34839815358578185E-19,2.34973613507332861E-08,1.17485900805944999E-08,9.64667905380853830E-06,1.86710969151876548E-05,5.28040964334251805E-16,3.73424689365656337E-05,1.86713720225250986E-05,3.21254634483945036E-05,1.41699627757370527E+04,1,1,1,1
N2,FIELD_S,1,3,.5000000000000000E-02,8.28091519295649739E-06,3.48973456662854938E-16,1.65619117763892152E-05,8.28099658389709004E-06,7.72234860546379388E-18,3.55183669758998164E-22,7.99998427400004375E-01,2.00001572599995653E-01,1.73926999662347669E-25,7.89743091958391466E-19,5.12365838960591932E-17,6.56535426278058714E-08,4.18779615419631135E-18,1.31306602543164468E-07,6.56530599197063505E-08,2.72814659659230369E-07,5.21111117344190747E-09,2.89749489832971183E-19,1.04221685906507859E-08,5.21105741753281314E-09,6.43174310129806173E-06,8.28065328881716248E-06,3.48948207996294984E-16,1.65613879745458002E-05,8.28073468619294904E-06,2.14146187745810142E-05,1.41359446556595540E+04,1,1,1,1
N2,FIELD_S,1,4,.3000000000000000E-02,2.97607694073637738E-06,2.07680445569517266E-16,5.95217144161690130E-06,2.97609450110841433E-06,5.70857681304304104E-18,9.73934666833071381E-22,7.99999055908639400E-01,2.00000944091360600E-01,7.35858497307469332E-25,1.34512774923869819E-18,9.47068709219349963E-17,2.35938869537645574E-08,2.49943964496277971E-18,4.71876694899813912E-08,2.35937825387341925E-08,1.63650084704254241E-07,1.87296955338890795E-09,1.70946007515241553E-19,3.74592748320345260E-09,1.87295792998765412E-09,3.85934525228838071E-06,2.97598282549920927E-06,2.07665334254123738E-16,5.95198321253304760E-06,2.97600038726171052E-06,1.28476401233554713E-05,1.41088385848176131E+04,1,1,1,1
N2,FIELD_S,1,5,.2000000000000000E-02,1.32158101241476718E-06,1.38729392398121744E-16,2.64316722474544073E-06,1.32158621247264750E-06,6.50632357010466280E-19,2.20382615372456617E-21,7.99999370427922574E-01,2.00000629572077454E-01,4.84743148869591402E-26,4.97187145682647442E-19,1.02769625043569167E-16,1.04769992446873786E-08,1.67348717643988583E-18,2.09539675272232830E-08,1.04769682841626361E-08,1.09087154645202366E-07,8.31759279025412523E-10,1.14689865961384269E-19,1.66351511213863038E-09,8.31755833224412443E-10,2.57299663205214190E-06,1.32153922115031049E-06,1.38719251014619363E-16,2.64308364262859745E-06,1.32154442162025116E-06,8.56471640184327383E-06,1.40953215173715871E+04,1,1,1,1
N2,FIELD_S,1,6,.1000000000000000E-02,3.30115777898026370E-07,6.93646961990608720E-17,6.60232205307091777E-07,3.30116427479232769E-07,1.53463212719694018E-19,8.83025780697414102E-21,7.99999685128264915E-01,2.00000314871735113E-01,4.32220118417469601E-26,5.57333908332625890E-19,8.25384114043542896E-17,2.61696072774734087E-09,8.36743588219942915E-19,5.23391758122000830E-09,2.61695685427755594E-09,5.45371270346566423E-08,2.07772210992685617E-10,5.73449329806921347E-20,4.15543990937920280E-10,2.07771780000630328E-10,1.28654821463047190E-06,3.30105339497071507E-07,6.93596255073096816E-17,6.60211328556705688E-07,3.30105989129797308E-07,4.28216970519406622E-06,1.40818283448038746E+04,1,1,1,1
N2,FIELD_S,1,7,.7500000000000000E-03,1.85650866616362995E-07,5.19201113923793165E-17,3.71302007161796605E-07,1.85651140598535984E-07,4.69555261421912594E-19,1.56425119727608055E-20,7.99999763827577204E-01,2.00000236172422685E-01,1.27940689652792217E-24,1.60558328818438865E-18,1.36315894836744461E-16,1.47171886670248346E-09,6.24859911240694928E-19,2.94343609813097746E-09,1.47171723204434093E-09,4.09016359201480941E-08,1.16848324986469055E-10,4.27365018788103882E-20,2.33696468066269867E-10,1.16848143121487044E-10,9.64920516962091950E-07,1.85644996338314863E-07,5.19163335635309345E-17,3.71290266627440553E-07,1.85645270342224808E-07,3.21159193725170914E-06,1.40784587779010853E+04,1,1,1,1
N2,FIELD_S,1,8,.5000000000000000E-03,8.24940556693594337E-08,3.46823480995304360E-17,1.64988192453499167E-07,8.24941368188510107E-08,3.11545857938722784E-19,3.53509555953621650E-20,7.99999842540573325E-01,2.00000157459426675E-01,2.85251630488256080E-24,3.50138533588028768E-19,5.65534218073643130E-17,6.53954430167262110E-10,4.18371794109971458E-19,1.30790837528945716E-09,6.53953945520909957E-10,2.72669510623738415E-08,5.19221296887021976E-11,2.86724664903460673E-20,1.03844205442286447E-10,5.19220757809667708E-11,6.43286581967796735E-07,8.24914472443967067E-08,3.46798127536548408E-17,1.64982975610017780E-07,8.24915284003302737E-08,2.14103773075328142E-06,1.40750906995422029E+04,1,1,1,1
N2,FIELD_S,1,9,.3000000000000000E-03,2.96928391177387525E-08,2.02362599142482914E-17,5.93856957280356627E-08,2.96928566304815995E-08,5.16451137375408932E-19,9.28938014851059443E-20,7.99999905523764321E-01,2.00000094476235540E-01,6.05040873744530586E-23,4.73958766113590487E-19,4.52208136300717626E-17,2.35382472409567570E-10,2.43339044479283325E-19,4.70764839728043888E-10,2.35382367554500571E-10,1.63597836613422446E-08,1.86889556526059730E-11,1.66887975471272871E-20,3.73778996334575884E-11,1.86889439967759666E-11,3.85974943097456162E-07,2.96919002538829720E-08,2.02347899151555489E-17,5.93838180017176761E-08,2.96919177680181459E-08,1.28461132944335173E-06,1.40723973079518146E+04,1,1,1,1
N2,FIELD_S,1,10,.2000000000000000E-03,1.31957019184765468E-08,1.34482926953068756E-17,2.63914090045961423E-08,1.31957070996835426E-08,2.49555874854890495E-19,2.07729943843112728E-19,7.99999937012580986E-01,2.00000062987418903E-01,7.15320043914791217E-23,1.31161443969962794E-19,7.43971339379264230E-17,1.04605296337240166E-10,1.62731399232867711E-19,2.09210561358298221E-10,1.04605265180864903E-10,1.09063934507398757E-08,8.30553357424165561E-12,1.12028348724195047E-20,1.66110636781540128E-11,8.30553011464188819E-12,2.57317626703920267E-07,1.31952846832258937E-08,1.34473034251049308E-17,2.63905745345086777E-08,1.31952898648458875E-08,8.56403783326108350E-07,1.40710509690174404E+04,1,1,1,1
N2,FIELD_S,1,11,.1000000000000000E-03,3.29864666386997358E-09,6.72414634765343780E-18,6.59729396331225982E-09,3.29864730617988450E-09,6.79988719893477913E-21,8.31060445166854501E-19,7.99999968518121829E-01,2.00000031481878199E-01,8.49888034613512655E-25,2.38667291538630568E-20,6.50733440547502721E-17,2.61490405606904291E-11,8.13656996164338555E-20,5.22980770866199477E-11,2.61490366045181294E-11,5.45313223091658516E-09,2.07621619086127874E-12,5.60141743620975237E-21,4.15243193969830863E-12,2.07621575423697236E-12,1.28659312338109276E-07,3.29854236444896800E-09,6.72365171255246541E-18,6.59708536452261002E-09,3.29854300681082586E-09,4.28200006856128656E-07,1.40697048679072886E+04,1,1,1,1
N2,FIELD_S,1,12,.7499999999999999E-04,1.85544954521369196E-09,5.05906497856207286E-18,3.71089935391075678E-09,1.85544981366748228E-09,1.26245317844490699E-19,1.48686705193935262E-18,7.99999976421956305E-01,2.00000023578043695E-01,9.25895946922570326E-22,3.93557917715206700E-20,1.73158362340402308E-16,1.47085142419569710E-11,6.08347611198208313E-20,2.94170267284303911E-11,1.47085125438677347E-11,4.08983708055057497E-09,1.16784809787723587E-12,4.17219938678182179E-21,2.33569600568656252E-12,1.16784791169281139E-12,9.64945778134858292E-08,1.85539087810986907E-09,5.05869747878888723E-18,3.71078201972547838E-09,1.85539114658572651E-09,3.21149651742103133E-07,1.40693683797825470E+04,1,1,1,1
N2,FIELD_S,1,13,.5000000000000000E-04,8.24626819892103672E-10,3.36207317382671890E-18,1.64925371404848915E-09,8.24626897503242195E-10,3.68192336018483143E-20,3.32452313682937062E-18,7.99999984291950628E-01,2.00000015708049261E-01,3.98716791297255535E-22,2.39846754810698457E-20,1.30918699748597847E-16,6.53697475346709046E-12,4.06828498082169278E-20,1.30739489426257380E-11,6.53697422810666398E-12,2.72654999196197772E-09,5.19033151236038320E-13,2.80070871810487619E-21,1.03806624310844883E-12,5.19033094556207898E-13,6.43297809155933858E-08,8.24600746210567283E-10,3.36182585627623270E-18,1.64920156669227556E-09,8.24600823828360267E-10,2.14099532228421269E-07,1.40690319065168605E+04,1,1,1,1
N2,FIELD_S,1,14,.3000000000000000E-04,2.96860638259580614E-10,2.04136913639334398E-18,5.93721289769132910E-10,2.96860653643587545E-10,6.98559912565086140E-20,9.45731438106531754E-18,7.99999990558240670E-01,2.00000009441759274E-01,1.10747021986620801E-20,2.41771721573748421E-20,3.34455754887172913E-17,2.35326982548681076E-12,2.46699597624774559E-20,4.70653949642081369E-12,2.35326969596566199E-12,1.63592612555117749E-09,1.86848926034127143E-13,1.69806259137659805E-21,3.73697837056642427E-13,1.86848912703274672E-13,3.85978984885254978E-08,2.96851251903192920E-10,2.04121935633779002E-18,5.93702517058011056E-10,2.96851267288721398E-10,1.28459606249372323E-07,1.40687627386022868E+04,1,1,1,1
N2,FIELD_S,1,15,.2000000000000000E-04,1.31936946844605140E-10,1.37252664607376900E-18,2.63873896140822810E-10,1.31936950654595371E-10,1.04458229218154059E-20,2.16440582266683797E-17,7.99999993732317671E-01,2.00000006267682273E-01,1.25366771902811455E-21,6.87398502531684645E-21,1.57859173565795842E-16,1.04588857280464901E-12,1.66234528807521692E-20,2.09177708301799146E-12,1.04588852597891076E-12,1.09061612716065440E-09,8.30432987775463725E-14,1.13537567404162245E-21,1.66086591952109438E-13,8.30432942573487100E-14,2.57319423054068444E-08,1.31932775168189221E-10,1.37242550468829067E-18,2.63865552788568190E-10,1.31932778978673951E-10,8.56396998037214904E-08,1.40686281582107313E+04,1,1,1,1
N2,FIELD_S,1,16,.1000000000000000E-04,3.29839582989056265E-11,6.86263323036884501E-19,6.59679158668487287E-11,3.29839582640488106E-11,1.16778858412210541E-20,8.65776983233288406E-17,7.99999996792385315E-01,2.00000003207614574E-01,2.50699177412059092E-20,2.25310290816410789E-21,3.84230831253072953E-17,2.61469864176974010E-13,8.31172644037608461E-21,5.22939708351304443E-13,2.61469852397440389E-13,5.45307418644219271E-10,2.07606577990452065E-14,5.67687837020811227E-22,4.15213140780679592E-14,2.07606568328319300E-14,1.28659761425650185E-08,3.29829153891701976E-11,6.86212752344145336E-19,6.59658300475142781E-11,3.29829153544062780E-11,4.28198310539418487E-08,1.40684935801963438E+04,1,1,1,1
N2,FIELD_S,1,17,.7500000000000000E-05,1.85534374844131485E-11,5.10342284098335994E-19,3.71068741985412672E-11,1.85534372366846687E-11,1.52007912110883323E-20,1.51322792803169823E-16,7.99999997629954329E-01,2.00000002370045532E-01,1.34249794516239984E-19,2.81674656251562729E-21,2.34109073025837513E-16,1.47076479096702962E-13,6.16748994061936399E-21,2.94152944451110590E-13,1.47076471510541060E-13,4.08980443057717351E-10,1.16778466099042607E-14,4.24515647844149513E-22,2.33556922198843911E-14,1.16778460237377856E-14,9.64948304252281355E-09,1.85528508489995115E-11,5.10304839084447504E-19,3.71057009277992121E-11,1.85528506013237095E-11,3.21148697564728908E-08,1.40684599360642296E+04,1,1,1,1
N2,FIELD_S,1,18,.5000000000000000E-05,8.24595493032998759E-12,3.43131661518442251E-19,1.64919092212915705E-11,8.24595464421079703E-12,1.20692938644915432E-20,3.46313723268615304E-16,7.99999998697445425E-01,2.00000001302554214E-01,4.28461534100742653E-19,1.90624981476251917E-21,1.62410740459185111E-16,6.53671829782651142E-14,4.15586322018804230E-21,1.30734357117284715E-13,6.53671782469491515E-14,2.72653548088199725E-10,5.19014371011850711E-15,2.83843918510405614E-22,1.03802868026113941E-14,5.19014336896225875E-15,6.43298931874790994E-09,8.24569420405772619E-12,3.43106376172072668E-19,1.64913877687972925E-11,8.24569391796721069E-12,2.14099108149932897E-08,1.40684262920806032E+04,1,1,1,1
N2,FIELD_S,1,19,.3000000000000000E-05,2.96853883567071262E-12,2.03462112880901193E-19,5.93707727951310754E-12,2.96853864395076661E-12,3.40176568807823154E-21,9.39532230845740633E-16,7.99999999547875040E-01,2.00000000452124016E-01,2.62635467924820025E-19,5.59407100338124170E-22,1.39025080903445157E-16,2.35321456781480579E-14,2.45631254887525281E-21,4.70642865220672022E-14,2.35321431570687641E-14,1.63592090156794546E-10,1.86844878910239071E-15,1.69099191004145477E-22,3.73689724266143224E-15,1.86844861242339497E-15,3.85979389064044224E-09,2.96844497437701129E-12,2.03447215051193137E-19,5.93688955695184912E-12,2.96844478267110029E-12,1.28459453581215749E-08,1.40683993770006746E+04,1,1,1,1
N2,FIELD_S,1,20,.2000000000000000E-05,1.31934953651591777E-12,1.37086448177662318E-19,2.63869879157513372E-12,1.31934939130614949E-12,1.12705443415599185E-23,2.15923245699054587E-15,8.00000001086938139E-01,1.99999998913059612E-01,1.45948667812803700E-23,8.56743297799967030E-22,2.15088326926701097E-16,1.04587229315612251E-14,1.65115402416595412E-21,2.09174425266403192E-14,1.04587211819785028E-14,1.09061380539156470E-10,8.30421058922745056E-16,1.13614094537425740E-22,1.66084188909308610E-15,8.30420939013602034E-16,2.57319602689086017E-09,1.31930782041958380E-12,1.37076456972716143E-19,2.63861535940015971E-12,1.31930767521916917E-12,8.56396319512294937E-09,1.40683859194964461E+04,1,1,1,1
N2,FIELD_S,1,21,.1000000000000000E-05,3.29837136325387475E-13,6.85432240888311590E-20,6.59674137589968231E-13,3.29837069521257478E-13,2.59478821974866427E-22,8.63694448043015428E-15,7.99999999295380126E-01,2.00000000704611269E-01,1.23775561689169176E-19,5.32855092525295636E-22,1.93568248965299471E-16,2.61467881307126894E-15,8.25577012082977062E-22,5.22935605972373791E-15,2.61467802930665879E-15,5.45306838202255792E-11,2.07605122429442999E-16,5.68070472687128700E-23,4.15210137081883033E-16,2.07605068867462237E-16,1.28659806334404609E-09,3.29826707308777337E-13,6.85382284863580717E-20,6.59653279564962811E-13,3.29826640508781981E-13,4.28198140908243544E-09,1.40683724620158355E+04,1,1,1,1
N2,SVD_MIN,-1,1,.1000000000000000E-01,6.85830570548253457E-05,5.32420564527127860E-16,1.37173707436482180E-04,6.85906503812843023E-05,1.67435472415861382E-17,1.20516985617283302E-23,7.99982286125804132E-01,2.00017713874195896E-01,1.19188282332393306E-26,3.50632381780773621E-18,1.75128728701926304E-15,6.31215095088812468E-07,6.47013739013814833E-18,1.26247268186934685E-06,6.31257586782496535E-07,1.30130299913745263E-09,4.51188254345234904E-08,4.38561715375879916E-19,9.02412730499806662E-08,4.51224476151592650E-08,9.98110420017401574E-07,6.85801374071294138E-05,5.32381068894415178E-16,1.37167868070877926E-04,6.85877306633732152E-05,1.75069703784409689E-06,1.38803879996647702E+04,1,1,1,1
N2,SVD_MIN,-1,2,.7500000000000000E-02,3.87056563759389624E-05,3.94587817867997121E-16,7.74145258151730605E-05,3.87088694388951562E-05,8.04437867194696903E-18,2.07838120859006694E-23,7.99986718457631807E-01,2.00013281542368054E-01,8.63819239452869763E-27,1.62769024067012200E-18,2.33937994818043293E-15,3.56210317019268699E-07,4.78951055657001679E-18,7.12438644114382532E-07,3.56228327092862737E-07,8.70749859691733788E-10,2.54620354919175683E-08,3.26016647742148228E-19,5.09256051411607194E-08,2.54635696489669688E-08,7.48989866813679889E-07,3.87040088542138242E-05,3.94558614544913440E-16,7.74112307417290088E-05,3.87072218871753820E-05,1.30970862304963738E-06,1.39269155739948055E+04,1,1,1,1
N2,SVD_MIN,-1,3,.5000000000000000E-02,1.72596374056420636E-05,2.66210282263563930E-16,3.45202297013225056E-05,1.72605922954192272E-05,2.79606994508566762E-18,4.75759511586492985E-23,7.99991148219668990E-01,2.00008851780331010E-01,5.24848415514420393E-27,1.41956028799497214E-18,2.44390666398237862E-15,1.58830993222593696E-07,3.23506869506907417E-18,3.17667347786972511E-07,1.58836354561651077E-07,5.18179057399645986E-10,1.13534562562080085E-08,2.19280857687939958E-19,2.27073688819809982E-08,1.13539126255589319E-08,4.99598213865005851E-07,1.72589028385022689E-05,2.66190534447207589E-16,3.45187605580446209E-05,1.72598577192809813E-05,8.70942564789679313E-07,1.39737512230015072E+04,1,1,1,1
N2,SVD_MIN,-1,4,.3000000000000000E-02,6.23001880202759367E-06,1.54709014630630557E-16,1.24602443595129278E-05,6.23022555733274285E-06,2.25022131796812791E-18,1.23329004431924633E-22,7.99994690171662026E-01,2.00005309828337891E-01,2.60906233414488939E-26,1.28000655633850551E-18,2.88418243211191102E-15,5.73284456785485005E-08,1.89010842419093670E-18,1.14658053758931066E-07,5.73296080786198498E-08,2.85627525326461524E-10,4.09796246379467946E-09,1.29274333998808127E-19,8.19602381723044385E-09,4.09806135330882112E-09,2.99889429359624104E-07,6.22975368129728321E-06,1.54697414284376548E-16,1.24597141160893233E-05,6.22996043463943609E-06,5.21516832951997770E-07,1.40114436074112291E+04,1,1,1,1
N2,SVD_MIN,-1,5,.2000000000000000E-02,2.77258946700152291E-06,1.04681747933944397E-16,5.54524026895392663E-06,2.77265080185395266E-06,5.90776555222765111E-18,2.85094776454338461E-22,7.99996460542369725E-01,2.00003539457630303E-01,9.08016693810598648E-25,1.79260123680336284E-19,4.67182858400161555E-15,2.55126160447658285E-08,1.26780264737216497E-18,5.10255771502716691E-08,2.55129611043498987E-08,1.83290180591179542E-10,1.82370792942968852E-09,8.65292854255323131E-20,3.64744520603614990E-09,1.82373727652516648E-09,1.99969812301360495E-07,2.77247148462156975E-06,1.04674034696461148E-16,5.54500430360952607E-06,2.77253281888950780E-06,3.47329576601976228E-07,1.40303649643149765E+04,1,1,1,1
N2,SVD_MIN,-1,6,.1000000000000000E-02,6.94072866788587979E-07,5.23408739669721986E-17,1.38815340983990620E-06,6.94080542998966610E-07,1.62740751999273570E-19,1.13735499168698709E-21,7.99998230475169714E-01,2.00001769524830286E-01,1.09952911782150133E-26,1.15885208083595986E-19,5.35035693029152610E-15,6.38650279194310107E-09,6.33901323686082484E-19,1.27730487987039075E-08,6.38654600613105898E-09,8.85856573266543039E-11,4.56526385962984902E-10,4.32646427127661566E-20,9.13056446247295546E-10,4.56530060241171469E-10,1.00006677750399402E-07,6.94043333357418264E-07,5.23370173482305740E-17,1.38809434290413770E-06,6.94051009494371314E-07,1.73491052903214636E-07,1.40493366965449695E+04,1,1,1,1
N2,SVD_MIN,-1,7,.7500000000000000E-03,3.90546351577376155E-07,3.86772536576576393E-17,7.81095942535973567E-07,3.90549590921412613E-07,1.23809479605756927E-18,1.96151557230928114E-21,7.99998672917671128E-01,2.00001327082328789E-01,2.00996409399634010E-24,3.73087694900759831E-19,4.38378687647573783E-15,3.59358381385738528E-09,4.72527106047734174E-19,7.18718586723428386E-09,3.59360205290704511E-09,6.59295146637975549E-11,2.56880522916113514E-10,3.23185834997020318E-20,5.13762596533005322E-10,2.56882073585838413E-10,7.50090914917407484E-08,3.90529733692799922E-07,3.86743535710941370E-17,7.81062706735806989E-07,3.90532973005824915E-07,1.30085763697082127E-07,1.40540875242136481E+04,1,1,1,1
N2,SVD_MIN,-1,8,.5000000000000000E-03,1.73634134164575552E-07,2.61704369834860993E-17,3.47269228469164314E-07,1.73635094278132906E-07,1.58777816248897289E-19,4.54337779458078646E-21,7.99999115303251074E-01,2.00000884696748898E-01,1.67238610870288073E-25,1.35799281615380444E-19,3.56266257931717593E-15,1.59767137146634393E-09,3.16950661843041242E-19,3.19534815017024035E-09,1.59767677838159894E-09,4.36310617983403666E-11,1.14206670939367890E-10,2.16323213563830783E-20,2.28413801555711367E-10,1.14207130594521341E-10,5.00087833814884210E-08,1.73626746067842153E-07,2.61685086741152870E-17,3.47254452266494504E-07,1.73627706172198321E-07,8.67021716735272239E-08,1.40588415160080895E+04,1,1,1,1
N2,SVD_MIN,-1,9,.3000000000000000E-03,6.25249959210880791E-08,1.59803222889470165E-17,1.25050199274717857E-07,6.25252033382866893E-08,6.60656729256677263E-19,1.30644758468784338E-20,7.99999469264302099E-01,2.00000530735697790E-01,2.23291735125306207E-23,3.24313951552379779E-20,2.78384743344305376E-15,5.75312410733796300E-10,1.94235208448659715E-19,1.15062598978518069E-09,5.75313578862741093E-10,2.60319832073999454E-11,4.11252223085728829E-11,1.31065045037533358E-20,8.22505439330733507E-11,4.11253216117858681E-11,3.00065768902907503E-08,6.25223355232210327E-08,1.59791364398066064E-17,1.25044878476994428E-07,6.25225429384313654E-08,5.20109067290292452E-08,1.40626469897258066E+04,1,1,1,1
N2,SVD_MIN,-1,10,.2000000000000000E-03,2.77926013570458291E-08,1.04237022892688321E-17,5.55852641832976279E-08,2.77926628154751078E-08,3.94933631106958144E-19,2.81328962634418087E-20,7.99999646250651342E-01,2.00000353749348714E-01,4.03848694449911589E-23,4.02859939697769756E-20,3.47537178023868957E-15,2.55727910765667896E-10,1.27790528260253479E-19,5.11456167769672924E-10,2.55728256870468144E-10,1.73075496794703372E-11,1.82802821537276896E-11,8.45423650793327113E-21,3.65605937392733056E-11,1.82803115767177861E-11,2.00048202396898150E-08,2.77914188061459999E-08,1.04229155000930682E-17,5.55828990809081964E-08,2.77914802639862863E-08,3.46704736627562054E-08,1.40645504872340825E+04,1,1,1,1
N2,SVD_MIN,-1,11,.1000000000000000E-03,6.94907916078101084E-09,5.21185114463441605E-18,1.38981660029082129E-08,6.94908683665436423E-09,2.54663966049015754E-19,1.12501654249933177E-19,7.99999823391928100E-01,2.00000176608071872E-01,2.68602405939511826E-22,3.17324314350050315E-20,1.26075645259787816E-15,6.39403564716785992E-11,6.38952641301267395E-20,1.27880756195077906E-10,6.39403996557428216E-11,8.63082140386818025E-12,4.57067209506257624E-12,4.22711825396663556E-21,9.14134786703010390E-12,4.57067576757431891E-12,1.00026279514915456E-08,6.94878348508368729E-09,5.21145775004653411E-18,1.38975746514400047E-08,6.94879116088387324E-09,1.73335051760662397E-08,1.40664544921102570E+04,1,1,1,1
N2,SVD_MIN,-1,12,.7499999999999999E-04,3.90898765804355622E-09,3.99508057223675414E-18,7.81797856327132367E-09,3.90899090130632833E-09,7.81708631616881833E-20,2.08906546431943146E-19,7.99999867409553311E-01,2.00000132590446633E-01,7.99817273705586463E-23,5.15448275205624575E-21,2.75019673402807544E-15,3.59676288926377348E-11,4.85588021121649288E-20,7.19352761112328116E-11,3.59676471702852411E-11,6.46888295581844365E-12,2.57108765564828968E-12,3.27662612593833396E-21,5.14217686791268584E-12,2.57108920905965774E-12,7.50201180805613241E-09,3.90882133512353777E-09,3.99478410995165159E-18,7.81764591739980263E-09,3.90882457835510615E-09,1.29998042462590114E-08,1.40669305726308612E+04,1,1,1,1
N2,SVD_MIN,-1,13,.5000000000000000E-04,1.73738591234220173E-09,2.60592557231720802E-18,3.47477278854070720E-09,1.73738687365268281E-09,6.33123407980033002E-20,4.49946761986184292E-19,7.99999911705104871E-01,2.00000088294895212E-01,2.65591307337809675E-22,6.34807602329932824E-21,1.33015668482053208E-15,1.59861366313846384E-11,3.19476320650633697E-20,3.19722787121830917E-11,1.59861420501394271E-11,4.30978549284508055E-12,1.14274323040588670E-12,2.11355912698331778E-21,2.28548692337965822E-12,1.14274369089951476E-12,5.00136843526339729E-09,1.73731198867061782E-09,2.60572887502326705E-18,3.47462494118810415E-09,1.73731294997183882E-09,8.66631975353570395E-09,1.40674066848761940E+04,1,1,1,1
N2,SVD_MIN,-1,14,.3000000000000000E-04,6.25475651464912622E-10,1.50716608914104193E-18,1.25095151274616127E-09,6.25475859778850325E-10,4.26999862166615841E-21,1.16126472267995651E-18,7.99999947096515673E-01,2.00000052903484299E-01,9.32104221018401732E-24,7.50736412309962727E-21,3.64476564599630949E-15,5.75516004140880998E-12,1.83030056568681645E-20,1.15103212790985617E-11,5.75516122014127658E-12,2.58453397490953799E-12,4.11398393584615148E-13,1.24446775133082475E-21,8.22796888449915564E-13,4.11398493608768738E-13,3.00083413162213412E-09,6.25449038259486270E-10,1.50705443549350384E-18,1.25089828633316203E-09,6.25449246571375874E-10,5.19968798072863069E-09,1.40677875975177631E+04,1,1,1,1
N2,SVD_MIN,-1,15,.2000000000000000E-04,2.77992896225485770E-10,1.05208469246350784E-18,5.55985853938868724E-10,2.77992956727470673E-10,6.77138686098077055E-20,2.86459934447750852E-18,7.99999965745273323E-01,2.00000034254726622E-01,1.18663659527419079E-20,3.06328812132270396E-21,2.55533231303767894E-15,2.55788244828964354E-12,1.26018454350517042E-20,5.11576524393464222E-12,2.55788278361837540E-12,1.72257869860079347E-12,1.82846138520636964E-13,8.57714907287922758E-22,3.65692306508787876E-13,1.82846167191848385E-13,2.00056044459514987E-09,2.77981067982163222E-10,1.05200886780140905E-18,5.55962197451624440E-10,2.77981128483618109E-10,3.46642403129110907E-09,1.40679780614530009E+04,1,1,1,1
N2,SVD_MIN,-1,16,.1000000000000000E-04,6.94991531591669866E-11,5.26042346231753920E-19,1.38998314312045441E-10,6.94991606353341371E-11,1.21304191772296501E-20,1.14580924933085664E-17,7.99999983979954532E-01,2.00000016020045496E-01,6.09287865069315730E-21,3.75896852445520976E-21,2.85963881133701498E-15,6.39478993532992662E-13,6.30092271752585210E-21,1.27895803395522625E-12,6.39479034233131119E-13,8.61067981678131531E-13,4.57121363789521328E-14,4.28857453643961379E-22,9.14242766829802124E-14,4.57121398779173076E-14,1.00028240072966979E-09,6.94961960603511560E-11,5.26004433900704526E-19,1.38992400114319894E-10,6.94962035364596155E-11,1.73319470480478854E-09,1.40681685304669390E+04,1,1,1,1
N2,SVD_MIN,-1,17,.7500000000000000E-05,3.90934042894487570E-11,3.76791522285260483E-19,7.81868121116054944E-11,3.90934074527136097E-11,7.82103506284567941E-21,1.85791231730539602E-17,7.99999988565553100E-01,2.00000011434446928E-01,8.00481748782060349E-21,8.71891848858566395E-22,1.93005143854765463E-15,3.59708112058432127E-13,4.57575141421704114E-21,7.19416246084765071E-13,3.59708129472712810E-13,6.45759551126214997E-13,2.57131613072435580E-14,3.11116937832706186E-22,5.14263244090528863E-14,2.57131627989079674E-14,7.50212209004273850E-10,3.90917409160265639E-11,3.76763608873375959E-19,7.81834853647081169E-11,3.90917440792647917E-11,1.29989278287054557E-09,1.40682161485138367E+04,1,1,1,1
N2,SVD_MIN,-1,18,.5000000000000000E-05,1.73749046532355845E-11,2.63021173115876960E-19,3.47498102573916357E-11,1.73749053395482919E-11,3.33485131639270904E-21,4.58317595354396597E-17,7.99999996116652623E-01,2.00000003883347349E-01,7.36780395097949598E-21,1.84494766339404384E-21,2.86170061576246860E-15,1.59870798692286912E-13,3.15046135876292605E-21,3.19741602654496270E-13,1.59870800839340619E-13,4.30478763015692830E-13,1.14281094937130684E-14,2.14428726821980689E-22,2.28562194385816176E-14,1.14281097284192895E-14,5.00141744974464634E-10,1.73741653737687887E-11,2.63002216950352263E-19,3.47483316984497208E-11,1.73741660600907923E-11,8.66593024771559428E-10,1.40682637668773186E+04,1,1,1,1
N2,SVD_MIN,-1,19,.3000000000000000E-05,6.25498258503177742E-12,1.56865830893771929E-19,1.25099652488643585E-11,6.25498250709941402E-12,1.06082363184803048E-21,1.25786632962423763E-16,8.00000006002651975E-01,1.99999993997347802E-01,5.75259971584955835E-21,8.46701349332609073E-22,2.64305742632922399E-15,5.75536405942388913E-14,1.90982125537605833E-21,1.15107280824234298E-13,5.75536383439802289E-14,2.58274015914591383E-13,4.11413040063955595E-15,1.28704712954833373E-22,8.22826079627497590E-15,4.11413026627760008E-15,3.00085177691169678E-10,6.25471644372758211E-12,1.56854151745699204E-19,1.25094329662626758E-11,6.25471636581269695E-12,5.19954776240423317E-10,1.40683018617965263E+04,1,1,1,1
N2,SVD_MIN,-1,20,.2000000000000000E-05,2.77999588040484044E-12,1.08613852636842786E-19,5.55999189740429826E-12,2.77999590627272902E-12,2.42487392108662327E-21,3.05289670311880583E-16,8.00000004883968940E-01,1.99999995116030782E-01,1.52166831608213102E-19,3.49751745021724051E-22,4.02872748858105848E-15,2.55794281239615131E-14,1.30465868997476139E-21,5.11588575992240169E-14,2.55794281238717849E-14,1.72178265137939796E-13,1.82850472438545208E-15,8.93603881551717947E-23,3.65700954488547073E-15,1.82850472912038811E-15,2.00056828696302503E-10,2.77987759523602198E-12,1.08605979876991588E-19,5.55975532705997604E-12,2.77987762110500916E-12,3.46636171287381154E-10,1.40683209093337246E+04,1,1,1,1
N2,SVD_MIN,-1,21,.1000000000000000E-05,6.94999991804304151E-13,5.43069263184213928E-20,1.38999994352190283E-12,6.94999896224078639E-13,1.05891521368299416E-21,1.22115526692688089E-15,8.00000034779567382E-01,1.99999965220431369E-01,4.64283036960035578E-19,1.55141042781732435E-22,1.96983494242398359E-15,6.39486656046716456E-15,6.52329344987380696E-22,1.27897325627400760E-14,6.39486534773037122E-15,8.60869271086341174E-14,4.57126861261961959E-16,4.46801940775858974E-23,9.14253685587103953E-16,4.57126778940745564E-16,1.00028436132587828E-10,6.94970420467439256E-13,5.43029899384957938E-20,1.38994080085162817E-12,6.94970324894360092E-13,1.73317912540996657E-10,1.40683399569192843E+04,1,1,1,1
N2,SVD_MIN,1,1,.1000000000000000E-01,7.04417540606845248E-05,5.32420564527127860E-16,1.40875728008931129E-04,7.04339739489147712E-05,6.26189104653568628E-18,1.14271223421915258E-23,8.00017672468042673E-01,1.99982327531957271E-01,1.58065921545322010E-27,1.16606687864615795E-18,3.15323904313109160E-15,6.47982137280783672E-07,6.47013739013814833E-18,1.29592015411130521E-06,6.47938016845073886E-07,9.66650843533515384E-10,4.63226196635958773E-08,4.38561715375879916E-19,9.26414997024504044E-08,4.63188800394228730E-08,1.00246730323794957E-06,7.04387584253913292E-05,5.32381068894415178E-16,1.40869736815801036E-04,7.04309783910750815E-05,1.71608101896829327E-06,1.42614086252028865E+04,1,1,1,1
N2,SVD_MIN,1,2,.7500000000000000E-02,3.94897338451682950E-05,3.94587817867997121E-16,7.89761955310258298E-05,3.94864616862927742E-05,6.29020938999411852E-18,1.99706459723957896E-23,8.00013258252756931E-01,1.99986741747243069E-01,5.07498743986379061E-27,2.21552588199734738E-18,3.36366069255818025E-15,3.63283368295156091E-07,4.78951055657001679E-18,7.26548211201543046E-07,3.63264842913577047E-07,6.61806197246202460E-10,2.59698470897823039E-08,3.26016647742148228E-19,5.19381228648961880E-08,2.59682757754756796E-08,7.51440615265282320E-07,3.94880542686467718E-05,3.94558614544913440E-16,7.89728364102684131E-05,3.94847821420559931E-05,1.29023603140716375E-06,1.42126589366007865E+04,1,1,1,1
N2,SVD_MIN,1,3,.5000000000000000E-02,1.74919438888920334E-05,2.66210282263563930E-16,3.49829212150749917E-05,1.74909773264514440E-05,7.09011020653844079E-18,4.63267991411035821E-23,8.00008841429751816E-01,1.99991158570248156E-01,3.28615931337547784E-26,6.59202623315520132E-19,1.98303585589631553E-15,1.60926596861267216E-07,3.23506869506907417E-18,3.21847730595763387E-07,1.60921133738234684E-07,4.16683175141018404E-10,1.15039106791712328E-08,2.19280857687939958E-19,2.30073576494413366E-08,1.15034469704943310E-08,5.00687435919702000E-07,1.74911998245577514E-05,2.66190534447207589E-16,3.49814330958574113E-05,1.74902332715679525E-05,8.62287736411872067E-07,1.41642362725328985E+04,1,1,1,1
N2,SVD_MIN,1,4,.3000000000000000E-02,6.28019559070095102E-06,1.54709014630630557E-16,1.25601829132853872E-05,6.27998732274087640E-06,6.15882595668021987E-19,1.21375820696219287E-22,8.00005306100007418E-01,1.99994693899992609E-01,1.92352042527482823E-27,2.67892408701386645E-19,3.30968768059173676E-15,5.77810833201329158E-08,1.89010842419093670E-18,1.15560991048281863E-07,5.77799077301130244E-08,2.47158672465886330E-10,4.13045970441499352E-09,1.29274333998808127E-19,8.26081956809604816E-09,4.13035986381237783E-09,3.00281549395281312E-07,6.27992841863445581E-06,1.54697414284376548E-16,1.25596485711740442E-05,6.27972015269599557E-06,5.18401031474316022E-07,1.41257314039526955E+04,1,1,1,1
N2,SVD_MIN,1,5,.2000000000000000E-02,2.78745653254219158E-06,1.04681747933944397E-16,5.57485143133934033E-06,2.78739489890178696E-06,5.58925990583264445E-20,2.82076718658908996E-22,8.00003537800044073E-01,1.99996462199955843E-01,8.04144177793067016E-29,3.14921451857286952E-19,3.51532441880651941E-15,2.56467297168772567E-08,1.26780264737216497E-18,5.12931117676587475E-08,2.56463820520560901E-08,1.65898896357454883E-10,1.83333665644984505E-09,8.65292854255323131E-20,3.66664377786076365E-09,1.83330712149659280E-09,2.00144087886092356E-07,2.78733794236430397E-06,1.04674034696461148E-16,5.57461425157964506E-06,2.78727630931996787E-06,3.45944767158735900E-07,1.41065561551223309E+04,1,1,1,1
N2,SVD_MIN,1,6,.1000000000000000E-02,6.95931240218702541E-07,5.23408739669721986E-17,1.39185478556786884E-06,6.95923545401866890E-07,2.48442946548578646E-19,1.13131887622234747E-21,8.00001769094870641E-01,1.99998230905129248E-01,2.54892135643661721E-26,1.85838131151969568E-19,4.15584570503869506E-15,6.40326691298669364E-09,6.33901323686082484E-19,1.28064904491301425E-08,6.40322353678371808E-09,8.41920946713979488E-11,4.57729970523669849E-10,4.32646427127661566E-20,9.15456255040555141E-10,4.57726284559858359E-10,1.00050246648581669E-07,6.95901630813189496E-07,5.23370173482305740E-17,1.39179556683099117E-06,6.95893936070498238E-07,1.73144849224422082E-07,1.40874320898844780E+04,1,1,1,1
N2,SVD_MIN,1,7,.7500000000000000E-03,3.91330352261026283E-07,3.86772536576576393E-17,7.82657459185271082E-07,3.91327106961752265E-07,1.32819734421986960E-18,1.95370283796165881E-21,8.00001326868251761E-01,1.99998673131748128E-01,2.30394689720144265E-24,1.82123017734463542E-19,2.97315330801861688E-15,3.60065617190944631E-09,4.72527106047734174E-19,7.20129405220196607E-09,3.60063788075739940E-09,6.34543235201975043E-11,2.57388284757196319E-10,3.23185834997020318E-20,5.14775015058615650E-10,2.57386730332720983E-10,7.50335989971322740E-08,3.91313702324799135E-07,3.86743535710941370E-17,7.82624159344063303E-07,3.91310457056768987E-07,1.29891024019645251E-07,1.40826590471193886E+04,1,1,1,1
N2,SVD_MIN,1,8,.5000000000000000E-03,1.73866430549892732E-07,2.61704369834860993E-17,3.47731899799460041E-07,1.73865469275791766E-07,2.83041497184652224E-19,4.53130556420588353E-21,8.00000884587337646E-01,1.99999115412662354E-01,5.30031433637933899E-25,2.47378617831223794E-19,3.45060845795558744E-15,1.59976688399502935E-09,3.16950661843041242E-19,3.19952835066870553E-09,1.59976146698708767E-09,4.25297624220733010E-11,1.14357118821840228E-10,2.16323213563830783E-20,2.28713777238780218E-10,1.14356658438626106E-10,5.00196756061589450E-08,1.73859032956377945E-07,2.61685086741152870E-17,3.47717104621678213E-07,1.73858071691522847E-07,8.66156206714549262E-08,1.40778891874204073E+04,1,1,1,1
N2,SVD_MIN,1,9,.3000000000000000E-03,6.25751718960437173E-08,1.59803222889470165E-17,1.25150136205169587E-07,6.25749643248296224E-08,3.10262815266089968E-19,1.30436365666762568E-20,8.00000530704594537E-01,1.99999469295405435E-01,4.91685136225989216E-24,4.64869517451356219E-20,2.99293326507471588E-15,5.75765040964835873E-10,1.94235208448659715E-19,1.15152891226143834E-09,5.75763871490889820E-10,2.56352910977558434E-11,4.11577190180001722E-11,1.31065045037533358E-20,8.23153386227127225E-11,4.11576196177528072E-11,3.00104980911817355E-08,6.25725094468744059E-08,1.59791364398066064E-17,1.25144811308826362E-07,6.25723018776545707E-08,5.19797483619568838E-08,1.40740755893404548E+04,1,1,1,1
N2,SVD_MIN,1,10,.2000000000000000E-03,2.78074683120192230E-08,1.04237022892688321E-17,5.56148751121650113E-08,2.78074068103181081E-08,2.12742876863009160E-19,2.81029715986412124E-20,8.00000353813381637E-01,1.99999646186618280E-01,1.17062636739824215E-23,4.53845274340395005E-20,4.27491201258712092E-15,2.55862023419994979E-10,1.27790528260253479E-19,5.11723700198007091E-10,2.55861676900766232E-10,1.71312108872413120E-11,1.82899108078564670E-11,8.45423650793327113E-21,3.65797921551207997E-11,1.82898813555262773E-11,2.00065629956426952E-08,2.78062851533261677E-08,1.04229155000930682E-17,5.56125087953705997E-08,2.78062236522160536E-08,3.46566254987342700E-08,1.40721695529711324E+04,1,1,1,1
N2,SVD_MIN,1,11,.1000000000000000E-03,6.95093751450879801E-09,5.21185114463441605E-18,1.39018673454175278E-08,6.95092983612010501E-09,1.36777915863153276E-20,1.12441805221976224E-19,8.00000176624948711E-01,1.99999823375051344E-01,7.74418584501037904E-25,2.52594821553278371E-20,8.64920779594612150E-15,6.39571203650401386E-11,6.38952641301267395E-20,1.27914197464481986E-10,6.39570771624956285E-11,8.58673202587961213E-12,4.57187566390805207E-12,4.22711825396663556E-21,9.14374764966287094E-12,4.57187199001972172E-12,1.00030636404799650E-08,6.95064176283839777E-09,5.21145775004653411E-18,1.39012758421503216E-08,6.95063408452293673E-09,1.73300431349289612E-08,1.40702640247763102E+04,1,1,1,1
N2,SVD_MIN,1,12,.7499999999999999E-04,3.90977165528271448E-09,3.99508057223675414E-18,7.81954006818838282E-09,3.90976841694787831E-09,6.71097029588363920E-20,2.08823189705095529E-19,8.00000132357349458E-01,1.99999867642650486E-01,5.89248211763619327E-23,2.91344288598954375E-20,3.66496027996170026E-15,3.59747012152254734E-11,4.85588021121649288E-20,7.19493841632200289E-11,3.59746829965746468E-11,6.44408229673790850E-12,2.57159541495632115E-12,3.27662612593833396E-21,5.14318927724019453E-12,2.57159386558543029E-12,7.50225688311213580E-09,3.90960530031122573E-09,3.99478410995165159E-18,7.81920735827655198E-09,3.90960206200725746E-09,1.29978568481084777E-08,1.40697877221072285E+04,1,1,1,1
N2,SVD_MIN,1,13,.5000000000000000E-04,1.73761820795070504E-09,2.60592557231720802E-18,3.47523545402427740E-09,1.73761724868661833E-09,9.05371970130866353E-21,4.49827064400822161E-19,8.00000088088513306E-01,1.99999911911486666E-01,5.42969776523879137E-24,9.86187322725213530E-21,4.95435865770513002E-15,1.59882321355932958E-11,3.19476320650633697E-20,3.19764588431457086E-11,1.59882267403862001E-11,4.29876285580123794E-12,1.14289367766858431E-12,2.11355912698331778E-21,2.28578689434410321E-12,1.14289321878249615E-12,5.00147735751051496E-09,1.73754427478238356E-09,2.60572887502326705E-18,3.47508758769695635E-09,1.73754331552742624E-09,8.66545424324314560E-09,1.40693114511833464E+04,1,1,1,1
N2,SVD_MIN,1,14,.3000000000000000E-04,6.25525827492721517E-10,1.50716608914104193E-18,1.25105144670085070E-09,6.25525620740739969E-10,2.93598406913431123E-20,1.16107935946805869E-18,8.00000052492003899E-01,1.99999947507995990E-01,4.40602610609788968E-22,6.86768171614870300E-21,2.05571952826714385E-15,5.75561267331529994E-12,1.83030056568681645E-20,1.15112241671256435E-11,5.75561151264078389E-12,2.58056580310521762E-12,4.11430890378454289E-13,1.24446775133082475E-21,8.22861680715654502E-13,4.11430791593856847E-13,3.00087334363109726E-09,6.25499212235979787E-10,1.50705443549350384E-18,1.25099821618942382E-09,6.25499005485945836E-10,5.19937639702267751E-09,1.40689304572984311E+04,1,1,1,1
N2,SVD_MIN,1,15,.2000000000000000E-04,2.78007760749567294E-10,1.05208469246350784E-18,5.56015460493096063E-10,2.78007700792440780E-10,6.16963513507531148E-21,2.86429452987561755E-18,8.00000033903065177E-01,1.99999966096934767E-01,9.84997736015305179E-23,4.06384463551684964E-21,1.84517456390786737E-15,2.55801653306936786E-12,1.26018454350517042E-20,5.11603272474485509E-12,2.55801620431431504E-12,1.72081506356710167E-12,1.82855765244875238E-13,8.57714907287922758E-22,3.65711501420176388E-13,1.82855737025739579E-13,2.00057787215468882E-09,2.77995931898605829E-10,1.05200886780140905E-18,5.55991802791737892E-10,2.77995871941971798E-10,3.46628554964393045E-09,1.40687399679728733E+04,1,1,1,1
N2,SVD_MIN,1,16,.1000000000000000E-04,6.95010114636682740E-11,5.26042346231753920E-19,1.39002014592500630E-10,6.95010036710989299E-11,1.57926539115236941E-20,1.14574829333482145E-17,8.00000016691102545E-01,1.99999983308897455E-01,1.03266163596851155E-20,9.52759882491354235E-22,2.83779998846280245E-15,6.39495757067948466E-13,6.30092271752585210E-21,1.27899146268006125E-12,6.39495712085217391E-13,8.60627072451607658E-13,4.57133399139491779E-14,4.28857453643961379E-22,9.14266756043761842E-14,4.57133361287868192E-14,1.00028675761955463E-09,6.94980542888805959E-11,5.26004433900704526E-19,1.38996100243046895E-10,6.94980464963960766E-11,1.73316008439298085E-09,1.40685494837273636E+04,1,1,1,1
N2,SVD_MIN,1,17,.7500000000000000E-05,3.90941875044280606E-11,3.76791522285260483E-19,7.81883720989677472E-11,3.90941849636739011E-11,6.11200697127172281E-21,1.85783822839099297E-17,8.00000008887745806E-01,1.99999991112254111E-01,4.88847424500239552E-21,1.88373421881439167E-21,3.93615702567576289E-15,3.59715174884500108E-13,4.57575141421704114E-21,7.19430335656583665E-13,3.59715165277928810E-13,6.45511539647896460E-13,2.57136684125607615E-14,3.11116937832706186E-22,5.14273355573931886E-14,2.57136674510171407E-14,7.50214659754834124E-10,3.90925240990089317E-11,3.76763608873375959E-19,7.81850452881363653E-11,3.90925215582356889E-11,1.29987330888890271E-09,1.40685018634575499E+04,1,1,1,1
N2,SVD_MIN,1,18,.5000000000000000E-05,1.73751367540049350E-11,2.63021173115876960E-19,3.47502722219181068E-11,1.73751357327193123E-11,2.16115864888807715E-21,4.58305416050127726E-17,8.00000006966087418E-01,1.99999993033912582E-01,3.09418920889155872E-21,1.11275373491274812E-21,1.88375354039013673E-15,1.59872891879482969E-13,3.15046135876292605E-21,3.19745774376507121E-13,1.59872885701800912E-13,4.30368535679805497E-13,1.14282597802965069E-14,2.14428726821980689E-22,2.28565188338656901E-14,1.14282592704884352E-14,5.00142834196935844E-10,1.73743974650545394E-11,2.63002216950352263E-19,3.47487936440494076E-11,1.73743964437826427E-11,8.66584369668606576E-10,1.40684542435082112E+04,1,1,1,1
N2,SVD_MIN,1,19,.3000000000000000E-05,6.25503253821222442E-12,1.56865830893771929E-19,1.25100646559368844E-11,6.25503227865046149E-12,5.56366449557262855E-21,1.25784633379888797E-16,8.00000002523048925E-01,1.99999997476950880E-01,1.58231427348817878E-19,1.58738882996614178E-21,6.07510516867748998E-15,5.75540906855432880E-14,1.90982125537605833E-21,1.15108177568640243E-13,5.75540888082839741E-14,2.58234334071425048E-13,4.11416272069591661E-15,1.28704712954833373E-22,8.22832516302427047E-15,4.11416257314796533E-15,3.00085569811259366E-10,6.25476639487072527E-12,1.56854151745699204E-19,1.25095323692711665E-11,6.25476613531528898E-12,5.19951660403360254E-10,1.40684161477761081E+04,1,1,1,1
N2,SVD_MIN,1,20,.2000000000000000E-05,2.78001073974940136E-12,1.08613852636842786E-19,5.56002129898023485E-12,2.78001066498868916E-12,2.57691352299266325E-21,3.05286439012182978E-16,7.99999998215998320E-01,2.00000001784001402E-01,1.71844946285889236E-19,2.74614996327396804E-22,4.96849426255169881E-15,2.55795622259502672E-14,1.30465868997476139E-21,5.11591226734434804E-14,2.55795617197224787E-14,1.72160628762887145E-13,1.82851435064752406E-15,8.93603881551717947E-23,3.65702857413680596E-15,1.82851431049308167E-15,2.00057002971897896E-10,2.77989245397256557E-12,1.08605979876991588E-19,5.55978472743532945E-12,2.77989237921335667E-12,3.46634786470908681E-10,1.40683970999860121E+04,1,1,1,1
N2,SVD_MIN,1,21,.1000000000000000E-05,6.95001734695916955E-13,5.43069263184213928E-20,1.39000342440631181E-12,6.95001746661533851E-13,2.36064702632493019E-21,1.22114907352726187E-15,7.99999984134309949E-01,2.00000015865688718E-01,2.30738649754361675E-18,2.94133715908606994E-22,2.35639507333146994E-15,6.39488194915900953E-15,6.52329344987380696E-22,1.27897633773232671E-14,6.39488211405488301E-15,8.60825180148241341E-14,4.57127970020891074E-16,4.46801940775858974E-23,9.14255904181920217E-16,4.57127981023096056E-16,1.00028479701486664E-10,6.94972163290882462E-13,5.43029899384957938E-20,1.38994428159914623E-12,6.94972175255484062E-13,1.73317566336878513E-10,1.40683780522465058E+04,1,1,1,1
N2,LEGACY,-1,1,.1000000000000000E-01,5.17871636265131788E-02,5.51049174271697088E-15,1.03560791069603864E-01,5.17736274430995388E-02,3.05209352372811130E-14,2.26517982973548323E-27,8.00041825888060609E-01,1.99958174111939446E-01,6.94892538797567377E-26,1.77116210644820799E-14,1.63273636345421502E-16,6.02467977169802841E-04,7.13825487059348194E-17,1.20477804530321852E-03,6.02310068137491524E-04,1.30649572723076802E-02,4.16052533039581502E-05,4.33680868994201774E-18,8.31996339596635339E-05,4.15943806559039689E-05,6.68581423631681940E-03,5.17836423768995996E-02,5.51002767419389198E-15,1.03553749495827574E-01,5.17701071189367729E-02,1.56064488898773990E-03,1.22042495664027694E+05,1,1,1,1
N2,LEGACY,-1,2,.7500000000000000E-02,9.91439053439584911E-03,5.35352741681435535E-15,1.98268402838293160E-02,9.91244974943974490E-03,5.85067703875147890E-15,5.83283964698644619E-26,8.00031323453175514E-01,1.99968676546824570E-01,6.96646125045364781E-26,4.36143727502636750E-15,1.00485095169469240E-16,1.15688324778320199E-04,1.97714968624846754E-16,2.31353827839103914E-04,1.15665503064519781E-04,9.79871800007301071E-03,7.99401564070575295E-06,3.99834005196945565E-18,1.59864677602357768E-05,7.99245211971314899E-06,5.01445495292915551E-03,9.91371232060633996E-03,5.34987370010185340E-15,1.98254839910573105E-02,9.91177167045720516E-03,1.17025569303770820E-03,4.17928796345085066E+04,1,1,1,1
N2,LEGACY,-1,3,.5000000000000000E-02,2.64312775038345578E-03,2.75524587135848544E-15,5.28591106399495855E-03,2.64278331361001697E-03,9.93924378290296422E-16,2.17361350324241255E-25,8.00020851476372363E-01,1.99979148523627581E-01,2.82857884169828665E-26,1.77778959341751003E-15,8.85338188822558919E-17,3.09333941623396864E-05,3.56912743529674097E-17,6.18627078359850683E-05,3.09293136748544232E-05,6.53247869727392044E-03,2.13879551432286968E-06,2.16840434497100887E-18,4.27731283574789090E-06,2.13851732148176988E-06,3.34303282397687383E-03,2.64294586693077224E-03,2.75501383709694599E-15,5.28554732136970150E-03,2.64260145443742786E-03,7.80018515410280805E-04,2.52197567773971714E+04,1,1,1,1
N2,LEGACY,-1,4,.3000000000000000E-02,7.19052260786666756E-04,2.52897216937465670E-15,1.43804836549966323E-03,7.18996104711021496E-04,7.34402148485755331E-16,2.47421756193023496E-24,8.00012496015495733E-01,1.99987503984504295E-01,2.08649650921444591E-25,2.62540511475593441E-16,7.59678185459523662E-17,8.43491025635296991E-06,1.04754320677609848E-16,1.68691515195090916E-05,8.43424126328231093E-06,3.91948723303120906E-03,5.83496663413877631E-07,1.80121192763914195E-18,1.16694789148361810E-06,5.83451228078212701E-07,2.00584986707292483E-03,7.19002549065737157E-04,2.52680104507785127E-15,1.43794894606028446E-03,7.18946396992571016E-04,4.67938190361454835E-04,1.91477214141507284E+04,1,1,1,1
N2,LEGACY,-1,5,.2000000000000000E-02,2.84588756053086951E-04,1.85927000430037103E-15,5.69162703691945978E-04,2.84573947637355889E-04,1.04886036534226326E-16,8.53702523107427818E-24,8.00008325705732881E-01,1.99991674294267036E-01,2.71679574387995077E-26,2.37116536283203775E-16,9.72866918689420568E-17,3.34223589244034079E-06,6.42754648456048677E-17,6.68429490003517498E-06,3.34205900759575152E-06,2.61299149357614464E-03,2.31261913542285606E-07,1.60447269478193665E-18,4.62511836417103660E-07,2.31249922875568075E-07,1.33724330274759815E-03,2.84569035646906033E-04,1.85815796938187007E-15,5.69123263940612793E-04,2.84554228292203514E-04,3.11934490721983595E-04,1.70906941144760349E+04,1,1,1,1
N2,LEGACY,-1,6,.1000000000000000E-02,6.40992488658141435E-05,9.29635002150185516E-16,1.28196831026918548E-04,6.40975821604138898E-05,7.64841765194472552E-16,4.20690398779134299E-23,8.00004160362243977E-01,1.99995839637755940E-01,2.84761227482279210E-23,5.27103597236367783E-16,4.49847787370264448E-17,7.53646592598123211E-07,3.21377324228024338E-17,1.50727322513226411E-06,7.53626632517339366E-07,1.30649574923231504E-03,5.21608288808981230E-08,8.02236347390968326E-19,1.04320307236235529E-07,5.21594783548882406E-08,6.68626680546638538E-04,6.40947969902625771E-05,9.29078984690935033E-16,1.28187927395845676E-04,6.40931304048927467E-05,1.55955095082425732E-04,1.54328991945561847E+04,1,1,1,1
N2,LEGACY,-1,7,.7500000000000000E-03,3.51822325828460519E-05,6.32243042343664176E-16,7.03637791618680315E-05,3.51815465784928753E-05,2.13003853190756666E-16,6.45894348227790480E-23,8.00003119806112162E-01,1.99996880193887810E-01,7.33108553155318620E-24,1.11412825413151876E-16,1.13043559731697297E-16,4.13772332205289043E-07,2.61885801694024621E-17,8.27536443790018708E-07,4.13764111566629312E-07,9.79871812382520843E-04,2.86395188390057539E-08,4.50302981909785487E-19,5.72784817179064699E-08,2.86389628786387479E-08,5.01470953398247456E-04,3.51797876876557659E-05,6.31700261269462818E-16,7.03588894209528147E-05,3.51791017327681140E-05,1.16964043269076094E-04,1.50675284829997636E+04,1,1,1,1
N2,LEGACY,-1,8,.5000000000000000E-03,1.52662746535653692E-05,4.64817501075092758E-16,3.05323508895275221E-05,1.52660762353938649E-05,4.07961071240440611E-18,1.85411031205271383E-22,8.00002079563270407E-01,1.99997920436729565E-01,1.42826263036045128E-26,1.03923760375604074E-16,7.84551128153663771E-17,1.79594955506113737E-07,1.60688662114012169E-17,3.59187531815281301E-07,1.79592576296705936E-07,6.53247875227200639E-04,1.24315696218317235E-08,4.01118173695484163E-19,2.48629784132027906E-08,1.24314087908951819E-08,3.34314597595906894E-04,1.52652131628132203E-05,4.64539492345467517E-16,3.05302279223481236E-05,1.52650147589667237E-05,7.79745101867528392E-05,1.47190627903304176E+04,1,1,1,1
N2,LEGACY,-1,9,.3000000000000000E-03,5.39358680312116383E-06,1.78845936716162664E-16,1.07871315504835651E-05,5.39354474726108342E-06,1.93340664983925923E-17,2.19905893928971106E-22,8.00001247588604691E-01,1.99998752411395225E-01,2.56995269970229176E-24,9.65905277409510543E-17,1.46991323251145250E-16,6.34653924370730362E-08,3.68129688780953917E-18,1.26930280338567694E-07,6.34648878978824724E-08,3.91948725282968702E-04,4.39330018306013740E-09,1.27854285482037846E-19,8.78656627281622978E-09,4.39326608968321115E-09,2.00589060318255477E-04,5.39321160772309144E-06,1.78807999782971527E-16,1.07863811627266474E-05,5.39316955490227366E-06,4.67839771710821986E-05,1.44516873985383827E+04,1,1,1,1
N2,LEGACY,-1,10,.2000000000000000E-03,2.37503741550237102E-06,2.03545591756134196E-16,4.75006248583045209E-06,2.37502507012440099E-06,7.39256021823792605E-17,1.46897767458534670E-21,8.00000831691185743E-01,1.99999168308814257E-01,1.93767767194445974E-22,7.37117188784343008E-17,1.52057661293580129E-16,2.79498069541236403E-08,4.54335486541153697E-18,5.58994657694299020E-08,2.79496588108888493E-08,2.61299150237528357E-04,1.93483425615332351E-09,1.88764860366808179E-19,3.86965850382987228E-09,1.93482424750142181E-09,1.33726140799544170E-04,2.37487216282136143E-06,2.03494791623150096E-16,4.74973198136100406E-06,2.37485981833600108E-06,3.11890751371746624E-05,1.43216105412573506E+04,1,1,1,1
N2,LEGACY,-1,11,.1000000000000000E-03,5.88330101040908486E-07,1.01772795878067098E-16,1.17665867319733370E-06,5.88328572058544730E-07,1.99995733343565796E-17,5.98484108426180058E-21,8.00000415843290624E-01,1.99999584156709403E-01,2.31116351694596922E-22,1.60757443015166911E-17,1.10987871399433693E-16,6.92434099569180432E-09,2.27167743270576849E-18,1.38486636408007225E-08,6.92432264351643671E-09,1.30649575143205348E-04,4.79351901715195075E-10,9.43824301834040897E-20,9.58702563857464595E-10,4.79350662058612711E-10,6.68631206936156784E-05,5.88289156380036782E-07,1.01747395811575048E-16,1.17657678398618230E-06,5.88287627508277211E-07,1.55944160812949440E-05,1.41938549492556231E+04,1,1,1,1
N2,LEGACY,-1,12,.7499999999999999E-04,3.30180704059946185E-07,4.47114841790406659E-17,6.60360764645980503E-07,3.30180060520819081E-07,1.55070056498094364E-17,3.66746354404794465E-21,8.00000311880081916E-01,1.99999688119917945E-01,4.41147195931851359E-22,5.13868897413080675E-18,1.01299537792433238E-16,3.88616571978273066E-09,9.20324221952384792E-19,7.77232371506086685E-09,3.88615799486450783E-09,9.79871813619867033E-05,2.69029613796253470E-10,3.19635713705094614E-20,5.38058705878222745E-10,2.69029092031286575E-10,5.01473499503257835E-05,3.30157723932951561E-07,4.47019999457428817E-17,6.60314804438550644E-07,3.30157080440384270E-07,1.16957892822383803E-05,1.41622714798586621E+04,1,1,1,1
N2,LEGACY,-1,13,.5000000000000000E-04,1.46412926803502440E-07,5.08863979390335491E-17,2.92825663399522359E-07,1.46412736540516497E-07,6.76620007475400962E-18,2.41587938470938112E-20,8.00000207980106404E-01,1.99999792019893541E-01,4.27131400224331462E-22,1.13994555979077204E-17,9.41273531419974222E-17,1.72330162046555360E-09,1.13583871635288424E-18,3.44660095800735314E-09,1.72329933627933291E-09,6.53247875777129529E-05,1.19300656183911365E-10,4.71912150917020448E-20,2.38601158159216647E-10,1.19300501922490472E-10,3.34315729202981093E-05,1.46402736087977857E-07,5.08736979057875240E-17,2.92805281982231285E-07,1.46402545838760990E-07,7.79717766903956730E-06,1.41308282865464098E+04,1,1,1,1
N2,LEGACY,-1,14,.3000000000000000E-04,5.26128309780866804E-08,2.17557473507928142E-17,1.05225620969423944E-07,5.26127899746043461E-08,3.10559873419231570E-18,3.41975563207828370E-20,8.00000124745933960E-01,1.99999875254066012E-01,6.96847493245854686E-22,1.99937259088174968E-18,1.26624418391330479E-16,6.19274704418358278E-10,8.18334221434000923E-19,1.23854891693554520E-09,6.19274211849379819E-10,3.91948725480942270E-05,4.28713429883367690E-11,2.14952864611033568E-20,8.57426527493426959E-11,4.28713097421011082E-11,2.00589467698198238E-05,5.26091688246177808E-08,2.17403406101702657E-17,1.05218296665450390E-07,5.26091278241064013E-08,4.67829931226194388E-06,1.41057741034458686E+04,1,1,1,1
N2,LEGACY,-1,15,.2000000000000000E-04,2.33622432062829090E-08,2.35882227346497188E-17,4.67244742891656870E-08,2.33622310613636346E-08,4.99704022329469145E-18,2.03887980781590902E-19,8.00000083323788025E-01,1.99999916676211920E-01,9.15012180516764707E-21,2.91360877245014783E-18,1.32521407774520242E-16,2.74986331894802298E-10,2.99729277372149530E-19,5.49972518228376691E-10,2.74986186090116217E-10,2.61299150325516419E-05,1.90368882965875535E-11,1.92408898933209965E-20,3.80737667626131947E-11,1.90368784497440836E-11,1.33726321857606719E-05,2.33606170240357115E-08,2.35863105196189562E-17,4.67212219255488115E-08,2.33606048799953430E-08,3.11886377845747403E-06,1.40932803059678936E+04,1,1,1,1
N2,LEGACY,-1,16,.1000000000000000E-04,5.83526090639248760E-09,1.17941113673248594E-17,1.16705203095032051E-08,5.83525939029839542E-09,2.39109200456185626E-18,8.17033795619273075E-19,8.00000041921870908E-01,1.99999958078129009E-01,3.35816589571354663E-20,1.37046039920261738E-18,6.00203782167824926E-17,6.86849747677921766E-11,1.49864638686074765E-19,1.37369931486863392E-10,6.86849565934651833E-11,1.30649575165202306E-05,4.75496914061312755E-12,9.62044494666049827E-21,9.50993706395152920E-12,4.75496791236476919E-12,6.68631659582088758E-06,5.83485472057206436E-09,1.17931552598094781E-17,1.16697079379711610E-08,5.83485320458737096E-09,1.55943067437130700E-06,1.40808086259085503E+04,1,1,1,1
N2,LEGACY,-1,17,.7500000000000000E-05,3.28158978748546496E-09,5.43893683769820356E-18,6.56317894265037261E-09,3.28158915036182966E-09,8.04549679576216480E-19,5.49401124724320144E-19,8.00000031298330860E-01,1.99999968701669084E-01,1.20217376407761659E-20,2.94415569230405637E-19,9.38401758077057499E-17,3.86266442367037307E-11,2.04583555358500231E-19,7.72532809308255660E-11,3.86266365425401156E-11,9.79871813743600082E-06,2.67407273450787699E-12,5.37382161527583920E-21,5.34814495758240591E-12,2.67407221807214932E-12,5.01473754116703675E-06,3.28136135849420309E-09,5.43508515254256641E-18,6.56272208471303527E-09,3.28136072141720796E-09,1.16957277799284652E-06,1.40776941548548402E+04,1,1,1,1
N2,LEGACY,-1,18,.5000000000000000E-05,1.45815362158126200E-09,5.89705568366242971E-18,2.91630705809444550E-09,1.45815343051565793E-09,2.22078474171177588E-19,3.27110103313989387E-18,8.00000021623306412E-01,1.99999978376693643E-01,4.63912880285398681E-21,3.19177724897119496E-19,8.88075620426841100E-17,1.71635529111704679E-11,7.49323193430373825E-20,3.43271035824236797E-11,1.71635506386624960E-11,6.53247875832121771E-06,1.18821137586460814E-12,4.81022247333024913E-21,2.37642260213331250E-12,1.18821122122897885E-12,3.34315842364561071E-06,1.45805212003403443E-09,5.89657762990473904E-18,2.91610405501359581E-09,1.45805192898200646E-09,7.79715033471511086E-07,1.40745810615554492E+04,1,1,1,1
N2,LEGACY,-1,19,.3000000000000000E-05,5.24840090589510123E-10,1.61916617984361887E-18,1.04968014324052373E-09,5.24840050857057895E-10,3.50140796376854042E-19,1.90352628560167535E-18,8.00000012659523585E-01,1.99999987340476415E-01,8.90146442992677300E-20,5.24907647206510489E-19,1.01628936535429073E-16,6.17777224802179830E-12,1.95953806913833188E-20,1.23555440576382516E-11,6.17777179233423259E-12,3.91948725500739582E-06,4.27679690822923383E-13,1.25277862371761243E-21,8.55359351097966073E-13,4.27679658637473726E-13,2.00589508436380964E-06,5.24803556495322107E-10,1.61904711776731735E-18,1.04960707505469252E-09,5.24803516765494420E-10,4.67828947191536562E-07,1.40720915782828961E+04,1,1,1,1
N2,LEGACY,-1,20,.2000000000000000E-05,2.33241110472132820E-10,1.57639912889764347E-18,4.66482210420520888E-10,2.33241097859116525E-10,6.16614972263114348E-19,9.13591798662557800E-18,8.00000010085555213E-01,1.99999989914444759E-01,1.39780938298864015E-18,1.03800239895519703E-19,1.09091415306027833E-16,2.74543067389470892E-12,1.70288475774090834E-20,5.49086122160894540E-12,2.74543051486349961E-12,2.61299150334315168E-06,1.90062888968875566E-13,1.29674907256175835E-21,3.80125769427426588E-13,1.90062878682809701E-13,1.33726339963468792E-06,2.33224874532685140E-10,1.57630661686782156E-18,4.66449738542385293E-10,2.33224861920671233E-10,3.11885940497237786E-07,1.40708471669428145E+04,1,1,1,1
N2,LEGACY,-1,21,.1000000000000000E-05,5.83049904369455117E-11,7.88199564448821735E-19,1.16609980200351739E-10,5.83049887527905076E-11,1.55594199166280637E-20,3.65502985635091457E-17,8.00000007394964352E-01,1.99999992605035731E-01,1.42431271442409362E-20,2.31554320918910296E-19,8.23084973085510138E-17,6.86296208356260076E-13,8.51442378870454171E-21,1.37259241246747913E-12,6.86296192984193561E-13,1.30649575167401995E-06,4.75114795328747618E-14,6.48374536280879177E-22,9.50229584126783130E-14,4.75114781351233942E-14,6.68631704846751586E-07,5.83009318109583562E-11,7.88153308433910778E-19,1.16601862948381047E-10,5.83009301268681952E-11,1.55942958100060097E-07,1.40696029757204615E+04,1,1,1,1
N2,LEGACY,1,1,.1000000000000000E-01,3.02847254496157320E-03,5.51049174271697088E-15,6.05772741273504205E-03,3.02925486780363743E-03,2.13775031976085841E-15,6.61955522086509468E-25,7.99958673189778091E-01,2.00041326810221826E-01,9.96235601585289838E-26,1.48004694295240484E-15,1.27500019424846762E-16,3.60362797287082468E-05,7.13825487059348194E-17,7.20821465395008896E-05,3.60458668786086485E-05,1.30649577611282042E-02,2.50124829995781157E-06,4.33680868994201774E-18,5.00313274477391261E-06,2.50188444798920419E-06,6.68682011788724034E-03,3.02825710366314265E-03,5.51002767419389198E-15,6.05729647118370598E-03,3.02903936754991875E-03,1.55821517773422681E-03,7.46596500965568339E+03,1,1,1,1
N2,LEGACY,1,2,.7500000000000000E-02,1.93998568093571317E-03,5.35352741681435535E-15,3.88034778330148718E-03,1.94036210237839130E-03,7.50869727617714378E-16,1.52269139469366685E-24,7.99968957412931059E-01,2.00031042587068913E-01,2.99544273914053723E-26,2.50387757773142617E-16,1.64187222133336730E-16,2.30235092019155161E-05,1.97714968624846754E-16,4.60516111832619222E-05,2.30281020003883742E-05,9.79871827503454688E-03,1.59698962844318223E-06,3.99834005196945565E-18,3.19428531240618887E-06,1.59729568485223813E-06,5.01502076131297731E-03,1.93984839868577329E-03,5.34987370010185340E-15,3.88007319067843522E-03,1.94022479200505154E-03,1.16888898041734874E-03,8.45875518225624728E+03,1,1,1,1
N2,LEGACY,1,3,.5000000000000000E-02,9.99663251063446535E-04,2.75524587135848544E-15,1.99945600732081901E-03,9.99792756261924827E-04,8.36516350526754769E-16,1.51906287314524406E-24,7.99979273395766133E-01,2.00020726604233895E-01,1.40024456949820148E-25,1.47149789627965499E-15,1.31613582179580062E-16,1.18320763691311062E-05,3.56912743529674097E-17,2.36657251673249428E-05,1.18336488014616134E-05,6.53247881947904493E-03,8.20176932693287644E-07,2.16840434497100887E-18,1.64045910777339911E-06,8.20282175234271035E-07,3.34328429436982948E-03,9.99592889533200673E-04,2.75501383709694599E-15,1.99931527467719049E-03,9.99722385148503782E-04,7.79411087566229369E-04,9.75560188586424010E+03,1,1,1,1
N2,LEGACY,1,4,.3000000000000000E-02,4.11953379666213945E-04,2.52897216937465670E-15,8.23938818288055233E-04,4.11985438623626318E-04,3.93488032901434127E-16,7.53670296443787614E-24,7.99987548945833904E-01,2.00012451054166152E-01,1.82455246744648224E-25,1.26852421296150491E-15,1.51069287600782589E-16,4.86526168776705722E-06,1.04754320677609848E-16,9.73091097333176266E-06,4.86564928602496959E-06,3.91948727702505322E-03,3.37075750781423668E-07,1.80121192763914195E-18,6.74177535918395021E-07,3.37101785155239736E-07,2.00594039641441551E-03,4.11924510835497148E-04,2.52680104507785127E-15,8.23881078274162049E-04,4.11956567440444673E-04,4.67719516335240635E-04,1.11191144131045457E+04,1,1,1,1
N2,LEGACY,1,5,.2000000000000000E-02,1.97278031300189848E-04,1.85927000430037103E-15,3.94566303688950618E-04,1.97288272390394798E-04,8.22617952111471650E-17,1.77635767613275115E-23,7.99991694278342380E-01,2.00008305721657509E-01,3.47729757130579582E-26,1.70732739784494999E-16,9.00864465679428685E-17,2.32732330587689624E-06,6.42754648456048677E-17,4.65477014934441029E-06,2.32744684359141422E-06,2.61299151312896450E-03,1.61200391845025297E-07,1.60447269478193665E-18,3.22409096500690059E-07,1.61208704660265871E-07,1.33728353801048673E-03,1.97264237038400519E-04,1.85815796938187007E-15,3.94538714417219715E-04,1.97274477380451842E-04,3.11837302265561243E-04,1.19544827076718248E+04,1,1,1,1
N2,LEGACY,1,6,.1000000000000000E-02,5.34440915765580689E-05,9.29635002150185516E-16,1.06889571166947939E-04,5.34454795911783084E-05,1.13143676972642745E-17,6.05120681280119727E-23,7.99995844631962827E-01,2.00004155368037118E-01,8.96350032639832143E-27,1.42996034423043582E-16,7.57205635302179263E-17,6.29787127508146272E-07,3.21377324228024338E-17,1.25959095947643878E-06,6.29803832001384176E-07,1.30649575412051990E-03,4.36105668453791814E-08,8.02236347390968326E-19,8.72222597764249805E-08,4.36116929319694289E-08,6.68636739362361279E-04,5.34403629360431066E-05,9.29078984690935033E-16,1.06882113784983847E-04,5.34417508497288333E-05,1.55930797968271056E-04,1.29255568064656109E+04,1,1,1,1
N2,LEGACY,1,7,.7500000000000000E-03,3.07025729385789162E-05,6.32243042343664176E-16,6.14057440052680919E-05,3.07031710671667465E-05,1.63407067921551749E-16,8.48083115464413924E-23,7.99996883003529113E-01,2.00003116996470914E-01,5.66515731298772320E-24,3.17639702486212116E-16,9.81374472766679994E-17,3.61698976861131765E-07,2.61885801694024621E-17,7.23405147772058424E-07,3.61706170933544079E-07,9.79871815132136049E-04,2.50447937373534638E-08,4.50302981909785487E-19,5.00900726641999363E-08,2.50452789271924160E-08,5.01476611482091464E-04,3.07004321086398182E-05,6.31700261269462818E-16,6.14014623019461725E-05,3.07010301937836810E-05,1.16950376142360081E-04,1.31934880117985485E+04,1,1,1,1
N2,LEGACY,1,8,.5000000000000000E-03,1.39422260240537905E-05,4.64817501075092758E-16,2.78846331499061945E-05,1.39424071264177257E-05,2.20096384063655042E-16,2.22292050126033592E-22,7.99997921687737756E-01,2.00002078312262133E-01,4.98407769133796827E-23,1.19495735242140976E-16,6.87153149368799759E-17,1.64203654082617550E-07,1.60688662114012169E-17,3.28409485077610239E-07,1.64205831008494394E-07,6.53247876449251853E-04,1.13690782980422000E-08,4.01118173695484163E-19,2.27383034811563763E-08,1.13692251836058772E-08,3.34317112299837606E-04,1.39412544058935862E-05,4.64539492345467517E-16,2.78826899004474308E-05,1.39414354951190494E-05,7.79684359082110940E-05,1.34727635585209955E+04,1,1,1,1
N2,LEGACY,1,9,.3000000000000000E-03,5.10795126638677058E-06,1.78845936716162664E-16,1.02159423471289653E-05,5.10799108092139809E-06,3.50065563659039293E-17,2.45183137696789971E-22,7.99998752859701234E-01,2.00001247140298821E-01,9.39358187182952097E-24,3.44004128083239567E-17,9.08631726185469792E-17,6.01450407370827633E-08,3.68129688780953917E-18,1.20290559825700333E-07,6.01455190931858700E-08,3.91948725722907152E-04,4.16408989914353617E-09,1.27854285482037846E-19,8.32821208644213254E-09,4.16412218744654424E-09,2.00589965611670524E-04,5.10759545913850319E-06,1.78807999782971527E-16,1.02152307297467909E-05,5.10763527078744869E-06,4.67817904308069396E-05,1.37048447425328523E+04,1,1,1,1
N2,LEGACY,1,10,.2000000000000000E-03,2.29043784696345295E-06,2.03545591756134196E-16,4.58088759644276863E-06,2.29044974971169197E-06,1.16975909362561853E-17,1.57947831280926689E-21,7.99999168511624337E-01,2.00000831488375636E-01,5.21654700315733660E-24,4.06186797813096178E-17,1.95549064676148625E-16,2.69663844649322899E-08,4.54335486541153697E-18,5.39329118978328470E-08,2.69665274378026875E-08,2.61299150433056575E-04,1.86694670619818079E-09,1.88764860366808179E-19,3.73390306434748850E-09,1.86695635836938325E-09,1.33726543152173059E-04,2.29027833667034112E-06,2.03494791623150096E-16,4.58056857499430186E-06,2.29029023855629595E-06,3.11881032526078528E-05,1.38239103001946532E+04,1,1,1,1
N2,LEGACY,1,11,.1000000000000000E-03,5.77757642171458609E-07,1.01772795878067098E-16,1.15551678550340269E-06,5.77759143472377061E-07,1.24588843360569036E-17,6.20584115408936807E-21,7.99999584202236602E-01,2.00000415797763315E-01,9.30026989659552247E-23,5.09610964345997687E-17,1.36052905320754080E-16,6.80144207349944296E-09,2.27167743270576849E-18,1.36029021733529586E-08,6.80146010259443900E-09,1.30649575192087389E-04,4.70867952361812217E-10,9.43824301834040897E-20,9.41737121954103447E-10,4.70869169719059243E-10,6.68632212817728939E-05,5.77717415140495404E-07,1.01747395811575048E-16,1.15543633133278798E-06,5.77718916332702895E-07,1.55941731101532365E-05,1.39450632509870902E+04,1,1,1,1
N2,LEGACY,1,12,.7499999999999999E-04,3.25720600937961339E-07,4.47114841790406659E-17,6.51441836652952875E-07,3.25721235761998953E-07,1.96591132236698141E-17,3.76857096620312517E-21,7.99999688139841902E-01,2.00000311860158181E-01,7.28561760703757642E-22,2.19691517821935047E-17,9.19044028073858350E-17,3.83431951372095922E-09,9.20324221952384792E-19,7.66864665023531939E-09,3.83432713717490194E-09,9.79871813894828429E-05,2.65450570321352745E-10,3.19635713705094614E-20,5.30901655358140696E-10,2.65451085072004183E-10,5.01474065311642206E-05,3.25697923550716041E-07,4.47019999457428817E-17,6.51396481832500154E-07,3.25698558328786977E-07,1.16956526109711677E-05,1.39756840943716907E+04,1,1,1,1
N2,LEGACY,1,13,.5000000000000000E-04,1.45091447134881360E-07,5.08863979390335491E-17,2.90183082722977698E-07,1.45091635665418455E-07,2.06706593606768714E-17,2.46007933942649310E-20,7.99999792012276223E-01,2.00000207987723805E-01,4.05932996128505139E-21,5.92520799262760008E-18,1.42439366426972976E-16,1.70794015761021099E-09,1.13583871635288424E-18,3.41588257758334129E-09,1.70794242151234881E-09,6.53247875899334564E-05,1.18240224813122985E-10,4.71912150917020448E-20,2.36480602425290639E-10,1.18240377684401718E-10,3.34315980673374199E-05,1.45081346117829124E-07,5.08736979057875240E-17,2.90162880675236207E-07,1.45081534634716389E-07,7.79711692625413874E-06,1.40064397380509563E+04,1,1,1,1
N2,LEGACY,1,14,.3000000000000000E-04,5.23273949730211332E-08,2.17557473507928142E-17,1.04654830711441937E-07,5.23274357601666272E-08,1.66720410181304626E-18,3.45715915737415875E-20,7.99999875219847500E-01,2.00000124780152472E-01,2.03024710753135174E-22,1.92458996546123329E-18,1.30537885443166016E-16,6.15956670344860453E-10,8.18334221434000923E-19,1.23191383006806046E-09,6.15957160432962437E-10,3.91948725524936145E-05,4.26422927034176869E-11,2.14952864611033568E-20,8.52846184541106196E-11,4.26423257734970808E-11,2.00589558227539734E-05,5.23237521941774389E-08,2.17403406101702657E-17,1.04647545150804716E-07,5.23237929783662519E-08,4.67827744485919007E-06,1.40311419087624745E+04,1,1,1,1
N2,LEGACY,1,15,.2000000000000000E-04,2.32776699116126901E-08,2.35882227346497188E-17,4.65553518984877686E-08,2.32776820109184429E-08,1.09661973300298202E-18,2.05371963058898408E-19,7.99999916669691835E-01,2.00000083330308109E-01,4.43877189259620392E-22,6.37966402915920864E-19,8.30428218112483530E-17,2.74003214602051355E-10,2.99729277372149530E-19,5.48006574055255202E-10,2.74003359770002287E-10,2.61299150345069259E-05,1.89690218152794873E-11,1.92408898933209965E-20,3.79380534198744370E-11,1.89690316237703081E-11,1.33726362092869621E-05,2.32760494699723019E-08,2.35863105196189562E-17,4.65521110143344953E-08,2.32760615684034932E-08,3.11885405961180577E-06,1.40435257041784516E+04,1,1,1,1
N2,LEGACY,1,16,.1000000000000000E-04,5.82468927835457457E-09,1.17941113673248594E-17,1.16493800523088019E-08,5.82469078941412294E-09,1.17566869994032493E-18,8.20001760606492543E-19,7.99999958067620254E-01,2.00000041932379802E-01,8.14806056090298033E-21,2.49710034224642973E-18,3.28745146151648068E-17,6.85620855146925619E-11,1.49864638686074765E-19,1.37124189001884339E-10,6.85621036823319033E-11,1.30649575170090516E-05,4.74648585814433260E-12,9.62044494666049827E-21,9.49297292838462815E-12,4.74648708265813205E-12,6.68631760170245929E-06,5.82428381010752261E-09,1.17931552598094781E-17,1.16485691157062612E-08,5.82428532105740337E-09,1.55942824465988972E-06,1.40559313834124550E+04,1,1,1,1
N2,LEGACY,1,17,.7500000000000000E-05,3.27712988298156644E-09,5.43893683769820356E-18,6.55426039852306301E-09,3.27713052202740156E-09,1.69896130245008953E-18,5.50897266104132277E-19,7.99999968483071089E-01,2.00000031516928856E-01,5.37538481729160206E-20,2.75008700340169716E-18,1.29835121150921803E-16,3.85748003566073210E-11,2.04583555358500231E-19,7.71496082792521226E-11,3.85748081156837215E-11,9.79871813771096126E-06,2.67049385105143346E-12,5.37382161527583920E-21,5.34098821375259946E-12,2.67049436925320143E-12,5.01473810697542152E-06,3.27690175671636729E-09,5.43508515254256641E-18,6.55380414594721859E-09,3.27690239571493028E-09,1.16957141128017430E-06,1.40590362293718990E+04,1,1,1,1
N2,LEGACY,1,18,.5000000000000000E-05,1.45683216796718356E-09,5.89705568366242971E-18,2.91366452299649891E-09,1.45683235918458127E-09,2.32155479150880521E-18,3.27703696842059181E-18,7.99999978542741519E-01,2.00000021457258453E-01,5.07888944445879554E-19,5.80289831834324883E-19,1.09327033671105033E-16,1.71481917581578314E-11,7.49323193430373825E-20,3.42963857493008674E-11,1.71481940491093815E-11,6.53247875844342339E-06,1.18715096546565878E-12,4.81022247333024913E-21,2.37430208285206738E-12,1.18715112016539376E-12,3.34315867511600385E-06,1.45673075611657735E-09,5.89657762990473904E-18,2.91346169928189857E-09,1.45673094732019216E-09,7.79714426043656872E-07,1.40621424476083594E+04,1,1,1,1
N2,LEGACY,1,19,.3000000000000000E-05,5.24554658867243349E-10,1.61916617984361887E-18,1.04910935444951051E-09,5.24554698917870600E-10,2.23021266265649119E-19,1.90559808999160107E-18,7.99999986766304461E-01,2.00000013233695595E-01,3.61527231557992651E-20,1.49907431035481285E-18,1.02155060102571856E-16,6.17445426623542511E-12,1.95953806913833188E-20,1.23489089622835076E-11,6.17445472039313482E-12,3.91948725505138901E-06,4.27450643916469875E-13,1.25277862371761243E-21,8.54901317285872823E-13,4.27450676438903392E-13,2.00589517489315156E-06,5.24518144147360497E-10,1.61904711776731735E-18,1.04903632500721715E-09,5.24518184195403119E-10,4.67828728517509092E-07,1.40646284108497239E+04,1,1,1,1
N2,LEGACY,1,20,.2000000000000000E-05,2.33156537485905496E-10,1.57639912889764347E-18,4.66313085416940188E-10,2.33156549786503428E-10,9.41785281778275824E-19,9.14254589241425261E-18,7.99999990285622409E-01,2.00000009714377508E-01,3.26316154695422791E-18,6.61652013174283095E-19,1.75836037930812853E-16,2.74444756163748437E-12,1.70288475774090834E-20,5.48889524518977657E-12,2.74444770883415764E-12,2.61299150336270459E-06,1.89995022709860359E-13,1.29674907256175835E-21,3.79990053989016262E-13,1.89995032756351944E-13,1.33726343986995083E-06,2.33140307287026695E-10,1.57630661686782156E-18,4.66280625018467489E-10,2.33140319586739958E-10,3.11885843308781127E-07,1.40658717221826500E+04,1,1,1,1
N2,LEGACY,1,21,.1000000000000000E-05,5.82944188001201137E-11,7.88199564448821735E-19,1.16588838452259135E-10,5.82944203641011294E-11,2.07221024589419594E-19,3.65635549083170238E-17,7.99999993753245930E-01,2.00000006246754042E-01,2.52722358507452175E-18,2.83348749455808322E-19,1.25861478943453068E-16,6.86173319685811672E-13,8.51442378870454171E-21,1.37234664899493980E-12,6.86173339287534175E-13,1.30649575167890818E-06,4.75029962435654143E-14,6.48374536280879177E-22,9.50059932301013347E-14,4.75029975015446585E-14,6.68631714905567367E-07,5.82903608916988659E-11,7.88153308433910778E-19,1.16580722635362071E-10,5.82903624555569806E-11,1.55942933802945919E-07,1.40671152533984514E+04,1,1,1,1
