run_id,state_id,direction_id,h,pressure_scale,residual_scale,gradient_norm,scaled_norm_fd,scaled_norm_kd,scaled_absolute_error_l2,scaled_absolute_error_inf,nullspace_flag,classification,diagnostic_explanation
run1,BETA_MIN_NEG,D1,9.99999999999999955E-08,1.00000000000000000E+07,3.26433757646462919E+00,0.00000000000000000E+00,1.90199668818582705E-10,1.57700981196308475E-16,1.90199792827009990E-10,1.32854257989961622E-10,1,INCONCLUSIVE,NONE
run1,BETA_MIN_NEG,D1,2.99999999999999986E-07,1.00000000000000000E+07,3.26433757646462919E+00,0.00000000000000000E+00,4.11118735498062738E-10,1.57700981196308475E-16,4.11118831263216808E-10,2.19652300653977570E-10,1,INCONCLUSIVE,NONE
run1,BETA_MIN_NEG,D1,9.99999999999999955E-07,1.00000000000000000E+07,3.26433757646462919E+00,0.00000000000000000E+00,1.23335620649418790E-10,1.57700981196308475E-16,1.23335524884347412E-10,6.58957208057947216E-11,1,INCONCLUSIVE,NONE
run1,BETA_MIN_NEG,D1,3.00000000000000008E-06,1.00000000000000000E+07,3.26433757646462919E+00,0.00000000000000000E+00,1.34997970841045139E-11,1.57700981196308475E-16,1.34996694499771056E-11,9.21113763211747367E-12,1,NULLSPACE_CONSISTENT,NONE
run1,BETA_MIN_NEG,D1,1.00000000000000008E-05,1.00000000000000000E+07,3.26433757646462919E+00,0.00000000000000000E+00,6.16099678364608017E-12,1.57700981196308475E-16,6.16112806240567568E-12,4.25143556683014366E-12,1,NULLSPACE_CONSISTENT,NONE
run1,BETA_MIN_NEG,D1,3.00000000000000008E-05,1.00000000000000000E+07,3.26433757646462919E+00,0.00000000000000000E+00,1.34997970841045167E-12,1.57700981196308475E-16,1.35010734603278309E-12,9.21224297883652793E-13,1,NULLSPACE_CONSISTENT,NONE
run1,BETA_MIN_NEG,D1,1.00000000000000005E-04,1.00000000000000000E+07,3.26433757646462919E+00,0.00000000000000000E+00,6.16099678364607916E-13,1.57700981196308475E-16,6.15968406422760628E-13,4.25031321477695078E-13,1,NULLSPACE_CONSISTENT,NONE
run1,BETA_MIN_NEG,D1,2.99999999999999974E-04,1.00000000000000000E+07,3.26433757646462919E+00,0.00000000000000000E+00,0.00000000000000000E+00,1.57700981196308475E-16,1.57700981196308475E-16,1.02032004835807452E-16,1,NULLSPACE_CONSISTENT,NONE
run1,BETA_MIN_NEG,D1,1.00000000000000002E-03,1.00000000000000000E+07,3.26433757646462919E+00,0.00000000000000000E+00,4.04993912523135446E-14,1.57700981196308475E-16,4.06271312803520388E-14,2.77356999812003195E-14,1,NULLSPACE_CONSISTENT,NONE
run1,BETA_MIN_NEG,D1,3.00000000000000006E-03,1.00000000000000000E+07,3.26433757646462919E+00,0.00000000000000000E+00,6.33998896061942314E-15,1.57700981196308475E-16,6.21674398833743954E-15,4.34344576141319065E-15,1,NULLSPACE_CONSISTENT,NONE
run1,BETA_MIN_NEG,D1,1.00000000000000002E-02,1.00000000000000000E+07,3.26433757646462919E+00,0.00000000000000000E+00,0.00000000000000000E+00,1.57700981196308475E-16,1.57700981196308475E-16,1.02032004835807452E-16,1,NULLSPACE_CONSISTENT,NONE
run1,BETA_MIN_NEG,D2,9.99999999999999955E-08,1.00000000000000000E+07,3.26433757646462919E+00,8.16496580927726068E+06,1.00000000111802922E+00,1.00000000000000000E+00,1.18475261846482491E-09,8.12766272035728614E-10,0,CONSISTENT_NUMERICALLY,NONE
run1,BETA_MIN_NEG,D2,2.99999999999999986E-07,1.00000000000000000E+07,3.26433757646462919E+00,8.16496580927726068E+06,9.99999999764688230E-01,1.00000000000000000E+00,3.11388148290204570E-10,2.62466789132948243E-10,0,CONSISTENT_NUMERICALLY,NONE
run1,BETA_MIN_NEG,D2,9.99999999999999955E-07,1.00000000000000000E+07,3.26433757646462919E+00,8.16496580927726068E+06,9.99999999967512210E-01,1.00000000000000000E+00,7.06951759775364687E-11,5.98200040085027663E-11,0,CONSISTENT_NUMERICALLY,NONE
run1,BETA_MIN_NEG,D2,3.00000000000000008E-06,1.00000000000000000E+07,3.26433757646462919E+00,8.16496580927726068E+06,1.00000000003048495E+00,1.00000000000000000E+00,3.99792690310306517E-11,3.26462963099380672E-11,0,CONSISTENT_NUMERICALLY,NONE
run1,BETA_MIN_NEG,D2,1.00000000000000008E-05,1.00000000000000000E+07,3.26433757646462919E+00,8.16496580927726068E+06,1.00000000000040679E+00,1.00000000000000000E+00,3.94433105004963792E-12,2.88689354482433541E-12,0,CONSISTENT_NUMERICALLY,NONE
run1,BETA_MIN_NEG,D2,3.00000000000000008E-05,1.00000000000000000E+07,3.26433757646462919E+00,8.16496580927726068E+06,9.99999999995429323E-01,1.00000000000000000E+00,5.24281755362352755E-12,3.98577823690598032E-12,0,CONSISTENT_NUMERICALLY,NONE
run1,BETA_MIN_NEG,D2,1.00000000000000005E-04,1.00000000000000000E+07,3.26433757646462919E+00,8.16496580927726068E+06,1.00000000000123057E+00,1.00000000000000000E+00,1.28338706908240359E-12,8.67816211796820715E-13,0,CONSISTENT_NUMERICALLY,NONE
run1,BETA_MIN_NEG,D2,2.99999999999999974E-04,1.00000000000000000E+07,3.26433757646462919E+00,8.16496580927726068E+06,1.00000000000017586E+00,1.00000000000000000E+00,1.75943140250734802E-13,8.84957588609236346E-14,0,CONSISTENT_NUMERICALLY,NONE
run1,BETA_MIN_NEG,D2,1.00000000000000002E-03,1.00000000000000000E+07,3.26433757646462919E+00,8.16496580927726068E+06,1.00000000000000289E+00,1.00000000000000000E+00,8.10830024451929916E-14,5.58455173134652680E-14,0,CONSISTENT_NUMERICALLY,NONE
run1,BETA_MIN_NEG,D2,3.00000000000000006E-03,1.00000000000000000E+07,3.26433757646462919E+00,8.16496580927726068E+06,9.99999999999966804E-01,1.00000000000000000E+00,3.55973273282743520E-14,2.56440438820662691E-14,0,CONSISTENT_NUMERICALLY,NONE
run1,BETA_MIN_NEG,D2,1.00000000000000002E-02,1.00000000000000000E+07,3.26433757646462919E+00,8.16496580927726068E+06,1.00000000000000000E+00,1.00000000000000000E+00,3.96629141288144338E-16,3.40106682786024915E-16,0,CONSISTENT_NUMERICALLY,NONE
run1,BETA_MIN_NEG,D3,9.99999999999999955E-08,1.00000000000000000E+07,3.26433757646462919E+00,3.75850370392915048E+06,5.16517050356496310E-01,5.16517050172766279E-01,1.79774778775231060E-09,1.29104969533864111E-09,0,CONSISTENT_NUMERICALLY,NONE
run1,BETA_MIN_NEG,D3,2.99999999999999986E-07,1.00000000000000000E+07,3.26433757646462919E+00,3.75850370392915048E+06,5.16517049708270171E-01,5.16517050172766279E-01,5.57298442325355774E-10,4.60850132924661278E-10,0,CONSISTENT_NUMERICALLY,NONE
run1,BETA_MIN_NEG,D3,9.99999999999999955E-07,1.00000000000000000E+07,3.26433757646462919E+00,3.75850370392915048E+06,5.16517050167546787E-01,5.16517050172766279E-01,1.32079312892372282E-10,1.11748172549638569E-10,0,CONSISTENT_NUMERICALLY,NONE
run1,BETA_MIN_NEG,D3,3.00000000000000008E-06,1.00000000000000000E+07,3.26433757646462919E+00,3.75850370392915048E+06,5.16517050168320280E-01,5.16517050172766279E-01,2.87349408801586477E-11,2.03445015508944311E-11,0,CONSISTENT_NUMERICALLY,NONE
run1,BETA_MIN_NEG,D3,1.00000000000000008E-05,1.00000000000000000E+07,3.26433757646462919E+00,3.75850370392915048E+06,5.16517050182588755E-01,5.16517050172766279E-01,2.82156791558640182E-11,1.94054584970551461E-11,0,CONSISTENT_NUMERICALLY,NONE
run1,BETA_MIN_NEG,D3,3.00000000000000008E-05,1.00000000000000000E+07,3.26433757646462919E+00,3.75850370392915048E+06,5.16517050172399239E-01,5.16517050172766279E-01,4.77663280779150501E-12,3.65850207872805920E-12,0,CONSISTENT_NUMERICALLY,NONE
run1,BETA_MIN_NEG,D3,1.00000000000000005E-04,1.00000000000000000E+07,3.26433757646462919E+00,3.75850370392915048E+06,5.16517050172264458E-01,5.16517050172766279E-01,1.25206451318667522E-12,8.90909455557992005E-13,0,CONSISTENT_NUMERICALLY,NONE
run1,BETA_MIN_NEG,D3,2.99999999999999974E-04,1.00000000000000000E+07,3.26433757646462919E+00,3.75850370392915048E+06,5.16517050172832448E-01,5.16517050172766279E-01,2.04321551346679464E-13,1.46790044290448302E-13,0,CONSISTENT_NUMERICALLY,NONE
run1,BETA_MIN_NEG,D3,1.00000000000000002E-03,1.00000000000000000E+07,3.26433757646462919E+00,3.75850370392915048E+06,5.16517050172793812E-01,5.16517050172766279E-01,2.45707316613898093E-13,1.93690755846641119E-13,0,CONSISTENT_NUMERICALLY,NONE
run1,BETA_MIN_NEG,D3,3.00000000000000006E-03,1.00000000000000000E+07,3.26433757646462919E+00,3.75850370392915048E+06,5.16517050172732195E-01,5.16517050172766279E-01,3.44036446991289278E-14,2.45557024971509900E-14,0,CONSISTENT_NUMERICALLY,NONE
run1,BETA_MIN_NEG,D3,1.00000000000000002E-02,1.00000000000000000E+07,3.26433757646462919E+00,3.75850370392915048E+06,5.16517050172773273E-01,5.16517050172766279E-01,1.53230092198749172E-14,1.11554991953816115E-14,0,CONSISTENT_NUMERICALLY,NONE
run1,BETA_MIN_POS,D1,9.99999999999999955E-08,1.00000000000000000E+07,1.05764537477454006E+01,0.00000000000000000E+00,1.79552344998706076E-10,0.00000000000000000E+00,1.79552344998706076E-10,1.37774697887857228E-10,1,INCONCLUSIVE,NONE
run1,BETA_MIN_POS,D1,2.99999999999999986E-07,1.00000000000000000E+07,1.05764537477454006E+01,0.00000000000000000E+00,4.10869560315448742E-10,0.00000000000000000E+00,4.10869560315448742E-10,2.27437596513288189E-10,1,INCONCLUSIVE,NONE
run1,BETA_MIN_POS,D1,9.99999999999999955E-07,1.00000000000000000E+07,1.05764537477454006E+01,0.00000000000000000E+00,1.23260868094634638E-10,0.00000000000000000E+00,1.23260868094634638E-10,6.82312789539864385E-11,1,INCONCLUSIVE,NONE
run1,BETA_MIN_POS,D1,3.00000000000000008E-06,1.00000000000000000E+07,1.05764537477454006E+01,0.00000000000000000E+00,1.31741438737197264E-11,0.00000000000000000E+00,1.31741438737197264E-11,9.18497985919048210E-12,1,NULLSPACE_CONSISTENT,NONE
run1,BETA_MIN_POS,D1,1.00000000000000008E-05,1.00000000000000000E+07,1.05764537477454006E+01,0.00000000000000000E+00,6.08767905770375885E-12,0.00000000000000000E+00,6.08767905770375885E-12,4.19884793562993451E-12,1,NULLSPACE_CONSISTENT,NONE
run1,BETA_MIN_POS,D1,3.00000000000000008E-05,1.00000000000000000E+07,1.05764537477454006E+01,0.00000000000000000E+00,1.31741438737197244E-12,0.00000000000000000E+00,1.31741438737197244E-12,9.18497985919048251E-13,1,NULLSPACE_CONSISTENT,NONE
run1,BETA_MIN_POS,D1,1.00000000000000005E-04,1.00000000000000000E+07,1.05764537477454006E+01,0.00000000000000000E+00,6.08767905770375945E-13,0.00000000000000000E+00,6.08767905770375945E-13,4.19884793562993482E-13,1,NULLSPACE_CONSISTENT,NONE
run1,BETA_MIN_POS,D1,2.99999999999999974E-04,1.00000000000000000E+07,1.05764537477454006E+01,0.00000000000000000E+00,0.00000000000000000E+00,0.00000000000000000E+00,0.00000000000000000E+00,0.00000000000000000E+00,1,NULLSPACE_CONSISTENT,NONE
run1,BETA_MIN_POS,D1,1.00000000000000002E-03,1.00000000000000000E+07,1.05764537477454006E+01,0.00000000000000000E+00,3.95224316211591641E-14,0.00000000000000000E+00,3.95224316211591641E-14,2.75549395775714480E-14,1,NULLSPACE_CONSISTENT,NONE
run1,BETA_MIN_POS,D1,3.00000000000000006E-03,1.00000000000000000E+07,1.05764537477454006E+01,0.00000000000000000E+00,5.98507816662353585E-15,0.00000000000000000E+00,5.98507816662353585E-15,4.59248992959524081E-15,1,NULLSPACE_CONSISTENT,NONE
run1,BETA_MIN_POS,D1,1.00000000000000002E-02,1.00000000000000000E+07,1.05764537477454006E+01,0.00000000000000000E+00,0.00000000000000000E+00,0.00000000000000000E+00,0.00000000000000000E+00,0.00000000000000000E+00,1,NULLSPACE_CONSISTENT,NONE
run1,BETA_MIN_POS,D2,9.99999999999999955E-08,1.00000000000000000E+07,1.05764537477454006E+01,8.16496580927726068E+06,1.00000000111405951E+00,1.00000000000000000E+00,1.18044849753051570E-09,8.16177772160939206E-10,0,CONSISTENT_NUMERICALLY,NONE
run1,BETA_MIN_POS,D2,2.99999999999999986E-07,1.00000000000000000E+07,1.05764537477454006E+01,8.16496580927726068E+06,9.99999999766929326E-01,1.00000000000000000E+00,3.16907011662390732E-10,2.66337711243653402E-10,0,CONSISTENT_NUMERICALLY,NONE
run1,BETA_MIN_POS,D2,9.99999999999999955E-07,1.00000000000000000E+07,1.05764537477454006E+01,8.16496580927726068E+06,9.99999999968397613E-01,1.00000000000000000E+00,7.00072945918470830E-11,5.93476084226567578E-11,0,CONSISTENT_NUMERICALLY,NONE
run1,BETA_MIN_POS,D2,3.00000000000000008E-06,1.00000000000000000E+07,1.05764537477454006E+01,8.16496580927726068E+06,1.00000000002984923E+00,1.00000000000000000E+00,3.92393744333682195E-11,3.15180641900951183E-11,0,CONSISTENT_NUMERICALLY,NONE
run1,BETA_MIN_POS,D2,1.00000000000000008E-05,1.00000000000000000E+07,1.05764537477454006E+01,8.16496580927726068E+06,1.00000000000036504E+00,1.00000000000000000E+00,4.11687249483466767E-12,2.91341262861618575E-12,0,CONSISTENT_NUMERICALLY,NONE
run1,BETA_MIN_POS,D2,3.00000000000000008E-05,1.00000000000000000E+07,1.05764537477454006E+01,8.16496580927726068E+06,9.99999999995553224E-01,1.00000000000000000E+00,5.17596934444109570E-12,3.99721925776098552E-12,0,CONSISTENT_NUMERICALLY,NONE
run1,BETA_MIN_POS,D2,1.00000000000000005E-04,1.00000000000000000E+07,1.05764537477454006E+01,8.16496580927726068E+06,1.00000000000124234E+00,1.00000000000000000E+00,1.30138534496306209E-12,8.92675071114924083E-13,0,CONSISTENT_NUMERICALLY,NONE
run1,BETA_MIN_POS,D2,2.99999999999999974E-04,1.00000000000000000E+07,1.05764537477454006E+01,8.16496580927726068E+06,1.00000000000017586E+00,1.00000000000000000E+00,1.76564086966298912E-13,8.90995531940672093E-14,0,CONSISTENT_NUMERICALLY,NONE
run1,BETA_MIN_POS,D2,1.00000000000000002E-03,1.00000000000000000E+07,1.05764537477454006E+01,8.16496580927726068E+06,1.00000000000000466E+00,1.00000000000000000E+00,7.48336485459380630E-14,5.29054839889371764E-14,0,CONSISTENT_NUMERICALLY,NONE
run1,BETA_MIN_POS,D2,3.00000000000000006E-03,1.00000000000000000E+07,1.05764537477454006E+01,8.16496580927726068E+06,9.99999999999965916E-01,1.00000000000000000E+00,3.60618220563664214E-14,2.57809263247677953E-14,0,CONSISTENT_NUMERICALLY,NONE
run1,BETA_MIN_POS,D2,1.00000000000000002E-02,1.00000000000000000E+07,1.05764537477454006E+01,8.16496580927726068E+06,1.00000000000000000E+00,1.00000000000000000E+00,4.44364297226149995E-16,4.19884793562993478E-16,0,CONSISTENT_NUMERICALLY,NONE
run1,BETA_MIN_POS,D3,9.99999999999999955E-08,1.00000000000000000E+07,1.05764537477454006E+01,3.75850370392915048E+06,5.16517050367819586E-01,5.16517050172765946E-01,1.82853981345893985E-09,1.29800407544154376E-09,0,CONSISTENT_NUMERICALLY,NONE
run1,BETA_MIN_POS,D3,2.99999999999999986E-07,1.00000000000000000E+07,1.05764537477454006E+01,3.75850370392915048E+06,5.16517049708233311E-01,5.16517050172765946E-01,5.55517023978240186E-10,4.62140319647998871E-10,0,CONSISTENT_NUMERICALLY,NONE
run1,BETA_MIN_POS,D3,9.99999999999999955E-07,1.00000000000000000E+07,1.05764537477454006E+01,3.75850370392915048E+06,5.16517050170178682E-01,5.16517050172765946E-01,1.31849642351334266E-10,1.11380781752966782E-10,0,CONSISTENT_NUMERICALLY,NONE
run1,BETA_MIN_POS,D3,3.00000000000000008E-06,1.00000000000000000E+07,1.05764537477454006E+01,3.75850370392915048E+06,5.16517050167904279E-01,5.16517050172765946E-01,2.81497787847596845E-11,2.01984267803498061E-11,0,CONSISTENT_NUMERICALLY,NONE
run1,BETA_MIN_POS,D3,1.00000000000000008E-05,1.00000000000000000E+07,1.05764537477454006E+01,3.75850370392915048E+06,5.16517050182793480E-01,5.16517050172765946E-01,2.83216284269129919E-11,1.93083602435148952E-11,0,CONSISTENT_NUMERICALLY,NONE
run1,BETA_MIN_POS,D3,3.00000000000000008E-05,1.00000000000000000E+07,1.05764537477454006E+01,3.75850370392915048E+06,5.16517050172451642E-01,5.16517050172765946E-01,4.68613413334925566E-12,3.55130685555700576E-12,0,CONSISTENT_NUMERICALLY,NONE
run1,BETA_MIN_POS,D3,1.00000000000000005E-04,1.00000000000000000E+07,1.05764537477454006E+01,3.75850370392915048E+06,5.16517050172302095E-01,5.16517050172765946E-01,1.27412382958163367E-12,9.12157725536247017E-13,0,CONSISTENT_NUMERICALLY,NONE
run1,BETA_MIN_POS,D3,2.99999999999999974E-04,1.00000000000000000E+07,1.05764537477454006E+01,3.75850370392915048E+06,5.16517050172827896E-01,5.16517050172765946E-01,2.02832284834446007E-13,1.41921060224291837E-13,0,CONSISTENT_NUMERICALLY,NONE
run1,BETA_MIN_POS,D3,1.00000000000000002E-03,1.00000000000000000E+07,1.05764537477454006E+01,3.75850370392915048E+06,5.16517050172794479E-01,5.16517050172765946E-01,2.45205935819175962E-13,1.93105016559620689E-13,0,CONSISTENT_NUMERICALLY,NONE
run1,BETA_MIN_POS,D3,3.00000000000000006E-03,1.00000000000000000E+07,1.05764537477454006E+01,3.75850370392915048E+06,5.16517050172731862E-01,5.16517050172765946E-01,3.44424594838932322E-14,2.47732028202166107E-14,0,CONSISTENT_NUMERICALLY,NONE
run1,BETA_MIN_POS,D3,1.00000000000000002E-02,1.00000000000000000E+07,1.05764537477454006E+01,3.75850370392915048E+06,5.16517050172773384E-01,5.16517050172765946E-01,1.53017882666813442E-14,1.12949009468445197E-14,0,CONSISTENT_NUMERICALLY,NONE
run1,FINAL_CLIP_HIGH,D1,9.99999999999999955E-08,1.00000000000000000E+07,2.93789794301346490E+01,0.00000000000000000E+00,1.91761819310034856E-10,2.13770864630280196E-17,1.91761826757096830E-10,1.32263989616042567E-10,1,INCONCLUSIVE,NONE
run1,FINAL_CLIP_HIGH,D1,2.99999999999999986E-07,1.00000000000000000E+07,2.93789794301346490E+01,0.00000000000000000E+00,4.07737921478937485E-10,2.13770864630280196E-17,4.07737920311471105E-10,2.20439957500266308E-10,1,INCONCLUSIVE,NONE
run1,FINAL_CLIP_HIGH,D1,9.99999999999999955E-07,1.00000000000000000E+07,2.93789794301346490E+01,0.00000000000000000E+00,1.22321376443681266E-10,2.13770864630280196E-17,1.22321377611150334E-10,6.61320023659626951E-11,1,INCONCLUSIVE,NONE
run1,FINAL_CLIP_HIGH,D1,3.00000000000000008E-06,1.00000000000000000E+07,2.93789794301346490E+01,0.00000000000000000E+00,1.37267928266008836E-11,2.13770864630280196E-17,1.37267851974084443E-11,9.44742675001141049E-12,1,NULLSPACE_CONSISTENT,NONE
run1,FINAL_CLIP_HIGH,D1,1.00000000000000008E-05,1.00000000000000000E+07,2.93789794301346490E+01,0.00000000000000000E+00,6.06109674862691435E-12,2.13770864630280196E-17,6.06110428821661321E-12,4.15688288588782257E-12,1,NULLSPACE_CONSISTENT,NONE
run1,FINAL_CLIP_HIGH,D1,3.00000000000000008E-05,1.00000000000000000E+07,2.93789794301346490E+01,0.00000000000000000E+00,1.37267928266008844E-12,2.13770864630280196E-17,1.37268691201230222E-12,9.44757790883941199E-13,1,NULLSPACE_CONSISTENT,NONE
run1,FINAL_CLIP_HIGH,D1,1.00000000000000005E-04,1.00000000000000000E+07,2.93789794301346490E+01,0.00000000000000000E+00,6.06109674862691091E-13,2.13770864630280196E-17,6.06102135636085849E-13,4.15686777000502107E-13,1,NULLSPACE_CONSISTENT,NONE
run1,FINAL_CLIP_HIGH,D1,2.99999999999999974E-04,1.00000000000000000E+07,2.93789794301346490E+01,0.00000000000000000E+00,0.00000000000000000E+00,2.13770864630280196E-17,2.13770864630280196E-17,1.51158828000182589E-17,1,NULLSPACE_CONSISTENT,NONE
run1,FINAL_CLIP_HIGH,D1,1.00000000000000002E-03,1.00000000000000000E+07,2.93789794301346490E+01,0.00000000000000000E+00,4.11803784798026608E-14,2.13770864630280196E-17,4.11880125276746546E-14,2.83573961328342561E-14,1,NULLSPACE_CONSISTENT,NONE
run1,FINAL_CLIP_HIGH,D1,3.00000000000000006E-03,1.00000000000000000E+07,2.93789794301346490E+01,0.00000000000000000E+00,6.39206064366782994E-15,2.13770864630280196E-17,6.38464502707938709E-15,4.40879915000532592E-15,1,NULLSPACE_CONSISTENT,NONE
run1,FINAL_CLIP_HIGH,D1,1.00000000000000002E-02,1.00000000000000000E+07,2.93789794301346490E+01,0.00000000000000000E+00,0.00000000000000000E+00,2.13770864630280196E-17,2.13770864630280196E-17,1.51158828000182589E-17,1,NULLSPACE_CONSISTENT,NONE
run1,FINAL_CLIP_HIGH,D2,9.99999999999999955E-08,1.00000000000000000E+07,2.93789794301346490E+01,8.16496580927726068E+06,1.00000000110757936E+00,1.00000000000000000E+00,1.16770548754170924E-09,7.97060983753212562E-10,0,CONSISTENT_NUMERICALLY,NONE
run1,FINAL_CLIP_HIGH,D2,2.99999999999999986E-07,1.00000000000000000E+07,2.93789794301346490E+01,8.16496580927726068E+06,9.99999999758959368E-01,1.00000000000000000E+00,3.18722429737328621E-10,2.61050812248065749E-10,0,CONSISTENT_NUMERICALLY,NONE
run1,FINAL_CLIP_HIGH,D2,9.99999999999999955E-07,1.00000000000000000E+07,2.93789794301346490E+01,8.16496580927726068E+06,9.99999999968691933E-01,1.00000000000000000E+00,7.03877732429932642E-11,5.98206829363538609E-11,0,CONSISTENT_NUMERICALLY,NONE
run1,FINAL_CLIP_HIGH,D2,3.00000000000000008E-06,1.00000000000000000E+07,2.93789794301346490E+01,8.16496580927726068E+06,1.00000000003041523E+00,1.00000000000000000E+00,4.01943826793264419E-11,3.24491446797367980E-11,0,CONSISTENT_NUMERICALLY,NONE
run1,FINAL_CLIP_HIGH,D2,1.00000000000000008E-05,1.00000000000000000E+07,2.93789794301346490E+01,8.16496580927726068E+06,1.00000000000019917E+00,1.00000000000000000E+00,3.79446296575690377E-12,2.56927683128470374E-12,0,CONSISTENT_NUMERICALLY,NONE
run1,FINAL_CLIP_HIGH,D2,3.00000000000000008E-05,1.00000000000000000E+07,2.93789794301346490E+01,8.16496580927726068E+06,9.99999999995475730E-01,1.00000000000000000E+00,5.21755015831213139E-12,4.01786211177605219E-12,0,CONSISTENT_NUMERICALLY,NONE
run1,FINAL_CLIP_HIGH,D2,1.00000000000000005E-04,1.00000000000000000E+07,2.93789794301346490E+01,8.16496580927726068E+06,1.00000000000124589E+00,1.00000000000000000E+00,1.29901930641614885E-12,8.69646969250650462E-13,0,CONSISTENT_NUMERICALLY,NONE
run1,FINAL_CLIP_HIGH,D2,2.99999999999999974E-04,1.00000000000000000E+07,2.93789794301346490E+01,8.16496580927726068E+06,1.00000000000017431E+00,1.00000000000000000E+00,1.74279455543149559E-13,8.87000002705071350E-14,0,CONSISTENT_NUMERICALLY,NONE
run1,FINAL_CLIP_HIGH,D2,1.00000000000000002E-03,1.00000000000000000E+07,2.93789794301346490E+01,8.16496580927726068E+06,1.00000000000000622E+00,1.00000000000000000E+00,7.78768638824468524E-14,5.52636675168667630E-14,0,CONSISTENT_NUMERICALLY,NONE
run1,FINAL_CLIP_HIGH,D2,3.00000000000000006E-03,1.00000000000000000E+07,2.93789794301346490E+01,8.16496580927726068E+06,9.99999999999967693E-01,1.00000000000000000E+00,3.48390635917804586E-14,2.47295842608298736E-14,0,CONSISTENT_NUMERICALLY,NONE
run1,FINAL_CLIP_HIGH,D2,1.00000000000000002E-02,1.00000000000000000E+07,2.93789794301346490E+01,8.16496580927726068E+06,1.00000000000000044E+00,1.00000000000000000E+00,4.10083620543885662E-16,3.02317656000365191E-16,0,CONSISTENT_NUMERICALLY,NONE
run1,FINAL_CLIP_HIGH,D3,9.99999999999999955E-08,1.00000000000000000E+07,2.93789794301346490E+01,3.75850370392915048E+06,5.16517050377457321E-01,5.16517050172766390E-01,1.79480749387953758E-09,1.29703667433728613E-09,0,CONSISTENT_NUMERICALLY,NONE
run1,FINAL_CLIP_HIGH,D3,2.99999999999999986E-07,1.00000000000000000E+07,2.93789794301346490E+01,3.75850370392915048E+06,5.16517049701651354E-01,5.16517050172766390E-01,5.60276156436890880E-10,4.62089997728247817E-10,0,CONSISTENT_NUMERICALLY,NONE
run1,FINAL_CLIP_HIGH,D3,9.99999999999999955E-07,1.00000000000000000E+07,2.93789794301346490E+01,3.75850370392915048E+06,5.16517050165539393E-01,5.16517050172766390E-01,1.32001657881741914E-10,1.10958440011190049E-10,0,CONSISTENT_NUMERICALLY,NONE
run1,FINAL_CLIP_HIGH,D3,3.00000000000000008E-06,1.00000000000000000E+07,2.93789794301346490E+01,3.75850370392915048E+06,5.16517050167694003E-01,5.16517050172766390E-01,2.79281496904948277E-11,2.03744074454007138E-11,0,CONSISTENT_NUMERICALLY,NONE
run1,FINAL_CLIP_HIGH,D3,1.00000000000000008E-05,1.00000000000000000E+07,2.93789794301346490E+01,3.75850370392915048E+06,5.16517050182674131E-01,5.16517050172766390E-01,2.83144254197657028E-11,1.94160415810260554E-11,0,CONSISTENT_NUMERICALLY,NONE
run1,FINAL_CLIP_HIGH,D3,3.00000000000000008E-05,1.00000000000000000E+07,2.93789794301346490E+01,3.75850370392915048E+06,5.16517050172438652E-01,5.16517050172766390E-01,4.63931108987732574E-12,3.55907239497130034E-12,0,CONSISTENT_NUMERICALLY,NONE
run1,FINAL_CLIP_HIGH,D3,1.00000000000000005E-04,1.00000000000000000E+07,2.93789794301346490E+01,3.75850370392915048E+06,5.16517050172290881E-01,5.16517050172766390E-01,1.25212480785277822E-12,8.99092708945086011E-13,0,CONSISTENT_NUMERICALLY,NONE
run1,FINAL_CLIP_HIGH,D3,2.99999999999999974E-04,1.00000000000000000E+07,2.93789794301346490E+01,3.75850370392915048E+06,5.16517050172826342E-01,5.16517050172766390E-01,2.08874101953199070E-13,1.44265985443374271E-13,0,CONSISTENT_NUMERICALLY,NONE
run1,FINAL_CLIP_HIGH,D3,1.00000000000000002E-03,1.00000000000000000E+07,2.93789794301346490E+01,3.75850370392915048E+06,5.16517050172794590E-01,5.16517050172766390E-01,2.48039638657941043E-13,1.96204158744237008E-13,0,CONSISTENT_NUMERICALLY,NONE
run1,FINAL_CLIP_HIGH,D3,3.00000000000000006E-03,1.00000000000000000E+07,2.93789794301346490E+01,3.75850370392915048E+06,5.16517050172731640E-01,5.16517050172766390E-01,3.52300821975168390E-14,2.60597819472314813E-14,0,CONSISTENT_NUMERICALLY,NONE
run1,FINAL_CLIP_HIGH,D3,1.00000000000000002E-02,1.00000000000000000E+07,2.93789794301346490E+01,3.75850370392915048E+06,5.16517050172773939E-01,5.16517050172766390E-01,1.54089674629318399E-14,1.13671438656137326E-14,0,CONSISTENT_NUMERICALLY,NONE
run1,FINAL_CLIP_LOW,D1,9.99999999999999955E-08,1.00000000000000000E+07,1.00000000000000000E+00,0.00000000000000000E+00,0.00000000000000000E+00,4.56957047189287599E-27,4.56957047189287599E-27,3.23117426778526400E-27,1,NULLSPACE_CONSISTENT,NONE
run1,FINAL_CLIP_LOW,D1,2.99999999999999986E-07,1.00000000000000000E+07,1.00000000000000000E+00,0.00000000000000000E+00,0.00000000000000000E+00,4.56957047189287599E-27,4.56957047189287599E-27,3.23117426778526400E-27,1,NULLSPACE_CONSISTENT,NONE
run1,FINAL_CLIP_LOW,D1,9.99999999999999955E-07,1.00000000000000000E+07,1.00000000000000000E+00,0.00000000000000000E+00,0.00000000000000000E+00,4.56957047189287599E-27,4.56957047189287599E-27,3.23117426778526400E-27,1,NULLSPACE_CONSISTENT,NONE
run1,FINAL_CLIP_LOW,D1,3.00000000000000008E-06,1.00000000000000000E+07,1.00000000000000000E+00,0.00000000000000000E+00,0.00000000000000000E+00,4.56957047189287599E-27,4.56957047189287599E-27,3.23117426778526400E-27,1,NULLSPACE_CONSISTENT,NONE
run1,FINAL_CLIP_LOW,D1,1.00000000000000008E-05,1.00000000000000000E+07,1.00000000000000000E+00,0.00000000000000000E+00,0.00000000000000000E+00,4.56957047189287599E-27,4.56957047189287599E-27,3.23117426778526400E-27,1,NULLSPACE_CONSISTENT,NONE
run1,FINAL_CLIP_LOW,D1,3.00000000000000008E-05,1.00000000000000000E+07,1.00000000000000000E+00,0.00000000000000000E+00,0.00000000000000000E+00,4.56957047189287599E-27,4.56957047189287599E-27,3.23117426778526400E-27,1,NULLSPACE_CONSISTENT,NONE
run1,FINAL_CLIP_LOW,D1,1.00000000000000005E-04,1.00000000000000000E+07,1.00000000000000000E+00,0.00000000000000000E+00,0.00000000000000000E+00,4.56957047189287599E-27,4.56957047189287599E-27,3.23117426778526400E-27,1,NULLSPACE_CONSISTENT,NONE
run1,FINAL_CLIP_LOW,D1,2.99999999999999974E-04,1.00000000000000000E+07,1.00000000000000000E+00,0.00000000000000000E+00,0.00000000000000000E+00,4.56957047189287599E-27,4.56957047189287599E-27,3.23117426778526400E-27,1,NULLSPACE_CONSISTENT,NONE
run1,FINAL_CLIP_LOW,D1,1.00000000000000002E-03,1.00000000000000000E+07,1.00000000000000000E+00,0.00000000000000000E+00,0.00000000000000000E+00,4.56957047189287599E-27,4.56957047189287599E-27,3.23117426778526400E-27,1,NULLSPACE_CONSISTENT,NONE
run1,FINAL_CLIP_LOW,D1,3.00000000000000006E-03,1.00000000000000000E+07,1.00000000000000000E+00,0.00000000000000000E+00,0.00000000000000000E+00,4.56957047189287599E-27,4.56957047189287599E-27,3.23117426778526400E-27,1,NULLSPACE_CONSISTENT,NONE
run1,FINAL_CLIP_LOW,D1,1.00000000000000002E-02,1.00000000000000000E+07,1.00000000000000000E+00,0.00000000000000000E+00,0.00000000000000000E+00,4.56957047189287599E-27,4.56957047189287599E-27,3.23117426778526400E-27,1,NULLSPACE_CONSISTENT,NONE
run1,FINAL_CLIP_LOW,D2,9.99999999999999955E-08,1.00000000000000000E+07,1.00000000000000000E+00,8.16496580927726068E+06,6.93889390390722838E-11,2.93790381898712770E-11,6.03272115711181418E-11,5.46994199441366518E-11,0,INCONCLUSIVE,EXPLAINED_NEAR_NULL_ROUNDOFF
run1,FINAL_CLIP_LOW,D2,2.99999999999999986E-07,1.00000000000000000E+07,1.00000000000000000E+00,8.16496580927726068E+06,3.27102595559119816E-11,2.93790381898712770E-11,2.39590366776576192E-11,1.46895190949356385E-11,0,INCONCLUSIVE,EXPLAINED_NEAR_NULL_ROUNDOFF
run1,FINAL_CLIP_LOW,D2,9.99999999999999955E-07,1.00000000000000000E+07,1.00000000000000000E+00,8.16496580927726068E+06,3.17980065539225072E-11,2.93790381898712770E-11,6.28640157641990283E-12,6.12716261678604261E-12,0,INCONCLUSIVE,EXPLAINED_NEAR_NULL_ROUNDOFF
run1,FINAL_CLIP_LOW,D2,3.00000000000000008E-06,1.00000000000000000E+07,1.00000000000000000E+00,8.16496580927726068E+06,2.55475294095384106E-11,2.93790381898712770E-11,4.56566146049743632E-12,3.12469592175692883E-12,0,INCONCLUSIVE,EXPLAINED_NEAR_NULL_ROUNDOFF
run1,FINAL_CLIP_LOW,D2,1.00000000000000008E-05,1.00000000000000000E+07,1.00000000000000000E+00,8.16496580927726068E+06,2.88193908422262690E-11,2.93790381898712770E-11,1.28978013341814990E-12,8.11731287121186572E-13,0,INCONCLUSIVE,EXPLAINED_NEAR_NULL_ROUNDOFF
run1,FINAL_CLIP_LOW,D2,3.00000000000000008E-05,1.00000000000000000E+07,1.00000000000000000E+00,8.16496580927726068E+06,2.94909793674755585E-11,2.93790381898712770E-11,2.29134302894240908E-13,1.17841896730462093E-13,0,INCONCLUSIVE,EXPLAINED_NEAR_NULL_ROUNDOFF
run1,FINAL_CLIP_LOW,D2,1.00000000000000005E-04,1.00000000000000000E+07,1.00000000000000000E+00,8.16496580927726068E+06,2.93516032334354826E-11,2.93790381898712770E-11,7.46458896930572109E-14,4.84529576913898281E-14,0,INCONCLUSIVE,EXPLAINED_NEAR_NULL_ROUNDOFF
run1,FINAL_CLIP_LOW,D2,2.99999999999999974E-04,1.00000000000000000E+07,1.00000000000000000E+00,8.16496580927726068E+06,2.93862225099785400E-11,2.93790381898712770E-11,2.12779654424403496E-14,2.09359813476824493E-14,0,INCONCLUSIVE,EXPLAINED_NEAR_NULL_ROUNDOFF
run1,FINAL_CLIP_LOW,D2,1.00000000000000002E-03,1.00000000000000000E+07,1.00000000000000000E+00,8.16496580927726068E+06,2.93792767891431985E-11,2.93790381898712770E-11,2.38599271924759576E-16,1.19299635963995400E-16,0,CONSISTENT_NUMERICALLY,NONE
run1,FINAL_CLIP_LOW,D2,3.00000000000000006E-03,1.00000000000000000E+07,1.00000000000000000E+00,8.16496580927726068E+06,2.93781205572157117E-11,2.93790381898712770E-11,3.94391609165500603E-15,2.43226427060081483E-15,0,INCONCLUSIVE,EXPLAINED_NEAR_NULL_ROUNDOFF
run1,FINAL_CLIP_LOW,D2,1.00000000000000002E-02,1.00000000000000000E+07,1.00000000000000000E+00,8.16496580927726068E+06,2.93789298505937677E-11,2.93790381898712770E-11,6.10614932112321187E-16,5.74589754429958637E-16,0,INCONCLUSIVE,EXPLAINED_NEAR_NULL_ROUNDOFF
run1,FINAL_CLIP_LOW,D3,9.99999999999999955E-08,1.00000000000000000E+07,1.00000000000000000E+00,3.75850370392915048E+06,0.00000000000000000E+00,1.51747741427453602E-11,1.51747741427453602E-11,1.09477121136593199E-11,0,INCONCLUSIVE,EXPLAINED_NEAR_NULL_ROUNDOFF
run1,FINAL_CLIP_LOW,D3,2.99999999999999986E-07,1.00000000000000000E+07,1.00000000000000000E+00,3.75850370392915048E+06,2.31296463463574290E-11,1.51747741427453602E-11,2.63266654808807690E-11,2.15697220403797916E-11,0,INCONCLUSIVE,EXPLAINED_NEAR_NULL_ROUNDOFF
run1,FINAL_CLIP_LOW,D3,9.99999999999999955E-07,1.00000000000000000E+07,1.00000000000000000E+00,3.75850370392915048E+06,1.69967494438814794E-11,1.51747741427453602E-11,1.83644490997116610E-11,1.23178635018368194E-11,0,INCONCLUSIVE,EXPLAINED_NEAR_NULL_ROUNDOFF
run1,FINAL_CLIP_LOW,D3,3.00000000000000008E-06,1.00000000000000000E+07,1.00000000000000000E+00,3.75850370392915048E+06,1.69967494438814794E-11,1.51747741427453602E-11,3.49059053425620020E-12,3.06600496329384509E-12,0,INCONCLUSIVE,EXPLAINED_NEAR_NULL_ROUNDOFF
run1,FINAL_CLIP_LOW,D3,1.00000000000000008E-05,1.00000000000000000E+07,1.00000000000000000E+00,3.75850370392915048E+06,1.53442150565397002E-11,1.51747741427453602E-11,4.90527084097851948E-13,4.28234529023424696E-13,0,INCONCLUSIVE,EXPLAINED_NEAR_NULL_ROUNDOFF
run1,FINAL_CLIP_LOW,D3,3.00000000000000008E-05,1.00000000000000000E+07,1.00000000000000000E+00,3.75850370392915048E+06,1.53477011897339600E-11,1.51747741427453602E-11,2.64350830724854921E-13,1.96938065559850602E-13,0,INCONCLUSIVE,EXPLAINED_NEAR_NULL_ROUNDOFF
run1,FINAL_CLIP_LOW,D3,1.00000000000000005E-04,1.00000000000000000E+07,1.00000000000000000E+00,3.75850370392915048E+06,1.51777895450232887E-11,1.51747741427453602E-11,3.96612351476718680E-14,3.33676471180503917E-14,0,INCONCLUSIVE,EXPLAINED_NEAR_NULL_ROUNDOFF
run1,FINAL_CLIP_LOW,D3,2.99999999999999974E-04,1.00000000000000000E+07,1.00000000000000000E+00,3.75850370392915048E+06,1.51792170053915114E-11,1.51747741427453602E-11,2.27727672553317901E-14,1.47495037284360608E-14,0,INCONCLUSIVE,EXPLAINED_NEAR_NULL_ROUNDOFF
run1,FINAL_CLIP_LOW,D3,1.00000000000000002E-03,1.00000000000000000E+07,1.00000000000000000E+00,3.75850370392915048E+06,1.51805935844604005E-11,1.51747741427453602E-11,1.02918927761174203E-14,8.26571630539298488E-15,0,INCONCLUSIVE,EXPLAINED_NEAR_NULL_ROUNDOFF
run1,FINAL_CLIP_LOW,D3,3.00000000000000006E-03,1.00000000000000000E+07,1.00000000000000000E+00,3.75850370392915048E+06,1.51699943005323110E-11,1.51747741427453602E-11,5.15862634003035363E-15,3.75421334865042002E-15,0,INCONCLUSIVE,EXPLAINED_NEAR_NULL_ROUNDOFF
run1,FINAL_CLIP_LOW,D3,1.00000000000000002E-02,1.00000000000000000E+07,1.00000000000000000E+00,3.75850370392915048E+06,1.51755811262151999E-11,1.51747741427453602E-11,1.17606355684012197E-15,6.40419457156952752E-16,0,INCONCLUSIVE,EXPLAINED_NEAR_NULL_ROUNDOFF
run1,I0,D1,9.99999999999999955E-08,1.00000000000000000E+07,2.00608540737222585E+00,0.00000000000000000E+00,1.98682384894379537E-09,1.44448843351085659E-16,1.98682391619821220E-09,1.61542488751969196E-09,1,INCONCLUSIVE,NONE
run1,I0,D1,2.99999999999999986E-07,1.00000000000000000E+07,2.00608540737222585E+00,0.00000000000000000E+00,4.92976069564832642E-10,1.44448843351085659E-16,4.92976035704234592E-10,3.68140935109784663E-10,1,INCONCLUSIVE,NONE
run1,I0,D1,9.99999999999999955E-07,1.00000000000000000E+07,2.00608540737222585E+00,0.00000000000000000E+00,5.89503680514185354E-11,1.44448843351085659E-16,5.89503739625966731E-11,4.51280461621383536E-11,1,NULLSPACE_CONSISTENT,NONE
run1,I0,D1,3.00000000000000008E-06,1.00000000000000000E+07,2.00608540737222585E+00,0.00000000000000000E+00,4.92496555221544392E-11,1.44448843351085659E-16,4.92496272148622086E-11,4.26239304114387038E-11,1,NULLSPACE_CONSISTENT,NONE
run1,I0,D1,1.00000000000000008E-05,1.00000000000000000E+07,2.00608540737222585E+00,0.00000000000000000E+00,5.89251050183728061E-12,1.44448843351085659E-16,5.89250446316904809E-12,4.50749136539877912E-12,1,NULLSPACE_CONSISTENT,NONE
run1,I0,D1,3.00000000000000008E-05,1.00000000000000000E+07,2.00608540737222585E+00,0.00000000000000000E+00,5.38939858072588922E-12,1.44448843351085659E-16,5.38941336027721835E-12,4.60117051578466531E-12,1,NULLSPACE_CONSISTENT,NONE
run1,I0,D1,1.00000000000000005E-04,1.00000000000000000E+07,2.00608540737222585E+00,0.00000000000000000E+00,1.80211586801832405E-12,1.44448843351085659E-16,1.80211259063967626E-12,1.48130862744354352E-12,1,NULLSPACE_CONSISTENT,NONE
run1,I0,D1,2.99999999999999974E-04,1.00000000000000000E+07,2.00608540737222585E+00,0.00000000000000000E+00,2.73439536463639809E-13,1.44448843351085659E-16,2.73486080067666068E-13,2.17706886574323284E-13,1,NULLSPACE_CONSISTENT,NONE
run1,I0,D1,1.00000000000000002E-03,1.00000000000000000E+07,2.00608540737222585E+00,0.00000000000000000E+00,1.80211586801832405E-13,1.44448843351085659E-16,1.80214927827271892E-13,1.48222178297715094E-13,1,NULLSPACE_CONSISTENT,NONE
run1,I0,D1,3.00000000000000006E-03,1.00000000000000000E+07,2.00608540737222585E+00,0.00000000000000000E+00,8.34855141263409516E-14,1.44448843351085659E-16,8.34265611857323508E-14,7.09349335854665841E-14,1,NULLSPACE_CONSISTENT,NONE
run1,I0,D1,1.00000000000000002E-02,1.00000000000000000E+07,2.00608540737222585E+00,0.00000000000000000E+00,0.00000000000000000E+00,1.44448843351085659E-16,1.44448843351085659E-16,1.10685519225169908E-16,1,NULLSPACE_CONSISTENT,NONE
run1,I0,D2,9.99999999999999955E-08,1.00000000000000000E+07,2.00608540737222585E+00,8.16496580927726068E+06,9.99999999095799841E-01,1.00000000000000000E+00,2.36679577330847772E-09,1.93725437301474859E-09,0,CONSISTENT_NUMERICALLY,NONE
run1,I0,D2,2.99999999999999986E-07,1.00000000000000000E+07,2.00608540737222585E+00,8.16496580927726068E+06,9.99999999933186445E-01,1.00000000000000000E+00,6.02940405905401741E-10,4.41515902718703181E-10,0,CONSISTENT_NUMERICALLY,NONE
run1,I0,D2,9.99999999999999955E-07,1.00000000000000000E+07,2.00608540737222585E+00,8.16496580927726068E+06,1.00000000001716982E+00,1.00000000000000000E+00,1.03245411800253078E-10,7.85294942364312165E-11,0,CONSISTENT_NUMERICALLY,NONE
run1,I0,D2,3.00000000000000008E-06,1.00000000000000000E+07,2.00608540737222585E+00,8.16496580927726068E+06,1.00000000003750888E+00,1.00000000000000000E+00,7.62259264120151397E-11,5.95098480403741422E-11,0,CONSISTENT_NUMERICALLY,NONE
run1,I0,D2,1.00000000000000008E-05,1.00000000000000000E+07,2.00608540737222585E+00,8.16496580927726068E+06,9.99999999999544809E-01,1.00000000000000000E+00,1.01901113618605911E-11,7.22350301291342571E-12,0,CONSISTENT_NUMERICALLY,NONE
run1,I0,D2,3.00000000000000008E-05,1.00000000000000000E+07,2.00608540737222585E+00,8.16496580927726068E+06,9.99999999996839750E-01,1.00000000000000000E+00,7.01973201721482566E-12,5.65746894415611188E-12,0,CONSISTENT_NUMERICALLY,NONE
run1,I0,D2,1.00000000000000005E-04,1.00000000000000000E+07,2.00608540737222585E+00,8.16496580927726068E+06,1.00000000000029865E+00,1.00000000000000000E+00,1.82179095000916018E-12,1.37316455150745768E-12,0,CONSISTENT_NUMERICALLY,NONE
run1,I0,D2,2.99999999999999974E-04,1.00000000000000000E+07,2.00608540737222585E+00,8.16496580927726068E+06,9.99999999999970135E-01,1.00000000000000000E+00,1.86449288963047659E-13,1.31051654762601202E-13,0,CONSISTENT_NUMERICALLY,NONE
run1,I0,D2,1.00000000000000002E-03,1.00000000000000000E+07,2.00608540737222585E+00,8.16496580927726068E+06,9.99999999999944267E-01,1.00000000000000000E+00,1.88370860704331347E-13,1.50255592348168159E-13,0,CONSISTENT_NUMERICALLY,NONE
run1,I0,D2,3.00000000000000006E-03,1.00000000000000000E+07,2.00608540737222585E+00,8.16496580927726068E+06,1.00000000000001754E+00,1.00000000000000000E+00,6.01661325256745665E-14,4.94764270936509482E-14,0,CONSISTENT_NUMERICALLY,NONE
run1,I0,D2,1.00000000000000002E-02,1.00000000000000000E+07,2.00608540737222585E+00,8.16496580927726068E+06,1.00000000000000000E+00,1.00000000000000000E+00,1.66028278837754881E-16,1.10685519225169908E-16,0,CONSISTENT_NUMERICALLY,NONE
run1,I0,D3,9.99999999999999955E-08,1.00000000000000000E+07,2.00608540737222585E+00,3.75850370392915048E+06,5.16983620669859811E-01,5.16983620455626625E-01,1.56685667828003612E-09,1.19024049480576295E-09,0,CONSISTENT_NUMERICALLY,NONE
run1,I0,D3,2.99999999999999986E-07,1.00000000000000000E+07,2.00608540737222585E+00,3.75850370392915048E+06,5.16983619926774329E-01,5.16983620455626625E-01,8.48882199140060396E-10,6.71546754822181854E-10,0,CONSISTENT_NUMERICALLY,NONE
run1,I0,D3,9.99999999999999955E-07,1.00000000000000000E+07,2.00608540737222585E+00,3.75850370392915048E+06,5.16983620471185845E-01,5.16983620455626625E-01,1.43422616311990883E-10,1.11048885949096246E-10,0,CONSISTENT_NUMERICALLY,NONE
run1,I0,D3,3.00000000000000008E-06,1.00000000000000000E+07,2.00608540737222585E+00,3.75850370392915048E+06,5.16983620424971368E-01,5.16983620455626625E-01,3.89671118424919407E-11,2.29616002777422729E-11,0,CONSISTENT_NUMERICALLY,NONE
run1,I0,D3,1.00000000000000008E-05,1.00000000000000000E+07,2.00608540737222585E+00,3.75850370392915048E+06,5.16983620451454851E-01,5.16983620455626625E-01,1.44221473127765420E-11,1.04136464587965142E-11,0,CONSISTENT_NUMERICALLY,NONE
run1,I0,D3,3.00000000000000008E-05,1.00000000000000000E+07,2.00608540737222585E+00,3.75850370392915048E+06,5.16983620450784387E-01,5.16983620455626625E-01,5.86084755408600668E-12,3.39710461329930201E-12,0,CONSISTENT_NUMERICALLY,NONE
run1,I0,D3,1.00000000000000005E-04,1.00000000000000000E+07,2.00608540737222585E+00,3.75850370392915048E+06,5.16983620456339499E-01,5.16983620455626625E-01,1.73533666293874141E-12,1.37032131723236159E-12,0,CONSISTENT_NUMERICALLY,NONE
run1,I0,D3,2.99999999999999974E-04,1.00000000000000000E+07,2.00608540737222585E+00,3.75850370392915048E+06,5.16983620455722881E-01,5.16983620455626625E-01,2.34419140706451273E-13,1.90192311253599787E-13,0,CONSISTENT_NUMERICALLY,NONE
run1,I0,D3,1.00000000000000002E-03,1.00000000000000000E+07,2.00608540737222585E+00,3.75850370392915048E+06,5.16983620455546911E-01,5.16983620455626625E-01,1.91800496840772989E-13,1.37955664024271140E-13,0,CONSISTENT_NUMERICALLY,NONE
run1,I0,D3,3.00000000000000006E-03,1.00000000000000000E+07,2.00608540737222585E+00,3.75850370392915048E+06,5.16983620455624626E-01,5.16983620455626625E-01,7.09448343331949158E-14,3.63809466003230341E-14,0,CONSISTENT_NUMERICALLY,NONE
run1,I0,D3,1.00000000000000002E-02,1.00000000000000000E+07,2.00608540737222585E+00,3.75850370392915048E+06,5.16983620455615189E-01,5.16983620455626625E-01,1.38371564085553023E-14,1.17326650378680094E-14,0,CONSISTENT_NUMERICALLY,NONE
run1,I1,D1,9.99999999999999955E-08,1.00000000000000000E+07,3.17390369480915302E+00,0.00000000000000000E+00,2.16770845844386985E-10,1.36600222502720412E-16,2.16770776610043272E-10,1.53036225075444540E-10,1,INCONCLUSIVE,NONE
run1,I1,D1,2.99999999999999986E-07,1.00000000000000000E+07,3.17390369480915302E+00,0.00000000000000000E+00,4.08442399375435033E-10,1.36600222502720412E-16,4.08442359822505606E-10,2.20445137194350146E-10,1,INCONCLUSIVE,NONE
run1,I1,D1,9.99999999999999955E-07,1.00000000000000000E+07,3.17390369480915302E+00,0.00000000000000000E+00,1.22532719812630520E-10,1.36600222502720412E-16,1.22532759365650833E-10,6.61336093687835784E-11,1,INCONCLUSIVE,NONE
run1,I1,D1,3.00000000000000008E-06,1.00000000000000000E+07,3.17390369480915302E+00,0.00000000000000000E+00,1.35652207961561825E-11,1.36600222502720412E-16,1.35652926747065744E-11,9.47378251153272161E-12,1,NULLSPACE_CONSISTENT,NONE
run1,I1,D1,1.00000000000000008E-05,1.00000000000000000E+07,3.17390369480915302E+00,0.00000000000000000E+00,6.08449776306993360E-12,1.36600222502720412E-16,6.08442879380607548E-12,4.15384324325457501E-12,1,NULLSPACE_CONSISTENT,NONE
run1,I1,D1,3.00000000000000008E-05,1.00000000000000000E+07,3.17390369480915302E+00,0.00000000000000000E+00,1.35652207961561829E-12,1.36600222502720412E-16,1.35645020653627362E-12,9.47262818035775339E-13,1,NULLSPACE_CONSISTENT,NONE
run1,I1,D1,1.00000000000000005E-04,1.00000000000000000E+07,3.17390369480915302E+00,0.00000000000000000E+00,6.08449776306993400E-13,1.36600222502720412E-16,6.08518758136730017E-13,4.15489263523181935E-13,1,NULLSPACE_CONSISTENT,NONE
run1,I1,D1,2.99999999999999974E-04,1.00000000000000000E+07,3.17390369480915302E+00,0.00000000000000000E+00,0.00000000000000000E+00,1.36600222502720412E-16,1.36600222502720412E-16,1.04939197724326139E-16,1,NULLSPACE_CONSISTENT,NONE
run1,I1,D1,1.00000000000000002E-03,1.00000000000000000E+07,3.17390369480915302E+00,0.00000000000000000E+00,4.06956623884685428E-14,1.36600222502720412E-16,4.06239504097877728E-14,2.83160935192806684E-14,1,NULLSPACE_CONSISTENT,NONE
run1,I1,D1,3.00000000000000006E-03,1.00000000000000000E+07,3.17390369480915302E+00,0.00000000000000000E+00,7.22569486147956699E-15,1.36600222502720412E-16,7.29587957666840198E-15,5.20615019821240289E-15,1,NULLSPACE_CONSISTENT,NONE
run1,I1,D1,1.00000000000000002E-02,1.00000000000000000E+07,3.17390369480915302E+00,0.00000000000000000E+00,0.00000000000000000E+00,1.36600222502720412E-16,1.36600222502720412E-16,1.04939197724326139E-16,1,NULLSPACE_CONSISTENT,NONE
run1,I1,D2,9.99999999999999955E-08,1.00000000000000000E+07,3.17390369480915302E+00,8.16496580927726068E+06,1.00000000111161080E+00,1.00000000000000000E+00,1.17856646375089551E-09,8.19342728883760241E-10,0,CONSISTENT_NUMERICALLY,NONE
run1,I1,D2,2.99999999999999986E-07,1.00000000000000000E+07,3.17390369480915302E+00,8.16496580927726068E+06,9.99999999760686209E-01,1.00000000000000000E+00,3.16465164661201052E-10,2.63536255826380437E-10,0,CONSISTENT_NUMERICALLY,NONE
run1,I1,D2,9.99999999999999955E-07,1.00000000000000000E+07,3.17390369480915302E+00,8.16496580927726068E+06,9.99999999969587217E-01,1.00000000000000000E+00,6.83158121207424189E-11,5.78832721538307591E-11,0,CONSISTENT_NUMERICALLY,NONE
run1,I1,D2,3.00000000000000008E-06,1.00000000000000000E+07,3.17390369480915302E+00,8.16496580927726068E+06,1.00000000003140865E+00,1.00000000000000000E+00,4.06901883985676489E-11,3.30627732702125427E-11,0,CONSISTENT_NUMERICALLY,NONE
run1,I1,D2,1.00000000000000008E-05,1.00000000000000000E+07,3.17390369480915302E+00,8.16496580927726068E+06,1.00000000000057598E+00,1.00000000000000000E+00,4.05619198069762232E-12,2.96558172768945635E-12,0,CONSISTENT_NUMERICALLY,NONE
run1,I1,D2,3.00000000000000008E-05,1.00000000000000000E+07,3.17390369480915302E+00,8.16496580927726068E+06,9.99999999995445643E-01,1.00000000000000000E+00,5.25125975882698794E-12,4.03036478726561763E-12,0,CONSISTENT_NUMERICALLY,NONE
run1,I1,D2,1.00000000000000005E-04,1.00000000000000000E+07,3.17390369480915302E+00,8.16496580927726068E+06,1.00000000000121991E+00,1.00000000000000000E+00,1.27827077270931051E-12,8.60711299734922862E-13,0,CONSISTENT_NUMERICALLY,NONE
run1,I1,D2,2.99999999999999974E-04,1.00000000000000000E+07,3.17390369480915302E+00,8.16496580927726068E+06,1.00000000000017431E+00,1.00000000000000000E+00,1.74553478045108622E-13,8.82888450187330434E-14,0,CONSISTENT_NUMERICALLY,NONE
run1,I1,D2,1.00000000000000002E-03,1.00000000000000000E+07,3.17390369480915302E+00,8.16496580927726068E+06,1.00000000000000400E+00,1.00000000000000000E+00,7.70678053289301113E-14,5.40087070954531865E-14,0,CONSISTENT_NUMERICALLY,NONE
run1,I1,D2,3.00000000000000006E-03,1.00000000000000000E+07,3.17390369480915302E+00,8.16496580927726068E+06,9.99999999999967581E-01,1.00000000000000000E+00,3.49587384350980026E-14,2.46956911977914144E-14,0,CONSISTENT_NUMERICALLY,NONE
run1,I1,D2,1.00000000000000002E-02,1.00000000000000000E+07,3.17390369480915302E+00,8.16496580927726068E+06,1.00000000000000000E+00,1.00000000000000000E+00,2.70951843433788270E-16,2.09878395448652253E-16,0,CONSISTENT_NUMERICALLY,NONE
run1,I1,D3,9.99999999999999955E-08,1.00000000000000000E+07,3.17390369480915302E+00,3.75850370392915048E+06,5.16292800910807426E-01,5.16292800723631262E-01,1.77619806416527415E-09,1.27893227049379935E-09,0,CONSISTENT_NUMERICALLY,NONE
run1,I1,D3,2.99999999999999986E-07,1.00000000000000000E+07,3.17390369480915302E+00,3.75850370392915048E+06,5.16292800253165152E-01,5.16292800723631262E-01,5.62595059211748180E-10,4.67094583152887536E-10,0,CONSISTENT_NUMERICALLY,NONE
run1,I1,D3,9.99999999999999955E-07,1.00000000000000000E+07,3.17390369480915302E+00,3.75850370392915048E+06,5.16292800718374911E-01,5.16292800723631262E-01,1.35130042602693373E-10,1.14152579446661359E-10,0,CONSISTENT_NUMERICALLY,NONE
run1,I1,D3,3.00000000000000008E-06,1.00000000000000000E+07,3.17390369480915302E+00,3.75850370392915048E+06,5.16292800718973544E-01,5.16292800723631262E-01,2.84367696305344486E-11,2.01445481519525416E-11,0,CONSISTENT_NUMERICALLY,NONE
run1,I1,D3,1.00000000000000008E-05,1.00000000000000000E+07,3.17390369480915302E+00,3.75850370392915048E+06,5.16292800733277768E-01,5.16292800723631262E-01,2.84755654077646965E-11,1.96448976518544496E-11,0,CONSISTENT_NUMERICALLY,NONE
run1,I1,D3,3.00000000000000008E-05,1.00000000000000000E+07,3.17390369480915302E+00,3.75850370392915048E+06,5.16292800723320955E-01,5.16292800723631262E-01,4.62938384322701850E-12,3.54861079284609517E-12,0,CONSISTENT_NUMERICALLY,NONE
run1,I1,D3,1.00000000000000005E-04,1.00000000000000000E+07,3.17390369480915302E+00,3.75850370392915048E+06,5.16292800723133438E-01,5.16292800723631262E-01,1.22956635423259039E-12,8.73094125066393489E-13,0,CONSISTENT_NUMERICALLY,NONE
run1,I1,D3,2.99999999999999974E-04,1.00000000000000000E+07,3.17390369480915302E+00,3.75850370392915048E+06,5.16292800723698986E-01,5.16292800723631262E-01,2.08489282796077474E-13,1.47194714674654772E-13,0,CONSISTENT_NUMERICALLY,NONE
run1,I1,D3,1.00000000000000002E-03,1.00000000000000000E+07,3.17390369480915302E+00,3.75850370392915048E+06,5.16292800723659573E-01,5.16292800723631262E-01,2.50266466241245802E-13,1.96166340279340305E-13,0,CONSISTENT_NUMERICALLY,NONE
run1,I1,D3,3.00000000000000006E-03,1.00000000000000000E+07,3.17390369480915302E+00,3.75850370392915048E+06,5.16292800723596956E-01,5.16292800723631262E-01,3.47123390812753543E-14,2.49055695932400685E-14,0,CONSISTENT_NUMERICALLY,NONE
run1,I1,D3,1.00000000000000002E-02,1.00000000000000000E+07,3.17390369480915302E+00,3.75850370392915048E+06,5.16292800723638812E-01,5.16292800723631262E-01,1.53068089565574711E-14,1.13334333542272226E-14,0,CONSISTENT_NUMERICALLY,NONE
run1,I2,D1,9.99999999999999955E-08,1.00000000000000000E+07,4.26589991482395714E+00,0.00000000000000000E+00,2.39370823201737396E-10,2.20833937509089736E-16,2.39370823201839139E-10,1.62659713162345174E-10,1,INCONCLUSIVE,NONE
run1,I2,D1,2.99999999999999986E-07,1.00000000000000000E+07,4.26589991482395714E+00,0.00000000000000000E+00,3.77324986345737629E-10,2.20833937509089736E-16,3.77324988589651053E-10,2.00613609797818313E-10,1,INCONCLUSIVE,NONE
run1,I2,D1,9.99999999999999955E-07,1.00000000000000000E+07,4.26589991482395714E+00,0.00000000000000000E+00,1.13197495903721278E-10,2.20833937509089736E-16,1.13197493660087920E-10,6.01838799402183354E-11,1,INCONCLUSIVE,NONE
run1,I2,D1,3.00000000000000008E-06,1.00000000000000000E+07,4.26589991482395714E+00,0.00000000000000000E+00,1.58438037069073448E-11,2.20833937509089736E-16,1.58438037084463595E-11,1.08441266204527602E-11,1,NULLSPACE_CONSISTENT,NONE
run1,I2,D1,1.00000000000000008E-05,1.00000000000000000E+07,4.26589991482395714E+00,0.00000000000000000E+00,7.37193431070911292E-12,2.20833937509089736E-16,7.37192742306603214E-12,5.20494967111872454E-12,1,NULLSPACE_CONSISTENT,NONE
run1,I2,D1,3.00000000000000008E-05,1.00000000000000000E+07,4.26589991482395714E+00,0.00000000000000000E+00,1.58438037069073452E-12,2.20833937509089736E-16,1.58438038608086077E-12,1.08455319990253151E-12,1,NULLSPACE_CONSISTENT,NONE
run1,I2,D1,1.00000000000000005E-04,1.00000000000000000E+07,4.26589991482395714E+00,0.00000000000000000E+00,7.37193431070911534E-13,2.20833937509089736E-16,7.37200355062463114E-13,5.20666735604074245E-13,1,NULLSPACE_CONSISTENT,NONE
run1,I2,D1,2.99999999999999974E-04,1.00000000000000000E+07,4.26589991482395714E+00,0.00000000000000000E+00,0.00000000000000000E+00,2.20833937509089736E-16,2.20833937509089736E-16,1.56153174728803626E-16,1,NULLSPACE_CONSISTENT,NONE
run1,I2,D1,1.00000000000000002E-03,1.00000000000000000E+07,4.26589991482395714E+00,0.00000000000000000E+00,4.75314111207220337E-14,2.20833937509089736E-16,4.75319241221629189E-14,3.26880645765629035E-14,1,NULLSPACE_CONSISTENT,NONE
run1,I2,D1,3.00000000000000006E-03,1.00000000000000000E+07,4.26589991482395714E+00,0.00000000000000000E+00,7.97902744005791134E-15,2.20833937509089736E-16,7.98208284329051713E-15,5.57813840836781824E-15,1,NULLSPACE_CONSISTENT,NONE
run1,I2,D1,1.00000000000000002E-02,1.00000000000000000E+07,4.26589991482395714E+00,0.00000000000000000E+00,0.00000000000000000E+00,2.20833937509089736E-16,2.20833937509089736E-16,1.56153174728803626E-16,1,NULLSPACE_CONSISTENT,NONE
run1,I2,D2,9.99999999999999955E-08,1.00000000000000000E+07,4.26589991482395714E+00,8.16496580927726068E+06,1.00000000107723275E+00,1.00000000000000000E+00,1.13952951672835967E-09,7.76442096337894108E-10,0,CONSISTENT_NUMERICALLY,NONE
run1,I2,D2,2.99999999999999986E-07,1.00000000000000000E+07,4.26589991482395714E+00,8.16496580927726068E+06,9.99999999701515097E-01,1.00000000000000000E+00,3.36692809577481736E-10,2.75422969586663961E-10,0,CONSISTENT_NUMERICALLY,NONE
run1,I2,D2,9.99999999999999955E-07,1.00000000000000000E+07,4.26589991482395714E+00,8.16496580927726068E+06,9.99999999982364440E-01,1.00000000000000000E+00,5.36980156266508329E-11,4.20416917938764774E-11,0,CONSISTENT_NUMERICALLY,NONE
run1,I2,D2,3.00000000000000008E-06,1.00000000000000000E+07,4.26589991482395714E+00,8.16496580927726068E+06,1.00000000003195133E+00,1.00000000000000000E+00,3.98143605357933098E-11,3.29773643582771287E-11,0,CONSISTENT_NUMERICALLY,NONE
run1,I2,D2,1.00000000000000008E-05,1.00000000000000000E+07,4.26589991482395714E+00,8.16496580927726068E+06,1.00000000000104539E+00,1.00000000000000000E+00,5.19754757224019914E-12,3.91548880526650995E-12,0,CONSISTENT_NUMERICALLY,NONE
run1,I2,D2,3.00000000000000008E-05,1.00000000000000000E+07,4.26589991482395714E+00,8.16496580927726068E+06,9.99999999994942046E-01,1.00000000000000000E+00,5.60137600700361932E-12,4.37801450881322372E-12,0,CONSISTENT_NUMERICALLY,NONE
run1,I2,D2,1.00000000000000005E-04,1.00000000000000000E+07,4.26589991482395714E+00,8.16496580927726068E+06,1.00000000000118106E+00,1.00000000000000000E+00,1.29271286315302788E-12,8.75394697529673322E-13,0,CONSISTENT_NUMERICALLY,NONE
run1,I2,D2,2.99999999999999974E-04,1.00000000000000000E+07,4.26589991482395714E+00,8.16496580927726068E+06,1.00000000000016676E+00,1.00000000000000000E+00,1.66847416183337991E-13,1.00666746641835402E-13,0,CONSISTENT_NUMERICALLY,NONE
run1,I2,D2,1.00000000000000002E-03,1.00000000000000000E+07,4.26589991482395714E+00,8.16496580927726068E+06,1.00000000000000511E+00,1.00000000000000000E+00,6.90212341266308658E-14,4.90841479230872689E-14,0,CONSISTENT_NUMERICALLY,NONE
run1,I2,D2,3.00000000000000006E-03,1.00000000000000000E+07,4.26589991482395714E+00,8.16496580927726068E+06,9.99999999999968137E-01,1.00000000000000000E+00,3.40355816144810183E-14,2.31106698598629383E-14,0,CONSISTENT_NUMERICALLY,NONE
run1,I2,D2,1.00000000000000002E-02,1.00000000000000000E+07,4.26589991482395714E+00,8.16496580927726068E+06,1.00000000000000067E+00,1.00000000000000000E+00,5.74922729619852745E-16,3.12306349457607302E-16,0,CONSISTENT_NUMERICALLY,NONE
run1,I2,D3,9.99999999999999955E-08,1.00000000000000000E+07,4.26589991482395714E+00,3.75850370392915048E+06,5.32746849539096234E-01,5.32746849294901015E-01,1.70104242569623864E-09,1.28032678999857253E-09,0,CONSISTENT_NUMERICALLY,NONE
run1,I2,D3,2.99999999999999986E-07,1.00000000000000000E+07,4.26589991482395714E+00,3.75850370392915048E+06,5.32746848756642466E-01,5.32746849294901015E-01,5.98149546378746906E-10,5.05495205453773296E-10,0,CONSISTENT_NUMERICALLY,NONE
run1,I2,D3,9.99999999999999955E-07,1.00000000000000000E+07,4.26589991482395714E+00,3.75850370392915048E+06,5.32746849313573301E-01,5.32746849294901015E-01,1.42041528711760597E-10,1.15684361812912159E-10,0,CONSISTENT_NUMERICALLY,NONE
run1,I2,D3,3.00000000000000008E-06,1.00000000000000000E+07,4.26589991482395714E+00,3.75850370392915048E+06,5.32746849289519542E-01,5.32746849294901015E-01,2.63542485160214236E-11,2.02574227852625382E-11,0,CONSISTENT_NUMERICALLY,NONE
run1,I2,D3,1.00000000000000008E-05,1.00000000000000000E+07,4.26589991482395714E+00,3.75850370392915048E+06,5.32746849299460701E-01,5.32746849294901015E-01,2.76930997977708447E-11,2.02990245935632031E-11,0,CONSISTENT_NUMERICALLY,NONE
run1,I2,D3,3.00000000000000008E-05,1.00000000000000000E+07,4.26589991482395714E+00,3.75850370392915048E+06,5.32746849295310354E-01,5.32746849294901015E-01,3.89005185396230643E-12,2.88111716309835180E-12,0,CONSISTENT_NUMERICALLY,NONE
run1,I2,D3,1.00000000000000005E-04,1.00000000000000000E+07,4.26589991482395714E+00,3.75850370392915048E+06,5.32746849294158165E-01,5.32746849294901015E-01,1.25976453040889370E-12,9.57791522728238489E-13,0,CONSISTENT_NUMERICALLY,NONE
run1,I2,D3,2.99999999999999974E-04,1.00000000000000000E+07,4.26589991482395714E+00,3.75850370392915048E+06,5.32746849295013147E-01,5.32746849294901015E-01,2.10023301769040481E-13,1.59172136106893845E-13,0,CONSISTENT_NUMERICALLY,NONE
run1,I2,D3,1.00000000000000002E-03,1.00000000000000000E+07,4.26589991482395714E+00,3.75850370392915048E+06,5.32746849294883917E-01,5.32746849294901015E-01,2.59952670322033726E-13,2.07319364981608283E-13,0,CONSISTENT_NUMERICALLY,NONE
run1,I2,D3,3.00000000000000006E-03,1.00000000000000000E+07,4.26589991482395714E+00,3.75850370392915048E+06,5.32746849294865044E-01,5.32746849294901015E-01,3.65028921424502231E-14,2.73788566357835763E-14,0,CONSISTENT_NUMERICALLY,NONE
run1,I2,D3,1.00000000000000002E-02,1.00000000000000000E+07,4.26589991482395714E+00,3.75850370392915048E+06,5.32746849294906011E-01,5.32746849294901015E-01,1.48314122229669498E-14,1.03061095321010401E-14,0,CONSISTENT_NUMERICALLY,NONE
run1,LIMITER_INACT,D1,9.99999999999999955E-08,1.00000000000000000E+07,2.08917604893736097E+00,0.00000000000000000E+00,1.93666572894601804E-10,0.00000000000000000E+00,1.93666572894601804E-10,1.32854172963291001E-10,1,INCONCLUSIVE,NONE
run1,LIMITER_INACT,D1,2.99999999999999986E-07,1.00000000000000000E+07,2.08917604893736097E+00,0.00000000000000000E+00,4.04524428340828617E-10,0.00000000000000000E+00,4.04524428340828617E-10,2.21423621605485080E-10,1,INCONCLUSIVE,NONE
run1,LIMITER_INACT,D1,9.99999999999999955E-07,1.00000000000000000E+07,2.08917604893736097E+00,0.00000000000000000E+00,1.21357328502248601E-10,0.00000000000000000E+00,1.21357328502248601E-10,6.64270864816455265E-11,1,INCONCLUSIVE,NONE
run1,LIMITER_INACT,D1,3.00000000000000008E-06,1.00000000000000000E+07,2.08917604893736097E+00,0.00000000000000000E+00,1.31025218039765824E-11,0.00000000000000000E+00,1.31025218039765824E-11,9.13372439122625973E-12,1,NULLSPACE_CONSISTENT,NONE
run1,LIMITER_INACT,D1,1.00000000000000008E-05,1.00000000000000000E+07,2.08917604893736097E+00,0.00000000000000000E+00,5.92515089621887883E-12,0.00000000000000000E+00,5.92515089621887883E-12,4.15169290510284460E-12,1,NULLSPACE_CONSISTENT,NONE
run1,LIMITER_INACT,D1,3.00000000000000008E-05,1.00000000000000000E+07,2.08917604893736097E+00,0.00000000000000000E+00,1.31025218039765807E-12,0.00000000000000000E+00,1.31025218039765807E-12,9.13372439122625811E-13,1,NULLSPACE_CONSISTENT,NONE
run1,LIMITER_INACT,D1,1.00000000000000005E-04,1.00000000000000000E+07,2.08917604893736097E+00,0.00000000000000000E+00,5.92515089621887378E-13,0.00000000000000000E+00,5.92515089621887378E-13,4.15169290510284510E-13,1,NULLSPACE_CONSISTENT,NONE
run1,LIMITER_INACT,D1,2.99999999999999974E-04,1.00000000000000000E+07,2.08917604893736097E+00,0.00000000000000000E+00,0.00000000000000000E+00,0.00000000000000000E+00,0.00000000000000000E+00,0.00000000000000000E+00,1,NULLSPACE_CONSISTENT,NONE
run1,LIMITER_INACT,D1,1.00000000000000002E-03,1.00000000000000000E+07,2.08917604893736097E+00,0.00000000000000000E+00,3.93075654119297493E-14,0.00000000000000000E+00,3.93075654119297493E-14,2.74011731736787776E-14,1,NULLSPACE_CONSISTENT,NONE
run1,LIMITER_INACT,D1,3.00000000000000006E-03,1.00000000000000000E+07,2.08917604893736097E+00,0.00000000000000000E+00,6.45555242982005857E-15,0.00000000000000000E+00,6.45555242982005857E-15,4.42847243210970072E-15,1,NULLSPACE_CONSISTENT,NONE
run1,LIMITER_INACT,D1,1.00000000000000002E-02,1.00000000000000000E+07,2.08917604893736097E+00,0.00000000000000000E+00,0.00000000000000000E+00,0.00000000000000000E+00,0.00000000000000000E+00,0.00000000000000000E+00,1,NULLSPACE_CONSISTENT,NONE
run1,LIMITER_INACT,D2,9.99999999999999955E-08,1.00000000000000000E+07,2.08917604893736097E+00,8.16496580927726068E+06,1.00000000111288179E+00,1.00000000000000000E+00,1.19002672882888636E-09,8.36680295254467971E-10,0,CONSISTENT_NUMERICALLY,NONE
run1,LIMITER_INACT,D2,2.99999999999999986E-07,1.00000000000000000E+07,2.08917604893736097E+00,8.16496580927726068E+06,9.99999999767041570E-01,1.00000000000000000E+00,3.16109005105824701E-10,2.64902186805040806E-10,0,CONSISTENT_NUMERICALLY,NONE
run1,LIMITER_INACT,D2,9.99999999999999955E-07,1.00000000000000000E+07,2.08917604893736097E+00,8.16496580927726068E+06,9.99999999966184272E-01,1.00000000000000000E+00,7.16333674871471492E-11,6.00853722477466035E-11,0,CONSISTENT_NUMERICALLY,NONE
run1,LIMITER_INACT,D2,3.00000000000000008E-06,1.00000000000000000E+07,2.08917604893736097E+00,8.16496580927726068E+06,1.00000000003143552E+00,1.00000000000000000E+00,4.06154126515450288E-11,3.29125488265571284E-11,0,CONSISTENT_NUMERICALLY,NONE
run1,LIMITER_INACT,D2,1.00000000000000008E-05,1.00000000000000000E+07,2.08917604893736097E+00,8.16496580927726068E+06,1.00000000000041500E+00,1.00000000000000000E+00,3.74589257325637494E-12,2.68822447740841611E-12,0,CONSISTENT_NUMERICALLY,NONE
run1,LIMITER_INACT,D2,3.00000000000000008E-05,1.00000000000000000E+07,2.08917604893736097E+00,8.16496580927726068E+06,9.99999999995481503E-01,1.00000000000000000E+00,5.25362864912773696E-12,4.03749145802360027E-12,0,CONSISTENT_NUMERICALLY,NONE
run1,LIMITER_INACT,D2,1.00000000000000005E-04,1.00000000000000000E+07,2.08917604893736097E+00,8.16496580927726068E+06,1.00000000000120814E+00,1.00000000000000000E+00,1.27071187264694663E-12,8.61426457493979142E-13,0,CONSISTENT_NUMERICALLY,NONE
run1,LIMITER_INACT,D2,2.99999999999999974E-04,1.00000000000000000E+07,2.08917604893736097E+00,8.16496580927726068E+06,1.00000000000017275E+00,1.00000000000000000E+00,1.73514052094973085E-13,9.75681046242409146E-14,0,CONSISTENT_NUMERICALLY,NONE
run1,LIMITER_INACT,D2,1.00000000000000002E-03,1.00000000000000000E+07,2.08917604893736097E+00,8.16496580927726068E+06,1.00000000000000488E+00,1.00000000000000000E+00,7.72258715267900489E-14,5.44170692457639991E-14,0,CONSISTENT_NUMERICALLY,NONE
run1,LIMITER_INACT,D2,3.00000000000000006E-03,1.00000000000000000E+07,2.08917604893736097E+00,8.16496580927726068E+06,9.99999999999967470E-01,1.00000000000000000E+00,3.50080602542015563E-14,2.47640178403574447E-14,0,CONSISTENT_NUMERICALLY,NONE
run1,LIMITER_INACT,D2,1.00000000000000002E-02,1.00000000000000000E+07,2.08917604893736097E+00,8.16496580927726068E+06,9.99999999999999556E-01,1.00000000000000000E+00,4.98513045300262482E-16,4.25133353482531341E-16,0,CONSISTENT_NUMERICALLY,NONE
run1,LIMITER_INACT,D3,9.99999999999999955E-08,1.00000000000000000E+07,2.08917604893736097E+00,3.75850370392915048E+06,5.16517050366053221E-01,5.16517050172766612E-01,1.80812741891570759E-09,1.29636386438284014E-09,0,CONSISTENT_NUMERICALLY,NONE
run1,LIMITER_INACT,D3,2.99999999999999986E-07,1.00000000000000000E+07,2.08917604893736097E+00,3.75850370392915048E+06,5.16517049702626685E-01,5.16517050172766612E-01,5.62158436751451558E-10,4.63506899659579122E-10,0,CONSISTENT_NUMERICALLY,NONE
run1,LIMITER_INACT,D3,9.99999999999999955E-07,1.00000000000000000E+07,2.08917604893736097E+00,3.75850370392915048E+06,5.16517050169020497E-01,5.16517050172766612E-01,1.29068491387451878E-10,1.07895444047038599E-10,0,CONSISTENT_NUMERICALLY,NONE
run1,LIMITER_INACT,D3,3.00000000000000008E-06,1.00000000000000000E+07,2.08917604893736097E+00,3.75850370392915048E+06,5.16517050168467717E-01,5.16517050172766612E-01,2.81383060554564957E-11,2.04102470954687928E-11,0,CONSISTENT_NUMERICALLY,NONE
run1,LIMITER_INACT,D3,1.00000000000000008E-05,1.00000000000000000E+07,2.08917604893736097E+00,3.75850370392915048E+06,5.16517050182617732E-01,5.16517050172766612E-01,2.81992251717342647E-11,1.93124199226039350E-11,0,CONSISTENT_NUMERICALLY,NONE
run1,LIMITER_INACT,D3,3.00000000000000008E-05,1.00000000000000000E+07,2.08917604893736097E+00,3.75850370392915048E+06,5.16517050172397019E-01,5.16517050172766612E-01,4.67428301620406498E-12,3.55886437179739956E-12,0,CONSISTENT_NUMERICALLY,NONE
run1,LIMITER_INACT,D3,1.00000000000000005E-04,1.00000000000000000E+07,2.08917604893736097E+00,3.75850370392915048E+06,5.16517050172287440E-01,5.16517050172766612E-01,1.26149937332664782E-12,9.12123609896771150E-13,0,CONSISTENT_NUMERICALLY,NONE
run1,LIMITER_INACT,D3,2.99999999999999974E-04,1.00000000000000000E+07,2.08917604893736097E+00,3.75850370392915048E+06,5.16517050172824455E-01,5.16517050172766612E-01,2.08017643580558367E-13,1.45873881913693577E-13,0,CONSISTENT_NUMERICALLY,NONE
run1,LIMITER_INACT,D3,1.00000000000000002E-03,1.00000000000000000E+07,2.08917604893736097E+00,3.75850370392915048E+06,5.16517050172797143E-01,5.16517050172766612E-01,2.47806966212922757E-13,1.94711075894999376E-13,0,CONSISTENT_NUMERICALLY,NONE
run1,LIMITER_INACT,D3,3.00000000000000006E-03,1.00000000000000000E+07,2.08917604893736097E+00,3.75850370392915048E+06,5.16517050172732528E-01,5.16517050172766612E-01,3.45348289653153327E-14,2.48703011787280865E-14,0,CONSISTENT_NUMERICALLY,NONE
run1,LIMITER_INACT,D3,1.00000000000000002E-02,1.00000000000000000E+07,2.08917604893736097E+00,3.75850370392915048E+06,5.16517050172773717E-01,5.16517050172766612E-01,1.54177940293105420E-14,1.13723172056577127E-14,0,CONSISTENT_NUMERICALLY,NONE
run1,LIMITER_OFF,D1,9.99999999999999955E-08,1.00000000000000000E+07,3.26433757646462919E+00,0.00000000000000000E+00,2.04457349461380898E-10,1.57700981196308475E-16,2.04457479187016266E-10,1.48796758745556545E-10,1,INCONCLUSIVE,NONE
run1,LIMITER_OFF,D1,2.99999999999999986E-07,1.00000000000000000E+07,3.26433757646462919E+00,0.00000000000000000E+00,4.05427558136871006E-10,1.57700981196308475E-16,4.05427652348645595E-10,2.19652300653977570E-10,1,INCONCLUSIVE,NONE
run1,LIMITER_OFF,D1,9.99999999999999955E-07,1.00000000000000000E+07,3.26433757646462919E+00,0.00000000000000000E+00,1.21628267441061271E-10,1.57700981196308475E-16,1.21628173229371881E-10,6.58957208057947216E-11,1,INCONCLUSIVE,NONE
run1,LIMITER_OFF,D1,3.00000000000000008E-06,1.00000000000000000E+07,3.26433757646462919E+00,0.00000000000000000E+00,1.30891142390905841E-11,1.57700981196308475E-16,1.30889830605680348E-11,9.21113763211747367E-12,1,NULLSPACE_CONSISTENT,NONE
run1,LIMITER_OFF,D1,1.00000000000000008E-05,1.00000000000000000E+07,3.26433757646462919E+00,0.00000000000000000E+00,6.05348694236054452E-12,1.57700981196308475E-16,6.05361831335935467E-12,4.25143556683014366E-12,1,NULLSPACE_CONSISTENT,NONE
run1,LIMITER_OFF,D1,3.00000000000000008E-05,1.00000000000000000E+07,3.26433757646462919E+00,0.00000000000000000E+00,1.30891142390905857E-12,1.57700981196308475E-16,1.30904260565074858E-12,9.21207292549513668E-13,1,NULLSPACE_CONSISTENT,NONE
run1,LIMITER_OFF,D1,1.00000000000000005E-04,1.00000000000000000E+07,3.26433757646462919E+00,0.00000000000000000E+00,6.05348694236054432E-13,1.57700981196308475E-16,6.05217330154087061E-13,4.25031321477695078E-13,1,NULLSPACE_CONSISTENT,NONE
run1,LIMITER_OFF,D1,2.99999999999999974E-04,1.00000000000000000E+07,3.26433757646462919E+00,0.00000000000000000E+00,0.00000000000000000E+00,1.57700981196308475E-16,1.57700981196308475E-16,1.02032004835807452E-16,1,NULLSPACE_CONSISTENT,NONE
run1,LIMITER_OFF,D1,1.00000000000000002E-03,1.00000000000000000E+07,3.26433757646462919E+00,0.00000000000000000E+00,3.92673427172717576E-14,1.57700981196308475E-16,3.93986187659544206E-14,2.77186946470610205E-14,1,NULLSPACE_CONSISTENT,NONE
run1,LIMITER_OFF,D1,3.00000000000000006E-03,1.00000000000000000E+07,3.26433757646462919E+00,0.00000000000000000E+00,6.81524498204602886E-15,1.57700981196308475E-16,6.68612070352658980E-15,4.87486245326635515E-15,1,NULLSPACE_CONSISTENT,NONE
run1,LIMITER_OFF,D1,1.00000000000000002E-02,1.00000000000000000E+07,3.26433757646462919E+00,0.00000000000000000E+00,0.00000000000000000E+00,1.57700981196308475E-16,1.57700981196308475E-16,1.02032004835807452E-16,1,NULLSPACE_CONSISTENT,NONE
run1,LIMITER_OFF,D2,9.99999999999999955E-08,1.00000000000000000E+07,3.26433757646462919E+00,8.16496580927726068E+06,1.00000000111138654E+00,1.00000000000000000E+00,1.18005388055848029E-09,8.12766272035728614E-10,0,CONSISTENT_NUMERICALLY,NONE
run1,LIMITER_OFF,D2,2.99999999999999986E-07,1.00000000000000000E+07,3.26433757646462919E+00,8.16496580927726068E+06,9.99999999762474001E-01,1.00000000000000000E+00,3.13152203533519408E-10,2.60695445507662057E-10,0,CONSISTENT_NUMERICALLY,NONE
run1,LIMITER_OFF,D2,9.99999999999999955E-07,1.00000000000000000E+07,3.26433757646462919E+00,8.16496580927726068E+06,9.99999999967379538E-01,1.00000000000000000E+00,7.09201368618380974E-11,6.00856953490952139E-11,0,CONSISTENT_NUMERICALLY,NONE
run1,LIMITER_OFF,D2,3.00000000000000008E-06,1.00000000000000000E+07,3.26433757646462919E+00,8.16496580927726068E+06,1.00000000003013079E+00,1.00000000000000000E+00,3.94553007251163087E-11,3.19377180470216468E-11,0,CONSISTENT_NUMERICALLY,NONE
run1,LIMITER_OFF,D2,1.00000000000000008E-05,1.00000000000000000E+07,3.26433757646462919E+00,8.16496580927726068E+06,1.00000000000030043E+00,1.00000000000000000E+00,3.65811059792689878E-12,2.46176019134180472E-12,0,CONSISTENT_NUMERICALLY,NONE
run1,LIMITER_OFF,D2,3.00000000000000008E-05,1.00000000000000000E+07,3.26433757646462919E+00,8.16496580927726068E+06,9.99999999995411559E-01,1.00000000000000000E+00,5.24640984295177411E-12,3.98577823690598032E-12,0,CONSISTENT_NUMERICALLY,NONE
run1,LIMITER_OFF,D2,1.00000000000000005E-04,1.00000000000000000E+07,3.26433757646462919E+00,8.16496580927726068E+06,1.00000000000123057E+00,1.00000000000000000E+00,1.28338706908240359E-12,8.67816211796820715E-13,0,CONSISTENT_NUMERICALLY,NONE
run1,LIMITER_OFF,D2,2.99999999999999974E-04,1.00000000000000000E+07,3.26433757646462919E+00,8.16496580927726068E+06,1.00000000000016742E+00,1.00000000000000000E+00,1.67620197579738302E-13,8.75434601491227760E-14,0,CONSISTENT_NUMERICALLY,NONE
run1,LIMITER_OFF,D2,1.00000000000000002E-03,1.00000000000000000E+07,3.26433757646462919E+00,8.16496580927726068E+06,1.00000000000000400E+00,1.00000000000000000E+00,7.92964839391913599E-14,5.58455173134652680E-14,0,CONSISTENT_NUMERICALLY,NONE
run1,LIMITER_OFF,D2,3.00000000000000006E-03,1.00000000000000000E+07,3.26433757646462919E+00,8.16496580927726068E+06,9.99999999999967470E-01,1.00000000000000000E+00,3.52275665681200179E-14,2.49638305164942200E-14,0,CONSISTENT_NUMERICALLY,NONE
run1,LIMITER_OFF,D2,1.00000000000000002E-02,1.00000000000000000E+07,3.26433757646462919E+00,8.16496580927726068E+06,1.00000000000000000E+00,1.00000000000000000E+00,2.45254416782595580E-16,1.36042673114409912E-16,0,CONSISTENT_NUMERICALLY,NONE
run1,LIMITER_OFF,D3,9.99999999999999955E-08,1.00000000000000000E+07,3.26433757646462919E+00,3.75850370392915048E+06,5.16517050367461428E-01,5.16517050172766279E-01,1.82996484190408685E-09,1.29104969533864111E-09,0,CONSISTENT_NUMERICALLY,NONE
run1,LIMITER_OFF,D3,2.99999999999999986E-07,1.00000000000000000E+07,3.26433757646462919E+00,3.75850370392915048E+06,5.16517049707117981E-01,5.16517050172766279E-01,5.58369296849463838E-10,4.62621544571284135E-10,0,CONSISTENT_NUMERICALLY,NONE
run1,LIMITER_OFF,D3,9.99999999999999955E-07,1.00000000000000000E+07,3.26433757646462919E+00,3.75850370392915048E+06,5.16517050166738101E-01,5.16517050172766279E-01,1.31772850897119178E-10,1.11748172549638569E-10,0,CONSISTENT_NUMERICALLY,NONE
run1,LIMITER_OFF,D3,3.00000000000000008E-06,1.00000000000000000E+07,3.26433757646462919E+00,3.75850370392915048E+06,5.16517050167604408E-01,5.16517050172766279E-01,2.93891435789288128E-11,2.10530543058096254E-11,0,CONSISTENT_NUMERICALLY,NONE
run1,LIMITER_OFF,D3,1.00000000000000008E-05,1.00000000000000000E+07,3.26433757646462919E+00,3.75850370392915048E+06,5.16517050182721760E-01,5.16517050172766279E-01,2.82023738765535467E-11,1.91928918203138813E-11,0,CONSISTENT_NUMERICALLY,NONE
run1,LIMITER_OFF,D3,3.00000000000000008E-05,1.00000000000000000E+07,3.26433757646462919E+00,3.75850370392915048E+06,5.16517050172389358E-01,5.16517050172766279E-01,4.70103519288616069E-12,3.57878957495008451E-12,0,CONSISTENT_NUMERICALLY,NONE
run1,LIMITER_OFF,D3,1.00000000000000005E-04,1.00000000000000000E+07,3.26433757646462919E+00,3.75850370392915048E+06,5.16517050172281889E-01,5.16517050172766279E-01,1.23337912376466214E-12,8.73598025404183252E-13,0,CONSISTENT_NUMERICALLY,NONE
run1,LIMITER_OFF,D3,2.99999999999999974E-04,1.00000000000000000E+07,3.26433757646462919E+00,3.75850370392915048E+06,5.16517050172831782E-01,5.16517050172766279E-01,1.99103304557225535E-13,1.43252934789473627E-13,0,CONSISTENT_NUMERICALLY,NONE
run1,LIMITER_OFF,D3,1.00000000000000002E-03,1.00000000000000000E+07,3.26433757646462919E+00,3.75850370392915048E+06,5.16517050172796810E-01,5.16517050172766279E-01,2.44074489898576899E-13,1.89439422311815803E-13,0,CONSISTENT_NUMERICALLY,NONE
run1,LIMITER_OFF,D3,3.00000000000000006E-03,1.00000000000000000E+07,3.26433757646462919E+00,3.75850370392915048E+06,5.16517050172732528E-01,5.16517050172766279E-01,3.41652665907658669E-14,2.45557024971509900E-14,0,CONSISTENT_NUMERICALLY,NONE
run1,LIMITER_OFF,D3,1.00000000000000002E-02,1.00000000000000000E+07,3.26433757646462919E+00,3.75850370392915048E+06,5.16517050172773606E-01,5.16517050172766279E-01,1.55342400996638235E-14,1.15636272147248432E-14,0,CONSISTENT_NUMERICALLY,NONE
run1,RATIO_NEG,D1,9.99999999999999955E-08,1.00000000000000000E+07,1.17516152752726399E+00,0.00000000000000000E+00,2.00779123946960367E-10,9.44740785516737889E-17,2.00779123946982546E-10,1.47615747736990225E-10,1,INCONCLUSIVE,NONE
run1,RATIO_NEG,D1,2.99999999999999986E-07,1.00000000000000000E+07,1.17516152752726399E+00,0.00000000000000000E+00,4.23308157861143665E-10,9.44740785516737889E-17,4.23308105149247417E-10,2.36185101905105857E-10,1,INCONCLUSIVE,NONE
run1,RATIO_NEG,D1,9.99999999999999955E-07,1.00000000000000000E+07,1.17516152752726399E+00,0.00000000000000000E+00,1.26992447358343058E-10,9.44740785516737889E-17,1.26992500070270868E-10,7.08556533878338595E-11,1,INCONCLUSIVE,NONE
run1,RATIO_NEG,D1,3.00000000000000008E-06,1.00000000000000000E+07,1.17516152752726399E+00,0.00000000000000000E+00,1.35224941741561320E-11,9.44740785516737889E-17,1.35225079252577426E-11,9.34899735667604864E-12,1,NULLSPACE_CONSISTENT,NONE
run1,RATIO_NEG,D1,1.00000000000000008E-05,1.00000000000000000E+07,1.17516152752726399E+00,0.00000000000000000E+00,6.07918856674116063E-12,9.44740785516737889E-17,6.07917021518018106E-12,4.13324093663572632E-12,1,NULLSPACE_CONSISTENT,NONE
run1,RATIO_NEG,D1,3.00000000000000008E-05,1.00000000000000000E+07,1.17516152752726399E+00,0.00000000000000000E+00,1.35224941741561337E-12,9.44740785516737889E-17,1.35223566986733463E-12,9.34899735667605147E-13,1,NULLSPACE_CONSISTENT,NONE
run1,RATIO_NEG,D1,1.00000000000000005E-04,1.00000000000000000E+07,1.17516152752726399E+00,0.00000000000000000E+00,6.07918856674116104E-13,9.44740785516737889E-17,6.07937216005165768E-13,4.13324093663572642E-13,1,NULLSPACE_CONSISTENT,NONE
run1,RATIO_NEG,D1,2.99999999999999974E-04,1.00000000000000000E+07,1.17516152752726399E+00,0.00000000000000000E+00,0.00000000000000000E+00,9.44740785516737889E-17,9.44740785516737889E-17,9.44740785516737889E-17,1,NULLSPACE_CONSISTENT,NONE
run1,RATIO_NEG,D1,1.00000000000000002E-03,1.00000000000000000E+07,1.17516152752726399E+00,0.00000000000000000E+00,4.05674825224683992E-14,9.44740785516737889E-17,4.05538394559938563E-14,2.80469920700281385E-14,1,NULLSPACE_CONSISTENT,NONE
run1,RATIO_NEG,D1,3.00000000000000006E-03,1.00000000000000000E+07,1.17516152752726399E+00,0.00000000000000000E+00,6.69263746489867741E-15,9.44740785516737889E-17,6.69330423543436352E-15,4.92052492456634150E-15,1,NULLSPACE_CONSISTENT,NONE
run1,RATIO_NEG,D1,1.00000000000000002E-02,1.00000000000000000E+07,1.17516152752726399E+00,0.00000000000000000E+00,0.00000000000000000E+00,9.44740785516737889E-17,9.44740785516737889E-17,9.44740785516737889E-17,1,NULLSPACE_CONSISTENT,NONE
run1,RATIO_NEG,D2,9.99999999999999955E-08,1.00000000000000000E+07,1.17516152752726399E+00,8.16496580927726068E+06,1.00000000112718390E+00,1.00000000000000000E+00,1.18670037526693011E-09,7.99776830690614175E-10,0,CONSISTENT_NUMERICALLY,NONE
run1,RATIO_NEG,D2,2.99999999999999986E-07,1.00000000000000000E+07,1.17516152752726399E+00,8.16496580927726068E+06,9.99999999750666668E-01,1.00000000000000000E+00,3.24338729872243316E-10,2.67976951974843822E-10,0,CONSISTENT_NUMERICALLY,NONE
run1,RATIO_NEG,D2,9.99999999999999955E-07,1.00000000000000000E+07,1.17516152752726399E+00,8.16496580927726068E+06,9.99999999965448194E-01,1.00000000000000000E+00,7.33546708363378558E-11,6.22990416193302254E-11,0,CONSISTENT_NUMERICALLY,NONE
run1,RATIO_NEG,D2,3.00000000000000008E-06,1.00000000000000000E+07,1.17516152752726399E+00,8.16496580927726068E+06,1.00000000003162870E+00,1.00000000000000000E+00,4.08670359942480688E-11,3.29130684339892067E-11,0,CONSISTENT_NUMERICALLY,NONE
run1,RATIO_NEG,D2,1.00000000000000008E-05,1.00000000000000000E+07,1.17516152752726399E+00,8.16496580927726068E+06,1.00000000000039568E+00,1.00000000000000000E+00,3.62147721170696042E-12,2.79945589564319642E-12,0,CONSISTENT_NUMERICALLY,NONE
run1,RATIO_NEG,D2,3.00000000000000008E-05,1.00000000000000000E+07,1.17516152752726399E+00,8.16496580927726068E+06,9.99999999995437983E-01,1.00000000000000000E+00,5.26568012276905260E-12,4.03999502110522423E-12,0,CONSISTENT_NUMERICALLY,NONE
run1,RATIO_NEG,D2,1.00000000000000005E-04,1.00000000000000000E+07,1.17516152752726399E+00,8.16496580927726068E+06,1.00000000000118217E+00,1.00000000000000000E+00,1.24349432560609363E-12,8.50833551436373840E-13,0,CONSISTENT_NUMERICALLY,NONE
run1,RATIO_NEG,D2,2.99999999999999974E-04,1.00000000000000000E+07,1.17516152752726399E+00,8.16496580927726068E+06,1.00000000000017364E+00,1.00000000000000000E+00,1.73118561171540996E-13,9.31514414519502884E-14,0,CONSISTENT_NUMERICALLY,NONE
run1,RATIO_NEG,D2,1.00000000000000002E-03,1.00000000000000000E+07,1.17516152752726399E+00,8.16496580927726068E+06,1.00000000000000444E+00,1.00000000000000000E+00,7.69403067140378460E-14,5.37557506959023671E-14,0,CONSISTENT_NUMERICALLY,NONE
run1,RATIO_NEG,D2,3.00000000000000006E-03,1.00000000000000000E+07,1.17516152752726399E+00,8.16496580927726068E+06,9.99999999999966693E-01,1.00000000000000000E+00,3.55665734267618461E-14,2.49411567376418697E-14,0,CONSISTENT_NUMERICALLY,NONE
run1,RATIO_NEG,D2,1.00000000000000002E-02,1.00000000000000000E+07,1.17516152752726399E+00,8.16496580927726068E+06,1.00000000000000000E+00,1.00000000000000000E+00,2.98753268068950571E-16,2.83422235655021305E-16,0,CONSISTENT_NUMERICALLY,NONE
run1,RATIO_NEG,D3,9.99999999999999955E-08,1.00000000000000000E+07,1.17516152752726399E+00,3.75850370392915048E+06,5.16517050346189110E-01,5.16517050172766390E-01,1.81225202472094095E-09,1.31112545687043044E-09,0,CONSISTENT_NUMERICALLY,NONE
run1,RATIO_NEG,D3,2.99999999999999986E-07,1.00000000000000000E+07,1.17516152752726399E+00,3.75850370392915048E+06,5.16517049719272481E-01,5.16517050172766390E-01,5.47186510255454273E-10,4.58585963379129696E-10,0,CONSISTENT_NUMERICALLY,NONE
run1,RATIO_NEG,D3,9.99999999999999955E-07,1.00000000000000000E+07,1.17516152752726399E+00,3.75850370392915048E+06,5.16517050168203373E-01,5.16517050172766390E-01,1.32793484697847055E-10,1.11216727515562052E-10,0,CONSISTENT_NUMERICALLY,NONE
run1,RATIO_NEG,D3,3.00000000000000008E-06,1.00000000000000000E+07,1.17516152752726399E+00,3.75850370392915048E+06,5.16517050168648018E-01,5.16517050172766390E-01,2.80676960848483980E-11,1.99797146960128038E-11,0,CONSISTENT_NUMERICALLY,NONE
run1,RATIO_NEG,D3,1.00000000000000008E-05,1.00000000000000000E+07,1.17516152752726399E+00,3.75850370392915048E+06,5.16517050182633608E-01,5.16517050172766390E-01,2.84550836888721558E-11,1.94970112009128494E-11,0,CONSISTENT_NUMERICALLY,NONE
run1,RATIO_NEG,D3,3.00000000000000008E-05,1.00000000000000000E+07,1.17516152752726399E+00,3.75850370392915048E+06,5.16517050172269232E-01,5.16517050172766390E-01,4.67464317049946799E-12,3.44198000850303930E-12,0,CONSISTENT_NUMERICALLY,NONE
run1,RATIO_NEG,D3,1.00000000000000005E-04,1.00000000000000000E+07,1.17516152752726399E+00,3.75850370392915048E+06,5.16517050172260350E-01,5.16517050172766390E-01,1.24594052592664094E-12,8.82671315908288020E-13,0,CONSISTENT_NUMERICALLY,NONE
run1,RATIO_NEG,D3,2.99999999999999974E-04,1.00000000000000000E+07,1.17516152752726399E+00,3.75850370392915048E+06,5.16517050172837777E-01,5.16517050172766390E-01,1.94471392636470604E-13,1.42277962298820689E-13,0,CONSISTENT_NUMERICALLY,NONE
run1,RATIO_NEG,D3,1.00000000000000002E-03,1.00000000000000000E+07,1.17516152752726399E+00,3.75850370392915048E+06,5.16517050172793590E-01,5.16517050172766390E-01,2.42496766411416954E-13,1.92567695237858449E-13,0,CONSISTENT_NUMERICALLY,NONE
run1,RATIO_NEG,D3,3.00000000000000006E-03,1.00000000000000000E+07,1.17516152752726399E+00,3.75850370392915048E+06,5.16517050172731640E-01,5.16517050172766390E-01,3.51171136395652762E-14,2.53190530518485706E-14,0,CONSISTENT_NUMERICALLY,NONE
run1,RATIO_NEG,D3,1.00000000000000002E-02,1.00000000000000000E+07,1.17516152752726399E+00,3.75850370392915048E+06,5.16517050172773606E-01,5.16517050172766390E-01,1.50791265928808963E-14,1.09117560727183204E-14,0,CONSISTENT_NUMERICALLY,NONE
run1,RATIO_POS,D1,9.99999999999999955E-08,1.00000000000000000E+07,3.26433757646462919E+00,0.00000000000000000E+00,2.11250668052375259E-10,1.57700981196308475E-16,2.11250799595286625E-10,1.48796775750890674E-10,1,INCONCLUSIVE,NONE
run1,RATIO_POS,D1,2.99999999999999986E-07,1.00000000000000000E+07,3.26433757646462919E+00,0.00000000000000000E+00,4.17928624672873331E-10,1.57700981196308475E-16,4.17928721292174051E-10,2.26737856545353082E-10,1,INCONCLUSIVE,NONE
run1,RATIO_POS,D1,9.99999999999999955E-07,1.00000000000000000E+07,3.26433757646462919E+00,0.00000000000000000E+00,1.25378587401861974E-10,1.57700981196308475E-16,1.25378490782641620E-10,6.80212685358684062E-11,1,INCONCLUSIVE,NONE
run1,RATIO_POS,D1,3.00000000000000008E-06,1.00000000000000000E+07,3.26433757646462919E+00,0.00000000000000000E+00,1.30891142390905841E-11,1.57700981196308475E-16,1.30889830605680348E-11,9.21113763211747367E-12,1,NULLSPACE_CONSISTENT,NONE
run1,RATIO_POS,D1,1.00000000000000008E-05,1.00000000000000000E+07,3.26433757646462919E+00,0.00000000000000000E+00,6.16998580391369889E-12,1.57700981196308475E-16,6.17011828281329783E-12,4.25143556683014366E-12,1,NULLSPACE_CONSISTENT,NONE
run1,RATIO_POS,D1,3.00000000000000008E-05,1.00000000000000000E+07,3.26433757646462919E+00,0.00000000000000000E+00,1.30891142390905857E-12,1.57700981196308475E-16,1.30904260565074858E-12,9.21207292549513668E-13,1,NULLSPACE_CONSISTENT,NONE
run1,RATIO_POS,D1,1.00000000000000005E-04,1.00000000000000000E+07,3.26433757646462919E+00,0.00000000000000000E+00,6.16998580391369949E-13,1.57700981196308475E-16,6.16866108017363013E-13,4.25031321477695078E-13,1,NULLSPACE_CONSISTENT,NONE
run1,RATIO_POS,D1,2.99999999999999974E-04,1.00000000000000000E+07,3.26433757646462919E+00,0.00000000000000000E+00,0.00000000000000000E+00,1.57700981196308475E-16,1.57700981196308475E-16,1.02032004835807452E-16,1,NULLSPACE_CONSISTENT,NONE
run1,RATIO_POS,D1,1.00000000000000002E-03,1.00000000000000000E+07,3.26433757646462919E+00,0.00000000000000000E+00,3.92673427172717576E-14,1.57700981196308475E-16,3.93986187659544206E-14,2.77186946470610205E-14,1,NULLSPACE_CONSISTENT,NONE
run1,RATIO_POS,D1,3.00000000000000006E-03,1.00000000000000000E+07,3.26433757646462919E+00,0.00000000000000000E+00,7.04168893507917525E-15,1.57700981196308475E-16,6.91069348064236830E-15,4.85785711912705297E-15,1,NULLSPACE_CONSISTENT,NONE
run1,RATIO_POS,D1,1.00000000000000002E-02,1.00000000000000000E+07,3.26433757646462919E+00,0.00000000000000000E+00,0.00000000000000000E+00,1.57700981196308475E-16,1.57700981196308475E-16,1.02032004835807452E-16,1,NULLSPACE_CONSISTENT,NONE
run1,RATIO_POS,D2,9.99999999999999955E-08,1.00000000000000000E+07,3.26433757646462919E+00,8.16496580927726068E+06,1.00000000113264331E+00,1.00000000000000000E+00,1.19997723121327801E-09,8.34022939709855178E-10,0,CONSISTENT_NUMERICALLY,NONE
run1,RATIO_POS,D2,2.99999999999999986E-07,1.00000000000000000E+07,3.26433757646462919E+00,8.16496580927726068E+06,9.99999999766459813E-01,1.00000000000000000E+00,3.11162998129088592E-10,2.60695445507662057E-10,0,CONSISTENT_NUMERICALLY,NONE
run1,RATIO_POS,D2,9.99999999999999955E-07,1.00000000000000000E+07,3.26433757646462919E+00,8.16496580927726068E+06,9.99999999967379538E-01,1.00000000000000000E+00,7.04727503389944746E-11,6.00856953490952139E-11,0,CONSISTENT_NUMERICALLY,NONE
run1,RATIO_POS,D2,3.00000000000000008E-06,1.00000000000000000E+07,3.26433757646462919E+00,8.16496580927726068E+06,1.00000000003048495E+00,1.00000000000000000E+00,4.00310327622781711E-11,3.26462963099380672E-11,0,CONSISTENT_NUMERICALLY,NONE
run1,RATIO_POS,D2,1.00000000000000008E-05,1.00000000000000000E+07,3.26433757646462919E+00,8.16496580927726068E+06,1.00000000000019407E+00,1.00000000000000000E+00,3.97670454328988140E-12,2.67432686808306986E-12,0,CONSISTENT_NUMERICALLY,NONE
run1,RATIO_POS,D2,3.00000000000000008E-05,1.00000000000000000E+07,3.26433757646462919E+00,8.16496580927726068E+06,9.99999999995411559E-01,1.00000000000000000E+00,5.24640984295177411E-12,3.98577823690598032E-12,0,CONSISTENT_NUMERICALLY,NONE
run1,RATIO_POS,D2,1.00000000000000005E-04,1.00000000000000000E+07,3.26433757646462919E+00,8.16496580927726068E+06,1.00000000000122524E+00,1.00000000000000000E+00,1.27490933811842160E-12,8.46593554790973017E-13,0,CONSISTENT_NUMERICALLY,NONE
run1,RATIO_POS,D2,2.99999999999999974E-04,1.00000000000000000E+07,3.26433757646462919E+00,8.16496580927726068E+06,1.00000000000018163E+00,1.00000000000000000E+00,1.81926189711024554E-13,9.55699778628729598E-14,0,CONSISTENT_NUMERICALLY,NONE
run1,RATIO_POS,D2,1.00000000000000002E-03,1.00000000000000000E+07,3.26433757646462919E+00,8.16496580927726068E+06,1.00000000000000488E+00,1.00000000000000000E+00,7.79490683609389928E-14,5.58455173134652680E-14,0,CONSISTENT_NUMERICALLY,NONE
run1,RATIO_POS,D2,3.00000000000000006E-03,1.00000000000000000E+07,3.26433757646462919E+00,8.16496580927726068E+06,9.99999999999966804E-01,1.00000000000000000E+00,3.52546785112428723E-14,2.49638305164942200E-14,0,CONSISTENT_NUMERICALLY,NONE
run1,RATIO_POS,D2,1.00000000000000002E-02,1.00000000000000000E+07,3.26433757646462919E+00,8.16496580927726068E+06,1.00000000000000022E+00,1.00000000000000000E+00,4.24793110648128887E-16,3.40106682786024915E-16,0,CONSISTENT_NUMERICALLY,NONE
run1,RATIO_POS,D3,9.99999999999999955E-08,1.00000000000000000E+07,3.26433757646462919E+00,3.75850370392915048E+06,5.16517050371663844E-01,5.16517050172766279E-01,1.80357330408188551E-09,1.29370677879790681E-09,0,CONSISTENT_NUMERICALLY,NONE
run1,RATIO_POS,D3,2.99999999999999986E-07,1.00000000000000000E+07,3.26433757646462919E+00,3.75850370392915048E+06,5.16517049710318310E-01,5.16517050172766279E-01,5.55306551161573085E-10,4.59078721278038472E-10,0,CONSISTENT_NUMERICALLY,NONE
run1,RATIO_POS,D3,9.99999999999999955E-07,1.00000000000000000E+07,3.26433757646462919E+00,3.75850370392915048E+06,5.16517050169973069E-01,5.16517050172766279E-01,1.30146326477883640E-10,1.09622505782225928E-10,0,CONSISTENT_NUMERICALLY,NONE
run1,RATIO_POS,D3,3.00000000000000008E-06,1.00000000000000000E+07,3.26433757646462919E+00,3.75850370392915048E+06,5.16517050167840330E-01,5.16517050172766279E-01,2.94366571502244130E-11,2.10530543058096254E-11,0,CONSISTENT_NUMERICALLY,NONE
run1,RATIO_POS,D3,1.00000000000000008E-05,1.00000000000000000E+07,3.26433757646462919E+00,3.75850370392915048E+06,5.16517050182918935E-01,5.16517050172766279E-01,2.86311151918261370E-11,1.96180251737964108E-11,0,CONSISTENT_NUMERICALLY,NONE
run1,RATIO_POS,D3,3.00000000000000008E-05,1.00000000000000000E+07,3.26433757646462919E+00,3.75850370392915048E+06,5.16517050172409120E-01,5.16517050172766279E-01,4.65967264221646469E-12,3.57878957495008451E-12,0,CONSISTENT_NUMERICALLY,NONE
run1,RATIO_POS,D3,1.00000000000000005E-04,1.00000000000000000E+07,3.26433757646462919E+00,3.75850370392915048E+06,5.16517050172274561E-01,5.16517050172766279E-01,1.24097617974361974E-12,8.84209353907107202E-13,0,CONSISTENT_NUMERICALLY,NONE
run1,RATIO_POS,D3,2.99999999999999974E-04,1.00000000000000000E+07,3.26433757646462919E+00,3.75850370392915048E+06,5.16517050172830894E-01,5.16517050172766279E-01,2.00562872664389402E-13,1.43252934789473627E-13,0,CONSISTENT_NUMERICALLY,NONE
run1,RATIO_POS,D3,1.00000000000000002E-03,1.00000000000000000E+07,3.26433757646462919E+00,3.75850370392915048E+06,5.16517050172795034E-01,5.16517050172766279E-01,2.46879880758455127E-13,1.93690755846641119E-13,0,CONSISTENT_NUMERICALLY,NONE
run1,RATIO_POS,D3,3.00000000000000006E-03,1.00000000000000000E+07,3.26433757646462919E+00,3.75850370392915048E+06,5.16517050172731640E-01,5.16517050172766279E-01,3.48862316110347191E-14,2.52359158627230390E-14,0,CONSISTENT_NUMERICALLY,NONE
run1,RATIO_POS,D3,1.00000000000000002E-02,1.00000000000000000E+07,3.26433757646462919E+00,3.75850370392915048E+06,5.16517050172773828E-01,5.16517050172766279E-01,1.59861402023942471E-14,1.20397765706252772E-14,0,CONSISTENT_NUMERICALLY,NONE
run1,SE_CLIP_HIGH,D1,9.99999999999999955E-08,1.00000000000000000E+07,1.00000000000000000E+00,0.00000000000000000E+00,0.00000000000000000E+00,4.56957047189287599E-27,4.56957047189287599E-27,3.23117426778526400E-27,1,NULLSPACE_CONSISTENT,NONE
run1,SE_CLIP_HIGH,D1,2.99999999999999986E-07,1.00000000000000000E+07,1.00000000000000000E+00,0.00000000000000000E+00,0.00000000000000000E+00,4.56957047189287599E-27,4.56957047189287599E-27,3.23117426778526400E-27,1,NULLSPACE_CONSISTENT,NONE
run1,SE_CLIP_HIGH,D1,9.99999999999999955E-07,1.00000000000000000E+07,1.00000000000000000E+00,0.00000000000000000E+00,0.00000000000000000E+00,4.56957047189287599E-27,4.56957047189287599E-27,3.23117426778526400E-27,1,NULLSPACE_CONSISTENT,NONE
run1,SE_CLIP_HIGH,D1,3.00000000000000008E-06,1.00000000000000000E+07,1.00000000000000000E+00,0.00000000000000000E+00,0.00000000000000000E+00,4.56957047189287599E-27,4.56957047189287599E-27,3.23117426778526400E-27,1,NULLSPACE_CONSISTENT,NONE
run1,SE_CLIP_HIGH,D1,1.00000000000000008E-05,1.00000000000000000E+07,1.00000000000000000E+00,0.00000000000000000E+00,0.00000000000000000E+00,4.56957047189287599E-27,4.56957047189287599E-27,3.23117426778526400E-27,1,NULLSPACE_CONSISTENT,NONE
run1,SE_CLIP_HIGH,D1,3.00000000000000008E-05,1.00000000000000000E+07,1.00000000000000000E+00,0.00000000000000000E+00,0.00000000000000000E+00,4.56957047189287599E-27,4.56957047189287599E-27,3.23117426778526400E-27,1,NULLSPACE_CONSISTENT,NONE
run1,SE_CLIP_HIGH,D1,1.00000000000000005E-04,1.00000000000000000E+07,1.00000000000000000E+00,0.00000000000000000E+00,0.00000000000000000E+00,4.56957047189287599E-27,4.56957047189287599E-27,3.23117426778526400E-27,1,NULLSPACE_CONSISTENT,NONE
run1,SE_CLIP_HIGH,D1,2.99999999999999974E-04,1.00000000000000000E+07,1.00000000000000000E+00,0.00000000000000000E+00,0.00000000000000000E+00,4.56957047189287599E-27,4.56957047189287599E-27,3.23117426778526400E-27,1,NULLSPACE_CONSISTENT,NONE
run1,SE_CLIP_HIGH,D1,1.00000000000000002E-03,1.00000000000000000E+07,1.00000000000000000E+00,0.00000000000000000E+00,0.00000000000000000E+00,4.56957047189287599E-27,4.56957047189287599E-27,3.23117426778526400E-27,1,NULLSPACE_CONSISTENT,NONE
run1,SE_CLIP_HIGH,D1,3.00000000000000006E-03,1.00000000000000000E+07,1.00000000000000000E+00,0.00000000000000000E+00,0.00000000000000000E+00,4.56957047189287599E-27,4.56957047189287599E-27,3.23117426778526400E-27,1,NULLSPACE_CONSISTENT,NONE
run1,SE_CLIP_HIGH,D1,1.00000000000000002E-02,1.00000000000000000E+07,1.00000000000000000E+00,0.00000000000000000E+00,0.00000000000000000E+00,4.56957047189287599E-27,4.56957047189287599E-27,3.23117426778526400E-27,1,NULLSPACE_CONSISTENT,NONE
run1,SE_CLIP_HIGH,D2,9.99999999999999955E-08,1.00000000000000000E+07,1.00000000000000000E+00,8.16496580927726068E+06,3.27421875865056704E-11,2.93790381898712770E-11,4.89997051544789567E-12,2.65771566483243206E-12,0,INCONCLUSIVE,EXPLAINED_NEAR_NULL_ROUNDOFF
run1,SE_CLIP_HIGH,D2,2.99999999999999986E-07,1.00000000000000000E+07,1.00000000000000000E+00,8.16496580927726068E+06,3.18689052072777776E-11,2.93790381898712770E-11,3.17118352051401601E-12,2.65771566483242883E-12,0,INCONCLUSIVE,EXPLAINED_NEAR_NULL_ROUNDOFF
run1,SE_CLIP_HIGH,D2,9.99999999999999955E-07,1.00000000000000000E+07,1.00000000000000000E+00,8.16496580927726068E+06,3.03576608295941177E-11,2.93790381898712770E-11,9.78622639722843961E-13,4.89311319861423596E-13,0,INCONCLUSIVE,EXPLAINED_NEAR_NULL_ROUNDOFF
run1,SE_CLIP_HIGH,D2,3.00000000000000008E-06,1.00000000000000000E+07,1.00000000000000000E+00,8.16496580927726068E+06,2.93460948596076772E-11,2.93790381898712770E-11,1.48345969222235099E-13,8.89298387975164104E-14,0,INCONCLUSIVE,EXPLAINED_NEAR_NULL_ROUNDOFF
run1,SE_CLIP_HIGH,D2,1.00000000000000008E-05,1.00000000000000000E+07,1.00000000000000000E+00,8.16496580927726068E+06,2.94252709303442314E-11,2.93790381898712770E-11,5.95469879500780756E-14,5.56304508672218224E-14,0,INCONCLUSIVE,EXPLAINED_NEAR_NULL_ROUNDOFF
run1,SE_CLIP_HIGH,D2,3.00000000000000008E-05,1.00000000000000000E+07,1.00000000000000000E+00,8.16496580927726068E+06,2.93746508598739313E-11,2.93790381898712770E-11,4.38732999734888013E-15,2.19366499867605604E-15,0,INCONCLUSIVE,EXPLAINED_NEAR_NULL_ROUNDOFF
run1,SE_CLIP_HIGH,D2,1.00000000000000005E-04,1.00000000000000000E+07,1.00000000000000000E+00,8.16496580927726068E+06,2.93797107100746824E-11,2.93790381898712770E-11,3.81548067715294035E-15,3.58874658791437839E-15,0,INCONCLUSIVE,EXPLAINED_NEAR_NULL_ROUNDOFF
run1,SE_CLIP_HIGH,D2,2.99999999999999974E-04,1.00000000000000000E+07,1.00000000000000000E+00,8.16496580927726068E+06,2.93789877041295571E-11,2.93790381898712770E-11,1.44648544316908499E-15,7.48062102027639346E-16,0,INCONCLUSIVE,EXPLAINED_NEAR_NULL_ROUNDOFF
run1,SE_CLIP_HIGH,D2,1.00000000000000002E-03,1.00000000000000000E+07,1.00000000000000000E+00,8.16496580927726068E+06,2.93792767891431985E-11,2.93790381898712770E-11,2.38599271924759576E-16,1.19299635963995400E-16,0,CONSISTENT_NUMERICALLY,NONE
run1,SE_CLIP_HIGH,D2,3.00000000000000006E-03,1.00000000000000000E+07,1.00000000000000000E+00,8.16496580927726068E+06,2.93792767898545092E-11,2.93790381898712770E-11,3.14205294765408880E-16,2.63859925626575183E-16,0,INCONCLUSIVE,EXPLAINED_NEAR_NULL_ROUNDOFF
run1,SE_CLIP_HIGH,D2,1.00000000000000002E-02,1.00000000000000000E+07,1.00000000000000000E+00,8.16496580927726068E+06,2.93789948966023728E-11,2.93790381898712770E-11,5.73140683674693988E-17,5.41727116336853283E-17,0,CONSISTENT_NUMERICALLY,NONE
run1,SE_CLIP_HIGH,D3,9.99999999999999955E-08,1.00000000000000000E+07,1.00000000000000000E+00,3.75850370392915048E+06,1.67963878318330394E-11,1.51747741427453602E-11,7.64466818618899077E-12,5.89673299591965836E-12,0,INCONCLUSIVE,EXPLAINED_NEAR_NULL_ROUNDOFF
run1,SE_CLIP_HIGH,D3,2.99999999999999986E-07,1.00000000000000000E+07,1.00000000000000000E+00,3.75850370392915048E+06,1.57032669437232391E-11,1.51747741427453602E-11,1.56250582399793691E-12,1.33128148731703800E-12,0,INCONCLUSIVE,EXPLAINED_NEAR_NULL_ROUNDOFF
run1,SE_CLIP_HIGH,D3,9.99999999999999955E-07,1.00000000000000000E+07,1.00000000000000000E+00,3.75850370392915048E+06,1.51540283877470088E-11,1.51747741427453602E-11,2.32260408170739175E-13,1.74799169999166491E-13,0,INCONCLUSIVE,EXPLAINED_NEAR_NULL_ROUNDOFF
run1,SE_CLIP_HIGH,D3,3.00000000000000008E-06,1.00000000000000000E+07,1.00000000000000000E+00,3.75850370392915048E+06,1.51326385134534803E-11,1.51747741427453602E-11,1.75229414098605688E-13,1.14321409330301493E-13,0,INCONCLUSIVE,EXPLAINED_NEAR_NULL_ROUNDOFF
run1,SE_CLIP_HIGH,D3,1.00000000000000008E-05,1.00000000000000000E+07,1.00000000000000000E+00,3.75850370392915048E+06,1.52053856275851393E-11,1.51747741427453602E-11,7.43044739906986092E-14,6.10087964211482241E-14,0,INCONCLUSIVE,EXPLAINED_NEAR_NULL_ROUNDOFF
run1,SE_CLIP_HIGH,D3,3.00000000000000008E-05,1.00000000000000000E+07,1.00000000000000000E+00,3.75850370392915048E+06,1.51651323093047113E-11,1.51747741427453602E-11,2.06406877072567001E-14,1.57828513679590112E-14,0,INCONCLUSIVE,EXPLAINED_NEAR_NULL_ROUNDOFF
run1,SE_CLIP_HIGH,D3,1.00000000000000005E-04,1.00000000000000000E+07,1.00000000000000000E+00,3.75850370392915048E+06,1.51734357052078390E-11,1.51747741427453602E-11,3.59994306423072032E-15,3.00998628845626084E-15,0,INCONCLUSIVE,EXPLAINED_NEAR_NULL_ROUNDOFF
run1,SE_CLIP_HIGH,D3,2.99999999999999974E-04,1.00000000000000000E+07,1.00000000000000000E+00,3.75850370392915048E+06,1.51750155400650499E-11,1.51747741427453602E-11,1.40910322571625806E-15,1.32682240148595805E-15,0,INCONCLUSIVE,EXPLAINED_NEAR_NULL_ROUNDOFF
run1,SE_CLIP_HIGH,D3,1.00000000000000002E-03,1.00000000000000000E+07,1.00000000000000000E+00,3.75850370392915048E+06,1.51744451624265791E-11,1.51747741427453602E-11,4.15410973010101819E-16,3.05937638679680376E-16,0,INCONCLUSIVE,EXPLAINED_NEAR_NULL_ROUNDOFF
run1,SE_CLIP_HIGH,D3,3.00000000000000006E-03,1.00000000000000000E+07,1.00000000000000000E+00,3.75850370392915048E+06,1.51748600304115491E-11,1.51747741427453602E-11,1.80694487066089809E-16,1.48914472297395889E-16,0,INCONCLUSIVE,EXPLAINED_NEAR_NULL_ROUNDOFF
run1,SE_CLIP_HIGH,D3,1.00000000000000002E-02,1.00000000000000000E+07,1.00000000000000000E+00,3.75850370392915048E+06,1.51747961714126515E-11,1.51747741427453602E-11,4.91770145493940474E-17,4.10070565156810372E-17,0,CONSISTENT_NUMERICALLY,NONE
run1,SE_CLIP_LOW,D1,9.99999999999999955E-08,1.00000000000000000E+07,2.93789794301346490E+01,0.00000000000000000E+00,1.90125795829278888E-10,2.13770864630280196E-17,1.90125804091536687E-10,1.32263989616042567E-10,1,INCONCLUSIVE,NONE
run1,SE_CLIP_LOW,D1,2.99999999999999986E-07,1.00000000000000000E+07,2.93789794301346490E+01,0.00000000000000000E+00,4.04367523256498388E-10,2.13770864630280196E-17,4.04367522079300952E-10,2.20439942384383511E-10,1,INCONCLUSIVE,NONE
run1,SE_CLIP_LOW,D1,9.99999999999999955E-07,1.00000000000000000E+07,2.93789794301346490E+01,0.00000000000000000E+00,1.21310256976949506E-10,2.13770864630280196E-17,1.21310258154149423E-10,6.61320023659626951E-11,1,INCONCLUSIVE,NONE
run1,SE_CLIP_LOW,D1,3.00000000000000008E-06,1.00000000000000000E+07,2.93789794301346490E+01,0.00000000000000000E+00,1.30223790903958587E-11,2.13770864630280196E-17,1.30223710485206741E-11,9.13249740912823111E-12,1,NULLSPACE_CONSISTENT,NONE
run1,SE_CLIP_LOW,D1,1.00000000000000008E-05,1.00000000000000000E+07,2.93789794301346490E+01,0.00000000000000000E+00,5.91577917846647685E-12,2.13770864630280196E-17,5.91578714465991679E-12,4.15688288588782257E-12,1,NULLSPACE_CONSISTENT,NONE
run1,SE_CLIP_LOW,D1,3.00000000000000008E-05,1.00000000000000000E+07,2.93789794301346490E+01,0.00000000000000000E+00,1.30223790903958575E-12,2.13770864630280196E-17,1.30224595108045834E-12,9.13266368383903239E-13,1,NULLSPACE_CONSISTENT,NONE
run1,SE_CLIP_LOW,D1,1.00000000000000005E-04,1.00000000000000000E+07,2.93789794301346490E+01,0.00000000000000000E+00,5.91577917846647786E-13,2.13770864630280196E-17,5.91569952019075117E-13,4.15671661117702068E-13,1,NULLSPACE_CONSISTENT,NONE
run1,SE_CLIP_LOW,D1,2.99999999999999974E-04,1.00000000000000000E+07,2.93789794301346490E+01,0.00000000000000000E+00,0.00000000000000000E+00,2.13770864630280196E-17,2.13770864630280196E-17,1.51158828000182589E-17,1,NULLSPACE_CONSISTENT,NONE
run1,SE_CLIP_LOW,D1,1.00000000000000002E-03,1.00000000000000000E+07,2.93789794301346490E+01,0.00000000000000000E+00,3.90671372711875927E-14,2.13770864630280196E-17,3.90751841813433497E-14,2.74126534578331147E-14,1,NULLSPACE_CONSISTENT,NONE
run1,SE_CLIP_LOW,D1,3.00000000000000006E-03,1.00000000000000000E+07,2.93789794301346490E+01,0.00000000000000000E+00,6.33752652764263048E-15,2.13770864630280196E-17,6.32929497851238566E-15,4.40879915000532592E-15,1,NULLSPACE_CONSISTENT,NONE
run1,SE_CLIP_LOW,D1,1.00000000000000002E-02,1.00000000000000000E+07,2.93789794301346490E+01,0.00000000000000000E+00,0.00000000000000000E+00,2.13770864630280196E-17,2.13770864630280196E-17,1.51158828000182589E-17,1,NULLSPACE_CONSISTENT,NONE
run1,SE_CLIP_LOW,D2,9.99999999999999955E-08,1.00000000000000000E+07,2.93789794301346490E+01,8.16496580927726068E+06,1.00000000112647447E+00,1.00000000000000000E+00,1.18571781254443515E-09,8.15955837253235438E-10,0,CONSISTENT_NUMERICALLY,NONE
run1,SE_CLIP_LOW,D2,2.99999999999999986E-07,1.00000000000000000E+07,2.93789794301346490E+01,8.16496580927726068E+06,9.99999999756597369E-01,1.00000000000000000E+00,3.23408718317772930E-10,2.64199934343559183E-10,0,CONSISTENT_NUMERICALLY,NONE
run1,SE_CLIP_LOW,D2,9.99999999999999955E-07,1.00000000000000000E+07,2.93789794301346490E+01,8.16496580927726068E+06,9.99999999967983610E-01,1.00000000000000000E+00,7.04207624887819687E-11,6.02930240420888432E-11,0,CONSISTENT_NUMERICALLY,NONE
run1,SE_CLIP_LOW,D2,3.00000000000000008E-06,1.00000000000000000E+07,2.93789794301346490E+01,8.16496580927726068E+06,1.00000000003112399E+00,1.00000000000000000E+00,4.02099474499936246E-11,3.24491446797367980E-11,0,CONSISTENT_NUMERICALLY,NONE
run1,SE_CLIP_LOW,D2,1.00000000000000008E-05,1.00000000000000000E+07,2.93789794301346490E+01,8.16496580927726068E+06,1.00000000000048272E+00,1.00000000000000000E+00,4.19405280726202124E-12,3.09911875519094398E-12,0,CONSISTENT_NUMERICALLY,NONE
run1,SE_CLIP_LOW,D2,3.00000000000000008E-05,1.00000000000000000E+07,2.93789794301346490E+01,8.16496580927726068E+06,9.99999999995444089E-01,1.00000000000000000E+00,5.21739354743739232E-12,3.98636061202081478E-12,0,CONSISTENT_NUMERICALLY,NONE
run1,SE_CLIP_LOW,D2,1.00000000000000005E-04,1.00000000000000000E+07,2.93789794301346490E+01,8.16496580927726068E+06,1.00000000000123390E+00,1.00000000000000000E+00,1.29045139628964180E-12,8.69646969250650462E-13,0,CONSISTENT_NUMERICALLY,NONE
run1,SE_CLIP_LOW,D2,2.99999999999999974E-04,1.00000000000000000E+07,2.93789794301346490E+01,8.16496580927726068E+06,1.00000000000017741E+00,1.00000000000000000E+00,1.77339547317268968E-13,8.87000002705071350E-14,0,CONSISTENT_NUMERICALLY,NONE
run1,SE_CLIP_LOW,D2,1.00000000000000002E-03,1.00000000000000000E+07,2.93789794301346490E+01,8.16496580927726068E+06,1.00000000000000488E+00,1.00000000000000000E+00,7.62601665440098556E-14,5.33892980496644868E-14,0,CONSISTENT_NUMERICALLY,NONE
run1,SE_CLIP_LOW,D2,3.00000000000000006E-03,1.00000000000000000E+07,2.93789794301346490E+01,8.16496580927726068E+06,9.99999999999966582E-01,1.00000000000000000E+00,3.58618067548753208E-14,2.59993184160314073E-14,0,CONSISTENT_NUMERICALLY,NONE
run1,SE_CLIP_LOW,D2,1.00000000000000002E-02,1.00000000000000000E+07,2.93789794301346490E+01,8.16496580927726068E+06,1.00000000000000044E+00,1.00000000000000000E+00,4.01069692981178758E-16,3.02317656000365191E-16,0,CONSISTENT_NUMERICALLY,NONE
run1,SE_CLIP_LOW,D3,9.99999999999999955E-08,1.00000000000000000E+07,2.93789794301346490E+01,3.75850370392915048E+06,5.16517050381359755E-01,5.16517050172766390E-01,1.81520647582516239E-09,1.30648410108729757E-09,0,CONSISTENT_NUMERICALLY,NONE
run1,SE_CLIP_LOW,D3,2.99999999999999986E-07,1.00000000000000000E+07,2.93789794301346490E+01,3.75850370392915048E+06,5.16517049705547682E-01,5.16517050172766390E-01,5.57797379993255779E-10,4.62089997728247817E-10,0,CONSISTENT_NUMERICALLY,NONE
run1,SE_CLIP_LOW,D3,9.99999999999999955E-07,1.00000000000000000E+07,2.93789794301346490E+01,3.75850370392915048E+06,5.16517050164984615E-01,5.16517050172766390E-01,1.31517157342858178E-10,1.09068954661187754E-10,0,CONSISTENT_NUMERICALLY,NONE
run1,SE_CLIP_LOW,D3,3.00000000000000008E-06,1.00000000000000000E+07,2.93789794301346490E+01,3.75850370392915048E+06,5.16517050167726643E-01,5.16517050172766390E-01,2.84649100613191623E-11,2.05318658175578038E-11,0,CONSISTENT_NUMERICALLY,NONE
run1,SE_CLIP_LOW,D3,1.00000000000000008E-05,1.00000000000000000E+07,2.93789794301346490E+01,3.75850370392915048E+06,5.16517050182738413E-01,5.16517050172766390E-01,2.82904637023799758E-11,1.94160415810260554E-11,0,CONSISTENT_NUMERICALLY,NONE
run1,SE_CLIP_LOW,D3,3.00000000000000008E-05,1.00000000000000000E+07,2.93789794301346490E+01,3.75850370392915048E+06,5.16517050172448089E-01,5.16517050172766390E-01,4.66781487135992675E-12,3.60630952872135627E-12,0,CONSISTENT_NUMERICALLY,NONE
run1,SE_CLIP_LOW,D3,1.00000000000000005E-04,1.00000000000000000E+07,2.93789794301346490E+01,3.75850370392915048E+06,5.16517050172275893E-01,5.16517050172766390E-01,1.26857736291192092E-12,9.17987562445108827E-13,0,CONSISTENT_NUMERICALLY,NONE
run1,SE_CLIP_LOW,D3,2.99999999999999974E-04,1.00000000000000000E+07,2.93789794301346490E+01,3.75850370392915048E+06,5.16517050172827341E-01,5.16517050172766390E-01,2.07954279987495330E-13,1.44265985443374271E-13,0,CONSISTENT_NUMERICALLY,NONE
run1,SE_CLIP_LOW,D3,1.00000000000000002E-03,1.00000000000000000E+07,2.93789794301346490E+01,3.75850370392915048E+06,5.16517050172796033E-01,5.16517050172766390E-01,2.48866533880746202E-13,1.96204158744237008E-13,0,CONSISTENT_NUMERICALLY,NONE
run1,SE_CLIP_LOW,D3,3.00000000000000006E-03,1.00000000000000000E+07,2.93789794301346490E+01,3.75850370392915048E+06,5.16517050172732306E-01,5.16517050172766390E-01,3.45105585429888487E-14,2.47900477920299475E-14,0,CONSISTENT_NUMERICALLY,NONE
run1,SE_CLIP_LOW,D3,1.00000000000000002E-02,1.00000000000000000E+07,2.93789794301346490E+01,3.75850370392915048E+06,5.16517050172773939E-01,5.16517050172766390E-01,1.56810095621034949E-14,1.13671438656137326E-14,0,CONSISTENT_NUMERICALLY,NONE
run2,BETA_MIN_NEG,D1,9.99999999999999955E-08,1.00000000000000000E+07,3.26433757646462919E+00,0.00000000000000000E+00,1.90199668818582705E-10,1.57700981196308475E-16,1.90199792827009990E-10,1.32854257989961622E-10,1,INCONCLUSIVE,NONE
run2,BETA_MIN_NEG,D1,2.99999999999999986E-07,1.00000000000000000E+07,3.26433757646462919E+00,0.00000000000000000E+00,4.11118735498062738E-10,1.57700981196308475E-16,4.11118831263216808E-10,2.19652300653977570E-10,1,INCONCLUSIVE,NONE
run2,BETA_MIN_NEG,D1,9.99999999999999955E-07,1.00000000000000000E+07,3.26433757646462919E+00,0.00000000000000000E+00,1.23335620649418790E-10,1.57700981196308475E-16,1.23335524884347412E-10,6.58957208057947216E-11,1,INCONCLUSIVE,NONE
run2,BETA_MIN_NEG,D1,3.00000000000000008E-06,1.00000000000000000E+07,3.26433757646462919E+00,0.00000000000000000E+00,1.34997970841045139E-11,1.57700981196308475E-16,1.34996694499771056E-11,9.21113763211747367E-12,1,NULLSPACE_CONSISTENT,NONE
run2,BETA_MIN_NEG,D1,1.00000000000000008E-05,1.00000000000000000E+07,3.26433757646462919E+00,0.00000000000000000E+00,6.16099678364608017E-12,1.57700981196308475E-16,6.16112806240567568E-12,4.25143556683014366E-12,1,NULLSPACE_CONSISTENT,NONE
run2,BETA_MIN_NEG,D1,3.00000000000000008E-05,1.00000000000000000E+07,3.26433757646462919E+00,0.00000000000000000E+00,1.34997970841045167E-12,1.57700981196308475E-16,1.35010734603278309E-12,9.21224297883652793E-13,1,NULLSPACE_CONSISTENT,NONE
run2,BETA_MIN_NEG,D1,1.00000000000000005E-04,1.00000000000000000E+07,3.26433757646462919E+00,0.00000000000000000E+00,6.16099678364607916E-13,1.57700981196308475E-16,6.15968406422760628E-13,4.25031321477695078E-13,1,NULLSPACE_CONSISTENT,NONE
run2,BETA_MIN_NEG,D1,2.99999999999999974E-04,1.00000000000000000E+07,3.26433757646462919E+00,0.00000000000000000E+00,0.00000000000000000E+00,1.57700981196308475E-16,1.57700981196308475E-16,1.02032004835807452E-16,1,NULLSPACE_CONSISTENT,NONE
run2,BETA_MIN_NEG,D1,1.00000000000000002E-03,1.00000000000000000E+07,3.26433757646462919E+00,0.00000000000000000E+00,4.04993912523135446E-14,1.57700981196308475E-16,4.06271312803520388E-14,2.77356999812003195E-14,1,NULLSPACE_CONSISTENT,NONE
run2,BETA_MIN_NEG,D1,3.00000000000000006E-03,1.00000000000000000E+07,3.26433757646462919E+00,0.00000000000000000E+00,6.33998896061942314E-15,1.57700981196308475E-16,6.21674398833743954E-15,4.34344576141319065E-15,1,NULLSPACE_CONSISTENT,NONE
run2,BETA_MIN_NEG,D1,1.00000000000000002E-02,1.00000000000000000E+07,3.26433757646462919E+00,0.00000000000000000E+00,0.00000000000000000E+00,1.57700981196308475E-16,1.57700981196308475E-16,1.02032004835807452E-16,1,NULLSPACE_CONSISTENT,NONE
run2,BETA_MIN_NEG,D2,9.99999999999999955E-08,1.00000000000000000E+07,3.26433757646462919E+00,8.16496580927726068E+06,1.00000000111802922E+00,1.00000000000000000E+00,1.18475261846482491E-09,8.12766272035728614E-10,0,CONSISTENT_NUMERICALLY,NONE
run2,BETA_MIN_NEG,D2,2.99999999999999986E-07,1.00000000000000000E+07,3.26433757646462919E+00,8.16496580927726068E+06,9.99999999764688230E-01,1.00000000000000000E+00,3.11388148290204570E-10,2.62466789132948243E-10,0,CONSISTENT_NUMERICALLY,NONE
run2,BETA_MIN_NEG,D2,9.99999999999999955E-07,1.00000000000000000E+07,3.26433757646462919E+00,8.16496580927726068E+06,9.99999999967512210E-01,1.00000000000000000E+00,7.06951759775364687E-11,5.98200040085027663E-11,0,CONSISTENT_NUMERICALLY,NONE
run2,BETA_MIN_NEG,D2,3.00000000000000008E-06,1.00000000000000000E+07,3.26433757646462919E+00,8.16496580927726068E+06,1.00000000003048495E+00,1.00000000000000000E+00,3.99792690310306517E-11,3.26462963099380672E-11,0,CONSISTENT_NUMERICALLY,NONE
run2,BETA_MIN_NEG,D2,1.00000000000000008E-05,1.00000000000000000E+07,3.26433757646462919E+00,8.16496580927726068E+06,1.00000000000040679E+00,1.00000000000000000E+00,3.94433105004963792E-12,2.88689354482433541E-12,0,CONSISTENT_NUMERICALLY,NONE
run2,BETA_MIN_NEG,D2,3.00000000000000008E-05,1.00000000000000000E+07,3.26433757646462919E+00,8.16496580927726068E+06,9.99999999995429323E-01,1.00000000000000000E+00,5.24281755362352755E-12,3.98577823690598032E-12,0,CONSISTENT_NUMERICALLY,NONE
run2,BETA_MIN_NEG,D2,1.00000000000000005E-04,1.00000000000000000E+07,3.26433757646462919E+00,8.16496580927726068E+06,1.00000000000123057E+00,1.00000000000000000E+00,1.28338706908240359E-12,8.67816211796820715E-13,0,CONSISTENT_NUMERICALLY,NONE
run2,BETA_MIN_NEG,D2,2.99999999999999974E-04,1.00000000000000000E+07,3.26433757646462919E+00,8.16496580927726068E+06,1.00000000000017586E+00,1.00000000000000000E+00,1.75943140250734802E-13,8.84957588609236346E-14,0,CONSISTENT_NUMERICALLY,NONE
run2,BETA_MIN_NEG,D2,1.00000000000000002E-03,1.00000000000000000E+07,3.26433757646462919E+00,8.16496580927726068E+06,1.00000000000000289E+00,1.00000000000000000E+00,8.10830024451929916E-14,5.58455173134652680E-14,0,CONSISTENT_NUMERICALLY,NONE
run2,BETA_MIN_NEG,D2,3.00000000000000006E-03,1.00000000000000000E+07,3.26433757646462919E+00,8.16496580927726068E+06,9.99999999999966804E-01,1.00000000000000000E+00,3.55973273282743520E-14,2.56440438820662691E-14,0,CONSISTENT_NUMERICALLY,NONE
run2,BETA_MIN_NEG,D2,1.00000000000000002E-02,1.00000000000000000E+07,3.26433757646462919E+00,8.16496580927726068E+06,1.00000000000000000E+00,1.00000000000000000E+00,3.96629141288144338E-16,3.40106682786024915E-16,0,CONSISTENT_NUMERICALLY,NONE
run2,BETA_MIN_NEG,D3,9.99999999999999955E-08,1.00000000000000000E+07,3.26433757646462919E+00,3.75850370392915048E+06,5.16517050356496310E-01,5.16517050172766279E-01,1.79774778775231060E-09,1.29104969533864111E-09,0,CONSISTENT_NUMERICALLY,NONE
run2,BETA_MIN_NEG,D3,2.99999999999999986E-07,1.00000000000000000E+07,3.26433757646462919E+00,3.75850370392915048E+06,5.16517049708270171E-01,5.16517050172766279E-01,5.57298442325355774E-10,4.60850132924661278E-10,0,CONSISTENT_NUMERICALLY,NONE
run2,BETA_MIN_NEG,D3,9.99999999999999955E-07,1.00000000000000000E+07,3.26433757646462919E+00,3.75850370392915048E+06,5.16517050167546787E-01,5.16517050172766279E-01,1.32079312892372282E-10,1.11748172549638569E-10,0,CONSISTENT_NUMERICALLY,NONE
run2,BETA_MIN_NEG,D3,3.00000000000000008E-06,1.00000000000000000E+07,3.26433757646462919E+00,3.75850370392915048E+06,5.16517050168320280E-01,5.16517050172766279E-01,2.87349408801586477E-11,2.03445015508944311E-11,0,CONSISTENT_NUMERICALLY,NONE
run2,BETA_MIN_NEG,D3,1.00000000000000008E-05,1.00000000000000000E+07,3.26433757646462919E+00,3.75850370392915048E+06,5.16517050182588755E-01,5.16517050172766279E-01,2.82156791558640182E-11,1.94054584970551461E-11,0,CONSISTENT_NUMERICALLY,NONE
run2,BETA_MIN_NEG,D3,3.00000000000000008E-05,1.00000000000000000E+07,3.26433757646462919E+00,3.75850370392915048E+06,5.16517050172399239E-01,5.16517050172766279E-01,4.77663280779150501E-12,3.65850207872805920E-12,0,CONSISTENT_NUMERICALLY,NONE
run2,BETA_MIN_NEG,D3,1.00000000000000005E-04,1.00000000000000000E+07,3.26433757646462919E+00,3.75850370392915048E+06,5.16517050172264458E-01,5.16517050172766279E-01,1.25206451318667522E-12,8.90909455557992005E-13,0,CONSISTENT_NUMERICALLY,NONE
run2,BETA_MIN_NEG,D3,2.99999999999999974E-04,1.00000000000000000E+07,3.26433757646462919E+00,3.75850370392915048E+06,5.16517050172832448E-01,5.16517050172766279E-01,2.04321551346679464E-13,1.46790044290448302E-13,0,CONSISTENT_NUMERICALLY,NONE
run2,BETA_MIN_NEG,D3,1.00000000000000002E-03,1.00000000000000000E+07,3.26433757646462919E+00,3.75850370392915048E+06,5.16517050172793812E-01,5.16517050172766279E-01,2.45707316613898093E-13,1.93690755846641119E-13,0,CONSISTENT_NUMERICALLY,NONE
run2,BETA_MIN_NEG,D3,3.00000000000000006E-03,1.00000000000000000E+07,3.26433757646462919E+00,3.75850370392915048E+06,5.16517050172732195E-01,5.16517050172766279E-01,3.44036446991289278E-14,2.45557024971509900E-14,0,CONSISTENT_NUMERICALLY,NONE
run2,BETA_MIN_NEG,D3,1.00000000000000002E-02,1.00000000000000000E+07,3.26433757646462919E+00,3.75850370392915048E+06,5.16517050172773273E-01,5.16517050172766279E-01,1.53230092198749172E-14,1.11554991953816115E-14,0,CONSISTENT_NUMERICALLY,NONE
run2,BETA_MIN_POS,D1,9.99999999999999955E-08,1.00000000000000000E+07,1.05764537477454006E+01,0.00000000000000000E+00,1.79552344998706076E-10,0.00000000000000000E+00,1.79552344998706076E-10,1.37774697887857228E-10,1,INCONCLUSIVE,NONE
run2,BETA_MIN_POS,D1,2.99999999999999986E-07,1.00000000000000000E+07,1.05764537477454006E+01,0.00000000000000000E+00,4.10869560315448742E-10,0.00000000000000000E+00,4.10869560315448742E-10,2.27437596513288189E-10,1,INCONCLUSIVE,NONE
run2,BETA_MIN_POS,D1,9.99999999999999955E-07,1.00000000000000000E+07,1.05764537477454006E+01,0.00000000000000000E+00,1.23260868094634638E-10,0.00000000000000000E+00,1.23260868094634638E-10,6.82312789539864385E-11,1,INCONCLUSIVE,NONE
run2,BETA_MIN_POS,D1,3.00000000000000008E-06,1.00000000000000000E+07,1.05764537477454006E+01,0.00000000000000000E+00,1.31741438737197264E-11,0.00000000000000000E+00,1.31741438737197264E-11,9.18497985919048210E-12,1,NULLSPACE_CONSISTENT,NONE
run2,BETA_MIN_POS,D1,1.00000000000000008E-05,1.00000000000000000E+07,1.05764537477454006E+01,0.00000000000000000E+00,6.08767905770375885E-12,0.00000000000000000E+00,6.08767905770375885E-12,4.19884793562993451E-12,1,NULLSPACE_CONSISTENT,NONE
run2,BETA_MIN_POS,D1,3.00000000000000008E-05,1.00000000000000000E+07,1.05764537477454006E+01,0.00000000000000000E+00,1.31741438737197244E-12,0.00000000000000000E+00,1.31741438737197244E-12,9.18497985919048251E-13,1,NULLSPACE_CONSISTENT,NONE
run2,BETA_MIN_POS,D1,1.00000000000000005E-04,1.00000000000000000E+07,1.05764537477454006E+01,0.00000000000000000E+00,6.08767905770375945E-13,0.00000000000000000E+00,6.08767905770375945E-13,4.19884793562993482E-13,1,NULLSPACE_CONSISTENT,NONE
run2,BETA_MIN_POS,D1,2.99999999999999974E-04,1.00000000000000000E+07,1.05764537477454006E+01,0.00000000000000000E+00,0.00000000000000000E+00,0.00000000000000000E+00,0.00000000000000000E+00,0.00000000000000000E+00,1,NULLSPACE_CONSISTENT,NONE
run2,BETA_MIN_POS,D1,1.00000000000000002E-03,1.00000000000000000E+07,1.05764537477454006E+01,0.00000000000000000E+00,3.95224316211591641E-14,0.00000000000000000E+00,3.95224316211591641E-14,2.75549395775714480E-14,1,NULLSPACE_CONSISTENT,NONE
run2,BETA_MIN_POS,D1,3.00000000000000006E-03,1.00000000000000000E+07,1.05764537477454006E+01,0.00000000000000000E+00,5.98507816662353585E-15,0.00000000000000000E+00,5.98507816662353585E-15,4.59248992959524081E-15,1,NULLSPACE_CONSISTENT,NONE
run2,BETA_MIN_POS,D1,1.00000000000000002E-02,1.00000000000000000E+07,1.05764537477454006E+01,0.00000000000000000E+00,0.00000000000000000E+00,0.00000000000000000E+00,0.00000000000000000E+00,0.00000000000000000E+00,1,NULLSPACE_CONSISTENT,NONE
run2,BETA_MIN_POS,D2,9.99999999999999955E-08,1.00000000000000000E+07,1.05764537477454006E+01,8.16496580927726068E+06,1.00000000111405951E+00,1.00000000000000000E+00,1.18044849753051570E-09,8.16177772160939206E-10,0,CONSISTENT_NUMERICALLY,NONE
run2,BETA_MIN_POS,D2,2.99999999999999986E-07,1.00000000000000000E+07,1.05764537477454006E+01,8.16496580927726068E+06,9.99999999766929326E-01,1.00000000000000000E+00,3.16907011662390732E-10,2.66337711243653402E-10,0,CONSISTENT_NUMERICALLY,NONE
run2,BETA_MIN_POS,D2,9.99999999999999955E-07,1.00000000000000000E+07,1.05764537477454006E+01,8.16496580927726068E+06,9.99999999968397613E-01,1.00000000000000000E+00,7.00072945918470830E-11,5.93476084226567578E-11,0,CONSISTENT_NUMERICALLY,NONE
run2,BETA_MIN_POS,D2,3.00000000000000008E-06,1.00000000000000000E+07,1.05764537477454006E+01,8.16496580927726068E+06,1.00000000002984923E+00,1.00000000000000000E+00,3.92393744333682195E-11,3.15180641900951183E-11,0,CONSISTENT_NUMERICALLY,NONE
run2,BETA_MIN_POS,D2,1.00000000000000008E-05,1.00000000000000000E+07,1.05764537477454006E+01,8.16496580927726068E+06,1.00000000000036504E+00,1.00000000000000000E+00,4.11687249483466767E-12,2.91341262861618575E-12,0,CONSISTENT_NUMERICALLY,NONE
run2,BETA_MIN_POS,D2,3.00000000000000008E-05,1.00000000000000000E+07,1.05764537477454006E+01,8.16496580927726068E+06,9.99999999995553224E-01,1.00000000000000000E+00,5.17596934444109570E-12,3.99721925776098552E-12,0,CONSISTENT_NUMERICALLY,NONE
run2,BETA_MIN_POS,D2,1.00000000000000005E-04,1.00000000000000000E+07,1.05764537477454006E+01,8.16496580927726068E+06,1.00000000000124234E+00,1.00000000000000000E+00,1.30138534496306209E-12,8.92675071114924083E-13,0,CONSISTENT_NUMERICALLY,NONE
run2,BETA_MIN_POS,D2,2.99999999999999974E-04,1.00000000000000000E+07,1.05764537477454006E+01,8.16496580927726068E+06,1.00000000000017586E+00,1.00000000000000000E+00,1.76564086966298912E-13,8.90995531940672093E-14,0,CONSISTENT_NUMERICALLY,NONE
run2,BETA_MIN_POS,D2,1.00000000000000002E-03,1.00000000000000000E+07,1.05764537477454006E+01,8.16496580927726068E+06,1.00000000000000466E+00,1.00000000000000000E+00,7.48336485459380630E-14,5.29054839889371764E-14,0,CONSISTENT_NUMERICALLY,NONE
run2,BETA_MIN_POS,D2,3.00000000000000006E-03,1.00000000000000000E+07,1.05764537477454006E+01,8.16496580927726068E+06,9.99999999999965916E-01,1.00000000000000000E+00,3.60618220563664214E-14,2.57809263247677953E-14,0,CONSISTENT_NUMERICALLY,NONE
run2,BETA_MIN_POS,D2,1.00000000000000002E-02,1.00000000000000000E+07,1.05764537477454006E+01,8.16496580927726068E+06,1.00000000000000000E+00,1.00000000000000000E+00,4.44364297226149995E-16,4.19884793562993478E-16,0,CONSISTENT_NUMERICALLY,NONE
run2,BETA_MIN_POS,D3,9.99999999999999955E-08,1.00000000000000000E+07,1.05764537477454006E+01,3.75850370392915048E+06,5.16517050367819586E-01,5.16517050172765946E-01,1.82853981345893985E-09,1.29800407544154376E-09,0,CONSISTENT_NUMERICALLY,NONE
run2,BETA_MIN_POS,D3,2.99999999999999986E-07,1.00000000000000000E+07,1.05764537477454006E+01,3.75850370392915048E+06,5.16517049708233311E-01,5.16517050172765946E-01,5.55517023978240186E-10,4.62140319647998871E-10,0,CONSISTENT_NUMERICALLY,NONE
run2,BETA_MIN_POS,D3,9.99999999999999955E-07,1.00000000000000000E+07,1.05764537477454006E+01,3.75850370392915048E+06,5.16517050170178682E-01,5.16517050172765946E-01,1.31849642351334266E-10,1.11380781752966782E-10,0,CONSISTENT_NUMERICALLY,NONE
run2,BETA_MIN_POS,D3,3.00000000000000008E-06,1.00000000000000000E+07,1.05764537477454006E+01,3.75850370392915048E+06,5.16517050167904279E-01,5.16517050172765946E-01,2.81497787847596845E-11,2.01984267803498061E-11,0,CONSISTENT_NUMERICALLY,NONE
run2,BETA_MIN_POS,D3,1.00000000000000008E-05,1.00000000000000000E+07,1.05764537477454006E+01,3.75850370392915048E+06,5.16517050182793480E-01,5.16517050172765946E-01,2.83216284269129919E-11,1.93083602435148952E-11,0,CONSISTENT_NUMERICALLY,NONE
run2,BETA_MIN_POS,D3,3.00000000000000008E-05,1.00000000000000000E+07,1.05764537477454006E+01,3.75850370392915048E+06,5.16517050172451642E-01,5.16517050172765946E-01,4.68613413334925566E-12,3.55130685555700576E-12,0,CONSISTENT_NUMERICALLY,NONE
run2,BETA_MIN_POS,D3,1.00000000000000005E-04,1.00000000000000000E+07,1.05764537477454006E+01,3.75850370392915048E+06,5.16517050172302095E-01,5.16517050172765946E-01,1.27412382958163367E-12,9.12157725536247017E-13,0,CONSISTENT_NUMERICALLY,NONE
run2,BETA_MIN_POS,D3,2.99999999999999974E-04,1.00000000000000000E+07,1.05764537477454006E+01,3.75850370392915048E+06,5.16517050172827896E-01,5.16517050172765946E-01,2.02832284834446007E-13,1.41921060224291837E-13,0,CONSISTENT_NUMERICALLY,NONE
run2,BETA_MIN_POS,D3,1.00000000000000002E-03,1.00000000000000000E+07,1.05764537477454006E+01,3.75850370392915048E+06,5.16517050172794479E-01,5.16517050172765946E-01,2.45205935819175962E-13,1.93105016559620689E-13,0,CONSISTENT_NUMERICALLY,NONE
run2,BETA_MIN_POS,D3,3.00000000000000006E-03,1.00000000000000000E+07,1.05764537477454006E+01,3.75850370392915048E+06,5.16517050172731862E-01,5.16517050172765946E-01,3.44424594838932322E-14,2.47732028202166107E-14,0,CONSISTENT_NUMERICALLY,NONE
run2,BETA_MIN_POS,D3,1.00000000000000002E-02,1.00000000000000000E+07,1.05764537477454006E+01,3.75850370392915048E+06,5.16517050172773384E-01,5.16517050172765946E-01,1.53017882666813442E-14,1.12949009468445197E-14,0,CONSISTENT_NUMERICALLY,NONE
run2,FINAL_CLIP_HIGH,D1,9.99999999999999955E-08,1.00000000000000000E+07,2.93789794301346490E+01,0.00000000000000000E+00,1.91761819310034856E-10,2.13770864630280196E-17,1.91761826757096830E-10,1.32263989616042567E-10,1,INCONCLUSIVE,NONE
run2,FINAL_CLIP_HIGH,D1,2.99999999999999986E-07,1.00000000000000000E+07,2.93789794301346490E+01,0.00000000000000000E+00,4.07737921478937485E-10,2.13770864630280196E-17,4.07737920311471105E-10,2.20439957500266308E-10,1,INCONCLUSIVE,NONE
run2,FINAL_CLIP_HIGH,D1,9.99999999999999955E-07,1.00000000000000000E+07,2.93789794301346490E+01,0.00000000000000000E+00,1.22321376443681266E-10,2.13770864630280196E-17,1.22321377611150334E-10,6.61320023659626951E-11,1,INCONCLUSIVE,NONE
run2,FINAL_CLIP_HIGH,D1,3.00000000000000008E-06,1.00000000000000000E+07,2.93789794301346490E+01,0.00000000000000000E+00,1.37267928266008836E-11,2.13770864630280196E-17,1.37267851974084443E-11,9.44742675001141049E-12,1,NULLSPACE_CONSISTENT,NONE
run2,FINAL_CLIP_HIGH,D1,1.00000000000000008E-05,1.00000000000000000E+07,2.93789794301346490E+01,0.00000000000000000E+00,6.06109674862691435E-12,2.13770864630280196E-17,6.06110428821661321E-12,4.15688288588782257E-12,1,NULLSPACE_CONSISTENT,NONE
run2,FINAL_CLIP_HIGH,D1,3.00000000000000008E-05,1.00000000000000000E+07,2.93789794301346490E+01,0.00000000000000000E+00,1.37267928266008844E-12,2.13770864630280196E-17,1.37268691201230222E-12,9.44757790883941199E-13,1,NULLSPACE_CONSISTENT,NONE
run2,FINAL_CLIP_HIGH,D1,1.00000000000000005E-04,1.00000000000000000E+07,2.93789794301346490E+01,0.00000000000000000E+00,6.06109674862691091E-13,2.13770864630280196E-17,6.06102135636085849E-13,4.15686777000502107E-13,1,NULLSPACE_CONSISTENT,NONE
run2,FINAL_CLIP_HIGH,D1,2.99999999999999974E-04,1.00000000000000000E+07,2.93789794301346490E+01,0.00000000000000000E+00,0.00000000000000000E+00,2.13770864630280196E-17,2.13770864630280196E-17,1.51158828000182589E-17,1,NULLSPACE_CONSISTENT,NONE
run2,FINAL_CLIP_HIGH,D1,1.00000000000000002E-03,1.00000000000000000E+07,2.93789794301346490E+01,0.00000000000000000E+00,4.11803784798026608E-14,2.13770864630280196E-17,4.11880125276746546E-14,2.83573961328342561E-14,1,NULLSPACE_CONSISTENT,NONE
run2,FINAL_CLIP_HIGH,D1,3.00000000000000006E-03,1.00000000000000000E+07,2.93789794301346490E+01,0.00000000000000000E+00,6.39206064366782994E-15,2.13770864630280196E-17,6.38464502707938709E-15,4.40879915000532592E-15,1,NULLSPACE_CONSISTENT,NONE
run2,FINAL_CLIP_HIGH,D1,1.00000000000000002E-02,1.00000000000000000E+07,2.93789794301346490E+01,0.00000000000000000E+00,0.00000000000000000E+00,2.13770864630280196E-17,2.13770864630280196E-17,1.51158828000182589E-17,1,NULLSPACE_CONSISTENT,NONE
run2,FINAL_CLIP_HIGH,D2,9.99999999999999955E-08,1.00000000000000000E+07,2.93789794301346490E+01,8.16496580927726068E+06,1.00000000110757936E+00,1.00000000000000000E+00,1.16770548754170924E-09,7.97060983753212562E-10,0,CONSISTENT_NUMERICALLY,NONE
run2,FINAL_CLIP_HIGH,D2,2.99999999999999986E-07,1.00000000000000000E+07,2.93789794301346490E+01,8.16496580927726068E+06,9.99999999758959368E-01,1.00000000000000000E+00,3.18722429737328621E-10,2.61050812248065749E-10,0,CONSISTENT_NUMERICALLY,NONE
run2,FINAL_CLIP_HIGH,D2,9.99999999999999955E-07,1.00000000000000000E+07,2.93789794301346490E+01,8.16496580927726068E+06,9.99999999968691933E-01,1.00000000000000000E+00,7.03877732429932642E-11,5.98206829363538609E-11,0,CONSISTENT_NUMERICALLY,NONE
run2,FINAL_CLIP_HIGH,D2,3.00000000000000008E-06,1.00000000000000000E+07,2.93789794301346490E+01,8.16496580927726068E+06,1.00000000003041523E+00,1.00000000000000000E+00,4.01943826793264419E-11,3.24491446797367980E-11,0,CONSISTENT_NUMERICALLY,NONE
run2,FINAL_CLIP_HIGH,D2,1.00000000000000008E-05,1.00000000000000000E+07,2.93789794301346490E+01,8.16496580927726068E+06,1.00000000000019917E+00,1.00000000000000000E+00,3.79446296575690377E-12,2.56927683128470374E-12,0,CONSISTENT_NUMERICALLY,NONE
run2,FINAL_CLIP_HIGH,D2,3.00000000000000008E-05,1.00000000000000000E+07,2.93789794301346490E+01,8.16496580927726068E+06,9.99999999995475730E-01,1.00000000000000000E+00,5.21755015831213139E-12,4.01786211177605219E-12,0,CONSISTENT_NUMERICALLY,NONE
run2,FINAL_CLIP_HIGH,D2,1.00000000000000005E-04,1.00000000000000000E+07,2.93789794301346490E+01,8.16496580927726068E+06,1.00000000000124589E+00,1.00000000000000000E+00,1.29901930641614885E-12,8.69646969250650462E-13,0,CONSISTENT_NUMERICALLY,NONE
run2,FINAL_CLIP_HIGH,D2,2.99999999999999974E-04,1.00000000000000000E+07,2.93789794301346490E+01,8.16496580927726068E+06,1.00000000000017431E+00,1.00000000000000000E+00,1.74279455543149559E-13,8.87000002705071350E-14,0,CONSISTENT_NUMERICALLY,NONE
run2,FINAL_CLIP_HIGH,D2,1.00000000000000002E-03,1.00000000000000000E+07,2.93789794301346490E+01,8.16496580927726068E+06,1.00000000000000622E+00,1.00000000000000000E+00,7.78768638824468524E-14,5.52636675168667630E-14,0,CONSISTENT_NUMERICALLY,NONE
run2,FINAL_CLIP_HIGH,D2,3.00000000000000006E-03,1.00000000000000000E+07,2.93789794301346490E+01,8.16496580927726068E+06,9.99999999999967693E-01,1.00000000000000000E+00,3.48390635917804586E-14,2.47295842608298736E-14,0,CONSISTENT_NUMERICALLY,NONE
run2,FINAL_CLIP_HIGH,D2,1.00000000000000002E-02,1.00000000000000000E+07,2.93789794301346490E+01,8.16496580927726068E+06,1.00000000000000044E+00,1.00000000000000000E+00,4.10083620543885662E-16,3.02317656000365191E-16,0,CONSISTENT_NUMERICALLY,NONE
run2,FINAL_CLIP_HIGH,D3,9.99999999999999955E-08,1.00000000000000000E+07,2.93789794301346490E+01,3.75850370392915048E+06,5.16517050377457321E-01,5.16517050172766390E-01,1.79480749387953758E-09,1.29703667433728613E-09,0,CONSISTENT_NUMERICALLY,NONE
run2,FINAL_CLIP_HIGH,D3,2.99999999999999986E-07,1.00000000000000000E+07,2.93789794301346490E+01,3.75850370392915048E+06,5.16517049701651354E-01,5.16517050172766390E-01,5.60276156436890880E-10,4.62089997728247817E-10,0,CONSISTENT_NUMERICALLY,NONE
run2,FINAL_CLIP_HIGH,D3,9.99999999999999955E-07,1.00000000000000000E+07,2.93789794301346490E+01,3.75850370392915048E+06,5.16517050165539393E-01,5.16517050172766390E-01,1.32001657881741914E-10,1.10958440011190049E-10,0,CONSISTENT_NUMERICALLY,NONE
run2,FINAL_CLIP_HIGH,D3,3.00000000000000008E-06,1.00000000000000000E+07,2.93789794301346490E+01,3.75850370392915048E+06,5.16517050167694003E-01,5.16517050172766390E-01,2.79281496904948277E-11,2.03744074454007138E-11,0,CONSISTENT_NUMERICALLY,NONE
run2,FINAL_CLIP_HIGH,D3,1.00000000000000008E-05,1.00000000000000000E+07,2.93789794301346490E+01,3.75850370392915048E+06,5.16517050182674131E-01,5.16517050172766390E-01,2.83144254197657028E-11,1.94160415810260554E-11,0,CONSISTENT_NUMERICALLY,NONE
run2,FINAL_CLIP_HIGH,D3,3.00000000000000008E-05,1.00000000000000000E+07,2.93789794301346490E+01,3.75850370392915048E+06,5.16517050172438652E-01,5.16517050172766390E-01,4.63931108987732574E-12,3.55907239497130034E-12,0,CONSISTENT_NUMERICALLY,NONE
run2,FINAL_CLIP_HIGH,D3,1.00000000000000005E-04,1.00000000000000000E+07,2.93789794301346490E+01,3.75850370392915048E+06,5.16517050172290881E-01,5.16517050172766390E-01,1.25212480785277822E-12,8.99092708945086011E-13,0,CONSISTENT_NUMERICALLY,NONE
run2,FINAL_CLIP_HIGH,D3,2.99999999999999974E-04,1.00000000000000000E+07,2.93789794301346490E+01,3.75850370392915048E+06,5.16517050172826342E-01,5.16517050172766390E-01,2.08874101953199070E-13,1.44265985443374271E-13,0,CONSISTENT_NUMERICALLY,NONE
run2,FINAL_CLIP_HIGH,D3,1.00000000000000002E-03,1.00000000000000000E+07,2.93789794301346490E+01,3.75850370392915048E+06,5.16517050172794590E-01,5.16517050172766390E-01,2.48039638657941043E-13,1.96204158744237008E-13,0,CONSISTENT_NUMERICALLY,NONE
run2,FINAL_CLIP_HIGH,D3,3.00000000000000006E-03,1.00000000000000000E+07,2.93789794301346490E+01,3.75850370392915048E+06,5.16517050172731640E-01,5.16517050172766390E-01,3.52300821975168390E-14,2.60597819472314813E-14,0,CONSISTENT_NUMERICALLY,NONE
run2,FINAL_CLIP_HIGH,D3,1.00000000000000002E-02,1.00000000000000000E+07,2.93789794301346490E+01,3.75850370392915048E+06,5.16517050172773939E-01,5.16517050172766390E-01,1.54089674629318399E-14,1.13671438656137326E-14,0,CONSISTENT_NUMERICALLY,NONE
run2,FINAL_CLIP_LOW,D1,9.99999999999999955E-08,1.00000000000000000E+07,1.00000000000000000E+00,0.00000000000000000E+00,0.00000000000000000E+00,4.56957047189287599E-27,4.56957047189287599E-27,3.23117426778526400E-27,1,NULLSPACE_CONSISTENT,NONE
run2,FINAL_CLIP_LOW,D1,2.99999999999999986E-07,1.00000000000000000E+07,1.00000000000000000E+00,0.00000000000000000E+00,0.00000000000000000E+00,4.56957047189287599E-27,4.56957047189287599E-27,3.23117426778526400E-27,1,NULLSPACE_CONSISTENT,NONE
run2,FINAL_CLIP_LOW,D1,9.99999999999999955E-07,1.00000000000000000E+07,1.00000000000000000E+00,0.00000000000000000E+00,0.00000000000000000E+00,4.56957047189287599E-27,4.56957047189287599E-27,3.23117426778526400E-27,1,NULLSPACE_CONSISTENT,NONE
run2,FINAL_CLIP_LOW,D1,3.00000000000000008E-06,1.00000000000000000E+07,1.00000000000000000E+00,0.00000000000000000E+00,0.00000000000000000E+00,4.56957047189287599E-27,4.56957047189287599E-27,3.23117426778526400E-27,1,NULLSPACE_CONSISTENT,NONE
run2,FINAL_CLIP_LOW,D1,1.00000000000000008E-05,1.00000000000000000E+07,1.00000000000000000E+00,0.00000000000000000E+00,0.00000000000000000E+00,4.56957047189287599E-27,4.56957047189287599E-27,3.23117426778526400E-27,1,NULLSPACE_CONSISTENT,NONE
run2,FINAL_CLIP_LOW,D1,3.00000000000000008E-05,1.00000000000000000E+07,1.00000000000000000E+00,0.00000000000000000E+00,0.00000000000000000E+00,4.56957047189287599E-27,4.56957047189287599E-27,3.23117426778526400E-27,1,NULLSPACE_CONSISTENT,NONE
run2,FINAL_CLIP_LOW,D1,1.00000000000000005E-04,1.00000000000000000E+07,1.00000000000000000E+00,0.00000000000000000E+00,0.00000000000000000E+00,4.56957047189287599E-27,4.56957047189287599E-27,3.23117426778526400E-27,1,NULLSPACE_CONSISTENT,NONE
run2,FINAL_CLIP_LOW,D1,2.99999999999999974E-04,1.00000000000000000E+07,1.00000000000000000E+00,0.00000000000000000E+00,0.00000000000000000E+00,4.56957047189287599E-27,4.56957047189287599E-27,3.23117426778526400E-27,1,NULLSPACE_CONSISTENT,NONE
run2,FINAL_CLIP_LOW,D1,1.00000000000000002E-03,1.00000000000000000E+07,1.00000000000000000E+00,0.00000000000000000E+00,0.00000000000000000E+00,4.56957047189287599E-27,4.56957047189287599E-27,3.23117426778526400E-27,1,NULLSPACE_CONSISTENT,NONE
run2,FINAL_CLIP_LOW,D1,3.00000000000000006E-03,1.00000000000000000E+07,1.00000000000000000E+00,0.00000000000000000E+00,0.00000000000000000E+00,4.56957047189287599E-27,4.56957047189287599E-27,3.23117426778526400E-27,1,NULLSPACE_CONSISTENT,NONE
run2,FINAL_CLIP_LOW,D1,1.00000000000000002E-02,1.00000000000000000E+07,1.00000000000000000E+00,0.00000000000000000E+00,0.00000000000000000E+00,4.56957047189287599E-27,4.56957047189287599E-27,3.23117426778526400E-27,1,NULLSPACE_CONSISTENT,NONE
run2,FINAL_CLIP_LOW,D2,9.99999999999999955E-08,1.00000000000000000E+07,1.00000000000000000E+00,8.16496580927726068E+06,6.93889390390722838E-11,2.93790381898712770E-11,6.03272115711181418E-11,5.46994199441366518E-11,0,INCONCLUSIVE,EXPLAINED_NEAR_NULL_ROUNDOFF
run2,FINAL_CLIP_LOW,D2,2.99999999999999986E-07,1.00000000000000000E+07,1.00000000000000000E+00,8.16496580927726068E+06,3.27102595559119816E-11,2.93790381898712770E-11,2.39590366776576192E-11,1.46895190949356385E-11,0,INCONCLUSIVE,EXPLAINED_NEAR_NULL_ROUNDOFF
run2,FINAL_CLIP_LOW,D2,9.99999999999999955E-07,1.00000000000000000E+07,1.00000000000000000E+00,8.16496580927726068E+06,3.17980065539225072E-11,2.93790381898712770E-11,6.28640157641990283E-12,6.12716261678604261E-12,0,INCONCLUSIVE,EXPLAINED_NEAR_NULL_ROUNDOFF
run2,FINAL_CLIP_LOW,D2,3.00000000000000008E-06,1.00000000000000000E+07,1.00000000000000000E+00,8.16496580927726068E+06,2.55475294095384106E-11,2.93790381898712770E-11,4.56566146049743632E-12,3.12469592175692883E-12,0,INCONCLUSIVE,EXPLAINED_NEAR_NULL_ROUNDOFF
run2,FINAL_CLIP_LOW,D2,1.00000000000000008E-05,1.00000000000000000E+07,1.00000000000000000E+00,8.16496580927726068E+06,2.88193908422262690E-11,2.93790381898712770E-11,1.28978013341814990E-12,8.11731287121186572E-13,0,INCONCLUSIVE,EXPLAINED_NEAR_NULL_ROUNDOFF
run2,FINAL_CLIP_LOW,D2,3.00000000000000008E-05,1.00000000000000000E+07,1.00000000000000000E+00,8.16496580927726068E+06,2.94909793674755585E-11,2.93790381898712770E-11,2.29134302894240908E-13,1.17841896730462093E-13,0,INCONCLUSIVE,EXPLAINED_NEAR_NULL_ROUNDOFF
run2,FINAL_CLIP_LOW,D2,1.00000000000000005E-04,1.00000000000000000E+07,1.00000000000000000E+00,8.16496580927726068E+06,2.93516032334354826E-11,2.93790381898712770E-11,7.46458896930572109E-14,4.84529576913898281E-14,0,INCONCLUSIVE,EXPLAINED_NEAR_NULL_ROUNDOFF
run2,FINAL_CLIP_LOW,D2,2.99999999999999974E-04,1.00000000000000000E+07,1.00000000000000000E+00,8.16496580927726068E+06,2.93862225099785400E-11,2.93790381898712770E-11,2.12779654424403496E-14,2.09359813476824493E-14,0,INCONCLUSIVE,EXPLAINED_NEAR_NULL_ROUNDOFF
run2,FINAL_CLIP_LOW,D2,1.00000000000000002E-03,1.00000000000000000E+07,1.00000000000000000E+00,8.16496580927726068E+06,2.93792767891431985E-11,2.93790381898712770E-11,2.38599271924759576E-16,1.19299635963995400E-16,0,CONSISTENT_NUMERICALLY,NONE
run2,FINAL_CLIP_LOW,D2,3.00000000000000006E-03,1.00000000000000000E+07,1.00000000000000000E+00,8.16496580927726068E+06,2.93781205572157117E-11,2.93790381898712770E-11,3.94391609165500603E-15,2.43226427060081483E-15,0,INCONCLUSIVE,EXPLAINED_NEAR_NULL_ROUNDOFF
run2,FINAL_CLIP_LOW,D2,1.00000000000000002E-02,1.00000000000000000E+07,1.00000000000000000E+00,8.16496580927726068E+06,2.93789298505937677E-11,2.93790381898712770E-11,6.10614932112321187E-16,5.74589754429958637E-16,0,INCONCLUSIVE,EXPLAINED_NEAR_NULL_ROUNDOFF
run2,FINAL_CLIP_LOW,D3,9.99999999999999955E-08,1.00000000000000000E+07,1.00000000000000000E+00,3.75850370392915048E+06,0.00000000000000000E+00,1.51747741427453602E-11,1.51747741427453602E-11,1.09477121136593199E-11,0,INCONCLUSIVE,EXPLAINED_NEAR_NULL_ROUNDOFF
run2,FINAL_CLIP_LOW,D3,2.99999999999999986E-07,1.00000000000000000E+07,1.00000000000000000E+00,3.75850370392915048E+06,2.31296463463574290E-11,1.51747741427453602E-11,2.63266654808807690E-11,2.15697220403797916E-11,0,INCONCLUSIVE,EXPLAINED_NEAR_NULL_ROUNDOFF
run2,FINAL_CLIP_LOW,D3,9.99999999999999955E-07,1.00000000000000000E+07,1.00000000000000000E+00,3.75850370392915048E+06,1.69967494438814794E-11,1.51747741427453602E-11,1.83644490997116610E-11,1.23178635018368194E-11,0,INCONCLUSIVE,EXPLAINED_NEAR_NULL_ROUNDOFF
run2,FINAL_CLIP_LOW,D3,3.00000000000000008E-06,1.00000000000000000E+07,1.00000000000000000E+00,3.75850370392915048E+06,1.69967494438814794E-11,1.51747741427453602E-11,3.49059053425620020E-12,3.06600496329384509E-12,0,INCONCLUSIVE,EXPLAINED_NEAR_NULL_ROUNDOFF
run2,FINAL_CLIP_LOW,D3,1.00000000000000008E-05,1.00000000000000000E+07,1.00000000000000000E+00,3.75850370392915048E+06,1.53442150565397002E-11,1.51747741427453602E-11,4.90527084097851948E-13,4.28234529023424696E-13,0,INCONCLUSIVE,EXPLAINED_NEAR_NULL_ROUNDOFF
run2,FINAL_CLIP_LOW,D3,3.00000000000000008E-05,1.00000000000000000E+07,1.00000000000000000E+00,3.75850370392915048E+06,1.53477011897339600E-11,1.51747741427453602E-11,2.64350830724854921E-13,1.96938065559850602E-13,0,INCONCLUSIVE,EXPLAINED_NEAR_NULL_ROUNDOFF
run2,FINAL_CLIP_LOW,D3,1.00000000000000005E-04,1.00000000000000000E+07,1.00000000000000000E+00,3.75850370392915048E+06,1.51777895450232887E-11,1.51747741427453602E-11,3.96612351476718680E-14,3.33676471180503917E-14,0,INCONCLUSIVE,EXPLAINED_NEAR_NULL_ROUNDOFF
run2,FINAL_CLIP_LOW,D3,2.99999999999999974E-04,1.00000000000000000E+07,1.00000000000000000E+00,3.75850370392915048E+06,1.51792170053915114E-11,1.51747741427453602E-11,2.27727672553317901E-14,1.47495037284360608E-14,0,INCONCLUSIVE,EXPLAINED_NEAR_NULL_ROUNDOFF
run2,FINAL_CLIP_LOW,D3,1.00000000000000002E-03,1.00000000000000000E+07,1.00000000000000000E+00,3.75850370392915048E+06,1.51805935844604005E-11,1.51747741427453602E-11,1.02918927761174203E-14,8.26571630539298488E-15,0,INCONCLUSIVE,EXPLAINED_NEAR_NULL_ROUNDOFF
run2,FINAL_CLIP_LOW,D3,3.00000000000000006E-03,1.00000000000000000E+07,1.00000000000000000E+00,3.75850370392915048E+06,1.51699943005323110E-11,1.51747741427453602E-11,5.15862634003035363E-15,3.75421334865042002E-15,0,INCONCLUSIVE,EXPLAINED_NEAR_NULL_ROUNDOFF
run2,FINAL_CLIP_LOW,D3,1.00000000000000002E-02,1.00000000000000000E+07,1.00000000000000000E+00,3.75850370392915048E+06,1.51755811262151999E-11,1.51747741427453602E-11,1.17606355684012197E-15,6.40419457156952752E-16,0,INCONCLUSIVE,EXPLAINED_NEAR_NULL_ROUNDOFF
run2,I0,D1,9.99999999999999955E-08,1.00000000000000000E+07,2.00608540737222585E+00,0.00000000000000000E+00,1.98682384894379537E-09,1.44448843351085659E-16,1.98682391619821220E-09,1.61542488751969196E-09,1,INCONCLUSIVE,NONE
run2,I0,D1,2.99999999999999986E-07,1.00000000000000000E+07,2.00608540737222585E+00,0.00000000000000000E+00,4.92976069564832642E-10,1.44448843351085659E-16,4.92976035704234592E-10,3.68140935109784663E-10,1,INCONCLUSIVE,NONE
run2,I0,D1,9.99999999999999955E-07,1.00000000000000000E+07,2.00608540737222585E+00,0.00000000000000000E+00,5.89503680514185354E-11,1.44448843351085659E-16,5.89503739625966731E-11,4.51280461621383536E-11,1,NULLSPACE_CONSISTENT,NONE
run2,I0,D1,3.00000000000000008E-06,1.00000000000000000E+07,2.00608540737222585E+00,0.00000000000000000E+00,4.92496555221544392E-11,1.44448843351085659E-16,4.92496272148622086E-11,4.26239304114387038E-11,1,NULLSPACE_CONSISTENT,NONE
run2,I0,D1,1.00000000000000008E-05,1.00000000000000000E+07,2.00608540737222585E+00,0.00000000000000000E+00,5.89251050183728061E-12,1.44448843351085659E-16,5.89250446316904809E-12,4.50749136539877912E-12,1,NULLSPACE_CONSISTENT,NONE
run2,I0,D1,3.00000000000000008E-05,1.00000000000000000E+07,2.00608540737222585E+00,0.00000000000000000E+00,5.38939858072588922E-12,1.44448843351085659E-16,5.38941336027721835E-12,4.60117051578466531E-12,1,NULLSPACE_CONSISTENT,NONE
run2,I0,D1,1.00000000000000005E-04,1.00000000000000000E+07,2.00608540737222585E+00,0.00000000000000000E+00,1.80211586801832405E-12,1.44448843351085659E-16,1.80211259063967626E-12,1.48130862744354352E-12,1,NULLSPACE_CONSISTENT,NONE
run2,I0,D1,2.99999999999999974E-04,1.00000000000000000E+07,2.00608540737222585E+00,0.00000000000000000E+00,2.73439536463639809E-13,1.44448843351085659E-16,2.73486080067666068E-13,2.17706886574323284E-13,1,NULLSPACE_CONSISTENT,NONE
run2,I0,D1,1.00000000000000002E-03,1.00000000000000000E+07,2.00608540737222585E+00,0.00000000000000000E+00,1.80211586801832405E-13,1.44448843351085659E-16,1.80214927827271892E-13,1.48222178297715094E-13,1,NULLSPACE_CONSISTENT,NONE
run2,I0,D1,3.00000000000000006E-03,1.00000000000000000E+07,2.00608540737222585E+00,0.00000000000000000E+00,8.34855141263409516E-14,1.44448843351085659E-16,8.34265611857323508E-14,7.09349335854665841E-14,1,NULLSPACE_CONSISTENT,NONE
run2,I0,D1,1.00000000000000002E-02,1.00000000000000000E+07,2.00608540737222585E+00,0.00000000000000000E+00,0.00000000000000000E+00,1.44448843351085659E-16,1.44448843351085659E-16,1.10685519225169908E-16,1,NULLSPACE_CONSISTENT,NONE
run2,I0,D2,9.99999999999999955E-08,1.00000000000000000E+07,2.00608540737222585E+00,8.16496580927726068E+06,9.99999999095799841E-01,1.00000000000000000E+00,2.36679577330847772E-09,1.93725437301474859E-09,0,CONSISTENT_NUMERICALLY,NONE
run2,I0,D2,2.99999999999999986E-07,1.00000000000000000E+07,2.00608540737222585E+00,8.16496580927726068E+06,9.99999999933186445E-01,1.00000000000000000E+00,6.02940405905401741E-10,4.41515902718703181E-10,0,CONSISTENT_NUMERICALLY,NONE
run2,I0,D2,9.99999999999999955E-07,1.00000000000000000E+07,2.00608540737222585E+00,8.16496580927726068E+06,1.00000000001716982E+00,1.00000000000000000E+00,1.03245411800253078E-10,7.85294942364312165E-11,0,CONSISTENT_NUMERICALLY,NONE
run2,I0,D2,3.00000000000000008E-06,1.00000000000000000E+07,2.00608540737222585E+00,8.16496580927726068E+06,1.00000000003750888E+00,1.00000000000000000E+00,7.62259264120151397E-11,5.95098480403741422E-11,0,CONSISTENT_NUMERICALLY,NONE
run2,I0,D2,1.00000000000000008E-05,1.00000000000000000E+07,2.00608540737222585E+00,8.16496580927726068E+06,9.99999999999544809E-01,1.00000000000000000E+00,1.01901113618605911E-11,7.22350301291342571E-12,0,CONSISTENT_NUMERICALLY,NONE
run2,I0,D2,3.00000000000000008E-05,1.00000000000000000E+07,2.00608540737222585E+00,8.16496580927726068E+06,9.99999999996839750E-01,1.00000000000000000E+00,7.01973201721482566E-12,5.65746894415611188E-12,0,CONSISTENT_NUMERICALLY,NONE
run2,I0,D2,1.00000000000000005E-04,1.00000000000000000E+07,2.00608540737222585E+00,8.16496580927726068E+06,1.00000000000029865E+00,1.00000000000000000E+00,1.82179095000916018E-12,1.37316455150745768E-12,0,CONSISTENT_NUMERICALLY,NONE
run2,I0,D2,2.99999999999999974E-04,1.00000000000000000E+07,2.00608540737222585E+00,8.16496580927726068E+06,9.99999999999970135E-01,1.00000000000000000E+00,1.86449288963047659E-13,1.31051654762601202E-13,0,CONSISTENT_NUMERICALLY,NONE
run2,I0,D2,1.00000000000000002E-03,1.00000000000000000E+07,2.00608540737222585E+00,8.16496580927726068E+06,9.99999999999944267E-01,1.00000000000000000E+00,1.88370860704331347E-13,1.50255592348168159E-13,0,CONSISTENT_NUMERICALLY,NONE
run2,I0,D2,3.00000000000000006E-03,1.00000000000000000E+07,2.00608540737222585E+00,8.16496580927726068E+06,1.00000000000001754E+00,1.00000000000000000E+00,6.01661325256745665E-14,4.94764270936509482E-14,0,CONSISTENT_NUMERICALLY,NONE
run2,I0,D2,1.00000000000000002E-02,1.00000000000000000E+07,2.00608540737222585E+00,8.16496580927726068E+06,1.00000000000000000E+00,1.00000000000000000E+00,1.66028278837754881E-16,1.10685519225169908E-16,0,CONSISTENT_NUMERICALLY,NONE
run2,I0,D3,9.99999999999999955E-08,1.00000000000000000E+07,2.00608540737222585E+00,3.75850370392915048E+06,5.16983620669859811E-01,5.16983620455626625E-01,1.56685667828003612E-09,1.19024049480576295E-09,0,CONSISTENT_NUMERICALLY,NONE
run2,I0,D3,2.99999999999999986E-07,1.00000000000000000E+07,2.00608540737222585E+00,3.75850370392915048E+06,5.16983619926774329E-01,5.16983620455626625E-01,8.48882199140060396E-10,6.71546754822181854E-10,0,CONSISTENT_NUMERICALLY,NONE
run2,I0,D3,9.99999999999999955E-07,1.00000000000000000E+07,2.00608540737222585E+00,3.75850370392915048E+06,5.16983620471185845E-01,5.16983620455626625E-01,1.43422616311990883E-10,1.11048885949096246E-10,0,CONSISTENT_NUMERICALLY,NONE
run2,I0,D3,3.00000000000000008E-06,1.00000000000000000E+07,2.00608540737222585E+00,3.75850370392915048E+06,5.16983620424971368E-01,5.16983620455626625E-01,3.89671118424919407E-11,2.29616002777422729E-11,0,CONSISTENT_NUMERICALLY,NONE
run2,I0,D3,1.00000000000000008E-05,1.00000000000000000E+07,2.00608540737222585E+00,3.75850370392915048E+06,5.16983620451454851E-01,5.16983620455626625E-01,1.44221473127765420E-11,1.04136464587965142E-11,0,CONSISTENT_NUMERICALLY,NONE
run2,I0,D3,3.00000000000000008E-05,1.00000000000000000E+07,2.00608540737222585E+00,3.75850370392915048E+06,5.16983620450784387E-01,5.16983620455626625E-01,5.86084755408600668E-12,3.39710461329930201E-12,0,CONSISTENT_NUMERICALLY,NONE
run2,I0,D3,1.00000000000000005E-04,1.00000000000000000E+07,2.00608540737222585E+00,3.75850370392915048E+06,5.16983620456339499E-01,5.16983620455626625E-01,1.73533666293874141E-12,1.37032131723236159E-12,0,CONSISTENT_NUMERICALLY,NONE
run2,I0,D3,2.99999999999999974E-04,1.00000000000000000E+07,2.00608540737222585E+00,3.75850370392915048E+06,5.16983620455722881E-01,5.16983620455626625E-01,2.34419140706451273E-13,1.90192311253599787E-13,0,CONSISTENT_NUMERICALLY,NONE
run2,I0,D3,1.00000000000000002E-03,1.00000000000000000E+07,2.00608540737222585E+00,3.75850370392915048E+06,5.16983620455546911E-01,5.16983620455626625E-01,1.91800496840772989E-13,1.37955664024271140E-13,0,CONSISTENT_NUMERICALLY,NONE
run2,I0,D3,3.00000000000000006E-03,1.00000000000000000E+07,2.00608540737222585E+00,3.75850370392915048E+06,5.16983620455624626E-01,5.16983620455626625E-01,7.09448343331949158E-14,3.63809466003230341E-14,0,CONSISTENT_NUMERICALLY,NONE
run2,I0,D3,1.00000000000000002E-02,1.00000000000000000E+07,2.00608540737222585E+00,3.75850370392915048E+06,5.16983620455615189E-01,5.16983620455626625E-01,1.38371564085553023E-14,1.17326650378680094E-14,0,CONSISTENT_NUMERICALLY,NONE
run2,I1,D1,9.99999999999999955E-08,1.00000000000000000E+07,3.17390369480915302E+00,0.00000000000000000E+00,2.16770845844386985E-10,1.36600222502720412E-16,2.16770776610043272E-10,1.53036225075444540E-10,1,INCONCLUSIVE,NONE
run2,I1,D1,2.99999999999999986E-07,1.00000000000000000E+07,3.17390369480915302E+00,0.00000000000000000E+00,4.08442399375435033E-10,1.36600222502720412E-16,4.08442359822505606E-10,2.20445137194350146E-10,1,INCONCLUSIVE,NONE
run2,I1,D1,9.99999999999999955E-07,1.00000000000000000E+07,3.17390369480915302E+00,0.00000000000000000E+00,1.22532719812630520E-10,1.36600222502720412E-16,1.22532759365650833E-10,6.61336093687835784E-11,1,INCONCLUSIVE,NONE
run2,I1,D1,3.00000000000000008E-06,1.00000000000000000E+07,3.17390369480915302E+00,0.00000000000000000E+00,1.35652207961561825E-11,1.36600222502720412E-16,1.35652926747065744E-11,9.47378251153272161E-12,1,NULLSPACE_CONSISTENT,NONE
run2,I1,D1,1.00000000000000008E-05,1.00000000000000000E+07,3.17390369480915302E+00,0.00000000000000000E+00,6.08449776306993360E-12,1.36600222502720412E-16,6.08442879380607548E-12,4.15384324325457501E-12,1,NULLSPACE_CONSISTENT,NONE
run2,I1,D1,3.00000000000000008E-05,1.00000000000000000E+07,3.17390369480915302E+00,0.00000000000000000E+00,1.35652207961561829E-12,1.36600222502720412E-16,1.35645020653627362E-12,9.47262818035775339E-13,1,NULLSPACE_CONSISTENT,NONE
run2,I1,D1,1.00000000000000005E-04,1.00000000000000000E+07,3.17390369480915302E+00,0.00000000000000000E+00,6.08449776306993400E-13,1.36600222502720412E-16,6.08518758136730017E-13,4.15489263523181935E-13,1,NULLSPACE_CONSISTENT,NONE
run2,I1,D1,2.99999999999999974E-04,1.00000000000000000E+07,3.17390369480915302E+00,0.00000000000000000E+00,0.00000000000000000E+00,1.36600222502720412E-16,1.36600222502720412E-16,1.04939197724326139E-16,1,NULLSPACE_CONSISTENT,NONE
run2,I1,D1,1.00000000000000002E-03,1.00000000000000000E+07,3.17390369480915302E+00,0.00000000000000000E+00,4.06956623884685428E-14,1.36600222502720412E-16,4.06239504097877728E-14,2.83160935192806684E-14,1,NULLSPACE_CONSISTENT,NONE
run2,I1,D1,3.00000000000000006E-03,1.00000000000000000E+07,3.17390369480915302E+00,0.00000000000000000E+00,7.22569486147956699E-15,1.36600222502720412E-16,7.29587957666840198E-15,5.20615019821240289E-15,1,NULLSPACE_CONSISTENT,NONE
run2,I1,D1,1.00000000000000002E-02,1.00000000000000000E+07,3.17390369480915302E+00,0.00000000000000000E+00,0.00000000000000000E+00,1.36600222502720412E-16,1.36600222502720412E-16,1.04939197724326139E-16,1,NULLSPACE_CONSISTENT,NONE
run2,I1,D2,9.99999999999999955E-08,1.00000000000000000E+07,3.17390369480915302E+00,8.16496580927726068E+06,1.00000000111161080E+00,1.00000000000000000E+00,1.17856646375089551E-09,8.19342728883760241E-10,0,CONSISTENT_NUMERICALLY,NONE
run2,I1,D2,2.99999999999999986E-07,1.00000000000000000E+07,3.17390369480915302E+00,8.16496580927726068E+06,9.99999999760686209E-01,1.00000000000000000E+00,3.16465164661201052E-10,2.63536255826380437E-10,0,CONSISTENT_NUMERICALLY,NONE
run2,I1,D2,9.99999999999999955E-07,1.00000000000000000E+07,3.17390369480915302E+00,8.16496580927726068E+06,9.99999999969587217E-01,1.00000000000000000E+00,6.83158121207424189E-11,5.78832721538307591E-11,0,CONSISTENT_NUMERICALLY,NONE
run2,I1,D2,3.00000000000000008E-06,1.00000000000000000E+07,3.17390369480915302E+00,8.16496580927726068E+06,1.00000000003140865E+00,1.00000000000000000E+00,4.06901883985676489E-11,3.30627732702125427E-11,0,CONSISTENT_NUMERICALLY,NONE
run2,I1,D2,1.00000000000000008E-05,1.00000000000000000E+07,3.17390369480915302E+00,8.16496580927726068E+06,1.00000000000057598E+00,1.00000000000000000E+00,4.05619198069762232E-12,2.96558172768945635E-12,0,CONSISTENT_NUMERICALLY,NONE
run2,I1,D2,3.00000000000000008E-05,1.00000000000000000E+07,3.17390369480915302E+00,8.16496580927726068E+06,9.99999999995445643E-01,1.00000000000000000E+00,5.25125975882698794E-12,4.03036478726561763E-12,0,CONSISTENT_NUMERICALLY,NONE
run2,I1,D2,1.00000000000000005E-04,1.00000000000000000E+07,3.17390369480915302E+00,8.16496580927726068E+06,1.00000000000121991E+00,1.00000000000000000E+00,1.27827077270931051E-12,8.60711299734922862E-13,0,CONSISTENT_NUMERICALLY,NONE
run2,I1,D2,2.99999999999999974E-04,1.00000000000000000E+07,3.17390369480915302E+00,8.16496580927726068E+06,1.00000000000017431E+00,1.00000000000000000E+00,1.74553478045108622E-13,8.82888450187330434E-14,0,CONSISTENT_NUMERICALLY,NONE
run2,I1,D2,1.00000000000000002E-03,1.00000000000000000E+07,3.17390369480915302E+00,8.16496580927726068E+06,1.00000000000000400E+00,1.00000000000000000E+00,7.70678053289301113E-14,5.40087070954531865E-14,0,CONSISTENT_NUMERICALLY,NONE
run2,I1,D2,3.00000000000000006E-03,1.00000000000000000E+07,3.17390369480915302E+00,8.16496580927726068E+06,9.99999999999967581E-01,1.00000000000000000E+00,3.49587384350980026E-14,2.46956911977914144E-14,0,CONSISTENT_NUMERICALLY,NONE
run2,I1,D2,1.00000000000000002E-02,1.00000000000000000E+07,3.17390369480915302E+00,8.16496580927726068E+06,1.00000000000000000E+00,1.00000000000000000E+00,2.70951843433788270E-16,2.09878395448652253E-16,0,CONSISTENT_NUMERICALLY,NONE
run2,I1,D3,9.99999999999999955E-08,1.00000000000000000E+07,3.17390369480915302E+00,3.75850370392915048E+06,5.16292800910807426E-01,5.16292800723631262E-01,1.77619806416527415E-09,1.27893227049379935E-09,0,CONSISTENT_NUMERICALLY,NONE
run2,I1,D3,2.99999999999999986E-07,1.00000000000000000E+07,3.17390369480915302E+00,3.75850370392915048E+06,5.16292800253165152E-01,5.16292800723631262E-01,5.62595059211748180E-10,4.67094583152887536E-10,0,CONSISTENT_NUMERICALLY,NONE
run2,I1,D3,9.99999999999999955E-07,1.00000000000000000E+07,3.17390369480915302E+00,3.75850370392915048E+06,5.16292800718374911E-01,5.16292800723631262E-01,1.35130042602693373E-10,1.14152579446661359E-10,0,CONSISTENT_NUMERICALLY,NONE
run2,I1,D3,3.00000000000000008E-06,1.00000000000000000E+07,3.17390369480915302E+00,3.75850370392915048E+06,5.16292800718973544E-01,5.16292800723631262E-01,2.84367696305344486E-11,2.01445481519525416E-11,0,CONSISTENT_NUMERICALLY,NONE
run2,I1,D3,1.00000000000000008E-05,1.00000000000000000E+07,3.17390369480915302E+00,3.75850370392915048E+06,5.16292800733277768E-01,5.16292800723631262E-01,2.84755654077646965E-11,1.96448976518544496E-11,0,CONSISTENT_NUMERICALLY,NONE
run2,I1,D3,3.00000000000000008E-05,1.00000000000000000E+07,3.17390369480915302E+00,3.75850370392915048E+06,5.16292800723320955E-01,5.16292800723631262E-01,4.62938384322701850E-12,3.54861079284609517E-12,0,CONSISTENT_NUMERICALLY,NONE
run2,I1,D3,1.00000000000000005E-04,1.00000000000000000E+07,3.17390369480915302E+00,3.75850370392915048E+06,5.16292800723133438E-01,5.16292800723631262E-01,1.22956635423259039E-12,8.73094125066393489E-13,0,CONSISTENT_NUMERICALLY,NONE
run2,I1,D3,2.99999999999999974E-04,1.00000000000000000E+07,3.17390369480915302E+00,3.75850370392915048E+06,5.16292800723698986E-01,5.16292800723631262E-01,2.08489282796077474E-13,1.47194714674654772E-13,0,CONSISTENT_NUMERICALLY,NONE
run2,I1,D3,1.00000000000000002E-03,1.00000000000000000E+07,3.17390369480915302E+00,3.75850370392915048E+06,5.16292800723659573E-01,5.16292800723631262E-01,2.50266466241245802E-13,1.96166340279340305E-13,0,CONSISTENT_NUMERICALLY,NONE
run2,I1,D3,3.00000000000000006E-03,1.00000000000000000E+07,3.17390369480915302E+00,3.75850370392915048E+06,5.16292800723596956E-01,5.16292800723631262E-01,3.47123390812753543E-14,2.49055695932400685E-14,0,CONSISTENT_NUMERICALLY,NONE
run2,I1,D3,1.00000000000000002E-02,1.00000000000000000E+07,3.17390369480915302E+00,3.75850370392915048E+06,5.16292800723638812E-01,5.16292800723631262E-01,1.53068089565574711E-14,1.13334333542272226E-14,0,CONSISTENT_NUMERICALLY,NONE
run2,I2,D1,9.99999999999999955E-08,1.00000000000000000E+07,4.26589991482395714E+00,0.00000000000000000E+00,2.39370823201737396E-10,2.20833937509089736E-16,2.39370823201839139E-10,1.62659713162345174E-10,1,INCONCLUSIVE,NONE
run2,I2,D1,2.99999999999999986E-07,1.00000000000000000E+07,4.26589991482395714E+00,0.00000000000000000E+00,3.77324986345737629E-10,2.20833937509089736E-16,3.77324988589651053E-10,2.00613609797818313E-10,1,INCONCLUSIVE,NONE
run2,I2,D1,9.99999999999999955E-07,1.00000000000000000E+07,4.26589991482395714E+00,0.00000000000000000E+00,1.13197495903721278E-10,2.20833937509089736E-16,1.13197493660087920E-10,6.01838799402183354E-11,1,INCONCLUSIVE,NONE
run2,I2,D1,3.00000000000000008E-06,1.00000000000000000E+07,4.26589991482395714E+00,0.00000000000000000E+00,1.58438037069073448E-11,2.20833937509089736E-16,1.58438037084463595E-11,1.08441266204527602E-11,1,NULLSPACE_CONSISTENT,NONE
run2,I2,D1,1.00000000000000008E-05,1.00000000000000000E+07,4.26589991482395714E+00,0.00000000000000000E+00,7.37193431070911292E-12,2.20833937509089736E-16,7.37192742306603214E-12,5.20494967111872454E-12,1,NULLSPACE_CONSISTENT,NONE
run2,I2,D1,3.00000000000000008E-05,1.00000000000000000E+07,4.26589991482395714E+00,0.00000000000000000E+00,1.58438037069073452E-12,2.20833937509089736E-16,1.58438038608086077E-12,1.08455319990253151E-12,1,NULLSPACE_CONSISTENT,NONE
run2,I2,D1,1.00000000000000005E-04,1.00000000000000000E+07,4.26589991482395714E+00,0.00000000000000000E+00,7.37193431070911534E-13,2.20833937509089736E-16,7.37200355062463114E-13,5.20666735604074245E-13,1,NULLSPACE_CONSISTENT,NONE
run2,I2,D1,2.99999999999999974E-04,1.00000000000000000E+07,4.26589991482395714E+00,0.00000000000000000E+00,0.00000000000000000E+00,2.20833937509089736E-16,2.20833937509089736E-16,1.56153174728803626E-16,1,NULLSPACE_CONSISTENT,NONE
run2,I2,D1,1.00000000000000002E-03,1.00000000000000000E+07,4.26589991482395714E+00,0.00000000000000000E+00,4.75314111207220337E-14,2.20833937509089736E-16,4.75319241221629189E-14,3.26880645765629035E-14,1,NULLSPACE_CONSISTENT,NONE
run2,I2,D1,3.00000000000000006E-03,1.00000000000000000E+07,4.26589991482395714E+00,0.00000000000000000E+00,7.97902744005791134E-15,2.20833937509089736E-16,7.98208284329051713E-15,5.57813840836781824E-15,1,NULLSPACE_CONSISTENT,NONE
run2,I2,D1,1.00000000000000002E-02,1.00000000000000000E+07,4.26589991482395714E+00,0.00000000000000000E+00,0.00000000000000000E+00,2.20833937509089736E-16,2.20833937509089736E-16,1.56153174728803626E-16,1,NULLSPACE_CONSISTENT,NONE
run2,I2,D2,9.99999999999999955E-08,1.00000000000000000E+07,4.26589991482395714E+00,8.16496580927726068E+06,1.00000000107723275E+00,1.00000000000000000E+00,1.13952951672835967E-09,7.76442096337894108E-10,0,CONSISTENT_NUMERICALLY,NONE
run2,I2,D2,2.99999999999999986E-07,1.00000000000000000E+07,4.26589991482395714E+00,8.16496580927726068E+06,9.99999999701515097E-01,1.00000000000000000E+00,3.36692809577481736E-10,2.75422969586663961E-10,0,CONSISTENT_NUMERICALLY,NONE
run2,I2,D2,9.99999999999999955E-07,1.00000000000000000E+07,4.26589991482395714E+00,8.16496580927726068E+06,9.99999999982364440E-01,1.00000000000000000E+00,5.36980156266508329E-11,4.20416917938764774E-11,0,CONSISTENT_NUMERICALLY,NONE
run2,I2,D2,3.00000000000000008E-06,1.00000000000000000E+07,4.26589991482395714E+00,8.16496580927726068E+06,1.00000000003195133E+00,1.00000000000000000E+00,3.98143605357933098E-11,3.29773643582771287E-11,0,CONSISTENT_NUMERICALLY,NONE
run2,I2,D2,1.00000000000000008E-05,1.00000000000000000E+07,4.26589991482395714E+00,8.16496580927726068E+06,1.00000000000104539E+00,1.00000000000000000E+00,5.19754757224019914E-12,3.91548880526650995E-12,0,CONSISTENT_NUMERICALLY,NONE
run2,I2,D2,3.00000000000000008E-05,1.00000000000000000E+07,4.26589991482395714E+00,8.16496580927726068E+06,9.99999999994942046E-01,1.00000000000000000E+00,5.60137600700361932E-12,4.37801450881322372E-12,0,CONSISTENT_NUMERICALLY,NONE
run2,I2,D2,1.00000000000000005E-04,1.00000000000000000E+07,4.26589991482395714E+00,8.16496580927726068E+06,1.00000000000118106E+00,1.00000000000000000E+00,1.29271286315302788E-12,8.75394697529673322E-13,0,CONSISTENT_NUMERICALLY,NONE
run2,I2,D2,2.99999999999999974E-04,1.00000000000000000E+07,4.26589991482395714E+00,8.16496580927726068E+06,1.00000000000016676E+00,1.00000000000000000E+00,1.66847416183337991E-13,1.00666746641835402E-13,0,CONSISTENT_NUMERICALLY,NONE
run2,I2,D2,1.00000000000000002E-03,1.00000000000000000E+07,4.26589991482395714E+00,8.16496580927726068E+06,1.00000000000000511E+00,1.00000000000000000E+00,6.90212341266308658E-14,4.90841479230872689E-14,0,CONSISTENT_NUMERICALLY,NONE
run2,I2,D2,3.00000000000000006E-03,1.00000000000000000E+07,4.26589991482395714E+00,8.16496580927726068E+06,9.99999999999968137E-01,1.00000000000000000E+00,3.40355816144810183E-14,2.31106698598629383E-14,0,CONSISTENT_NUMERICALLY,NONE
run2,I2,D2,1.00000000000000002E-02,1.00000000000000000E+07,4.26589991482395714E+00,8.16496580927726068E+06,1.00000000000000067E+00,1.00000000000000000E+00,5.74922729619852745E-16,3.12306349457607302E-16,0,CONSISTENT_NUMERICALLY,NONE
run2,I2,D3,9.99999999999999955E-08,1.00000000000000000E+07,4.26589991482395714E+00,3.75850370392915048E+06,5.32746849539096234E-01,5.32746849294901015E-01,1.70104242569623864E-09,1.28032678999857253E-09,0,CONSISTENT_NUMERICALLY,NONE
run2,I2,D3,2.99999999999999986E-07,1.00000000000000000E+07,4.26589991482395714E+00,3.75850370392915048E+06,5.32746848756642466E-01,5.32746849294901015E-01,5.98149546378746906E-10,5.05495205453773296E-10,0,CONSISTENT_NUMERICALLY,NONE
run2,I2,D3,9.99999999999999955E-07,1.00000000000000000E+07,4.26589991482395714E+00,3.75850370392915048E+06,5.32746849313573301E-01,5.32746849294901015E-01,1.42041528711760597E-10,1.15684361812912159E-10,0,CONSISTENT_NUMERICALLY,NONE
run2,I2,D3,3.00000000000000008E-06,1.00000000000000000E+07,4.26589991482395714E+00,3.75850370392915048E+06,5.32746849289519542E-01,5.32746849294901015E-01,2.63542485160214236E-11,2.02574227852625382E-11,0,CONSISTENT_NUMERICALLY,NONE
run2,I2,D3,1.00000000000000008E-05,1.00000000000000000E+07,4.26589991482395714E+00,3.75850370392915048E+06,5.32746849299460701E-01,5.32746849294901015E-01,2.76930997977708447E-11,2.02990245935632031E-11,0,CONSISTENT_NUMERICALLY,NONE
run2,I2,D3,3.00000000000000008E-05,1.00000000000000000E+07,4.26589991482395714E+00,3.75850370392915048E+06,5.32746849295310354E-01,5.32746849294901015E-01,3.89005185396230643E-12,2.88111716309835180E-12,0,CONSISTENT_NUMERICALLY,NONE
run2,I2,D3,1.00000000000000005E-04,1.00000000000000000E+07,4.26589991482395714E+00,3.75850370392915048E+06,5.32746849294158165E-01,5.32746849294901015E-01,1.25976453040889370E-12,9.57791522728238489E-13,0,CONSISTENT_NUMERICALLY,NONE
run2,I2,D3,2.99999999999999974E-04,1.00000000000000000E+07,4.26589991482395714E+00,3.75850370392915048E+06,5.32746849295013147E-01,5.32746849294901015E-01,2.10023301769040481E-13,1.59172136106893845E-13,0,CONSISTENT_NUMERICALLY,NONE
run2,I2,D3,1.00000000000000002E-03,1.00000000000000000E+07,4.26589991482395714E+00,3.75850370392915048E+06,5.32746849294883917E-01,5.32746849294901015E-01,2.59952670322033726E-13,2.07319364981608283E-13,0,CONSISTENT_NUMERICALLY,NONE
run2,I2,D3,3.00000000000000006E-03,1.00000000000000000E+07,4.26589991482395714E+00,3.75850370392915048E+06,5.32746849294865044E-01,5.32746849294901015E-01,3.65028921424502231E-14,2.73788566357835763E-14,0,CONSISTENT_NUMERICALLY,NONE
run2,I2,D3,1.00000000000000002E-02,1.00000000000000000E+07,4.26589991482395714E+00,3.75850370392915048E+06,5.32746849294906011E-01,5.32746849294901015E-01,1.48314122229669498E-14,1.03061095321010401E-14,0,CONSISTENT_NUMERICALLY,NONE
run2,LIMITER_INACT,D1,9.99999999999999955E-08,1.00000000000000000E+07,2.08917604893736097E+00,0.00000000000000000E+00,1.93666572894601804E-10,0.00000000000000000E+00,1.93666572894601804E-10,1.32854172963291001E-10,1,INCONCLUSIVE,NONE
run2,LIMITER_INACT,D1,2.99999999999999986E-07,1.00000000000000000E+07,2.08917604893736097E+00,0.00000000000000000E+00,4.04524428340828617E-10,0.00000000000000000E+00,4.04524428340828617E-10,2.21423621605485080E-10,1,INCONCLUSIVE,NONE
run2,LIMITER_INACT,D1,9.99999999999999955E-07,1.00000000000000000E+07,2.08917604893736097E+00,0.00000000000000000E+00,1.21357328502248601E-10,0.00000000000000000E+00,1.21357328502248601E-10,6.64270864816455265E-11,1,INCONCLUSIVE,NONE
run2,LIMITER_INACT,D1,3.00000000000000008E-06,1.00000000000000000E+07,2.08917604893736097E+00,0.00000000000000000E+00,1.31025218039765824E-11,0.00000000000000000E+00,1.31025218039765824E-11,9.13372439122625973E-12,1,NULLSPACE_CONSISTENT,NONE
run2,LIMITER_INACT,D1,1.00000000000000008E-05,1.00000000000000000E+07,2.08917604893736097E+00,0.00000000000000000E+00,5.92515089621887883E-12,0.00000000000000000E+00,5.92515089621887883E-12,4.15169290510284460E-12,1,NULLSPACE_CONSISTENT,NONE
run2,LIMITER_INACT,D1,3.00000000000000008E-05,1.00000000000000000E+07,2.08917604893736097E+00,0.00000000000000000E+00,1.31025218039765807E-12,0.00000000000000000E+00,1.31025218039765807E-12,9.13372439122625811E-13,1,NULLSPACE_CONSISTENT,NONE
run2,LIMITER_INACT,D1,1.00000000000000005E-04,1.00000000000000000E+07,2.08917604893736097E+00,0.00000000000000000E+00,5.92515089621887378E-13,0.00000000000000000E+00,5.92515089621887378E-13,4.15169290510284510E-13,1,NULLSPACE_CONSISTENT,NONE
run2,LIMITER_INACT,D1,2.99999999999999974E-04,1.00000000000000000E+07,2.08917604893736097E+00,0.00000000000000000E+00,0.00000000000000000E+00,0.00000000000000000E+00,0.00000000000000000E+00,0.00000000000000000E+00,1,NULLSPACE_CONSISTENT,NONE
run2,LIMITER_INACT,D1,1.00000000000000002E-03,1.00000000000000000E+07,2.08917604893736097E+00,0.00000000000000000E+00,3.93075654119297493E-14,0.00000000000000000E+00,3.93075654119297493E-14,2.74011731736787776E-14,1,NULLSPACE_CONSISTENT,NONE
run2,LIMITER_INACT,D1,3.00000000000000006E-03,1.00000000000000000E+07,2.08917604893736097E+00,0.00000000000000000E+00,6.45555242982005857E-15,0.00000000000000000E+00,6.45555242982005857E-15,4.42847243210970072E-15,1,NULLSPACE_CONSISTENT,NONE
run2,LIMITER_INACT,D1,1.00000000000000002E-02,1.00000000000000000E+07,2.08917604893736097E+00,0.00000000000000000E+00,0.00000000000000000E+00,0.00000000000000000E+00,0.00000000000000000E+00,0.00000000000000000E+00,1,NULLSPACE_CONSISTENT,NONE
run2,LIMITER_INACT,D2,9.99999999999999955E-08,1.00000000000000000E+07,2.08917604893736097E+00,8.16496580927726068E+06,1.00000000111288179E+00,1.00000000000000000E+00,1.19002672882888636E-09,8.36680295254467971E-10,0,CONSISTENT_NUMERICALLY,NONE
run2,LIMITER_INACT,D2,2.99999999999999986E-07,1.00000000000000000E+07,2.08917604893736097E+00,8.16496580927726068E+06,9.99999999767041570E-01,1.00000000000000000E+00,3.16109005105824701E-10,2.64902186805040806E-10,0,CONSISTENT_NUMERICALLY,NONE
run2,LIMITER_INACT,D2,9.99999999999999955E-07,1.00000000000000000E+07,2.08917604893736097E+00,8.16496580927726068E+06,9.99999999966184272E-01,1.00000000000000000E+00,7.16333674871471492E-11,6.00853722477466035E-11,0,CONSISTENT_NUMERICALLY,NONE
run2,LIMITER_INACT,D2,3.00000000000000008E-06,1.00000000000000000E+07,2.08917604893736097E+00,8.16496580927726068E+06,1.00000000003143552E+00,1.00000000000000000E+00,4.06154126515450288E-11,3.29125488265571284E-11,0,CONSISTENT_NUMERICALLY,NONE
run2,LIMITER_INACT,D2,1.00000000000000008E-05,1.00000000000000000E+07,2.08917604893736097E+00,8.16496580927726068E+06,1.00000000000041500E+00,1.00000000000000000E+00,3.74589257325637494E-12,2.68822447740841611E-12,0,CONSISTENT_NUMERICALLY,NONE
run2,LIMITER_INACT,D2,3.00000000000000008E-05,1.00000000000000000E+07,2.08917604893736097E+00,8.16496580927726068E+06,9.99999999995481503E-01,1.00000000000000000E+00,5.25362864912773696E-12,4.03749145802360027E-12,0,CONSISTENT_NUMERICALLY,NONE
run2,LIMITER_INACT,D2,1.00000000000000005E-04,1.00000000000000000E+07,2.08917604893736097E+00,8.16496580927726068E+06,1.00000000000120814E+00,1.00000000000000000E+00,1.27071187264694663E-12,8.61426457493979142E-13,0,CONSISTENT_NUMERICALLY,NONE
run2,LIMITER_INACT,D2,2.99999999999999974E-04,1.00000000000000000E+07,2.08917604893736097E+00,8.16496580927726068E+06,1.00000000000017275E+00,1.00000000000000000E+00,1.73514052094973085E-13,9.75681046242409146E-14,0,CONSISTENT_NUMERICALLY,NONE
run2,LIMITER_INACT,D2,1.00000000000000002E-03,1.00000000000000000E+07,2.08917604893736097E+00,8.16496580927726068E+06,1.00000000000000488E+00,1.00000000000000000E+00,7.72258715267900489E-14,5.44170692457639991E-14,0,CONSISTENT_NUMERICALLY,NONE
run2,LIMITER_INACT,D2,3.00000000000000006E-03,1.00000000000000000E+07,2.08917604893736097E+00,8.16496580927726068E+06,9.99999999999967470E-01,1.00000000000000000E+00,3.50080602542015563E-14,2.47640178403574447E-14,0,CONSISTENT_NUMERICALLY,NONE
run2,LIMITER_INACT,D2,1.00000000000000002E-02,1.00000000000000000E+07,2.08917604893736097E+00,8.16496580927726068E+06,9.99999999999999556E-01,1.00000000000000000E+00,4.98513045300262482E-16,4.25133353482531341E-16,0,CONSISTENT_NUMERICALLY,NONE
run2,LIMITER_INACT,D3,9.99999999999999955E-08,1.00000000000000000E+07,2.08917604893736097E+00,3.75850370392915048E+06,5.16517050366053221E-01,5.16517050172766612E-01,1.80812741891570759E-09,1.29636386438284014E-09,0,CONSISTENT_NUMERICALLY,NONE
run2,LIMITER_INACT,D3,2.99999999999999986E-07,1.00000000000000000E+07,2.08917604893736097E+00,3.75850370392915048E+06,5.16517049702626685E-01,5.16517050172766612E-01,5.62158436751451558E-10,4.63506899659579122E-10,0,CONSISTENT_NUMERICALLY,NONE
run2,LIMITER_INACT,D3,9.99999999999999955E-07,1.00000000000000000E+07,2.08917604893736097E+00,3.75850370392915048E+06,5.16517050169020497E-01,5.16517050172766612E-01,1.29068491387451878E-10,1.07895444047038599E-10,0,CONSISTENT_NUMERICALLY,NONE
run2,LIMITER_INACT,D3,3.00000000000000008E-06,1.00000000000000000E+07,2.08917604893736097E+00,3.75850370392915048E+06,5.16517050168467717E-01,5.16517050172766612E-01,2.81383060554564957E-11,2.04102470954687928E-11,0,CONSISTENT_NUMERICALLY,NONE
run2,LIMITER_INACT,D3,1.00000000000000008E-05,1.00000000000000000E+07,2.08917604893736097E+00,3.75850370392915048E+06,5.16517050182617732E-01,5.16517050172766612E-01,2.81992251717342647E-11,1.93124199226039350E-11,0,CONSISTENT_NUMERICALLY,NONE
run2,LIMITER_INACT,D3,3.00000000000000008E-05,1.00000000000000000E+07,2.08917604893736097E+00,3.75850370392915048E+06,5.16517050172397019E-01,5.16517050172766612E-01,4.67428301620406498E-12,3.55886437179739956E-12,0,CONSISTENT_NUMERICALLY,NONE
run2,LIMITER_INACT,D3,1.00000000000000005E-04,1.00000000000000000E+07,2.08917604893736097E+00,3.75850370392915048E+06,5.16517050172287440E-01,5.16517050172766612E-01,1.26149937332664782E-12,9.12123609896771150E-13,0,CONSISTENT_NUMERICALLY,NONE
run2,LIMITER_INACT,D3,2.99999999999999974E-04,1.00000000000000000E+07,2.08917604893736097E+00,3.75850370392915048E+06,5.16517050172824455E-01,5.16517050172766612E-01,2.08017643580558367E-13,1.45873881913693577E-13,0,CONSISTENT_NUMERICALLY,NONE
run2,LIMITER_INACT,D3,1.00000000000000002E-03,1.00000000000000000E+07,2.08917604893736097E+00,3.75850370392915048E+06,5.16517050172797143E-01,5.16517050172766612E-01,2.47806966212922757E-13,1.94711075894999376E-13,0,CONSISTENT_NUMERICALLY,NONE
run2,LIMITER_INACT,D3,3.00000000000000006E-03,1.00000000000000000E+07,2.08917604893736097E+00,3.75850370392915048E+06,5.16517050172732528E-01,5.16517050172766612E-01,3.45348289653153327E-14,2.48703011787280865E-14,0,CONSISTENT_NUMERICALLY,NONE
run2,LIMITER_INACT,D3,1.00000000000000002E-02,1.00000000000000000E+07,2.08917604893736097E+00,3.75850370392915048E+06,5.16517050172773717E-01,5.16517050172766612E-01,1.54177940293105420E-14,1.13723172056577127E-14,0,CONSISTENT_NUMERICALLY,NONE
run2,LIMITER_OFF,D1,9.99999999999999955E-08,1.00000000000000000E+07,3.26433757646462919E+00,0.00000000000000000E+00,2.04457349461380898E-10,1.57700981196308475E-16,2.04457479187016266E-10,1.48796758745556545E-10,1,INCONCLUSIVE,NONE
run2,LIMITER_OFF,D1,2.99999999999999986E-07,1.00000000000000000E+07,3.26433757646462919E+00,0.00000000000000000E+00,4.05427558136871006E-10,1.57700981196308475E-16,4.05427652348645595E-10,2.19652300653977570E-10,1,INCONCLUSIVE,NONE
run2,LIMITER_OFF,D1,9.99999999999999955E-07,1.00000000000000000E+07,3.26433757646462919E+00,0.00000000000000000E+00,1.21628267441061271E-10,1.57700981196308475E-16,1.21628173229371881E-10,6.58957208057947216E-11,1,INCONCLUSIVE,NONE
run2,LIMITER_OFF,D1,3.00000000000000008E-06,1.00000000000000000E+07,3.26433757646462919E+00,0.00000000000000000E+00,1.30891142390905841E-11,1.57700981196308475E-16,1.30889830605680348E-11,9.21113763211747367E-12,1,NULLSPACE_CONSISTENT,NONE
run2,LIMITER_OFF,D1,1.00000000000000008E-05,1.00000000000000000E+07,3.26433757646462919E+00,0.00000000000000000E+00,6.05348694236054452E-12,1.57700981196308475E-16,6.05361831335935467E-12,4.25143556683014366E-12,1,NULLSPACE_CONSISTENT,NONE
run2,LIMITER_OFF,D1,3.00000000000000008E-05,1.00000000000000000E+07,3.26433757646462919E+00,0.00000000000000000E+00,1.30891142390905857E-12,1.57700981196308475E-16,1.30904260565074858E-12,9.21207292549513668E-13,1,NULLSPACE_CONSISTENT,NONE
run2,LIMITER_OFF,D1,1.00000000000000005E-04,1.00000000000000000E+07,3.26433757646462919E+00,0.00000000000000000E+00,6.05348694236054432E-13,1.57700981196308475E-16,6.05217330154087061E-13,4.25031321477695078E-13,1,NULLSPACE_CONSISTENT,NONE
run2,LIMITER_OFF,D1,2.99999999999999974E-04,1.00000000000000000E+07,3.26433757646462919E+00,0.00000000000000000E+00,0.00000000000000000E+00,1.57700981196308475E-16,1.57700981196308475E-16,1.02032004835807452E-16,1,NULLSPACE_CONSISTENT,NONE
run2,LIMITER_OFF,D1,1.00000000000000002E-03,1.00000000000000000E+07,3.26433757646462919E+00,0.00000000000000000E+00,3.92673427172717576E-14,1.57700981196308475E-16,3.93986187659544206E-14,2.77186946470610205E-14,1,NULLSPACE_CONSISTENT,NONE
run2,LIMITER_OFF,D1,3.00000000000000006E-03,1.00000000000000000E+07,3.26433757646462919E+00,0.00000000000000000E+00,6.81524498204602886E-15,1.57700981196308475E-16,6.68612070352658980E-15,4.87486245326635515E-15,1,NULLSPACE_CONSISTENT,NONE
run2,LIMITER_OFF,D1,1.00000000000000002E-02,1.00000000000000000E+07,3.26433757646462919E+00,0.00000000000000000E+00,0.00000000000000000E+00,1.57700981196308475E-16,1.57700981196308475E-16,1.02032004835807452E-16,1,NULLSPACE_CONSISTENT,NONE
run2,LIMITER_OFF,D2,9.99999999999999955E-08,1.00000000000000000E+07,3.26433757646462919E+00,8.16496580927726068E+06,1.00000000111138654E+00,1.00000000000000000E+00,1.18005388055848029E-09,8.12766272035728614E-10,0,CONSISTENT_NUMERICALLY,NONE
run2,LIMITER_OFF,D2,2.99999999999999986E-07,1.00000000000000000E+07,3.26433757646462919E+00,8.16496580927726068E+06,9.99999999762474001E-01,1.00000000000000000E+00,3.13152203533519408E-10,2.60695445507662057E-10,0,CONSISTENT_NUMERICALLY,NONE
run2,LIMITER_OFF,D2,9.99999999999999955E-07,1.00000000000000000E+07,3.26433757646462919E+00,8.16496580927726068E+06,9.99999999967379538E-01,1.00000000000000000E+00,7.09201368618380974E-11,6.00856953490952139E-11,0,CONSISTENT_NUMERICALLY,NONE
run2,LIMITER_OFF,D2,3.00000000000000008E-06,1.00000000000000000E+07,3.26433757646462919E+00,8.16496580927726068E+06,1.00000000003013079E+00,1.00000000000000000E+00,3.94553007251163087E-11,3.19377180470216468E-11,0,CONSISTENT_NUMERICALLY,NONE
run2,LIMITER_OFF,D2,1.00000000000000008E-05,1.00000000000000000E+07,3.26433757646462919E+00,8.16496580927726068E+06,1.00000000000030043E+00,1.00000000000000000E+00,3.65811059792689878E-12,2.46176019134180472E-12,0,CONSISTENT_NUMERICALLY,NONE
run2,LIMITER_OFF,D2,3.00000000000000008E-05,1.00000000000000000E+07,3.26433757646462919E+00,8.16496580927726068E+06,9.99999999995411559E-01,1.00000000000000000E+00,5.24640984295177411E-12,3.98577823690598032E-12,0,CONSISTENT_NUMERICALLY,NONE
run2,LIMITER_OFF,D2,1.00000000000000005E-04,1.00000000000000000E+07,3.26433757646462919E+00,8.16496580927726068E+06,1.00000000000123057E+00,1.00000000000000000E+00,1.28338706908240359E-12,8.67816211796820715E-13,0,CONSISTENT_NUMERICALLY,NONE
run2,LIMITER_OFF,D2,2.99999999999999974E-04,1.00000000000000000E+07,3.26433757646462919E+00,8.16496580927726068E+06,1.00000000000016742E+00,1.00000000000000000E+00,1.67620197579738302E-13,8.75434601491227760E-14,0,CONSISTENT_NUMERICALLY,NONE
run2,LIMITER_OFF,D2,1.00000000000000002E-03,1.00000000000000000E+07,3.26433757646462919E+00,8.16496580927726068E+06,1.00000000000000400E+00,1.00000000000000000E+00,7.92964839391913599E-14,5.58455173134652680E-14,0,CONSISTENT_NUMERICALLY,NONE
run2,LIMITER_OFF,D2,3.00000000000000006E-03,1.00000000000000000E+07,3.26433757646462919E+00,8.16496580927726068E+06,9.99999999999967470E-01,1.00000000000000000E+00,3.52275665681200179E-14,2.49638305164942200E-14,0,CONSISTENT_NUMERICALLY,NONE
run2,LIMITER_OFF,D2,1.00000000000000002E-02,1.00000000000000000E+07,3.26433757646462919E+00,8.16496580927726068E+06,1.00000000000000000E+00,1.00000000000000000E+00,2.45254416782595580E-16,1.36042673114409912E-16,0,CONSISTENT_NUMERICALLY,NONE
run2,LIMITER_OFF,D3,9.99999999999999955E-08,1.00000000000000000E+07,3.26433757646462919E+00,3.75850370392915048E+06,5.16517050367461428E-01,5.16517050172766279E-01,1.82996484190408685E-09,1.29104969533864111E-09,0,CONSISTENT_NUMERICALLY,NONE
run2,LIMITER_OFF,D3,2.99999999999999986E-07,1.00000000000000000E+07,3.26433757646462919E+00,3.75850370392915048E+06,5.16517049707117981E-01,5.16517050172766279E-01,5.58369296849463838E-10,4.62621544571284135E-10,0,CONSISTENT_NUMERICALLY,NONE
run2,LIMITER_OFF,D3,9.99999999999999955E-07,1.00000000000000000E+07,3.26433757646462919E+00,3.75850370392915048E+06,5.16517050166738101E-01,5.16517050172766279E-01,1.31772850897119178E-10,1.11748172549638569E-10,0,CONSISTENT_NUMERICALLY,NONE
run2,LIMITER_OFF,D3,3.00000000000000008E-06,1.00000000000000000E+07,3.26433757646462919E+00,3.75850370392915048E+06,5.16517050167604408E-01,5.16517050172766279E-01,2.93891435789288128E-11,2.10530543058096254E-11,0,CONSISTENT_NUMERICALLY,NONE
run2,LIMITER_OFF,D3,1.00000000000000008E-05,1.00000000000000000E+07,3.26433757646462919E+00,3.75850370392915048E+06,5.16517050182721760E-01,5.16517050172766279E-01,2.82023738765535467E-11,1.91928918203138813E-11,0,CONSISTENT_NUMERICALLY,NONE
run2,LIMITER_OFF,D3,3.00000000000000008E-05,1.00000000000000000E+07,3.26433757646462919E+00,3.75850370392915048E+06,5.16517050172389358E-01,5.16517050172766279E-01,4.70103519288616069E-12,3.57878957495008451E-12,0,CONSISTENT_NUMERICALLY,NONE
run2,LIMITER_OFF,D3,1.00000000000000005E-04,1.00000000000000000E+07,3.26433757646462919E+00,3.75850370392915048E+06,5.16517050172281889E-01,5.16517050172766279E-01,1.23337912376466214E-12,8.73598025404183252E-13,0,CONSISTENT_NUMERICALLY,NONE
run2,LIMITER_OFF,D3,2.99999999999999974E-04,1.00000000000000000E+07,3.26433757646462919E+00,3.75850370392915048E+06,5.16517050172831782E-01,5.16517050172766279E-01,1.99103304557225535E-13,1.43252934789473627E-13,0,CONSISTENT_NUMERICALLY,NONE
run2,LIMITER_OFF,D3,1.00000000000000002E-03,1.00000000000000000E+07,3.26433757646462919E+00,3.75850370392915048E+06,5.16517050172796810E-01,5.16517050172766279E-01,2.44074489898576899E-13,1.89439422311815803E-13,0,CONSISTENT_NUMERICALLY,NONE
run2,LIMITER_OFF,D3,3.00000000000000006E-03,1.00000000000000000E+07,3.26433757646462919E+00,3.75850370392915048E+06,5.16517050172732528E-01,5.16517050172766279E-01,3.41652665907658669E-14,2.45557024971509900E-14,0,CONSISTENT_NUMERICALLY,NONE
run2,LIMITER_OFF,D3,1.00000000000000002E-02,1.00000000000000000E+07,3.26433757646462919E+00,3.75850370392915048E+06,5.16517050172773606E-01,5.16517050172766279E-01,1.55342400996638235E-14,1.15636272147248432E-14,0,CONSISTENT_NUMERICALLY,NONE
run2,RATIO_NEG,D1,9.99999999999999955E-08,1.00000000000000000E+07,1.17516152752726399E+00,0.00000000000000000E+00,2.00779123946960367E-10,9.44740785516737889E-17,2.00779123946982546E-10,1.47615747736990225E-10,1,INCONCLUSIVE,NONE
run2,RATIO_NEG,D1,2.99999999999999986E-07,1.00000000000000000E+07,1.17516152752726399E+00,0.00000000000000000E+00,4.23308157861143665E-10,9.44740785516737889E-17,4.23308105149247417E-10,2.36185101905105857E-10,1,INCONCLUSIVE,NONE
run2,RATIO_NEG,D1,9.99999999999999955E-07,1.00000000000000000E+07,1.17516152752726399E+00,0.00000000000000000E+00,1.26992447358343058E-10,9.44740785516737889E-17,1.26992500070270868E-10,7.08556533878338595E-11,1,INCONCLUSIVE,NONE
run2,RATIO_NEG,D1,3.00000000000000008E-06,1.00000000000000000E+07,1.17516152752726399E+00,0.00000000000000000E+00,1.35224941741561320E-11,9.44740785516737889E-17,1.35225079252577426E-11,9.34899735667604864E-12,1,NULLSPACE_CONSISTENT,NONE
run2,RATIO_NEG,D1,1.00000000000000008E-05,1.00000000000000000E+07,1.17516152752726399E+00,0.00000000000000000E+00,6.07918856674116063E-12,9.44740785516737889E-17,6.07917021518018106E-12,4.13324093663572632E-12,1,NULLSPACE_CONSISTENT,NONE
run2,RATIO_NEG,D1,3.00000000000000008E-05,1.00000000000000000E+07,1.17516152752726399E+00,0.00000000000000000E+00,1.35224941741561337E-12,9.44740785516737889E-17,1.35223566986733463E-12,9.34899735667605147E-13,1,NULLSPACE_CONSISTENT,NONE
run2,RATIO_NEG,D1,1.00000000000000005E-04,1.00000000000000000E+07,1.17516152752726399E+00,0.00000000000000000E+00,6.07918856674116104E-13,9.44740785516737889E-17,6.07937216005165768E-13,4.13324093663572642E-13,1,NULLSPACE_CONSISTENT,NONE
run2,RATIO_NEG,D1,2.99999999999999974E-04,1.00000000000000000E+07,1.17516152752726399E+00,0.00000000000000000E+00,0.00000000000000000E+00,9.44740785516737889E-17,9.44740785516737889E-17,9.44740785516737889E-17,1,NULLSPACE_CONSISTENT,NONE
run2,RATIO_NEG,D1,1.00000000000000002E-03,1.00000000000000000E+07,1.17516152752726399E+00,0.00000000000000000E+00,4.05674825224683992E-14,9.44740785516737889E-17,4.05538394559938563E-14,2.80469920700281385E-14,1,NULLSPACE_CONSISTENT,NONE
run2,RATIO_NEG,D1,3.00000000000000006E-03,1.00000000000000000E+07,1.17516152752726399E+00,0.00000000000000000E+00,6.69263746489867741E-15,9.44740785516737889E-17,6.69330423543436352E-15,4.92052492456634150E-15,1,NULLSPACE_CONSISTENT,NONE
run2,RATIO_NEG,D1,1.00000000000000002E-02,1.00000000000000000E+07,1.17516152752726399E+00,0.00000000000000000E+00,0.00000000000000000E+00,9.44740785516737889E-17,9.44740785516737889E-17,9.44740785516737889E-17,1,NULLSPACE_CONSISTENT,NONE
run2,RATIO_NEG,D2,9.99999999999999955E-08,1.00000000000000000E+07,1.17516152752726399E+00,8.16496580927726068E+06,1.00000000112718390E+00,1.00000000000000000E+00,1.18670037526693011E-09,7.99776830690614175E-10,0,CONSISTENT_NUMERICALLY,NONE
run2,RATIO_NEG,D2,2.99999999999999986E-07,1.00000000000000000E+07,1.17516152752726399E+00,8.16496580927726068E+06,9.99999999750666668E-01,1.00000000000000000E+00,3.24338729872243316E-10,2.67976951974843822E-10,0,CONSISTENT_NUMERICALLY,NONE
run2,RATIO_NEG,D2,9.99999999999999955E-07,1.00000000000000000E+07,1.17516152752726399E+00,8.16496580927726068E+06,9.99999999965448194E-01,1.00000000000000000E+00,7.33546708363378558E-11,6.22990416193302254E-11,0,CONSISTENT_NUMERICALLY,NONE
run2,RATIO_NEG,D2,3.00000000000000008E-06,1.00000000000000000E+07,1.17516152752726399E+00,8.16496580927726068E+06,1.00000000003162870E+00,1.00000000000000000E+00,4.08670359942480688E-11,3.29130684339892067E-11,0,CONSISTENT_NUMERICALLY,NONE
run2,RATIO_NEG,D2,1.00000000000000008E-05,1.00000000000000000E+07,1.17516152752726399E+00,8.16496580927726068E+06,1.00000000000039568E+00,1.00000000000000000E+00,3.62147721170696042E-12,2.79945589564319642E-12,0,CONSISTENT_NUMERICALLY,NONE
run2,RATIO_NEG,D2,3.00000000000000008E-05,1.00000000000000000E+07,1.17516152752726399E+00,8.16496580927726068E+06,9.99999999995437983E-01,1.00000000000000000E+00,5.26568012276905260E-12,4.03999502110522423E-12,0,CONSISTENT_NUMERICALLY,NONE
run2,RATIO_NEG,D2,1.00000000000000005E-04,1.00000000000000000E+07,1.17516152752726399E+00,8.16496580927726068E+06,1.00000000000118217E+00,1.00000000000000000E+00,1.24349432560609363E-12,8.50833551436373840E-13,0,CONSISTENT_NUMERICALLY,NONE
run2,RATIO_NEG,D2,2.99999999999999974E-04,1.00000000000000000E+07,1.17516152752726399E+00,8.16496580927726068E+06,1.00000000000017364E+00,1.00000000000000000E+00,1.73118561171540996E-13,9.31514414519502884E-14,0,CONSISTENT_NUMERICALLY,NONE
run2,RATIO_NEG,D2,1.00000000000000002E-03,1.00000000000000000E+07,1.17516152752726399E+00,8.16496580927726068E+06,1.00000000000000444E+00,1.00000000000000000E+00,7.69403067140378460E-14,5.37557506959023671E-14,0,CONSISTENT_NUMERICALLY,NONE
run2,RATIO_NEG,D2,3.00000000000000006E-03,1.00000000000000000E+07,1.17516152752726399E+00,8.16496580927726068E+06,9.99999999999966693E-01,1.00000000000000000E+00,3.55665734267618461E-14,2.49411567376418697E-14,0,CONSISTENT_NUMERICALLY,NONE
run2,RATIO_NEG,D2,1.00000000000000002E-02,1.00000000000000000E+07,1.17516152752726399E+00,8.16496580927726068E+06,1.00000000000000000E+00,1.00000000000000000E+00,2.98753268068950571E-16,2.83422235655021305E-16,0,CONSISTENT_NUMERICALLY,NONE
run2,RATIO_NEG,D3,9.99999999999999955E-08,1.00000000000000000E+07,1.17516152752726399E+00,3.75850370392915048E+06,5.16517050346189110E-01,5.16517050172766390E-01,1.81225202472094095E-09,1.31112545687043044E-09,0,CONSISTENT_NUMERICALLY,NONE
run2,RATIO_NEG,D3,2.99999999999999986E-07,1.00000000000000000E+07,1.17516152752726399E+00,3.75850370392915048E+06,5.16517049719272481E-01,5.16517050172766390E-01,5.47186510255454273E-10,4.58585963379129696E-10,0,CONSISTENT_NUMERICALLY,NONE
run2,RATIO_NEG,D3,9.99999999999999955E-07,1.00000000000000000E+07,1.17516152752726399E+00,3.75850370392915048E+06,5.16517050168203373E-01,5.16517050172766390E-01,1.32793484697847055E-10,1.11216727515562052E-10,0,CONSISTENT_NUMERICALLY,NONE
run2,RATIO_NEG,D3,3.00000000000000008E-06,1.00000000000000000E+07,1.17516152752726399E+00,3.75850370392915048E+06,5.16517050168648018E-01,5.16517050172766390E-01,2.80676960848483980E-11,1.99797146960128038E-11,0,CONSISTENT_NUMERICALLY,NONE
run2,RATIO_NEG,D3,1.00000000000000008E-05,1.00000000000000000E+07,1.17516152752726399E+00,3.75850370392915048E+06,5.16517050182633608E-01,5.16517050172766390E-01,2.84550836888721558E-11,1.94970112009128494E-11,0,CONSISTENT_NUMERICALLY,NONE
run2,RATIO_NEG,D3,3.00000000000000008E-05,1.00000000000000000E+07,1.17516152752726399E+00,3.75850370392915048E+06,5.16517050172269232E-01,5.16517050172766390E-01,4.67464317049946799E-12,3.44198000850303930E-12,0,CONSISTENT_NUMERICALLY,NONE
run2,RATIO_NEG,D3,1.00000000000000005E-04,1.00000000000000000E+07,1.17516152752726399E+00,3.75850370392915048E+06,5.16517050172260350E-01,5.16517050172766390E-01,1.24594052592664094E-12,8.82671315908288020E-13,0,CONSISTENT_NUMERICALLY,NONE
run2,RATIO_NEG,D3,2.99999999999999974E-04,1.00000000000000000E+07,1.17516152752726399E+00,3.75850370392915048E+06,5.16517050172837777E-01,5.16517050172766390E-01,1.94471392636470604E-13,1.42277962298820689E-13,0,CONSISTENT_NUMERICALLY,NONE
run2,RATIO_NEG,D3,1.00000000000000002E-03,1.00000000000000000E+07,1.17516152752726399E+00,3.75850370392915048E+06,5.16517050172793590E-01,5.16517050172766390E-01,2.42496766411416954E-13,1.92567695237858449E-13,0,CONSISTENT_NUMERICALLY,NONE
run2,RATIO_NEG,D3,3.00000000000000006E-03,1.00000000000000000E+07,1.17516152752726399E+00,3.75850370392915048E+06,5.16517050172731640E-01,5.16517050172766390E-01,3.51171136395652762E-14,2.53190530518485706E-14,0,CONSISTENT_NUMERICALLY,NONE
run2,RATIO_NEG,D3,1.00000000000000002E-02,1.00000000000000000E+07,1.17516152752726399E+00,3.75850370392915048E+06,5.16517050172773606E-01,5.16517050172766390E-01,1.50791265928808963E-14,1.09117560727183204E-14,0,CONSISTENT_NUMERICALLY,NONE
run2,RATIO_POS,D1,9.99999999999999955E-08,1.00000000000000000E+07,3.26433757646462919E+00,0.00000000000000000E+00,2.11250668052375259E-10,1.57700981196308475E-16,2.11250799595286625E-10,1.48796775750890674E-10,1,INCONCLUSIVE,NONE
run2,RATIO_POS,D1,2.99999999999999986E-07,1.00000000000000000E+07,3.26433757646462919E+00,0.00000000000000000E+00,4.17928624672873331E-10,1.57700981196308475E-16,4.17928721292174051E-10,2.26737856545353082E-10,1,INCONCLUSIVE,NONE
run2,RATIO_POS,D1,9.99999999999999955E-07,1.00000000000000000E+07,3.26433757646462919E+00,0.00000000000000000E+00,1.25378587401861974E-10,1.57700981196308475E-16,1.25378490782641620E-10,6.80212685358684062E-11,1,INCONCLUSIVE,NONE
run2,RATIO_POS,D1,3.00000000000000008E-06,1.00000000000000000E+07,3.26433757646462919E+00,0.00000000000000000E+00,1.30891142390905841E-11,1.57700981196308475E-16,1.30889830605680348E-11,9.21113763211747367E-12,1,NULLSPACE_CONSISTENT,NONE
run2,RATIO_POS,D1,1.00000000000000008E-05,1.00000000000000000E+07,3.26433757646462919E+00,0.00000000000000000E+00,6.16998580391369889E-12,1.57700981196308475E-16,6.17011828281329783E-12,4.25143556683014366E-12,1,NULLSPACE_CONSISTENT,NONE
run2,RATIO_POS,D1,3.00000000000000008E-05,1.00000000000000000E+07,3.26433757646462919E+00,0.00000000000000000E+00,1.30891142390905857E-12,1.57700981196308475E-16,1.30904260565074858E-12,9.21207292549513668E-13,1,NULLSPACE_CONSISTENT,NONE
run2,RATIO_POS,D1,1.00000000000000005E-04,1.00000000000000000E+07,3.26433757646462919E+00,0.00000000000000000E+00,6.16998580391369949E-13,1.57700981196308475E-16,6.16866108017363013E-13,4.25031321477695078E-13,1,NULLSPACE_CONSISTENT,NONE
run2,RATIO_POS,D1,2.99999999999999974E-04,1.00000000000000000E+07,3.26433757646462919E+00,0.00000000000000000E+00,0.00000000000000000E+00,1.57700981196308475E-16,1.57700981196308475E-16,1.02032004835807452E-16,1,NULLSPACE_CONSISTENT,NONE
run2,RATIO_POS,D1,1.00000000000000002E-03,1.00000000000000000E+07,3.26433757646462919E+00,0.00000000000000000E+00,3.92673427172717576E-14,1.57700981196308475E-16,3.93986187659544206E-14,2.77186946470610205E-14,1,NULLSPACE_CONSISTENT,NONE
run2,RATIO_POS,D1,3.00000000000000006E-03,1.00000000000000000E+07,3.26433757646462919E+00,0.00000000000000000E+00,7.04168893507917525E-15,1.57700981196308475E-16,6.91069348064236830E-15,4.85785711912705297E-15,1,NULLSPACE_CONSISTENT,NONE
run2,RATIO_POS,D1,1.00000000000000002E-02,1.00000000000000000E+07,3.26433757646462919E+00,0.00000000000000000E+00,0.00000000000000000E+00,1.57700981196308475E-16,1.57700981196308475E-16,1.02032004835807452E-16,1,NULLSPACE_CONSISTENT,NONE
run2,RATIO_POS,D2,9.99999999999999955E-08,1.00000000000000000E+07,3.26433757646462919E+00,8.16496580927726068E+06,1.00000000113264331E+00,1.00000000000000000E+00,1.19997723121327801E-09,8.34022939709855178E-10,0,CONSISTENT_NUMERICALLY,NONE
run2,RATIO_POS,D2,2.99999999999999986E-07,1.00000000000000000E+07,3.26433757646462919E+00,8.16496580927726068E+06,9.99999999766459813E-01,1.00000000000000000E+00,3.11162998129088592E-10,2.60695445507662057E-10,0,CONSISTENT_NUMERICALLY,NONE
run2,RATIO_POS,D2,9.99999999999999955E-07,1.00000000000000000E+07,3.26433757646462919E+00,8.16496580927726068E+06,9.99999999967379538E-01,1.00000000000000000E+00,7.04727503389944746E-11,6.00856953490952139E-11,0,CONSISTENT_NUMERICALLY,NONE
run2,RATIO_POS,D2,3.00000000000000008E-06,1.00000000000000000E+07,3.26433757646462919E+00,8.16496580927726068E+06,1.00000000003048495E+00,1.00000000000000000E+00,4.00310327622781711E-11,3.26462963099380672E-11,0,CONSISTENT_NUMERICALLY,NONE
run2,RATIO_POS,D2,1.00000000000000008E-05,1.00000000000000000E+07,3.26433757646462919E+00,8.16496580927726068E+06,1.00000000000019407E+00,1.00000000000000000E+00,3.97670454328988140E-12,2.67432686808306986E-12,0,CONSISTENT_NUMERICALLY,NONE
run2,RATIO_POS,D2,3.00000000000000008E-05,1.00000000000000000E+07,3.26433757646462919E+00,8.16496580927726068E+06,9.99999999995411559E-01,1.00000000000000000E+00,5.24640984295177411E-12,3.98577823690598032E-12,0,CONSISTENT_NUMERICALLY,NONE
run2,RATIO_POS,D2,1.00000000000000005E-04,1.00000000000000000E+07,3.26433757646462919E+00,8.16496580927726068E+06,1.00000000000122524E+00,1.00000000000000000E+00,1.27490933811842160E-12,8.46593554790973017E-13,0,CONSISTENT_NUMERICALLY,NONE
run2,RATIO_POS,D2,2.99999999999999974E-04,1.00000000000000000E+07,3.26433757646462919E+00,8.16496580927726068E+06,1.00000000000018163E+00,1.00000000000000000E+00,1.81926189711024554E-13,9.55699778628729598E-14,0,CONSISTENT_NUMERICALLY,NONE
run2,RATIO_POS,D2,1.00000000000000002E-03,1.00000000000000000E+07,3.26433757646462919E+00,8.16496580927726068E+06,1.00000000000000488E+00,1.00000000000000000E+00,7.79490683609389928E-14,5.58455173134652680E-14,0,CONSISTENT_NUMERICALLY,NONE
run2,RATIO_POS,D2,3.00000000000000006E-03,1.00000000000000000E+07,3.26433757646462919E+00,8.16496580927726068E+06,9.99999999999966804E-01,1.00000000000000000E+00,3.52546785112428723E-14,2.49638305164942200E-14,0,CONSISTENT_NUMERICALLY,NONE
run2,RATIO_POS,D2,1.00000000000000002E-02,1.00000000000000000E+07,3.26433757646462919E+00,8.16496580927726068E+06,1.00000000000000022E+00,1.00000000000000000E+00,4.24793110648128887E-16,3.40106682786024915E-16,0,CONSISTENT_NUMERICALLY,NONE
run2,RATIO_POS,D3,9.99999999999999955E-08,1.00000000000000000E+07,3.26433757646462919E+00,3.75850370392915048E+06,5.16517050371663844E-01,5.16517050172766279E-01,1.80357330408188551E-09,1.29370677879790681E-09,0,CONSISTENT_NUMERICALLY,NONE
run2,RATIO_POS,D3,2.99999999999999986E-07,1.00000000000000000E+07,3.26433757646462919E+00,3.75850370392915048E+06,5.16517049710318310E-01,5.16517050172766279E-01,5.55306551161573085E-10,4.59078721278038472E-10,0,CONSISTENT_NUMERICALLY,NONE
run2,RATIO_POS,D3,9.99999999999999955E-07,1.00000000000000000E+07,3.26433757646462919E+00,3.75850370392915048E+06,5.16517050169973069E-01,5.16517050172766279E-01,1.30146326477883640E-10,1.09622505782225928E-10,0,CONSISTENT_NUMERICALLY,NONE
run2,RATIO_POS,D3,3.00000000000000008E-06,1.00000000000000000E+07,3.26433757646462919E+00,3.75850370392915048E+06,5.16517050167840330E-01,5.16517050172766279E-01,2.94366571502244130E-11,2.10530543058096254E-11,0,CONSISTENT_NUMERICALLY,NONE
run2,RATIO_POS,D3,1.00000000000000008E-05,1.00000000000000000E+07,3.26433757646462919E+00,3.75850370392915048E+06,5.16517050182918935E-01,5.16517050172766279E-01,2.86311151918261370E-11,1.96180251737964108E-11,0,CONSISTENT_NUMERICALLY,NONE
run2,RATIO_POS,D3,3.00000000000000008E-05,1.00000000000000000E+07,3.26433757646462919E+00,3.75850370392915048E+06,5.16517050172409120E-01,5.16517050172766279E-01,4.65967264221646469E-12,3.57878957495008451E-12,0,CONSISTENT_NUMERICALLY,NONE
run2,RATIO_POS,D3,1.00000000000000005E-04,1.00000000000000000E+07,3.26433757646462919E+00,3.75850370392915048E+06,5.16517050172274561E-01,5.16517050172766279E-01,1.24097617974361974E-12,8.84209353907107202E-13,0,CONSISTENT_NUMERICALLY,NONE
run2,RATIO_POS,D3,2.99999999999999974E-04,1.00000000000000000E+07,3.26433757646462919E+00,3.75850370392915048E+06,5.16517050172830894E-01,5.16517050172766279E-01,2.00562872664389402E-13,1.43252934789473627E-13,0,CONSISTENT_NUMERICALLY,NONE
run2,RATIO_POS,D3,1.00000000000000002E-03,1.00000000000000000E+07,3.26433757646462919E+00,3.75850370392915048E+06,5.16517050172795034E-01,5.16517050172766279E-01,2.46879880758455127E-13,1.93690755846641119E-13,0,CONSISTENT_NUMERICALLY,NONE
run2,RATIO_POS,D3,3.00000000000000006E-03,1.00000000000000000E+07,3.26433757646462919E+00,3.75850370392915048E+06,5.16517050172731640E-01,5.16517050172766279E-01,3.48862316110347191E-14,2.52359158627230390E-14,0,CONSISTENT_NUMERICALLY,NONE
run2,RATIO_POS,D3,1.00000000000000002E-02,1.00000000000000000E+07,3.26433757646462919E+00,3.75850370392915048E+06,5.16517050172773828E-01,5.16517050172766279E-01,1.59861402023942471E-14,1.20397765706252772E-14,0,CONSISTENT_NUMERICALLY,NONE
run2,SE_CLIP_HIGH,D1,9.99999999999999955E-08,1.00000000000000000E+07,1.00000000000000000E+00,0.00000000000000000E+00,0.00000000000000000E+00,4.56957047189287599E-27,4.56957047189287599E-27,3.23117426778526400E-27,1,NULLSPACE_CONSISTENT,NONE
run2,SE_CLIP_HIGH,D1,2.99999999999999986E-07,1.00000000000000000E+07,1.00000000000000000E+00,0.00000000000000000E+00,0.00000000000000000E+00,4.56957047189287599E-27,4.56957047189287599E-27,3.23117426778526400E-27,1,NULLSPACE_CONSISTENT,NONE
run2,SE_CLIP_HIGH,D1,9.99999999999999955E-07,1.00000000000000000E+07,1.00000000000000000E+00,0.00000000000000000E+00,0.00000000000000000E+00,4.56957047189287599E-27,4.56957047189287599E-27,3.23117426778526400E-27,1,NULLSPACE_CONSISTENT,NONE
run2,SE_CLIP_HIGH,D1,3.00000000000000008E-06,1.00000000000000000E+07,1.00000000000000000E+00,0.00000000000000000E+00,0.00000000000000000E+00,4.56957047189287599E-27,4.56957047189287599E-27,3.23117426778526400E-27,1,NULLSPACE_CONSISTENT,NONE
run2,SE_CLIP_HIGH,D1,1.00000000000000008E-05,1.00000000000000000E+07,1.00000000000000000E+00,0.00000000000000000E+00,0.00000000000000000E+00,4.56957047189287599E-27,4.56957047189287599E-27,3.23117426778526400E-27,1,NULLSPACE_CONSISTENT,NONE
run2,SE_CLIP_HIGH,D1,3.00000000000000008E-05,1.00000000000000000E+07,1.00000000000000000E+00,0.00000000000000000E+00,0.00000000000000000E+00,4.56957047189287599E-27,4.56957047189287599E-27,3.23117426778526400E-27,1,NULLSPACE_CONSISTENT,NONE
run2,SE_CLIP_HIGH,D1,1.00000000000000005E-04,1.00000000000000000E+07,1.00000000000000000E+00,0.00000000000000000E+00,0.00000000000000000E+00,4.56957047189287599E-27,4.56957047189287599E-27,3.23117426778526400E-27,1,NULLSPACE_CONSISTENT,NONE
run2,SE_CLIP_HIGH,D1,2.99999999999999974E-04,1.00000000000000000E+07,1.00000000000000000E+00,0.00000000000000000E+00,0.00000000000000000E+00,4.56957047189287599E-27,4.56957047189287599E-27,3.23117426778526400E-27,1,NULLSPACE_CONSISTENT,NONE
run2,SE_CLIP_HIGH,D1,1.00000000000000002E-03,1.00000000000000000E+07,1.00000000000000000E+00,0.00000000000000000E+00,0.00000000000000000E+00,4.56957047189287599E-27,4.56957047189287599E-27,3.23117426778526400E-27,1,NULLSPACE_CONSISTENT,NONE
run2,SE_CLIP_HIGH,D1,3.00000000000000006E-03,1.00000000000000000E+07,1.00000000000000000E+00,0.00000000000000000E+00,0.00000000000000000E+00,4.56957047189287599E-27,4.56957047189287599E-27,3.23117426778526400E-27,1,NULLSPACE_CONSISTENT,NONE
run2,SE_CLIP_HIGH,D1,1.00000000000000002E-02,1.00000000000000000E+07,1.00000000000000000E+00,0.00000000000000000E+00,0.00000000000000000E+00,4.56957047189287599E-27,4.56957047189287599E-27,3.23117426778526400E-27,1,NULLSPACE_CONSISTENT,NONE
run2,SE_CLIP_HIGH,D2,9.99999999999999955E-08,1.00000000000000000E+07,1.00000000000000000E+00,8.16496580927726068E+06,3.27421875865056704E-11,2.93790381898712770E-11,4.89997051544789567E-12,2.65771566483243206E-12,0,INCONCLUSIVE,EXPLAINED_NEAR_NULL_ROUNDOFF
run2,SE_CLIP_HIGH,D2,2.99999999999999986E-07,1.00000000000000000E+07,1.00000000000000000E+00,8.16496580927726068E+06,3.18689052072777776E-11,2.93790381898712770E-11,3.17118352051401601E-12,2.65771566483242883E-12,0,INCONCLUSIVE,EXPLAINED_NEAR_NULL_ROUNDOFF
run2,SE_CLIP_HIGH,D2,9.99999999999999955E-07,1.00000000000000000E+07,1.00000000000000000E+00,8.16496580927726068E+06,3.03576608295941177E-11,2.93790381898712770E-11,9.78622639722843961E-13,4.89311319861423596E-13,0,INCONCLUSIVE,EXPLAINED_NEAR_NULL_ROUNDOFF
run2,SE_CLIP_HIGH,D2,3.00000000000000008E-06,1.00000000000000000E+07,1.00000000000000000E+00,8.16496580927726068E+06,2.93460948596076772E-11,2.93790381898712770E-11,1.48345969222235099E-13,8.89298387975164104E-14,0,INCONCLUSIVE,EXPLAINED_NEAR_NULL_ROUNDOFF
run2,SE_CLIP_HIGH,D2,1.00000000000000008E-05,1.00000000000000000E+07,1.00000000000000000E+00,8.16496580927726068E+06,2.94252709303442314E-11,2.93790381898712770E-11,5.95469879500780756E-14,5.56304508672218224E-14,0,INCONCLUSIVE,EXPLAINED_NEAR_NULL_ROUNDOFF
run2,SE_CLIP_HIGH,D2,3.00000000000000008E-05,1.00000000000000000E+07,1.00000000000000000E+00,8.16496580927726068E+06,2.93746508598739313E-11,2.93790381898712770E-11,4.38732999734888013E-15,2.19366499867605604E-15,0,INCONCLUSIVE,EXPLAINED_NEAR_NULL_ROUNDOFF
run2,SE_CLIP_HIGH,D2,1.00000000000000005E-04,1.00000000000000000E+07,1.00000000000000000E+00,8.16496580927726068E+06,2.93797107100746824E-11,2.93790381898712770E-11,3.81548067715294035E-15,3.58874658791437839E-15,0,INCONCLUSIVE,EXPLAINED_NEAR_NULL_ROUNDOFF
run2,SE_CLIP_HIGH,D2,2.99999999999999974E-04,1.00000000000000000E+07,1.00000000000000000E+00,8.16496580927726068E+06,2.93789877041295571E-11,2.93790381898712770E-11,1.44648544316908499E-15,7.48062102027639346E-16,0,INCONCLUSIVE,EXPLAINED_NEAR_NULL_ROUNDOFF
run2,SE_CLIP_HIGH,D2,1.00000000000000002E-03,1.00000000000000000E+07,1.00000000000000000E+00,8.16496580927726068E+06,2.93792767891431985E-11,2.93790381898712770E-11,2.38599271924759576E-16,1.19299635963995400E-16,0,CONSISTENT_NUMERICALLY,NONE
run2,SE_CLIP_HIGH,D2,3.00000000000000006E-03,1.00000000000000000E+07,1.00000000000000000E+00,8.16496580927726068E+06,2.93792767898545092E-11,2.93790381898712770E-11,3.14205294765408880E-16,2.63859925626575183E-16,0,INCONCLUSIVE,EXPLAINED_NEAR_NULL_ROUNDOFF
run2,SE_CLIP_HIGH,D2,1.00000000000000002E-02,1.00000000000000000E+07,1.00000000000000000E+00,8.16496580927726068E+06,2.93789948966023728E-11,2.93790381898712770E-11,5.73140683674693988E-17,5.41727116336853283E-17,0,CONSISTENT_NUMERICALLY,NONE
run2,SE_CLIP_HIGH,D3,9.99999999999999955E-08,1.00000000000000000E+07,1.00000000000000000E+00,3.75850370392915048E+06,1.67963878318330394E-11,1.51747741427453602E-11,7.64466818618899077E-12,5.89673299591965836E-12,0,INCONCLUSIVE,EXPLAINED_NEAR_NULL_ROUNDOFF
run2,SE_CLIP_HIGH,D3,2.99999999999999986E-07,1.00000000000000000E+07,1.00000000000000000E+00,3.75850370392915048E+06,1.57032669437232391E-11,1.51747741427453602E-11,1.56250582399793691E-12,1.33128148731703800E-12,0,INCONCLUSIVE,EXPLAINED_NEAR_NULL_ROUNDOFF
run2,SE_CLIP_HIGH,D3,9.99999999999999955E-07,1.00000000000000000E+07,1.00000000000000000E+00,3.75850370392915048E+06,1.51540283877470088E-11,1.51747741427453602E-11,2.32260408170739175E-13,1.74799169999166491E-13,0,INCONCLUSIVE,EXPLAINED_NEAR_NULL_ROUNDOFF
run2,SE_CLIP_HIGH,D3,3.00000000000000008E-06,1.00000000000000000E+07,1.00000000000000000E+00,3.75850370392915048E+06,1.51326385134534803E-11,1.51747741427453602E-11,1.75229414098605688E-13,1.14321409330301493E-13,0,INCONCLUSIVE,EXPLAINED_NEAR_NULL_ROUNDOFF
run2,SE_CLIP_HIGH,D3,1.00000000000000008E-05,1.00000000000000000E+07,1.00000000000000000E+00,3.75850370392915048E+06,1.52053856275851393E-11,1.51747741427453602E-11,7.43044739906986092E-14,6.10087964211482241E-14,0,INCONCLUSIVE,EXPLAINED_NEAR_NULL_ROUNDOFF
run2,SE_CLIP_HIGH,D3,3.00000000000000008E-05,1.00000000000000000E+07,1.00000000000000000E+00,3.75850370392915048E+06,1.51651323093047113E-11,1.51747741427453602E-11,2.06406877072567001E-14,1.57828513679590112E-14,0,INCONCLUSIVE,EXPLAINED_NEAR_NULL_ROUNDOFF
run2,SE_CLIP_HIGH,D3,1.00000000000000005E-04,1.00000000000000000E+07,1.00000000000000000E+00,3.75850370392915048E+06,1.51734357052078390E-11,1.51747741427453602E-11,3.59994306423072032E-15,3.00998628845626084E-15,0,INCONCLUSIVE,EXPLAINED_NEAR_NULL_ROUNDOFF
run2,SE_CLIP_HIGH,D3,2.99999999999999974E-04,1.00000000000000000E+07,1.00000000000000000E+00,3.75850370392915048E+06,1.51750155400650499E-11,1.51747741427453602E-11,1.40910322571625806E-15,1.32682240148595805E-15,0,INCONCLUSIVE,EXPLAINED_NEAR_NULL_ROUNDOFF
run2,SE_CLIP_HIGH,D3,1.00000000000000002E-03,1.00000000000000000E+07,1.00000000000000000E+00,3.75850370392915048E+06,1.51744451624265791E-11,1.51747741427453602E-11,4.15410973010101819E-16,3.05937638679680376E-16,0,INCONCLUSIVE,EXPLAINED_NEAR_NULL_ROUNDOFF
run2,SE_CLIP_HIGH,D3,3.00000000000000006E-03,1.00000000000000000E+07,1.00000000000000000E+00,3.75850370392915048E+06,1.51748600304115491E-11,1.51747741427453602E-11,1.80694487066089809E-16,1.48914472297395889E-16,0,INCONCLUSIVE,EXPLAINED_NEAR_NULL_ROUNDOFF
run2,SE_CLIP_HIGH,D3,1.00000000000000002E-02,1.00000000000000000E+07,1.00000000000000000E+00,3.75850370392915048E+06,1.51747961714126515E-11,1.51747741427453602E-11,4.91770145493940474E-17,4.10070565156810372E-17,0,CONSISTENT_NUMERICALLY,NONE
run2,SE_CLIP_LOW,D1,9.99999999999999955E-08,1.00000000000000000E+07,2.93789794301346490E+01,0.00000000000000000E+00,1.90125795829278888E-10,2.13770864630280196E-17,1.90125804091536687E-10,1.32263989616042567E-10,1,INCONCLUSIVE,NONE
run2,SE_CLIP_LOW,D1,2.99999999999999986E-07,1.00000000000000000E+07,2.93789794301346490E+01,0.00000000000000000E+00,4.04367523256498388E-10,2.13770864630280196E-17,4.04367522079300952E-10,2.20439942384383511E-10,1,INCONCLUSIVE,NONE
run2,SE_CLIP_LOW,D1,9.99999999999999955E-07,1.00000000000000000E+07,2.93789794301346490E+01,0.00000000000000000E+00,1.21310256976949506E-10,2.13770864630280196E-17,1.21310258154149423E-10,6.61320023659626951E-11,1,INCONCLUSIVE,NONE
run2,SE_CLIP_LOW,D1,3.00000000000000008E-06,1.00000000000000000E+07,2.93789794301346490E+01,0.00000000000000000E+00,1.30223790903958587E-11,2.13770864630280196E-17,1.30223710485206741E-11,9.13249740912823111E-12,1,NULLSPACE_CONSISTENT,NONE
run2,SE_CLIP_LOW,D1,1.00000000000000008E-05,1.00000000000000000E+07,2.93789794301346490E+01,0.00000000000000000E+00,5.91577917846647685E-12,2.13770864630280196E-17,5.91578714465991679E-12,4.15688288588782257E-12,1,NULLSPACE_CONSISTENT,NONE
run2,SE_CLIP_LOW,D1,3.00000000000000008E-05,1.00000000000000000E+07,2.93789794301346490E+01,0.00000000000000000E+00,1.30223790903958575E-12,2.13770864630280196E-17,1.30224595108045834E-12,9.13266368383903239E-13,1,NULLSPACE_CONSISTENT,NONE
run2,SE_CLIP_LOW,D1,1.00000000000000005E-04,1.00000000000000000E+07,2.93789794301346490E+01,0.00000000000000000E+00,5.91577917846647786E-13,2.13770864630280196E-17,5.91569952019075117E-13,4.15671661117702068E-13,1,NULLSPACE_CONSISTENT,NONE
run2,SE_CLIP_LOW,D1,2.99999999999999974E-04,1.00000000000000000E+07,2.93789794301346490E+01,0.00000000000000000E+00,0.00000000000000000E+00,2.13770864630280196E-17,2.13770864630280196E-17,1.51158828000182589E-17,1,NULLSPACE_CONSISTENT,NONE
run2,SE_CLIP_LOW,D1,1.00000000000000002E-03,1.00000000000000000E+07,2.93789794301346490E+01,0.00000000000000000E+00,3.90671372711875927E-14,2.13770864630280196E-17,3.90751841813433497E-14,2.74126534578331147E-14,1,NULLSPACE_CONSISTENT,NONE
run2,SE_CLIP_LOW,D1,3.00000000000000006E-03,1.00000000000000000E+07,2.93789794301346490E+01,0.00000000000000000E+00,6.33752652764263048E-15,2.13770864630280196E-17,6.32929497851238566E-15,4.40879915000532592E-15,1,NULLSPACE_CONSISTENT,NONE
run2,SE_CLIP_LOW,D1,1.00000000000000002E-02,1.00000000000000000E+07,2.93789794301346490E+01,0.00000000000000000E+00,0.00000000000000000E+00,2.13770864630280196E-17,2.13770864630280196E-17,1.51158828000182589E-17,1,NULLSPACE_CONSISTENT,NONE
run2,SE_CLIP_LOW,D2,9.99999999999999955E-08,1.00000000000000000E+07,2.93789794301346490E+01,8.16496580927726068E+06,1.00000000112647447E+00,1.00000000000000000E+00,1.18571781254443515E-09,8.15955837253235438E-10,0,CONSISTENT_NUMERICALLY,NONE
run2,SE_CLIP_LOW,D2,2.99999999999999986E-07,1.00000000000000000E+07,2.93789794301346490E+01,8.16496580927726068E+06,9.99999999756597369E-01,1.00000000000000000E+00,3.23408718317772930E-10,2.64199934343559183E-10,0,CONSISTENT_NUMERICALLY,NONE
run2,SE_CLIP_LOW,D2,9.99999999999999955E-07,1.00000000000000000E+07,2.93789794301346490E+01,8.16496580927726068E+06,9.99999999967983610E-01,1.00000000000000000E+00,7.04207624887819687E-11,6.02930240420888432E-11,0,CONSISTENT_NUMERICALLY,NONE
run2,SE_CLIP_LOW,D2,3.00000000000000008E-06,1.00000000000000000E+07,2.93789794301346490E+01,8.16496580927726068E+06,1.00000000003112399E+00,1.00000000000000000E+00,4.02099474499936246E-11,3.24491446797367980E-11,0,CONSISTENT_NUMERICALLY,NONE
run2,SE_CLIP_LOW,D2,1.00000000000000008E-05,1.00000000000000000E+07,2.93789794301346490E+01,8.16496580927726068E+06,1.00000000000048272E+00,1.00000000000000000E+00,4.19405280726202124E-12,3.09911875519094398E-12,0,CONSISTENT_NUMERICALLY,NONE
run2,SE_CLIP_LOW,D2,3.00000000000000008E-05,1.00000000000000000E+07,2.93789794301346490E+01,8.16496580927726068E+06,9.99999999995444089E-01,1.00000000000000000E+00,5.21739354743739232E-12,3.98636061202081478E-12,0,CONSISTENT_NUMERICALLY,NONE
run2,SE_CLIP_LOW,D2,1.00000000000000005E-04,1.00000000000000000E+07,2.93789794301346490E+01,8.16496580927726068E+06,1.00000000000123390E+00,1.00000000000000000E+00,1.29045139628964180E-12,8.69646969250650462E-13,0,CONSISTENT_NUMERICALLY,NONE
run2,SE_CLIP_LOW,D2,2.99999999999999974E-04,1.00000000000000000E+07,2.93789794301346490E+01,8.16496580927726068E+06,1.00000000000017741E+00,1.00000000000000000E+00,1.77339547317268968E-13,8.87000002705071350E-14,0,CONSISTENT_NUMERICALLY,NONE
run2,SE_CLIP_LOW,D2,1.00000000000000002E-03,1.00000000000000000E+07,2.93789794301346490E+01,8.16496580927726068E+06,1.00000000000000488E+00,1.00000000000000000E+00,7.62601665440098556E-14,5.33892980496644868E-14,0,CONSISTENT_NUMERICALLY,NONE
run2,SE_CLIP_LOW,D2,3.00000000000000006E-03,1.00000000000000000E+07,2.93789794301346490E+01,8.16496580927726068E+06,9.99999999999966582E-01,1.00000000000000000E+00,3.58618067548753208E-14,2.59993184160314073E-14,0,CONSISTENT_NUMERICALLY,NONE
run2,SE_CLIP_LOW,D2,1.00000000000000002E-02,1.00000000000000000E+07,2.93789794301346490E+01,8.16496580927726068E+06,1.00000000000000044E+00,1.00000000000000000E+00,4.01069692981178758E-16,3.02317656000365191E-16,0,CONSISTENT_NUMERICALLY,NONE
run2,SE_CLIP_LOW,D3,9.99999999999999955E-08,1.00000000000000000E+07,2.93789794301346490E+01,3.75850370392915048E+06,5.16517050381359755E-01,5.16517050172766390E-01,1.81520647582516239E-09,1.30648410108729757E-09,0,CONSISTENT_NUMERICALLY,NONE
run2,SE_CLIP_LOW,D3,2.99999999999999986E-07,1.00000000000000000E+07,2.93789794301346490E+01,3.75850370392915048E+06,5.16517049705547682E-01,5.16517050172766390E-01,5.57797379993255779E-10,4.62089997728247817E-10,0,CONSISTENT_NUMERICALLY,NONE
run2,SE_CLIP_LOW,D3,9.99999999999999955E-07,1.00000000000000000E+07,2.93789794301346490E+01,3.75850370392915048E+06,5.16517050164984615E-01,5.16517050172766390E-01,1.31517157342858178E-10,1.09068954661187754E-10,0,CONSISTENT_NUMERICALLY,NONE
run2,SE_CLIP_LOW,D3,3.00000000000000008E-06,1.00000000000000000E+07,2.93789794301346490E+01,3.75850370392915048E+06,5.16517050167726643E-01,5.16517050172766390E-01,2.84649100613191623E-11,2.05318658175578038E-11,0,CONSISTENT_NUMERICALLY,NONE
run2,SE_CLIP_LOW,D3,1.00000000000000008E-05,1.00000000000000000E+07,2.93789794301346490E+01,3.75850370392915048E+06,5.16517050182738413E-01,5.16517050172766390E-01,2.82904637023799758E-11,1.94160415810260554E-11,0,CONSISTENT_NUMERICALLY,NONE
run2,SE_CLIP_LOW,D3,3.00000000000000008E-05,1.00000000000000000E+07,2.93789794301346490E+01,3.75850370392915048E+06,5.16517050172448089E-01,5.16517050172766390E-01,4.66781487135992675E-12,3.60630952872135627E-12,0,CONSISTENT_NUMERICALLY,NONE
run2,SE_CLIP_LOW,D3,1.00000000000000005E-04,1.00000000000000000E+07,2.93789794301346490E+01,3.75850370392915048E+06,5.16517050172275893E-01,5.16517050172766390E-01,1.26857736291192092E-12,9.17987562445108827E-13,0,CONSISTENT_NUMERICALLY,NONE
run2,SE_CLIP_LOW,D3,2.99999999999999974E-04,1.00000000000000000E+07,2.93789794301346490E+01,3.75850370392915048E+06,5.16517050172827341E-01,5.16517050172766390E-01,2.07954279987495330E-13,1.44265985443374271E-13,0,CONSISTENT_NUMERICALLY,NONE
run2,SE_CLIP_LOW,D3,1.00000000000000002E-03,1.00000000000000000E+07,2.93789794301346490E+01,3.75850370392915048E+06,5.16517050172796033E-01,5.16517050172766390E-01,2.48866533880746202E-13,1.96204158744237008E-13,0,CONSISTENT_NUMERICALLY,NONE
run2,SE_CLIP_LOW,D3,3.00000000000000006E-03,1.00000000000000000E+07,2.93789794301346490E+01,3.75850370392915048E+06,5.16517050172732306E-01,5.16517050172766390E-01,3.45105585429888487E-14,2.47900477920299475E-14,0,CONSISTENT_NUMERICALLY,NONE
run2,SE_CLIP_LOW,D3,1.00000000000000002E-02,1.00000000000000000E+07,2.93789794301346490E+01,3.75850370392915048E+06,5.16517050172773939E-01,5.16517050172766390E-01,1.56810095621034949E-14,1.13671438656137326E-14,0,CONSISTENT_NUMERICALLY,NONE
